00012c74
fffed38b
00000001
00000000
00000000
00000000
00000000
00000000
00000000
00000000
00000000
00000000
00000000
00000000
00000000
00000000
00000000
00000000
00000000
00000000
00000000
00000000
00000000
00012c70
00001043
6d9060ef
00000000
c006715d
c412c20e
c81ac616
cc72ca1e
d07ace76
d42ad27e
d832d62e
dc3ada36
c0c2de3e
22f3c2c6
c4961410
100022f3
00efc696
03131a20
e9050000
142022f3
800003b7
fff38393
0072f2b3
8a634325
05130062
00970001
80930000
706f10e0
42a60b20
c4960291
0293a885
43970001
83930001
a10388a3
11410043
ae03c016
0e050003
01c3a023
14202573
800002b7
fff28293
00557533
12c000ef
00010297
73828293
92aa050e
0002a503
0042a303
000300e7
00014317
84430313
00032383
202313fd
42820073
00028113
00832383
02032e03
087e0863
00014297
82028293
0082a303
02832623
02932823
03232a23
03332c23
03432e23
05532023
05632223
05732423
05832623
05932823
05a32a23
05b32c23
02232423
00013397
8e038393
0003ae03
07c32623
0202a303
0062a423
02832103
02c32403
03032483
03432903
03832983
03c32a03
04032a83
04432b03
04832b83
04c32c03
05032c83
05432d03
05832d83
907342a6
42b61412
10029073
41924082
42b24222
43d24342
4ef24e62
5f925f02
55b25522
56d25642
57f25762
48964806
00736161
00001020
00734881
32970000
82930001
a3037562
23830082
890906c3
100522f3
00038513
00008067
00000000
12b34305
b37300a3
80671442
00000000
142022f3
80000337
0062f2b3
00000513
00028363
80670505
00000000
766367c1
079302f5
b7b30ff0
078e00a7
00215737
02000693
55338e9d
079300f5
953ed087
00054503
40a68533
07378082
47c10100
fce56ee3
bfd947e1
01851713
01855793
8fd966c1
f0068693
40855713
8fd98f75
07370522
8d7900ff
80828d5d
87ae88aa
85368832
99638346
56b72006
86930021
f063d086
67410cc5
0ae67663
0ff00713
00c73733
5533070e
96aa00e6
0006c683
02000513
06b39736
0c6340e5
97b300e5
d73300d7
183300e8
65b300d6
933300f7
589300d8
d7b30108
16130315
82410108
01035713
0315f6b3
05b3853e
06c202f6
7c638f55
974200b7
fff78513
01076763
00b77563
ffe78513
8f0d9742
031777b3
53130342
57330103
07c20317
0067e333
02e606b3
7b63863a
934200d3
fff70613
01036663
00d37463
ffe70613
8d510542
a85d4581
01000537
6ee34741
4761f4a6
e601bf99
58334705
674102c7
08e87f63
0ff00713
01077363
57334521
96ba00a8
0006c703
02000613
06b3972a
156340e6
87b308e6
45854107
01085893
01081613
57138241
f6b30103
d7b30317
06c20317
0e338f55
853e02f6
01c77c63
85139742
6763fff7
75630107
851301c7
9742ffe7
41c70733
031777b3
53130342
57330103
07c20317
0067e333
02e606b3
7b63863a
934200d3
fff70613
01036663
00d37463
ffe70613
8d510542
07378082
45410100
f6e865e3
b7954561
00d81833
00e7d5b3
00d89333
00d797b3
00e8d733
01085893
00f76633
0315f733
01081793
551383c1
d5b30106
07420315
86b38f49
852e02b7
00d77c63
85139742
6763fff5
75630107
851300d7
9742ffe5
40d706b3
0316f733
82410642
0316d6b3
88b30742
67b302d7
873600c7
0117fc63
871397c2
e763fff6
f5630107
87130117
97c2ffe6
01051593
411787b3
bdcd8dd9
14d5e263
ff636741
071302e6
35b30ff0
058e00d7
00215737
00b6d533
d0870713
4703972a
05130007
972e0200
40e505b3
02e51163
e5e34505
b533f2f6
451300c8
bf390015
01000737
e5e345c1
45e1fce6
5333b7d1
96b300e6
633300b6
551300d3
1eb30103
d63300b6
76b300e7
97b302a6
d73300b7
683300e8
179300f7
83c10103
01085713
02a65633
8f5506c2
02c78f33
7c638e32
971a01e7
fff60e13
00676763
01e77563
ffe60e13
0733971a
76b341e7
573302a7
06c202a7
02e78633
01081793
8fd583c1
fc6386ba
979a00c7
fff70693
0067e763
00c7f563
ffe70693
1513979a
6e41010e
06938d55
7833fffe
8f9100d5
00def6b3
01055613
010ede93
02d80333
02d606b3
01035713
03d80833
97429836
03d60633
00d77363
56939672
96360107
02c7e063
d8c792e3
17fd67c1
07428f7d
00f37333
00b898b3
4581971a
e2e8f2e3
b39d157d
45014581
711dbd21
cca2ce86
c8cecaca
26231080
2423faa4
2783fab4
079afa84
4681863e
127ff537
70050513
07334581
883a00a6
00c83833
00b687b3
00f806b3
202387b6
2223fee4
0793fef4
2623fb84
2423fef4
a0b1fe04
fe842783
4981893e
fe042603
fe442683
00c90733
b5b385ba
87b30125
86b300d9
87b600f5
863e85ba
b0ef4501
872a1820
fec42783
2783c398
0791fec4
fef42623
fe842783
24230791
2703fef4
0793fe84
f7e30270
2783fae7
86befac4
fb840793
02800713
85be863a
90ef8536
25035670
40f6fac4
49564466
612549c6
715d8082
c4a2c686
2e230880
0793faa4
85befec4
c0ef4501
87aa6380
2783cf91
86befbc4
fc440793
02800713
85be863a
90ef8536
a0255230
fec42703
fc440793
853e85ba
278335fd
86befbc4
fc440793
02800713
85be863a
90ef8536
25034fb0
40b6fbc4
61614426
71398082
dc22de06
d84ada26
d452d64e
0080d256
079384aa
85befcc4
c0ef4501
87aa5c80
2783efc1
079afcc4
4a818a3e
127ff637
70060613
07334681
85ba00ca
0145b5b3
00da87b3
00f586b3
282387b6
2a23fce4
2e23fcf4
2c23fc94
a881fc04
fd842783
4981893e
fd042603
fd442683
00c90733
b5b385ba
87b30125
86b300d9
87b600f5
85be853a
fdc42783
86be439c
85aa862e
b0ef4501
27830280
0791fdc4
fcf42e23
fd842783
2c230791
2703fcf4
0793fd84
f5e30270
a011fae7
50f20001
54d25462
59b25942
5a925a22
80826121
c686715d
0880c4a2
faa42e23
fc840793
3d65853e
fbc42783
fef42423
853e4781
442640b6
80826161
d6067179
d24ad422
1800d04e
fca42c23
fcb42e23
fcc42a23
fd442783
fef42623
fe042423
2783a889
078afe84
4981893e
fd842603
fdc42683
00c90733
b5b385ba
87b30125
86b300d9
87b600f5
85be853a
fec42783
86be439c
85aa862e
a0ef4501
27837690
0791fec4
fef42623
fe842783
24230785
2703fef4
47bdfe84
fae7f5e3
853e4781
542250b2
59825912
80826145
cf867151
cbcacda2
c7d2c9ce
1180c5d6
f6b42423
f6d42023
f6e42223
f4f42c23
f5042e23
01142623
07a387aa
87b2f6f4
f6f41623
fb840793
3be1853e
fdc42783
0ff7f793
f6f40c23
f6f44783
f6f40ca3
f6842703
17fd67c1
00f776b3
f7a45783
873e8b81
8fd987b6
f6f41d23
f6842783
0107d693
f7c45783
873e8b81
8fd987b6
f6f41e23
f6c45783
f6f41f23
48014781
f8f42023
f9042223
0360b0ef
87ae872a
f8e42423
f8f42623
f6042703
f6442783
f8e42823
f8f42a23
f5842703
f5c42783
f8e42c23
f8f42e23
481c4458
fae42023
faf42223
4c5c4c18
fae42423
faf42623
505c5018
fae42823
faf42a23
f6f44703
eb634791
278308e7
c7d9fd04
fb842703
fbc42783
f7840693
853a8636
358d85be
fb842703
fbc42783
04000513
06334581
883200a7
00e83833
00b786b3
00d807b3
873286be
2c2387b6
2e23fae4
2783faf4
0785fc84
fcf42423
fc842703
fd042783
02f777b3
2703eb95
2783fb84
2683fbc4
069afd04
4a818a36
41470633
35b385b2
86b300b7
87b34157
86be40b6
87b68732
fae42c23
faf42e23
fd442783
2703c7d9
2783fc04
0693fc44
8636f784
85be853a
27033bc1
2783fc04
0513fc44
45810400
00a70633
38338832
86b300e8
07b300b7
86be00d8
87b68732
fce42023
fcf42223
fcc42783
26230785
2703fcf4
2783fcc4
77b3fd44
eb9502f7
fc042703
fc442783
fd442683
8936069a
06334981
85b24127
00b735b3
413786b3
40b687b3
873286be
202387b6
2223fce4
2e03fcf4
2303fb84
2883fbc4
2803fc04
2503fc44
2583fc84
2603fcc4
2683fd04
2703fd44
2783fd84
2023fdc4
2223f3c4
2423f264
2623f314
2823f304
2a23f2a4
2c23f2b4
2e23f2c4
2023f2d4
2223f4e4
0793f4f4
853ef204
47813129
40fe853e
495e446e
4a3e49ce
616d4aae
11018082
1000ce22
fea42623
fec42783
00f037b3
0ff7f793
4472853e
80826105
c6221141
07b70800
853e0030
01414432
11018082
cc22ce06
c84eca4a
26231000
77b7fea4
a7830021
2703b647
0e63fec4
268306f7
65b7fec4
85931000
46010845
a0ef4501
77b74510
a7030021
4785b747
04f70f63
002177b7
9e87a783
4981893e
fec42683
864e85ca
a0ef4501
77b74290
a7830021
87139e87
77b70047
a4230021
77b79ee7
a7030021
f7b79e87
e763127f
77b700e7
a7830021
a0199e87
127fe7b7
00217737
9ef72423
0001a021
0001a011
002177b7
fec42703
b6e7a223
40f20001
49524462
610549c2
11018082
cc22ce06
26231000
2423fea4
2683feb4
15b7fe84
85931002
46012845
fec42503
3a70a0ef
40f20001
61054462
11018082
1000ce22
fea42623
feb42423
fec42223
44720001
80826105
ce86711d
cacacca2
c6d2c8ce
c2dac4d6
de62c0de
da6adc66
1080d86e
faa42e23
fab42c23
fac42a23
fad42823
fae42623
fc042623
1002e5b7
07458593
25034601
a0effbc4
26233470
2423fca4
2783fc04
4705fb84
00f717b3
2783873e
8ff9fcc4
2703c7d1
87bafb84
97ba0786
8d3e078e
e6374d81
06131002
46810886
00cd0733
b5b385ba
87b301a5
86b300dd
87b600f5
863e85ba
fbc42503
2f10a0ef
fca42423
fb042703
fc842783
12f70563
fb842703
078687ba
078e97ba
4c818c3e
1002e637
08860613
07334681
85ba00cc
0185b5b3
00dc87b3
00f586b3
268387b6
85bafb04
2503863e
a0effbc4
a0e52990
fb842783
17b34705
873e00f7
fcc42783
26238fd9
2683fcf4
e5b7fcc4
85931002
46010745
fbc42503
26b0a0ef
fb842703
078687ba
078e97ba
4b818b3e
1002e637
07860613
07334681
85ba00cb
0165b5b3
00db87b3
00f586b3
268387b6
85bafac4
2503863e
a0effbc4
270322d0
87bafb84
97ba0786
8a3e078e
e6374a81
06131002
46810806
00ca0733
b5b385ba
87b30145
86b300da
87b600f5
fb442683
863e85ba
fbc42503
1ef0a0ef
fb842703
078687ba
078e97ba
4981893e
1002e637
08860613
07334681
85ba00c9
0125b5b3
00d987b3
00f586b3
268387b6
85bafb04
2503863e
a0effbc4
47811b10
40f6853e
49564466
4a3649c6
4b164aa6
5c724b86
5d525ce2
61255dc2
71398082
dc22de06
2e230080
2823fca4
2a23fcb4
2c23fcc4
2623fcd4
2783fce4
e78dfd44
fd442783
2703e799
07b7fd04
7d634000
268300f7
2583fd84
2603fd04
2503fd44
a0effdc4
a85d1490
fd442783
2783ef89
e7cdfd44
fd042703
800007b7
fff7c793
00e7e363
2783a861
ebc9fd44
fd442783
2703e791
57f9fd04
08e7e263
fd042703
100007b7
8ff917fd
fef42423
fd442783
26238b81
2703fef4
07b7fd04
8ff9f000
fef42023
fd442783
22239bfd
2683fef4
07b7fe04
87131000
0637fff7
45852000
fdc42503
270333a1
2783fe84
0537fec4
45812000
00a70633
38338832
86b300e8
07b300b7
86be00d8
87b68732
fd842683
863e85ba
fdc42503
0930a0ef
50f20001
61215462
71798082
d422d606
d04ed24a
2e231800
2823fca4
2a23fcb4
2c23fcc4
2623fcd4
2783fe04
e78dfd44
fd442783
2703e799
07b7fd04
7d634000
258300f7
2603fd04
2503fd44
a0effdc4
262304b0
a849fea4
fd442783
2783ef81
e3d9fd44
fd042703
800007b7
fff7c793
06e7fc63
fd442783
2783eba5
e791fd44
fd042703
e16357f9
270306e7
07b7fd04
17fd1000
24238ff9
2703fef4
07b7fd04
8ff9f000
fef42023
fd442783
22239bfd
2683fef4
07b7fe04
87131000
0637fff7
45852000
fdc42503
270331a1
07b7fe84
97ba2000
4981893e
864e85ca
fdc42503
7b80a0ef
fea42623
fec42783
50b2853e
59125422
61455982
715d8082
c4a2c686
c0cec2ca
dc56de52
d85eda5a
2e230880
2c23fca4
2a23fcb4
2823fcc4
2603fcd4
2683fd44
0863fd84
278306d6
8b3efdc4
8bbe87fd
fd842783
4881883e
fd442783
4f818f3e
fd042783
4981893e
002157b7
cf07a603
cf47a683
ca4ec84a
c67ec47a
88c2c046
885e87da
86b28736
75b74621
85934c29
45095cd5
fe0ff0ef
fd042703
e563478d
270306e7
77b7fd44
a0230021
57fdb6e7
2683a8a1
8a36fdc4
8ab686fd
fd842683
47818736
fd442683
43818336
fd042683
4e818e36
002156b7
cf06a603
cf46a683
ca76c872
c61ec41a
88bac03e
885687d2
86b28736
75b74639
85934c29
45195cd5
f74ff0ef
a0094781
40b6853e
49164426
5a724986
5b525ae2
61615bc2
71398082
dc22de06
d84eda4a
d456d652
26230080
2423fca4
16b7fcb4
86931111
2c231116
76b7fcd4
a6830021
87369ec6
26834781
85bafd84
4501863e
6520a0ef
002177b7
9ec7a783
00478713
002177b7
9ee7a623
fc042e23
77b7a099
a7830021
8a3e9ec7
27834a81
078afdc4
fcc42703
439c97ba
85d286be
45018656
6120a0ef
002177b7
9ec7a783
00478713
002177b7
9ee7a623
fdc42783
2e230785
2703fcf4
2783fdc4
6ae3fc84
77b7faf7
a7830021
893e9ec7
26834981
85cafd84
4501864e
5ce0a0ef
002177b7
9ec7a783
00478713
002177b7
9ee7a623
50f20001
59525462
5a3259c2
61215aa2
11018082
1000ce22
fea42623
fec42703
100007b7
00f76a63
fec42703
400007b7
00e7e463
a0114785
8b854781
0ff7f793
4472853e
80826105
d6067179
1800d422
fca42e23
fcb42c23
fcc42a23
002177b7
b607a783
10079763
fab017b7
00378513
250330d9
3f71fd84
c79987aa
fd842703
400007b7
a01997ba
fd842783
fef42623
fdc42503
87aa3fbd
2703c799
07b7fdc4
97ba4000
2783a019
2423fdc4
2703fef4
07b7fd44
f9630004
77b700e7
07370021
0709dead
b6e7a023
fd442783
e3ad8b8d
70ef4501
22231450
2503fea4
3025fe44
c79387aa
f7930017
ebb90ff7
fd442683
fe842603
fec42583
fe442503
053070ef
77b7872a
a0230021
77b7b6e7
a7830021
eb91b607
fe442503
127070ef
77b7872a
a0230021
2503b6e7
70effe44
a8111070
002177b7
dead0737
a0230709
a011b6e7
77b70001
a7830021
c789b607
dead17b7
a0210795
fab017b7
853e0791
fdaff0ef
002177b7
b607a703
002177b7
b6e7a023
0001a011
542250b2
80826145
d6067179
1800d422
fca42e23
fcb42c23
fcc42a23
002177b7
b607a783
0e079163
fab017b7
07b78513
f92ff0ef
70ef4501
26236b50
2503fea4
f0effec4
87aaf50f
0017c793
0ff7f793
77b7cb81
07370021
0705dead
b6e7a023
46014681
10000593
fec42503
3e9070ef
77b7872a
a0230021
77b7b6e7
a7830021
e3a1b607
fd842783
2583863e
2503fdc4
70effec4
872a48f0
002177b7
b6e7a023
fd840793
2683873e
4601fd44
25034581
70effec4
872a4d50
002177b7
b6e7a023
0001a011
fec42783
2503c789
70effec4
77b76370
a7830021
c791b607
dead17b7
07c78793
17b7a029
8793fab0
853e07d7
ed2ff0ef
002177b7
b607a703
002177b7
b6e7a023
0001a011
542250b2
80826145
d7867151
1980d5a2
f2a42e23
f2b42c23
f2c42a23
f2d42823
f2e42623
002177b7
b607a783
12079d63
fab017b7
07e78513
e82ff0ef
fc040793
2583863e
2503f344
3d5df3c4
80ef450d
26236fe0
2503fea4
80effec4
24230b10
4501fea4
657080ef
fea42223
87936785
2023aa07
2783fef4
cb99fec4
fe442503
e0aff0ef
c79387aa
f7930017
cb890ff7
002177b7
dead0737
a0230705
a059b6e7
fe042783
20230785
2703fef4
2783f304
06b3fe84
270300f7
2783f384
0633fe84
071300f7
0793fc04
c03ef404
280388b2
0793f384
26030200
2583f304
2503fec4
80effe44
872a49b0
002177b7
b6e7a023
fe042783
20230785
77b7fef4
a7830021
e385b607
fe442503
5db080ef
77b7872a
a0230021
2783b6e7
0785fe04
fef42023
0001a011
fe442783
2503c789
80effe44
77b75a70
a7830021
c791b607
dead17b7
07f78793
17b7a029
8793fab0
853e0807
d6aff0ef
002177b7
b607a703
002177b7
b6e7a023
0001a011
542e50be
8082616d
d6867159
d2cad4a2
ced2d0ce
cadaccd6
c6e2c8de
1880c4e6
faa42e23
fab42c23
fac42a23
002177b7
b607a783
0e079263
fab01537
d16ff0ef
fbc42503
87aa36ed
2703c799
07b7fbc4
97ba4000
2783a019
2623fbc4
2503fcf4
36f1fb84
c79987aa
fb842703
400007b7
a01997ba
fb842783
fcf42423
fcc42783
4c818c3e
fbc42783
4981893e
fc842783
4a818a3e
fb842783
4b818b3e
002157b7
cf07a603
cf47a683
ca5ec85a
c656c452
88cac04e
886687e2
86b28736
07700613
4c2975b7
5cd58593
f0ef4515
25039d2f
2583fcc4
0713fc84
87b70400
86930021
26039307
3b6dfb44
002177b7
b607a783
17b7c789
0789dead
17b7a021
0785fab0
f0ef853e
77b7c50f
a7030021
77b7b607
a0230021
a011b6e7
50b60001
59165426
4a765986
4b564ae6
4c364bc6
61654ca6
71398082
dc22de06
26230080
2423fca4
2223fcb4
77b7fcc4
a7830021
9d63b607
17b71607
8513fab0
f0ef04e7
2623bf8f
2783fe04
8bfdfcc4
fef42023
fc042e23
fcc42783
2c238395
57fdfcf4
fef42423
fc842703
10000793
00e7fa63
002177b7
dead0737
a0230711
a8cdb6e7
70ef4501
2a231140
2503fca4
f0effd44
87aab78f
0017c793
0ff7f793
77b7cb89
07370021
0705dead
b6e7a023
2223a0d1
a06dfe04
fe442783
2e238395
2703fcf4
2783fcc4
97bafe44
2c238395
2783fcf4
8bfdfe44
2783eb89
078afdc4
fc442703
a02397ba
27030007
2783fd84
0b63fe84
270300f7
07b7fd84
97ba000c
439c078a
fef42623
fe042703
fe442783
8bfd97ba
fec42703
00f757b3
28238b85
2783fcf4
078afdc4
fc442703
439497ba
fe442783
27038bfd
1733fd04
278300f7
078afdc4
fc442603
8f5597b2
2783c398
2423fd84
2783fef4
0785fe44
fef42223
fe442703
fc842783
f4f768e3
fd442503
044070ef
002177b7
b607a783
17b7c791
8793dead
a02904f7
fab017b7
05078793
f0ef853e
77b7aa8f
a7030021
77b7b607
a0230021
77b7b6e7
a7830021
a019b607
00010001
50f2853e
61215462
11018082
cc22ce06
26231000
2423fea4
2683feb4
8736fec4
26834781
85bafe84
4501863e
6db090ef
40f20001
61054462
11018082
cc22ce06
26231000
2683fea4
8736fec4
85ba4781
4501863e
6bd090ef
853e87aa
446240f2
80826105
d6067179
1800d422
fca42e23
fcb42c23
fcc42a23
fdc42503
26233f7d
2783fea4
c713fd44
2783fff7
8f7dfec4
fd842683
fd442783
8fd98ff5
fef42423
fe842583
fdc42503
0001378d
542250b2
80826145
d6067179
d24ad422
1800d04e
fca42e23
fcb42c23
fcc42a23
fcd42823
fe042623
fe042423
2783a82d
893efdc4
85ca4981
4501864e
629090ef
fea42223
fe442703
fd442783
27038ff9
1563fd84
478500f7
fef42623
fe842783
24230785
2783fef4
e799fec4
fe842703
fd042783
faf76de3
fe842703
fd042783
00f71763
002177b7
a0234705
0001b6e7
542250b2
59825912
80826145
de067139
da4adc22
d652d84e
d25ad456
0080d05e
fca42623
fcb42423
fcc42223
fcd42023
100046b7
fcd42a23
fc842683
01169613
000e06b7
26038ef1
8ed1fcc4
fcd42823
fd442683
47818736
fd042683
863e85ba
90ef4501
47b75690
07a11000
fcf42a23
fd442783
4b818b3e
865e85da
90ef4501
2e235570
2c23fca4
a00dfc04
fd442783
4a818a3e
865685d2
90ef4501
2e2353b0
2783fca4
0785fd84
fcf42c23
fdc42703
08634785
270300f7
2783fd84
67e3fc44
2703fcf7
2783fd84
1763fc44
77b700f7
47050021
b6e7a023
100047b7
2a2307b1
2783fcf4
893efd44
85ca4981
4501864e
4e5090ef
2783872a
c398fc04
50f20001
59525462
5a3259c2
5b125aa2
61215b82
71398082
dc22de06
d84eda4a
d456d652
d05ed25a
26230080
2423fca4
2223fcb4
2023fcc4
46b7fcd4
06911000
fcd42a23
fd442683
47818736
fc842683
863e85ba
90ef4501
47b74790
2a231000
2783fcf4
9713fc44
07b70117
8f7d000e
fcc42783
67c18f5d
28238fd9
2783fcf4
8b3efd44
26834b81
85dafd04
4501865e
43f090ef
100047b7
2a2307a1
2783fcf4
8a3efd44
85d24a81
45018656
42d090ef
fca42e23
fc042c23
2783a00d
893efd44
85ca4981
4501864e
411090ef
fca42e23
fd842783
2c230785
2703fcf4
4785fdc4
00f70863
fd842703
fc042783
fcf767e3
fd842703
fc042783
00f71763
002177b7
a0234705
0001b6e7
546250f2
59c25952
5aa25a32
5b825b12
80826121
de067139
0080dc22
fca42e23
fcb42c23
fcc42a23
fcd42823
fce42623
fe042623
fe042423
0793a825
86befe44
fcc42603
fd042583
fdc42503
27033b75
2783fe44
8ff9fd44
fd842703
00f71563
26234785
2783fef4
0785fe84
fef42423
fec42783
2703e799
2783fe84
6ee3fcc4
2703faf7
2783fe84
1763fcc4
77b700f7
47050021
b6e7a023
50f20001
61215462
71798082
d422d606
2e231800
2c23fca4
70effcb4
262378e0
2503fea4
e0effec4
87aae59f
0017c793
0ff7f793
77b7873e
a0230021
77b7b6e7
a7830021
e7cdb607
fdc42783
97138389
07b70107
8ff93fff
fef42423
fd842703
17fd67c1
27838f7d
8f5dfe84
800007b7
22238fd9
56fdfef4
fe442603
250345c1
70effec4
872a6c80
002177b7
b6e7a023
002177b7
b607a783
2783efb1
d713fd84
27830107
8f5dfe84
c00007b7
22238fd9
56fdfef4
fe442603
250345c1
70effec4
872a68c0
002177b7
b6e7a023
002177b7
b607a783
56fde395
45c14601
fec42503
66a070ef
77b7872a
a0230021
a031b6e7
a0210001
a0110001
27830001
c789fec4
fec42503
6be070ef
50b20001
61455422
11418082
c422c606
0800c226
77b784aa
a7830021
9e63b607
17b72e07
8513fab0
e0ef0667
c783d7df
c7030004
07220014
c7038fd9
07420024
c7038fd9
07620034
47458fd9
28f76663
00279713
002157b7
b3c78793
439c97ba
c7838782
c7030044
07220054
c7038fd9
07420064
c7038fd9
07620074
86be8fd9
0084c783
0094c703
8fd90722
00a4c703
8fd90742
00b4c703
8fd90762
853685be
a4913469
0044c783
0054c703
8fd90722
0064c703
8fd90742
0074c703
8fd90762
c783853e
c7030084
07220094
c7038fd9
074200a4
c7038fd9
076200b4
85be8fd9
00c4c783
00d4c703
8fd90722
00e4c703
8fd90742
00f4c703
8fd90762
c783863e
c7030144
07220154
c7038fd9
07420164
c7038fd9
07620174
86be8fd9
a2e13c65
0044c783
0054c703
8fd90722
0064c703
8fd90742
0074c703
8fd90762
c78386be
c7030084
07220094
c7038fd9
074200a4
c7038fd9
076200b4
85be8fd9
00c4c783
00d4c703
8fd90722
00e4c703
8fd90742
00f4c703
8fd90762
8536863e
a2a53421
0044c783
0054c703
8fd90722
0064c703
8fd90742
0074c703
8fd90762
c78386be
c7030084
07220094
c7038fd9
074200a4
c7038fd9
076200b4
85be8fd9
33918536
c783a21d
c7030044
07220054
c7038fd9
07420064
c7038fd9
07620074
853e8fd9
0084c783
0094c703
8fd90722
00a4c703
8fd90742
00b4c703
8fd90762
c78385be
c7030104
07220114
c7038fd9
07420124
c7038fd9
07620134
863e8fd9
0144c783
0154c703
8fd90722
0164c703
8fd90742
0174c703
8fd90762
3e1586be
c783a06d
c7030044
07220054
c7038fd9
07420064
c7038fd9
07620074
853e8fd9
0084c783
0094c703
8fd90722
00a4c703
8fd90742
00b4c703
8fd90762
c78385be
c70300c4
072200d4
c7038fd9
074200e4
c7038fd9
076200f4
863e8fd9
0104c783
0114c703
8fd90722
0124c703
8fd90742
0134c703
8fd90762
c78386be
c7030144
07220154
c7038fd9
07420164
c7038fd9
07620174
873e8fd9
a8013645
002177b7
a0234705
a011b6e7
77b70001
a7830021
c791b607
dead17b7
06778793
17b7a029
8793fab0
853e0687
aa3fe0ef
002177b7
b607a703
002177b7
b6e7a023
0001a011
442240b2
01414492
71358082
cd22cf06
01131100
77fd8101
ff040713
a62397ba
77fd7ca7
ff040713
a42397ba
77b77cb7
a7830021
9863b607
17b71c07
8513fab0
e0ef0907
0713a49f
77fdbd84
ff040693
061397b6
a5834000
853a7cc7
940ff0ef
bd840793
fef42223
071377fd
97baff04
7e0783a3
fe042623
879377fd
07137e77
97baff04
450185be
4e80e0ef
fea42623
fec42783
12079163
87936785
439c5b87
fef42023
071377fd
97baff04
00215737
b8470713
4350430c
47584714
7cb7aa23
7cc7ac23
7cd7ae23
7ee7a023
fe042423
2783a855
0786fe84
fe042703
00f757b3
17fd8b8d
0017b793
0ff7f793
fcf42e23
fe442683
fe842703
078e87ba
078e8f99
777d97b6
ff040693
07139736
87937807
06931307
86360380
853a85be
21c080ef
879377fd
07137807
97baff04
853e45a1
4200e0ef
b79387aa
f7930017
2c230ff7
2783fcf4
cb95fdc4
fd842783
2703e79d
87bafe84
8f99078e
8793078e
27031307
97bafe44
250385be
80effe84
87aa2680
fef42623
fec42783
2783e3a9
0785fe84
fef42423
fe842703
f4e3478d
77fdf4e7
ff040713
c78397ba
c3957e77
071377fd
97baff04
7e77c783
853e4581
3c40e0ef
fea42623
0001a031
0001a021
0001a011
071377fd
97baff04
7c87a783
fec42703
77b7c398
a7830021
c791b607
dead17b7
09178793
17b7a029
8793fab0
853e0927
89bfe0ef
002177b7
b607a703
002177b7
b6e7a023
0001a011
7f010113
446a40fa
8082610d
bd010113
42112623
42812423
43010413
bca42e23
bcb42c23
002177b7
b607a783
1a079663
fab017b7
09378513
84bfe0ef
fe042623
be040713
40000613
ccccd7b7
ccc78593
80ef853a
45011280
58a060ef
fea42223
fe442503
feefe0ef
c79387aa
f7930017
26230ff7
2783fef4
9663fec4
e0ef1007
2023ff2f
2703fea4
0793fe04
4611be04
853e85ba
09c080ef
be040793
27030791
0711fe04
85ba4641
80ef853e
07930860
07d1be04
fe042703
46110751
853e85ba
070080ef
be040793
270307e1
0761fe04
85ba4611
80ef853e
079305a0
07f1be04
fe042703
46310771
853e85ba
044080ef
be040793
02878793
fe042703
02870713
85ba4621
80ef853e
242302a0
a099fe04
fe842703
078e87ba
078e8f99
13078793
be040713
00f706b3
fe842703
078e87ba
078e8f99
13078793
fe042703
061397ba
85be0380
70ef8536
27837eb0
0785fe84
fef42423
fe842703
dbe3478d
2503fae7
60effe44
079349a0
8793be04
863e2107
07c00593
003007b7
21078513
2300e0ef
fea42623
0001a011
be040793
40000613
250385be
e0efbdc4
2783dfff
2703bd84
c398fec4
002177b7
b607a783
17b7c791
8793dead
a0290947
fab017b7
09578793
e0ef853e
77b7ec0f
a7030021
77b7b607
a0230021
a011b6e7
20830001
240342c1
01134281
80824301
d7867151
d3cad5a2
cfd2d1ce
cbdacdd6
c7e2c9de
c3eac5e6
1980c1ee
f2a42e23
002177b7
e1878793
9d6343dc
07931407
0713f4c4
863a0800
853e4581
757070ef
123407b7
f4f42623
09234789
0793f4f4
18233000
09a3f4f4
2783f404
2e23f3c4
2423f4f4
2223f404
2623f404
0793fc04
863ef484
45014589
5720b0ef
f4440793
4589863e
b0ef4501
a01552e0
f4440793
4589863e
b0ef4501
278351e0
0785fcc4
fcf42623
fcc42703
eb636785
278300e7
8713f444
2783fe07
69e3f484
a011fcf7
27030001
6785fcc4
04e7fe63
f4842783
4a818a3e
f4442783
4d818d3e
fcc42783
f2f42823
f2042a23
002157b7
cf07a603
cf47a683
f3042783
f3442803
ca42c83e
c66ec46a
88d2c056
48014789
86b28736
07300613
9ed9f5b7
77958593
e0ef450d
a095ac6f
f4842783
4981893e
f4442783
4b818b3e
f3c42783
4c818c3e
002157b7
cf07a603
cf47a683
ca66c862
c65ec45a
88cac04e
48014789
86b28736
07600613
9ed9f5b7
77958593
e0ef4509
0793a7af
873ef4c4
08000693
45894611
b0ef4501
a0117060
00010001
542e50be
598e591e
4aee4a7e
4bce4b5e
4cae4c3e
4d8e4d1e
8082616d
cf867115
cbcacda2
c7d2c9ce
c3dac5d6
df62c1de
db6add66
1180d96e
faa42e23
fab42c23
002177b7
b607a783
140791e3
fab017b7
08d78513
cbefe0ef
fc042623
fbc42783
0047c703
0057c783
8fd907a2
83c107c2
faf42823
fa042a23
fbc42703
00074683
00174783
8edd07a2
00274783
8edd07c2
00374783
8fd507e2
4981893e
fbc42783
0067c783
faf42423
fa042623
002177b7
b607a783
faf42023
222387fd
57b7faf4
a6030021
a683cf07
2783cf47
2803fa04
c83efa44
2783ca42
2803fa84
c43efac4
c04ec642
278388ca
2803fb04
8736fb44
061386b2
f5b707f0
85939ed9
45097795
95cfe0ef
fbc42783
0047c703
0057c783
8fd907a2
83c107c2
e0078713
e16347c5
070a6ae7
002157b7
b9478793
439c97ba
27838782
c703fbc4
c6830107
06a20117
c6838f55
06c20127
c7838f55
07e20137
873e8fd9
fcc40793
853a85be
27033a1d
2783fcc4
7593fb84
c6830ff7
8a810107
86ae8636
88238ed1
569300d7
f5930087
c6830ff6
8a810117
86ae8636
88a38ed1
569300d7
f5930107
c6830ff6
8a810127
86ae8636
89238ed1
561300d7
c7030187
8b010137
873286ba
89a38f55
ad3100e7
fbc42783
0107c703
0117c683
8f5506a2
0127c683
8f5506c2
0137c783
8fd907e2
0793873e
85befcc4
3c4d853a
fcc42703
fb842783
0ff77593
0107c683
86368a81
8ed186ae
00d78823
00875693
0ff6f593
0117c683
86368a81
8ed186ae
00d788a3
01075693
0ff6f593
0127c683
86368a81
8ed186ae
00d78923
01875613
0137c703
86ba8b01
8f558732
00e789a3
2783a379
c703fbc4
c6830107
06a20117
c6838f55
06c20127
c7838f55
07e20137
873e8fd9
002177b7
d1078793
0c000613
853a85be
9a5fe0ef
002177b7
b607a783
2783873e
7593fb84
c6830ff7
8a810107
86ae8636
88238ed1
569300d7
f5930087
c6830ff6
8a810117
86ae8636
88a38ed1
569300d7
f5930107
c6830ff6
8a810127
86ae8636
89238ed1
561300d7
c7030187
8b010137
873286ba
89a38f55
a9c500e7
002177b7
9f07a703
fb842783
0ff77593
0147c683
86368a81
8ed186ae
00d78a23
00875693
0ff6f593
0157c683
86368a81
8ed186ae
00d78aa3
01075693
0ff6f593
0167c683
86368a81
8ed186ae
00d78b23
01875613
0177c703
86ba8b01
8f558732
00e78ba3
002177b7
b707a703
fb842783
0ff77593
0187c683
86368a81
8ed186ae
00d78c23
00875693
0ff6f593
0197c683
86368a81
8ed186ae
00d78ca3
01075693
0ff6f593
01a7c683
86368a81
8ed186ae
00d78d23
01875613
01b7c703
86ba8b01
8f558732
00e78da3
fcc42703
fb842783
0ff77593
0107c683
86368a81
8ed186ae
00d78823
00875693
0ff6f593
0117c683
86368a81
8ed186ae
00d788a3
01075693
0ff6f593
0127c683
86368a81
8ed186ae
00d78923
01875613
0137c703
86ba8b01
8f558732
00e789a3
fb842783
0147c703
0157c683
8f5506a2
0167c683
8f5506c2
0177c783
8fd907e2
f8f42c23
f8042e23
fb842783
0187c703
0197c683
8f5506a2
01a7c683
8f5506c2
01b7c783
8fd907e2
4d818d3e
fb842783
0107c703
0117c683
8f5506a2
0127c683
8f5506c2
0137c783
8fd907e2
f8f42823
f8042a23
002177b7
b607a783
f8f42423
262387fd
57b7f8f4
a6030021
a683cf07
2783cf47
2803f884
c83ef8c4
2783ca42
2803f904
c43ef944
c06ec642
278388ea
2803f984
8736f9c4
061386b2
f5b70920
85939ed9
45157795
d81fd0ef
2783aced
c703fbc4
c7830047
07a20057
07c28fd9
202383c1
2223f8f4
2783f804
c703fbc4
c6830007
06a20017
c6838f55
06c20027
c7838f55
07e20037
8c3e8fd9
27834c81
c783fbc4
2c230067
2e23f6f4
2783f604
c703fbc4
c6830107
06a20117
c6838f55
06c20127
c7838f55
07e20137
28238fd9
2a23f6f4
57b7f604
a6030021
a683cf07
2783cf47
2803f704
c83ef744
2783ca42
2803f784
c43ef7c4
c066c642
278388e2
2803f804
8736f844
061386b2
f5b70950
85939ed9
45157795
cc1fd0ef
fbc42783
0107c703
0117c683
8f5506a2
0127c683
8f5506c2
0137c783
8fd907e2
0793873e
863efcc4
853a4589
070010ef
002177b7
9f07a703
fb842783
0ff77593
0147c683
86368a81
8ed186ae
00d78a23
00875693
0ff6f593
0157c683
86368a81
8ed186ae
00d78aa3
01075693
0ff6f593
0167c683
86368a81
8ed186ae
00d78b23
01875613
0177c703
86ba8b01
8f558732
00e78ba3
002177b7
b707a703
fb842783
0ff77593
0187c683
86368a81
8ed186ae
00d78c23
00875693
0ff6f593
0197c683
86368a81
8ed186ae
00d78ca3
01075693
0ff6f593
01a7c683
86368a81
8ed186ae
00d78d23
01875613
01b7c703
86ba8b01
8f558732
00e78da3
fcc42703
fb842783
0ff77593
0107c683
86368a81
8ed186ae
00d78823
00875693
0ff6f593
0117c683
86368a81
8ed186ae
00d788a3
01075693
0ff6f593
0127c683
86368a81
8ed186ae
00d78923
01875613
0137c703
86ba8b01
8f558732
00e789a3
fb842783
0147c703
0157c683
8f5506a2
0167c683
8f5506c2
0177c783
8fd907e2
f6f42423
f6042623
fb842783
0187c703
0197c683
8f5506a2
01a7c683
8f5506c2
01b7c783
8fd907e2
4b818b3e
fb842783
0107c703
0117c683
8f5506a2
0127c683
8f5506c2
0137c783
8fd907e2
f6f42023
f6042223
fcc42783
f4f42c23
f4042e23
002157b7
cf07a603
cf47a683
f5842783
f5c42803
ca42c83e
f6042783
f6442803
c642c43e
88dac05e
f6842783
f6c42803
86b28736
09a00613
9ed9f5b7
77958593
d0ef4515
a831aa3f
002177b7
07136739
a023ead7
67b9b6e7
ead78793
fcf42623
27830001
c703fbc4
c7830047
07a20057
97138fd9
83410107
fb842783
0ff77593
0047c683
86368a81
8ed186ae
00d78223
16138321
82410107
0057c703
86ba8b01
8f558732
00e782a3
fbc42783
0007c703
0017c683
8f5506a2
0027c683
8f5506c2
0037c783
8fd907e2
2783873e
7593fb84
c6830ff7
8a810007
86ae8636
80238ed1
569300d7
f5930087
c6830ff6
8a810017
86ae8636
80a38ed1
569300d7
f5930107
c6830ff6
8a810027
86ae8636
81238ed1
561300d7
c7030187
8b010037
873286ba
81a38f55
278300e7
c703fbc4
27830067
8323fb84
278300e7
c703fb84
c7830047
07a20057
07c28fd9
282383c1
2a23f4f4
2783f404
c703fb84
c6830007
06a20017
c6838f55
06c20027
c7838f55
07e20037
8a3e8fd9
27834a81
c783fb84
24230067
2623f4f4
77b7f404
a7830021
2023b607
87fdf4f4
f4f42223
002157b7
cf07a603
cf47a683
f4042783
f4442803
ca42c83e
f4842783
f4c42803
c642c43e
88d2c056
f5042783
f5442803
86b28736
0a500613
9ed9f5b7
77958593
d0ef4509
77b790bf
a7830021
c791b607
dead17b7
08e78793
17b7a029
8793fab0
853e08f7
b9ffd0ef
002177b7
b607a703
002177b7
b6e7a023
0001a011
446e40fe
49ce495e
4aae4a3e
4b8e4b1e
5cea5c7a
5dca5d5a
8082612d
d7867151
1980d5a2
f0a42e23
002177b7
e1878793
efe1479c
fe042423
fe042223
fe042023
fe840793
2583863e
4501f1c4
28b0a0ef
fe440793
2583863e
4501f1c4
35d0a0ef
fe040793
2583863e
4501f1c4
3170a0ef
fe842703
f06347fd
270302e7
07b7fe04
17f14000
971397ba
27830027
f463fe44
478500e7
4781a011
fef42623
fec42783
0793c7bd
0713f604
863a0800
853e4581
3ce070ef
f2040793
04000713
4581863a
70ef853e
07933bc0
873ef604
08000693
25834611
4501f1c4
4310a0ef
f2040713
f6040793
853e85ba
da8ff0ef
f6744783
0793e38d
873ef204
04000693
25834611
4501f1c4
4d50a0ef
0001a021
0001a011
00010001
542e50be
8082616d
2e23712d
2c231011
12001081
eea42623
002157b7
bdc78713
f8840793
071386ba
863a0400
853e85b6
2f0070ef
002157b7
c1c78713
f4840793
071386ba
863a0400
853e85b6
2d4070ef
002157b7
c5c78713
f0840793
071386ba
863a0400
853e85b6
2b8070ef
fc042a23
002157b7
c9c78793
43d44390
47dc4798
eec42c23
eed42e23
f0e42023
f0f42223
fc042823
fc042623
fc042423
fe042623
fe042423
2783a235
078afe84
ff040713
a78397ba
2823f087
2623fcf4
2223fe04
a825fe04
fd042783
00279713
fe442783
078a97ba
ff040713
a70397ba
2783f987
17b3fe44
270300f7
8fd9fec4
fef42623
fe442783
22230785
2703fef4
478dfe44
fce7f2e3
fec42683
fec42603
fd042583
80ef4501
87aa1f70
fcf42a23
fe042023
2783a871
9713fd04
27830027
97bafe04
0713078a
97baff04
f987a703
1a634785
270306f7
4785eec4
02f71a63
fd042783
00279713
fe042783
078a97ba
ff040713
a78397ba
86bef587
fe042603
fd042583
90ef4501
87aa4480
fcf42a23
eec42783
2783eb8d
9713fd04
27830027
97bafe04
0713078a
97baff04
f187a783
260386be
2583fe04
4501fd04
412090ef
2a2387aa
2783fcf4
0785fe04
fef42023
fe042703
f0e3478d
2783f6e7
0785fe84
fef42423
fe842703
f8e3478d
2e23ece7
a065fc04
2783470d
07b3fdc4
242340f7
2783fcf4
078afc84
ff040713
a78397ba
2823f087
2623fcf4
2c23fe04
a825fc04
fd042783
00279713
fd842783
078a97ba
ff040713
a70397ba
2783f987
17b3fd84
270300f7
8fd9fec4
fef42623
fd842783
2c230785
2703fcf4
478dfd84
fce7f2e3
eec42703
05634785
278300f7
e38deec4
fec42783
fff7c793
26838bbd
863efec4
fd042583
80ef4501
87aa0970
fcf42a23
fdc42783
2e230785
2703fcf4
478dfdc4
f4e7fae3
20830001
240311c1
61151181
11018082
1000ce22
fea42623
44720001
80826105
d6227179
2e231800
2c23fca4
2a23fcb4
2623fcc4
2783fe04
eb99fd44
fdc42703
fd842783
02e7f463
26234785
a839fef4
fd442703
1b634785
270300f7
2783fdc4
7563fd84
478500f7
fef42623
fec42783
5432853e
80826145
ce221101
26231000
2423fea4
2223feb4
2703fec4
2783fec4
6b63fe84
270300f7
2783fec4
6563fe44
278300f7
a821fec4
fe842703
fe442783
00f76563
fe842783
2783a019
853efe44
61054472
71598082
d4a2d686
d0ced2ca
ccd6ced2
c8decada
c4e6c6e2
2e231880
77b7faa4
87930021
47dcbb07
17b34705
262300f7
2783fcf4
f713fbc4
77b70017
87930021
47dcbb07
00f717b3
fcf42423
fcc42603
fc842583
100057b7
10478513
ca0fe0ef
fbc42783
4c818c3e
fc842783
4981893e
fcc42783
4a818a3e
002177b7
b607a783
87fd8b3e
57b78bbe
a6030021
a683cf07
c85acf47
c452ca5e
c04ec656
87e288ca
87368866
061386b2
95b70630
8593cd58
45099155
bb4fd0ef
853e0001
542650b6
59865916
4ae64a76
4bc64b56
4ca64c36
80826165
c7067175
c34ac522
ded2c14e
dadadcd6
d6e2d8de
d2ead4e6
0900d0ee
fc042623
fa042e23
fc042023
fc042223
fc042423
4585460d
90ef4501
87aa5390
2783873e
8fd9fcc4
fcf42623
26034689
4581fcc4
002157b7
cac78513
adffd0ef
873e87aa
fcc42783
26238fd9
0793fcf4
863efbc4
450155fd
583090ef
873e87aa
fcc42783
26238fd9
4689fcf4
fcc42603
57b74581
85130021
d0efcb87
87aaaa1f
2783873e
8fd9fcc4
fcf42623
fcc42783
2783c7ad
2423fcc4
2623faf4
2783fa04
8a3efbc4
27834a81
8d3efc04
27834d81
2023fc44
2223faf4
57b7fa04
a6030021
a683cf07
2783cf47
2803fa04
c83efa44
c46aca42
c056c66e
278388d2
2803fa84
8736fac4
061386b2
95b706e0
8593cd58
45099155
a84fd0ef
2783a069
2703fbc4
2683fc04
8636fc44
853e85ba
24233b65
2783fca4
2c23fc84
2e23f8f4
2783f804
893efbc4
27834981
8b3efc04
27834b81
8c3efc44
57b74c81
a6030021
a683cf07
c862cf47
c45aca66
c04ec65e
278388ca
2803f984
8736f9c4
061386b2
95b70720
8593cd58
45099155
a10fd0ef
fc842683
1002e5b7
29c58593
45014601
132080ef
40ba0001
491a442a
5a76498a
5b565ae6
5c365bc6
5d165ca6
61495d86
71718082
d522d706
d14ed34a
cd56cf52
c95ecb5a
c566c762
c16ec36a
26231900
2e23fc04
2023fa04
2223fc04
2423fc04
460dfc04
45014581
37f090ef
873e87aa
fcc42783
26238fd9
4689fcf4
fcc42603
57b74581
85130021
d0efcc47
87aa925f
2783873e
8fd9fcc4
fcf42623
fbc40793
55fd863e
90ef4501
87aa3c90
2783873e
8fd9fcc4
fcf42623
26034689
4581fcc4
002157b7
cd078513
8e7fd0ef
873e87aa
fcc42783
26238fd9
2783fcf4
cbbdfcc4
fcc42783
faf42423
fa042623
fbc42783
4b818b3e
fc042783
faf42023
fa042223
fc442783
f8f42c23
f8042e23
002157b7
cf07a603
cf47a683
f9842783
f9c42803
ca42c83e
fa042783
fa442803
c642c43e
88dac05e
fa842783
fac42803
86b28736
08000613
cd5895b7
91558593
d0ef4509
a2b58bef
fcc42783
f8f42823
f8042a23
fbc42783
4a818a3e
fc042783
f8f42423
f8042623
fc442783
f8f42023
f8042223
002157b7
cf07a603
cf47a683
f8042783
f8442803
ca42c83e
f8842783
f8c42803
c642c43e
88d2c056
f9042783
f9442803
86b28736
08300613
cd5895b7
91558593
d0ef4519
278384af
2703fbc4
2683fc04
8636fc44
853e85ba
24233641
77b7fca4
87930021
43d8dd07
1e634785
77b702f7
87930021
479cdd07
fff78713
002177b7
9f47a783
02f70733
fc842783
77b7973e
87930021
479cdd07
02f75733
002177b7
9ee7aa23
77b7a039
27030021
aa23fc84
27839ee7
2c23fcc4
2e23f6f4
77b7f604
a7830021
893e9f47
77b74981
a7830021
8c3e9f47
77b74c81
a7830021
8d3e9f47
57b74d81
a6030021
a683cf07
c86acf47
c462ca6e
c04ec666
278388ca
2803f784
8736f7c4
061386b2
95b708b0
8593cd58
45159155
f79fc0ef
002177b7
9f47a503
002177b7
9f07a583
002177b7
b707a783
4781883e
46814701
22fd4601
50ba0001
591a542a
4a7a598a
4b5a4aea
4c3a4bca
4d1a4caa
614d4d8a
711d8082
cca2ce86
c8cecaca
c4d6c6d2
c0dec2da
dc66de62
77b71080
a7830021
26239f07
478dfcf4
fcf42423
77b7333d
a7030021
47859f07
0ef70e63
002177b7
dd078793
896347dc
77b70e07
a7030021
77b79f47
87930021
4bdcdd07
85be4601
32d9853a
cf8187aa
002177b7
9f07a703
1663478d
479100f7
fcf42623
77b7a83d
a7030021
77b79f47
87930021
4b9cdd07
85be4601
3a49853a
c38587aa
002177b7
9f07a703
1a634789
478d00f7
fcf42623
002177b7
a8234705
77b7b6e7
a7030021
77b79f47
87930021
4f9cdd07
85be4605
3a99853a
c78d87aa
002177b7
9f07a703
1f63478d
77b700f7
a7830021
cb89b707
26234789
77b7fcf4
a8230021
a081b607
002177b7
9f47a703
002177b7
dd078793
46054fdc
853a85be
87aa3a01
77b7c385
a7030021
47919f07
00f71a63
2623478d
a031fcf4
a0210001
a0110001
07930001
863efc84
25034585
22e9fcc4
fc842783
77b7c3bd
a7830021
8c3e9f07
27834c81
893efcc4
77b74981
a7830021
8a3eb607
8abe87fd
002177b7
b607a783
87fd8b3e
57b78bbe
a6030021
a683cf07
c85acf47
c452ca5e
c04ec656
87e288ca
87368866
061386b2
95b70ab0
8593cd58
45099155
d85fc0ef
00010001
446640f6
49c64956
4aa64a36
4b864b16
5ce25c72
80826125
de067139
0080dc22
fca42e23
fcb42c23
fcc42a23
fcd42823
fce42623
fcf42423
fd042223
100065b7
08c58593
45014601
475070ef
fea42623
fd442783
f713079e
27830ff7
079afd04
0407f793
27838f5d
0796fcc4
0207f793
27838f5d
0792fc84
8fd98bc1
fef42423
0f000793
fef42223
fdc42783
01079713
fd842783
00879693
87936785
8ff5f007
27838f5d
8b85fc44
20238fd9
2703fef4
2783fec4
8f7dfe44
fe842783
27038fd9
8fd9fe04
fef42023
fe042683
100065b7
08c58593
45014601
3db070ef
50f20001
61215462
71798082
d422d606
d04ed24a
2e231800
2603fca4
4689fdc4
04c6e863
fdc42603
0400c6b7
8a468693
068a96b2
fed42623
fec42683
47818736
863e85ba
70ef4501
242339b0
2783fea4
0785fe84
fef42423
fec42783
4981893e
fe842683
864e85ca
70ef4501
a01136d0
00010001
542250b2
59825912
80826145
df067131
db4add22
d752d94e
d35ad556
cf62d15e
cb6acd66
0180c96e
faa42623
fab42423
fac42223
fc042623
fc042423
fc042223
fc042023
2e23478d
2703faf4
4799fac4
36f70963
fac42703
14634795
77b708f7
a7830021
2c239f07
2e23f8f4
2783f804
833efac4
77b74381
a7830021
2823b607
87fdf8f4
f8f42a23
002177b7
b607a783
f8f42423
262387fd
57b7f8f4
a6030021
a683cf07
2783cf47
2803f884
c83ef8c4
2783ca42
2803f904
c43ef944
c01ec642
2783889a
2803f984
8736f9c4
061386b2
95b70d00
8593cd58
45099155
b51fc0ef
77b7a4d5
a7030021
47919f07
08f71063
002177b7
dd078793
478553d8
06f71863
002177b7
9f07a783
f8f42023
f8042223
fac42783
4881883e
002177b7
b607a783
87fd8e3e
77b78ebe
a7830021
8f3eb607
8fbe87fd
002157b7
cf07a603
cf47a683
ca7ec87a
c676c472
88c2c046
f8042783
f8442803
86b28736
0d400613
cd5895b7
91558593
c0ef4509
aca9ac7f
002177b7
9f07a783
fac42703
00f71563
fa042e23
77b7a491
a7830021
47119f07
0ee78563
67634711
470d10f7
08e78063
6163470d
470510f7
00e78663
82634709
a8cd02e7
fac42703
17634789
45010ef7
abcff0ef
f0ef4505
2e23e04f
0001fa04
2703a8e1
4785fac4
02f70763
fac42703
1563478d
27030cf7
4789fa84
02f70663
f0ef4505
4501a8af
2e23334d
4785fa04
fcf42623
4509a819
a74ff0ef
f0ef4501
2e23dbcf
a011fa04
a8490001
fac42703
08634789
270300f7
4791fac4
02f70363
2703a049
4789fa84
02f70d63
f0ef4501
4505a3ef
2e233b99
4785fa04
fcf42023
2703a025
4789fa84
00f70f63
f0ef4509
4509a1ef
2e233b1d
4785fa04
fcf42423
0001a021
0001a83d
2703a82d
478dfac4
02f71863
fa842703
0b634789
450500f7
9ecff0ef
fa042e23
22234785
a011fcf4
a0390001
a0310001
a0210001
a0110001
77b70001
a7830021
27039f07
0163fac4
278302f7
9713fac4
77b70107
a7830021
8fd99f07
faf42c23
fb842503
d70fe0ef
fbc42783
77b7efbd
a7830021
2c239f07
2e23f6f4
2783f604
8a3efac4
27834a81
8d3efbc4
77b74d81
a7830021
2823b707
2a23f6f4
57b7f604
a6030021
a683cf07
2783cf47
2803f704
c83ef744
c46aca42
c056c66e
278388d2
2803f784
8736f7c4
061386b2
95b71250
8593cd58
45099155
8e1fc0ef
002177b7
fac42703
9ee7a823
77b7a0a5
a7830021
24239f07
2623f6f4
2783f604
893efac4
27834981
8b3efbc4
77b74b81
a7830021
8c3eb707
57b74c81
a6030021
a683cf07
c862cf47
c45aca66
c04ec65e
278388ca
2803f684
8736f6c4
061386b2
95b71280
8593cd58
45099155
871fc0ef
0001a011
002177b7
9f47a503
002177b7
9f07a583
002177b7
b707a783
2783883e
2703fcc4
2683fc84
2603fc44
3ce9fc04
fa442783
fbc42703
0001c398
546a50fa
59ca595a
5aaa5a3a
5b8a5b1a
4cea4c7a
4dca4d5a
80826129
d6067179
1800d422
fca42e23
fcb42c23
100065b7
08858593
45014601
738070ef
fea42623
fd842783
fff7c713
fec42783
26838f7d
2783fdc4
8ff5fd84
24238fd9
2683fef4
65b7fe84
85931000
46010885
70ef4501
00016f80
542250b2
80826145
c6061141
0800c422
002177b7
b607a783
17b7ef9d
8513fab0
c0ef0187
77b7a51f
a7830021
c789b607
dead17b7
a02107e5
fab017b7
853e07e9
a33fc0ef
002177b7
b607a703
002177b7
b6e7a023
0001a011
442240b2
80820141
ce061101
1000cc22
fea42623
feb42423
002177b7
b607a783
17b7eba1
8513fab0
c0ef0607
77b79f1f
07370021
0709dead
b6e7a023
002177b7
b607a783
17b7c791
8793dead
a0290617
fab017b7
06278793
c0ef853e
77b79c1f
a7030021
77b7b607
a0230021
a011b6e7
40f20001
61054462
71198082
dca2de86
77b70100
a7830021
efd1b607
fab017b7
09678513
987fc0ef
100065b7
09058593
45014601
600070ef
fea42423
fe042623
0713a81d
77b7f8c4
a7830021
06139e47
85be05c0
d0ef853a
2703866f
07b7fbc4
973ec000
002177b7
9ee7a223
fec42783
26230785
2703fef4
2783fec4
62e3fe84
77b7fcf7
a7830021
c791b607
dead17b7
09778793
17b7a029
8793fab0
853e0987
90bfc0ef
002177b7
b607a703
002177b7
b6e7a023
0001a011
546650f6
80826109
ce061101
ca4acc22
1000c84e
002177b7
b607a783
17b7e7d1
8513fab0
c0ef0817
77b78cdf
a7830021
87939e47
893e05c7
85ca4981
4501864e
53c070ef
fea42623
002177b7
9e47a703
fec42783
879397ba
2423fd87
87b7fef4
87930021
06139307
25830400
853efe84
f95fc0ef
002177b7
b607a783
17b7c791
8793dead
a0290827
fab017b7
08378793
c0ef853e
77b7861f
a7030021
77b7b607
a0230021
a011b6e7
40f20001
49524462
610549c2
715d8082
c4a2c686
c0cec2ca
dc56de52
77b70880
a7830021
9a63b607
17b70e07
8513fab0
c0ef0097
2e23819f
a05dfc04
fdc42783
893e07b2
06374981
4681127f
00c90733
b5b385ba
87b30125
86b300d9
87b600f5
fae42a23
faf42c23
fdc42783
8a3e07da
06374a81
46818000
00ca0733
b5b385ba
87b30145
86b300da
87b600f5
fae42e23
fcf42023
fc042223
fc042423
04000793
fcf42623
fc042823
2a23478d
2783fcf4
2c23fdc4
2703fcf4
07b7fdc4
8793004a
97bafdc7
0713079a
0613fb44
85ba0280
c0ef853e
2783e8bf
0785fdc4
fcf42e23
fdc42703
fbe347b5
77b7f4e7
a7830021
c789b607
dead17b7
a02107a9
fab017b7
853e07ad
f46fc0ef
002177b7
b607a703
002177b7
b6e7a023
0001a011
442640b6
49864916
5ae25a72
80826161
c6221141
00010800
01414432
11418082
c422c606
77b70800
a7830021
e3a9b607
fab017b7
07278513
ef6fc0ef
002177b7
b607a783
17b7c791
8793dead
a0290737
fab017b7
07478793
c0ef853e
77b7ed4f
a7030021
77b7b607
a0230021
a011b6e7
40b20001
01414422
715d8082
c4a2c686
c0cec2ca
dc56de52
d85eda5a
d466d662
d06ed26a
77b70880
a7830021
9663b607
17b71407
8513fab0
c0ef09c7
2623e84f
2423fc04
2223fc04
c7b7fc04
87931001
222309c7
2783fcf4
2c23fc44
2e23faf4
07b7fa04
86931200
25830027
2603fb84
4501fbc4
2ca070ef
1001c7b7
0e478793
fcf42223
fc442783
faf42823
fa042a23
fb042583
fb442603
70ef4501
24232ae0
2783fca4
9bddfc84
fcf42623
fc442783
4d818d3e
fcc42683
866e85ea
70ef4501
c7b72800
87931001
22230ec7
2783fcf4
8c3efc44
85e24c81
45018666
26c070ef
fca42423
fc842783
26239bdd
2783fcf4
8b3efc44
26834b81
85dafcc4
4501865e
23e070ef
1001c7b7
0f478793
fcf42223
fc442783
4a818a3e
865685d2
70ef4501
242322a0
2783fca4
9bddfc84
fcf42623
fc442783
4981893e
fcc42683
864e85ca
70ef4501
77b71fc0
a7830021
c791b607
dead17b7
09d78793
17b7a029
8793fab0
853e09e7
d5afc0ef
002177b7
b607a703
002177b7
b6e7a023
0001a011
442640b6
49864916
5ae25a72
5bc25b52
5ca25c32
5d825d12
80826161
c6061141
0800c422
002177b7
b607a783
17b7e3a9
8513fab0
c0ef0997
77b7d0cf
a7830021
c791b607
dead17b7
09a78793
17b7a029
8793fab0
853e09b7
ceafc0ef
002177b7
b607a703
002177b7
b6e7a023
0001a011
442240b2
80820141
ce061101
1000cc22
002177b7
b607a783
1a079f63
fab017b7
07578513
caefc0ef
87936785
43985407
002177b7
d1078793
6785c398
5b878793
77b74398
87930021
c3d8d107
100065b7
08458593
45014601
104070ef
77b7872a
87930021
a823d107
77b70ae7
87930021
4705d107
0ae7a223
002177b7
d1078793
a4234705
77b70ae7
87930021
7737d107
07130021
4b58bb07
0ae7a623
fe042623
2703a8e5
47b5fec4
0ef70263
002177b7
d1078693
fec42703
078687ba
078a97ba
479897b6
14634785
20230cf7
2223fe04
66c1fe04
25834609
4501fec4
225080ef
77b7872a
a0230021
77b7b6e7
a7030021
57f9b607
00f71863
dead07b7
01178513
bd2fc0ef
fe040793
460986be
fec42583
80ef4501
27035120
2683fe04
b7b7fec4
8793fabf
97b6b007
06f71363
002177b7
d1078693
fec42703
078687ba
078a97ba
470597b6
0793c7d8
0791fe04
fef42423
002177b7
d1078693
fec42703
078687ba
078a97ba
270397b6
4583fe84
46030007
46830017
47030027
88230037
88a300b7
892300c7
89a300d7
a01100e7
27830001
0785fec4
fef42623
fec42703
f2e347b5
77b7f0e7
a7830021
c791b607
dead17b7
07678793
17b7a029
8793fab0
853e0777
b12fc0ef
002177b7
b607a703
002177b7
b6e7a023
0001a011
446240f2
80826105
ce061101
1000cc22
fea42623
feb42423
002177b7
b607a783
17b7eff1
8513fab0
c0ef00f7
77b7ad0f
87930021
2603bb07
2583fe84
853efec4
9cdfc0ef
002177b7
bb078793
0167d703
002177b7
bb078793
00e79b23
002177b7
bb078793
0157c783
77b7cb81
87930021
c783bb07
a0190157
02400793
00217737
bb070713
00f70aa3
002177b7
bb078793
0147c703
002177b7
bb078793
00e78a23
002177b7
bb078793
9d234705
77b700e7
87930021
4705bb07
00e78ca3
002177b7
bb078793
03400713
00e78c23
002177b7
b607a783
17b7c789
07c1dead
17b7a021
07c5fab0
c0ef853e
77b7a14f
a7030021
77b7b607
a0230021
a011b6e7
40f20001
61054462
11018082
cc22ce06
1000ca26
77b784aa
a7830021
9663b607
17b71a07
8513fab0
c0ef03c7
c7839d4f
c7030004
07220014
c7038fd9
07420024
c7038fd9
07620034
86638fd9
c7831407
c7030044
07220054
c7038fd9
07420064
c7038fd9
07620074
85be8fd9
0284c783
0294c703
8fd90722
02a4c703
8fd90742
02b4c703
8fd90762
c783853e
c7030084
07220094
c7038fd9
074200a4
c7038fd9
076200b4
833e8fd9
00c4c783
00d4c703
8fd90722
00e4c703
8fd90742
00f4c703
8fd90762
c7838e3e
c7030104
07220114
c7038fd9
07420124
c7038fd9
07620134
8ebe8fd9
0144c783
0154c703
8fd90722
0164c703
8fd90742
0174c703
8fd90762
c783883e
c7030184
07220194
c7038fd9
074201a4
c7038fd9
076201b4
88be8fd9
01c4c783
01d4c703
8fd90722
01e4c703
8fd90742
01f4c703
8fd90762
c78386be
c70302c4
072202d4
c7038fd9
074202e4
c7038fd9
076202f4
863e8fd9
0244c783
0254c703
8fd90722
0264c703
8fd90742
0274c703
8fd90762
c232c43e
87f6c036
869a8772
4501862a
5b4070ef
77b7872a
a0230021
77b7b6e7
a7830021
c791b607
dead17b7
03d78793
17b7a029
8793fab0
853e03e7
84afc0ef
002177b7
b607a703
002177b7
b6e7a023
0001a011
446240f2
610544d2
71658082
18112623
18812423
2e230b00
2c23eaa4
77b7eab4
a7830021
ebe9b607
fab017b7
01b78513
802fc0ef
ecc40793
12000613
ebc42583
c0ef853e
2783f02f
efbdecc4
ed042783
4581863e
60ef4501
27836790
863eed44
45014585
66b060ef
ed842783
4589863e
60ef4501
278365d0
863eedc4
4501458d
64f060ef
fe042623
2783a81d
079afec4
ff040713
071397ba
8793e704
0693ef07
86360400
853a85be
039050ef
e7040793
3371853e
fec42783
26230785
2703fef4
478dfec4
fce7f3e3
002177b7
b607a783
17b7c789
07f1dead
17b7a021
07f5fab0
b0ef853e
77b7f51f
a7030021
77b7b607
a0230021
a011b6e7
20830001
240318c1
61591881
71598082
d4a2d686
2e231880
2c23f8a4
77b7f8b4
a7830021
9263b607
17b72607
8513fab0
b0ef0307
0793f09f
0613fa44
25830400
853ef9c4
e08fc0ef
fd042783
2703cb99
07b7fa44
07c18000
853e97ba
edffb0ef
2703aadd
4785fa44
02f71763
002177b7
b687a783
c7b7e38d
8513bbbb
b0efb127
2703ebdf
07b7fa44
07c18000
853e97ba
eabfb0ef
2703a2c9
07b7fa44
97ba8000
b0ef853e
2783e99f
853efa44
1f2070ef
fea42623
fec42503
1b0070ef
fea42423
fec42583
70ef4501
87aa20e0
fef42223
fac42783
2703eb99
07b7fa44
87938000
97ba0407
b0ef853e
2783e55f
c3bdfe44
fac42783
00100737
001006b7
fe842603
fec42583
70ef4501
872a11f0
002177b7
b607a783
77b78f5d
a0230021
77b7b6e7
a7830021
ef81b607
fa442703
800007b7
08078793
853e97ba
e03fb0ef
2703a035
b7b7fa44
879380de
97bad007
b0ef853e
a211dedf
fa442703
800007b7
09078793
853e97ba
dd7fb0ef
fb042703
f9c42783
04078793
fb442683
85be8636
c0ef853a
2783ccef
85befa44
70ef4501
872a5620
002177b7
b607a783
77b78f5d
a0230021
2783b6e7
85befa44
80ef4501
872a0380
002177b7
b607a783
77b78f5d
a0230021
2783b6e7
2703fa44
863afb04
450185be
615070ef
77b7872a
a7830021
8f5db607
002177b7
b6e7a023
fa442783
450185be
5ba070ef
77b7872a
a7830021
8f5db607
002177b7
b6e7a023
fa442783
450185be
765070ef
77b7872a
a7830021
8f5db607
002177b7
b6e7a023
fa442703
800007b7
02078793
853e97ba
d03fb0ef
fa442703
002177b7
d1078693
078687ba
078a97ba
470597b6
77b7c798
a7830021
c791b607
dead17b7
03178793
17b7a029
8793fab0
853e0327
cc7fb0ef
002177b7
b607a703
002177b7
b6e7a023
0001a011
542650b6
80826165
ce86711d
1080cca2
faa42623
fab42423
002177b7
b607a783
12079863
fab017b7
08a78513
c83fb0ef
fb040793
04000613
fac42583
c0ef853e
2783b82f
c799fd84
851367a9
b0ef01c7
a201c61f
851367a9
b0ef00c7
2703c55f
2783fb04
8793fac4
26830407
8636fb84
853a85be
b4cfc0ef
fb442683
fb842703
fac42783
879397ba
27030407
863afbc4
853685be
b2cfc0ef
450145b1
3c4070ef
77b7872a
a7830021
8f5db607
002177b7
b6e7a023
80ef4501
872a4f20
002177b7
b607a783
77b78f5d
a0230021
45b1b6e7
70ef4501
872a44c0
002177b7
b607a783
77b78f5d
a0230021
4501b6e7
488080ef
77b7872a
a7830021
8f5db607
002177b7
b6e7a023
851367a9
b0ef02c7
77b7ba5f
87930021
4705d107
08e7ac23
002177b7
b607a783
17b7c791
8793dead
a02908b7
fab017b7
08c78793
b0ef853e
77b7b75f
a7030021
77b7b607
a0230021
a011b6e7
40f60001
61254466
71158082
cda2cf86
c9cecbca
c5d6c7d2
26231180
2423f4a4
2223f4b4
2023f4c4
2e23f4d4
2c23f2e4
77b7f2f4
a7830021
9063b607
17b71a07
8513fab0
b0ef0877
2a23b19f
2823fc04
67c1fc04
262317fd
4791fcf4
fcf42423
22234791
57fdfcf4
fcf42023
fc042e23
fa042e23
fc042c23
fa042c23
fa042a23
fa042823
f4042703
fcc42783
00f77a63
f4042783
fcf42e23
2c234785
a039fcf4
dead07b7
00878513
ab7fb0ef
fdc42783
faf42e23
fdc42783
faf42c23
fbc42783
faf42a23
fd842783
faf42823
f5040793
06000613
853e4581
37e050ef
08234789
2783f4f4
893ef4c4
27834981
8a3ef484
05134a81
2783f504
c03ef444
fd042883
885687d2
874e86ca
f3842603
f3c42583
4d8080ef
873e87aa
fd442783
2a238fd9
2603fcf4
2783fbc4
0513fb44
2803f504
2703fb04
2683fb84
2583fd84
80effdc4
87aa6700
2783873e
8fd9fd44
fcf42a23
fc842783
f5040713
f3c42683
85be863a
80ef4501
87aa32a0
2783873e
8fd9fd44
fcf42a23
fc042783
2683873e
2603fc44
2583f384
4501f3c4
3ec080ef
873e87aa
fd442783
2a238fd9
2703fcf4
77b7fd44
a0230021
77b7b6e7
a7830021
c791b607
dead17b7
08878793
17b7a029
8793fab0
853e0897
99bfb0ef
002177b7
b607a703
002177b7
b6e7a023
0001a011
446e40fe
49ce495e
4aae4a3e
8082612d
de867119
0100dca2
f8a42623
f8b42423
002177b7
b607a783
32079863
fab017b7
08478513
94ffb0ef
f9440793
04000613
f8c42583
c0ef853e
278384ef
cb81fc84
900007b7
01078513
92bfb0ef
2623a4e1
0537fe04
b0ef9000
242391df
a0ddfe04
f9c42703
fe842783
00f757b3
c7f18b85
f9842783
2703eb99
07b7fec4
87939000
97ba0407
b0ef853e
27838edf
0789fe84
fef42623
fec42503
43f060ef
fca42e23
fdc42503
3fd060ef
fca42c23
fdc42583
60ef4501
87aa45b0
fcf42a23
fd442783
2783c3bd
0737f984
06b70010
26030010
2583fd84
4501fdc4
384070ef
77b7872a
a7830021
8f5db607
002177b7
b6e7a023
002177b7
b607a783
2703ef81
07b7fec4
87939000
97ba0807
b0ef853e
a035869f
fec42703
90deb7b7
d0078793
853e97ba
853fb0ef
2703aac5
07b7fec4
87939000
97ba0907
b0ef853e
278383df
0785fe84
fef42423
fe842703
fbe347a1
4585f0e7
70ef4501
872a1860
002177b7
b607a783
77b78f5d
a0230021
4585b6e7
70ef4501
872a1ac0
002177b7
b607a783
77b78f5d
a0230021
2223b6e7
a055fe04
f9c42703
fe442783
00f757b3
c7c98b85
fe442783
26230789
2583fef4
4501fec4
779060ef
77b7872a
a7830021
8f5db607
002177b7
b6e7a023
fec42583
70ef4501
872a2510
002177b7
b607a783
77b78f5d
a0230021
2783b6e7
863efa04
fec42583
70ef4501
872a02f0
002177b7
b607a783
77b78f5d
a0230021
2583b6e7
4501fec4
7d7060ef
77b7872a
a7830021
8f5db607
002177b7
b6e7a023
fe442783
22230785
2703fef4
47a1fe44
f4e7fce3
f8c42783
04078513
fa042583
f9c42603
fa842683
112237b7
34478793
36e14701
fa842703
f8c42783
851397ba
25830407
2603fa44
2683f9c4
77b7fac4
87935566
47017887
2023364d
a059fe04
f9c42703
fe042783
00f757b3
cfa98b85
fe042783
26230789
2583fef4
4501fec4
109070ef
77b7872a
a7830021
8f5db607
002177b7
b6e7a023
fec42703
900007b7
02078793
853e97ba
ea6fb0ef
002177b7
d1078693
fec42703
078687ba
078a97ba
470597b6
a811c798
fec42703
900007b7
97ba07c1
b0ef853e
2783e78f
0785fe04
fef42023
fe042703
fbe3479d
0001f6e7
002177b7
b607a783
17b7c791
8793dead
a0290857
fab017b7
08678793
b0ef853e
77b7e40f
a7030021
77b7b607
a0230021
a011b6e7
50f60001
61095466
71758082
c522c706
2e230900
2c23f8a4
77b7f8b4
a7830021
eff1b607
fab017b7
06378513
dfefb0ef
fcc40793
02000613
f9c42583
b0ef853e
2623cfff
a8a5fe04
fac40693
fec42783
00579713
f9c42783
879397ba
06130207
85be0200
b0ef8536
2883cd7f
2803fac4
2503fb04
2583fb44
2603fb84
2683fbc4
2703fc04
2783fc44
2823fc84
2a23f714
2c23f704
2e23f6a4
2023f6b4
2223f8c4
2423f8d4
2623f8e4
0793f8f4
853ef704
fdefc0ef
fec42783
26230785
2783fef4
2703fcc4
61e3fec4
77b7f8f7
a7830021
c791b607
dead17b7
06478793
17b7a029
8793fab0
853e0657
d42fb0ef
002177b7
b607a703
002177b7
b6e7a023
0001a011
442a40ba
80826149
d6010113
28112e23
28812c23
26231500
2423d6a4
77b7d6b4
a7830021
9863b607
17b71607
8513fab0
b0ef01e7
0793cf8f
0613d984
25832400
853ed6c4
bf9fb0ef
d9842783
10079c63
02200593
60ef4501
45015580
19a070ef
d9c42783
10079063
fe042623
2703a0fd
87bafec4
8f99078e
0713078a
97baff04
db07a803
db47a503
db87a583
dbc7a603
dc07a683
dc47a703
dc87a783
d7042e23
d8a42023
d8b42223
d8c42423
d8d42623
d8e42823
d8f42a23
d9442783
22238395
2783fef4
8bfdd944
fef42023
d9442783
d8042603
fe042703
fe442683
450185be
1a4070ef
fe042423
2783a8b9
0713fe84
97baff04
d947c783
f7938395
2e230ff7
2783fcf4
0713fe84
97baff04
d947c783
2c238bfd
2783fcf4
2603d7c4
2703d804
2683fd84
85befdc4
70ef4501
26037160
2583fd84
4501fdc4
14f070ef
fe842783
24230785
2703fef4
47bdfe84
f8e7dfe3
fec42783
26230785
2703fef4
47cdfec4
f0e7d7e3
002177b7
b607a783
17b7c789
07fddead
17b7a029
8793fab0
853e0207
baafb0ef
002177b7
b607a703
002177b7
b6e7a023
0001a011
29c12083
29812403
2a010113
11418082
c422c606
0800c226
77b784aa
a7830021
e3d9b607
fab017b7
04278513
b66fb0ef
0044c783
0054c703
8fd90722
0064c703
8fd90742
0074c703
8fd90762
c78386be
c7030084
07220094
c7038fd9
074200a4
c7038fd9
076200b4
863e8fd9
450185b6
c0afb0ef
002177b7
b607a783
17b7c791
8793dead
a0290437
fab017b7
04478793
b0ef853e
77b7b00f
a7030021
77b7b607
a0230021
a011b6e7
40b20001
44924422
80820141
ce061101
ca26cc22
84aa1000
002177b7
b607a783
16079063
fab017b7
04878513
abefb0ef
0004c783
0014c703
8fd90722
0024c703
8fd90742
0034c703
8fd90762
c78385be
c7030044
07220054
c7038fd9
07420064
c7038fd9
07620074
863e8fd9
0084c783
0094c703
8fd90722
00a4c703
8fd90742
00b4c703
8fd90762
c783853e
c70300c4
072200d4
c7038fd9
074200e4
c7038fd9
076200f4
833e8fd9
0104c783
0114c703
8fd90722
0124c703
8fd90742
0134c703
8fd90762
c7838e3e
c7030144
07220154
c7038fd9
07420164
c7038fd9
07620174
883e8fd9
0184c783
0194c703
8fd90722
01a4c703
8fd90742
01b4c703
8fd90762
c78388be
c70301c4
072201d4
c7038fd9
074201e4
c7038fd9
076201f4
86be8fd9
0204c783
0214c703
8fd90722
0224c703
8fd90742
0234c703
8fd90762
c036c23e
871a87f2
450186aa
76d070ef
002177b7
b607a783
17b7c791
8793dead
a0290497
fab017b7
04a78793
b0ef853e
77b7980f
a7030021
77b7b607
a0230021
a011b6e7
40f20001
44d24462
80826105
ce86711d
caa6cca2
84aa1080
002177b7
b607a783
17b7e3c1
8513fab0
b0ef0457
2623940f
a805fe04
fec42783
97a6079a
fa040713
06930791
86360400
853a85be
1cd040ef
fa040793
3d1d853e
fec42783
26230785
2703fef4
47b5fec4
fce7f6e3
002177b7
b607a783
17b7c791
8793dead
a0290467
fab017b7
04778793
b0ef853e
77b78e0f
a7030021
77b7b607
a0230021
a011b6e7
40f60001
44d64466
80826125
85010113
7a112623
7a812423
7b010413
bea42623
beb42423
002177b7
b607a783
0e079863
fab017b7
02778513
892fb0ef
bf040793
40000613
bec42583
b0ef853e
77b7f92f
87930021
86bedd07
bf040793
04800713
85be863a
40ef8536
27831130
e781bf04
70ef4501
27837520
e385c384
85040793
c3840713
38400693
85ba8636
40ef853e
07930eb0
853e8504
27833dd1
e7a9fbc4
fbc42883
fc042803
fc442503
fc842583
fcc42603
fd042683
fd442703
fd842783
85142823
85042a23
84a42c23
84b42e23
86c42023
86d42223
86e42423
86f42623
85040793
3185853e
002177b7
b607a783
17b7c791
8793dead
a0290287
fab017b7
02978793
a0ef853e
77b7fc5f
a7030021
77b7b607
a0230021
a011b6e7
20830001
24037ac1
01137a81
80827b01
d6867159
d2cad4a2
ced2d0ce
cadaccd6
c6e2c8de
c2eac4e6
1880c0ee
faa42e23
fab42c23
002177b7
b607a783
28079663
fab017b7
02178513
f67fa0ef
002177b7
e1878793
12000613
fbc42583
b0ef853e
77b7e62f
87930021
439ce187
22079463
45014585
3a9060ef
fc042623
fc042023
45814601
70ef4501
46017910
45014581
7c1070ef
002177b7
e1878793
262347dc
2423fcf4
a0cdfc04
002177b7
e1878713
fc842783
078a0791
43dc97ba
77b7c7cd
87130021
2783e187
0791fc84
97ba078a
078e43dc
fcf42023
fc042603
fc842583
70ef4501
26035ab0
2583fcc4
4501fc84
563070ef
fc842583
70ef4501
27037910
2783fcc4
97bafc04
fcf42623
fc842783
faf42823
2a2387fd
2783faf4
8a3efcc4
27834a81
8c3efc04
57b74c81
a6030021
a683cf07
4781cf47
c83e4801
c462ca42
c056c666
278388d2
2803fb04
8736fb44
061386b2
f5b71a50
85931cd1
45097c65
b99fa0ef
4601a829
fc842583
70ef4501
460151f0
fc842583
70ef4501
27834d90
0785fc84
fcf42423
fc842703
03f00793
f0e7dce3
002177b7
e1878793
26234b9c
2223fcf4
a8e9fc04
002177b7
e1878713
fc442783
078a0791
43dc97ba
77b7c3cd
87130021
2783e187
0791fc44
97ba078a
078a43dc
fcf42023
fc042603
fc442583
70ef4501
260358d0
2583fcc4
4501fc44
545070ef
fc442583
70ef4501
27036e30
2783fcc4
97bafc04
fcf42623
fc442783
87fd8d3e
27838dbe
893efcc4
27834981
8b3efc04
57b74b81
a6030021
a683cf07
4781cf47
c83e4801
c45aca42
c04ec65e
87ea88ca
8736886e
061386b2
f5b71b40
85931cd1
45097c65
aa1fa0ef
4601a829
fc442583
70ef4501
46015090
fc442583
70ef4501
27834c30
0785fc44
fcf42223
fc442703
03f00793
f2e7d0e3
45054585
a54fe0ef
002177b7
b607a783
17b7c791
8793dead
a0290227
fab017b7
02378793
a0ef853e
77b7cfdf
a7030021
77b7b607
a0230021
a011b6e7
50b60001
59165426
4a765986
4b564ae6
4c364bc6
4d164ca6
61654d86
71798082
d422d606
d04ed24a
2e231800
2c23fca4
77b7fcb4
a7830021
e7e5b607
fab017b7
05d78513
ca3fa0ef
fd842783
2423078e
2503fef4
40effe84
87aa52c0
fef42223
fe442783
fe842603
fdc42583
b0ef853e
2623b8af
a0b5fe04
fec42783
2703078e
97bafe44
0007c703
0017c683
8f5506a2
0027c683
8f5506c2
0037c783
8fd907e2
4981893e
fec42783
2703078e
97bafe44
0047c703
0057c683
8f5506a2
0067c683
8f5506c2
0077c783
8fd907e2
85ca86be
4501864e
093050ef
fec42783
26230785
2703fef4
2783fec4
67e3fd84
77b7f8f7
a7830021
c791b607
dead17b7
05e78793
17b7a029
8793fab0
853e05f7
bdbfa0ef
002177b7
b607a703
002177b7
b6e7a023
0001a011
542250b2
59825912
80826145
c686715d
c2cac4a2
de52c0ce
da5adc56
d662d85e
d26ad466
0880d06e
05934605
45010370
313050ef
05934605
45010440
307050ef
1001c7b7
0e078793
fcf42623
fcc42783
faf42c23
fa042e23
fb842583
fbc42603
50ef4501
24237ea0
2783fca4
9bbdfc84
fcf42223
fcc42783
4d818d3e
fc442683
866e85ea
50ef4501
c7b77bc0
87931001
26230c87
2783fcf4
8c3efcc4
85e24c81
45018666
7a8050ef
fca42423
fc842703
fffc07b7
8ff917fd
fcf42223
fc442703
000407b7
22238fd9
2783fcf4
8b3efcc4
26834b81
85dafc44
4501865e
766050ef
1001c7b7
0a478793
fcf42623
fcc42783
4a818a3e
865685d2
50ef4501
24237520
2703fca4
07b7fc84
17fd0800
22238ff9
2703fcf4
07b7fc44
8fd9f800
fcf42223
fcc42783
4981893e
fc442683
864e85ca
50ef4501
46017100
03700593
50ef4501
46012050
04400593
50ef4501
45011f90
28a070ef
40b60001
49164426
5a724986
5b525ae2
5c325bc2
5d125ca2
61615d82
715d8082
c4a2c686
2e230880
2c23faa4
77b7fab4
a7830021
9763b607
17b70e07
8513fab0
a0ef0517
0793a2df
0613fe84
85be0440
60ef4501
872a1700
002177b7
b6e7a023
fe842703
02634785
079308f7
0613fc84
25830200
853efbc4
908fb0ef
fd442703
13634785
3d0d00f7
b32fe0ef
fe042783
2783c38d
8793fbc4
27030207
85bafe04
3311853e
aaaab7b7
a1678513
9c3fa0ef
b7b7a039
8513aaaa
a0efa177
27839b5f
c789fd04
45094589
eddfd0ef
fdc42703
1e634785
079300f7
26232580
2583fef4
4501fec4
a43fa0ef
0001a021
0001a011
002177b7
b607a783
17b7c791
8793dead
a0290527
fab017b7
05378793
a0ef853e
77b7961f
a7030021
77b7b607
a0230021
a011b6e7
40b60001
61614426
711d8082
cca2ce86
26231080
2423faa4
77b7fab4
a7830021
9c63b607
17b72007
8513fab0
a0ef0577
262391df
0793fe04
0613fb04
25830200
853efac4
818fb0ef
fd440793
4585863e
85136785
b0ef1157
872acd4f
002177b7
b607a783
873e8fd9
002177b7
b6e7a023
fd040793
85be4619
60ef4501
872a1fe0
002177b7
b607a783
77b78f5d
a0230021
2783b6e7
2423fb04
2783fef4
e799fd44
fd042783
2783e781
c399fe84
a0114785
22234781
2783fef4
cb81fe44
bbbbc7b7
b1278513
887fa0ef
c7b7aa3d
8513bbbb
a0efb117
2783879f
e799fb44
bbbbc7b7
b1478513
867fa0ef
fe042023
2e2347b9
4581fcf4
50ef4501
87aa3ef0
fcf42c23
fd842783
2783c3ad
0737fb44
06b70010
26030010
2583fdc4
4501fe04
318060ef
77b7872a
a7830021
8f5db607
002177b7
b6e7a023
bbbbc7b7
b1378513
80ffa0ef
002177b7
b607a783
c7b7eb81
8513bbbb
a0efb187
a831ff8f
bbdeb7b7
d0078513
feafa0ef
c7b7a04d
8513bbbb
a0efb197
2783fdcf
c38dfbc4
fac42783
02078793
fbc42703
853e85ba
c7b73ced
8513bbbb
a0efb167
a039fb8f
bbbbc7b7
b1778513
faafa0ef
fb842783
4589c789
d0ef4509
0593cd3f
450103a0
017050ef
77b7872a
a7830021
8f5db607
002177b7
b6e7a023
04500593
50ef4501
872a7f80
002177b7
b607a783
77b78f5d
a0230021
77b7b6e7
a7830021
e799b607
002177b7
a4234705
a011b6e7
77b70001
a7830021
c791b607
dead17b7
05878793
17b7a029
8793fab0
853e0597
f26fa0ef
002177b7
b607a703
002177b7
b6e7a023
0001a011
446640f6
80826125
2623716d
24231011
22231081
20231121
dfd21131
dbdaddd6
d7e2d9de
d3ead5e6
0a00d1ee
f0a42e23
f0b42c23
002177b7
b607a783
32079963
fab017b7
02d78513
ec6fa0ef
fa042223
fc042623
fa440793
85be460d
50ef4501
07937df0
0613f444
25830600
853ef1c4
db1fa0ef
f4442783
2a079b63
fa442783
2a079763
f1c42783
06078713
f1842783
fa078793
85ba863e
12100537
d85fa0ef
fc042423
2583a8a9
2503f504
2303f544
2e03f584
2803f5c4
2883f604
2783f644
2703f684
2683f7c4
2603f804
c632f704
c23ac436
87f2c03e
86aa871a
05b7862e
45011210
757090ef
262387aa
2783fcf4
cf89fcc4
fc842783
24230785
2783fcf4
2703f6c4
60e3fc84
a011faf7
27830001
cf91f784
12200737
2c234781
2e23f2e4
0793f2f4
85bef384
80ef4501
27834d00
c7c1fcc4
ccccd7b7
c1978513
dd2fa0ef
fcc42783
f0f42823
f0042a23
002177b7
b607a783
87fd893e
77b789be
a7830021
8a3eb607
8abe87fd
002177b7
b607a783
87fd8b3e
57b78bbe
a6030021
a683cf07
c85acf47
c452ca5e
c04ec656
278388ca
2803f104
8736f144
061386b2
f5b72770
85931cd1
45057c65
ab0fa0ef
fcc42703
002177b7
b6e7a023
2783a249
8d63f744
57b71407
87930021
4390cdc7
479843d4
242347dc
2623f2c4
2823f2d4
2a23f2e4
07b7f2f4
2c2300ab
2a23faf4
2823fa04
2623fa04
0793fa04
24234000
2223faf4
a201fc04
fc042023
2783a8a1
078afc44
fd040713
a70397ba
2783f587
97bafb84
fc042703
2a2397ba
2783faf4
078afc44
fd040713
a70397ba
2783f587
078afc04
8c3e97ba
47014c81
fb442683
866685e2
a0ef4501
2783fb0f
0785fc04
fcf42023
fc042703
fa842783
faf761e3
fa042e23
2783a8b5
078afc44
fd040713
a70397ba
2783f587
97bafb84
fbc42703
262397ba
2783faf4
078afc44
fd040713
a70397ba
2783f587
078afbc4
8d3e97ba
46814d81
866e85ea
a0ef4501
2823855f
2703faa4
2783fac4
0e63fb04
d7b700f7
8513cccc
a0efc1a7
77b7c3cf
577d0021
b6e7a023
2783a8a9
0785fbc4
faf42e23
fbc42703
fa842783
f6f76fe3
fc442783
22230785
2703fcf4
478dfc44
eee7fee3
02000593
02000513
931fd0ef
454145c1
929fd0ef
ccccd7b7
c1778513
be6fa0ef
d7b7a039
8513cccc
a0efc187
77b7bd8f
a7830021
c791b607
dead17b7
02e78793
17b7a029
8793fab0
853e02f7
bb6fa0ef
002177b7
b607a703
002177b7
b6e7a023
0001a011
10c12083
10812403
10412903
10012983
5aee5a7e
5bce5b5e
5cae5c3e
5d8e5d1e
80826151
ce061101
1000cc22
002177b7
b607a783
17b7e7a5
8513fab0
a0ef0397
2623b60f
77b7fe04
47050021
b6e7aa23
fec42783
26230785
2703fef4
0793fec4
16631000
d0ef00f7
2623950f
67c1fe04
ab078513
b2afa0ef
fe042423
2503a811
c0effe84
2783fb2f
0785fe84
fef42423
fe842703
f4e34785
bf5dfee7
40f20001
61054462
11018082
cc22ce06
77b71000
a7830021
9863b607
17b71407
8513fab0
a0ef0697
2623adcf
a01dfe04
002187b7
97078713
fec42783
97ba078a
00208737
12470713
2783c398
0785fec4
fef42623
fec42703
fbe347fd
87b7fce7
87930021
97379707
07130020
c3d88447
002187b7
97078793
00209737
b0e70713
87b7c798
87930021
97379707
07130020
c7d8c0a7
002187b7
97078793
00209737
51670713
87b7cb98
87930021
97379707
07130020
cbd86147
002187b7
97078793
0020a737
b9870713
87b7d398
87930021
a7379707
07130020
d3d80e67
002187b7
97078793
0020a737
1f670713
87b7d798
87930021
a7379707
07130020
df984307
002187b7
97078793
00209737
1c470713
87b7c3b8
87930021
97379707
07130020
c3f8e907
002187b7
97078793
0020a737
a7870713
77b7cf98
a7830021
c791b607
dead17b7
06a78793
17b7a029
8793fab0
853e06b7
9aefa0ef
002177b7
b607a703
002177b7
b6e7a023
0001a011
446240f2
80826105
c6061141
0800c422
002177b7
b607a783
17b7e3a5
8513fab0
a0ef06c7
d0ef974f
d0ef935f
d0effccf
d0ef87ff
d0efefaf
d0efc3bf
d0efa4df
3db1a3bf
002177b7
b607a783
17b7c791
8793dead
a02906d7
fab017b7
06e78793
a0ef853e
77b7934f
a7030021
77b7b607
a0230021
a011b6e7
40b20001
01414422
71598082
d4a2d686
d0ced2ca
ccd6ced2
c8decada
c4e6c6e2
2e231880
2783faa4
4705fbc4
00f717b3
fcf42623
fcc42783
fff7c793
fcc42603
57b785be
85131000
a0ef1087
2603eb3f
2583fcc4
57b7fcc4
85131000
a0ef10c7
2783e9ff
8c3efbc4
27834c81
c793fcc4
893efff7
27834981
8a3efcc4
77b74a81
a7830021
8b3eb607
8bbe87fd
002157b7
cf07a603
cf47a683
ca5ec85a
c656c452
88cac04e
886687e2
86b28736
02800613
e90425b7
a6c58593
90ef4509
0001daff
542650b6
59865916
4ae64a76
4bc64b56
4ca64c36
80826165
ce061101
1000cc22
002177b7
b607a783
17b7ebf1
8513fab0
a0ef06f7
242382cf
d0effe04
77b7b5bf
87930021
4798bb07
19634785
77b700f7
87930021
47dcbb07
3dc5853e
002177b7
bb078793
0167d783
01079713
002177b7
bb078793
0157c783
8fd907a2
00217737
bb070713
01474703
26238fd9
2683fef4
65b7fec4
85931000
46010905
40ef4501
c0ef4410
c0ef973f
77b7b29f
87930021
4b98bb07
19634785
079300f7
863efe84
45054581
8c4fd0ef
002177b7
b607a783
17b7c791
8793dead
a0290707
fab017b7
07178793
90ef853e
77b7f79f
a7030021
77b7b607
a0230021
a011b6e7
40f20001
61054462
71358082
cd22cf06
c94ecb4a
c556c752
c15ec35a
dce6dee2
d8eedaea
77b71100
a7830021
9163b607
17b72007
8513fab0
90ef0127
07b7f29f
26230002
a265fcf4
002177b7
9e47a783
fcc42703
262397ba
0793fcf4
0613fa44
25830200
853efcc4
e0cfa0ef
fa440713
fcc42783
02078793
02000613
853a85be
999fa0ef
002177b7
b607a783
2783c7bd
2c23fcc4
2e23f8f4
77b7f804
a7830021
893e9e47
77b74981
a7830021
8b3eb607
8bbe87fd
002177b7
b607a783
87fd8c3e
57b78cbe
a6030021
a683cf07
c862cf47
c45aca66
c04ec65e
278388ca
2803f984
8736f9c4
061386b2
25b704b0
8593e904
4509a6c5
bb9f90ef
07b7a221
24231210
2783fcf4
8793fcc4
27030607
863afa84
250385be
a0effc84
2703d5ef
2783fa84
97bafcc4
06078793
fa842703
85be863a
fc842503
8e5fa0ef
002177b7
b607a783
2783cfad
2823fcc4
2a23f8f4
77b7f804
a7830021
8a3e9e47
77b74a81
a7830021
8d3eb607
8dbe87fd
002177b7
b607a783
f8f42423
262387fd
57b7f8f4
a6030021
a683cf07
2783cf47
2803f884
c83ef8c4
c46aca42
c056c66e
278388d2
2803f904
8736f944
061386b2
25b70550
8593e904
4509a6c5
af9f90ef
2703a0a1
07b7fa44
97ba5e00
fcf42223
002187b7
97078713
fc442783
97ba078a
27834398
85befa84
fc842503
27839702
2623fac4
2703fcf4
e7b7fcc4
8793a200
17e3ead7
0001e4f7
002177b7
b607a783
17b7c789
07cddead
17b7a021
07d1fab0
90ef853e
77b7d49f
a7030021
77b7b607
a0230021
a011b6e7
40fa0001
495a446a
4a3a49ca
4b1a4aaa
5c764b8a
5d565ce6
610d5dc6
715d8082
c4a2c686
c0cec2ca
dc56de52
d85eda5a
d466d662
77b70880
a7830021
873eb607
fab007b7
853e97ba
cebf90ef
33713ea1
77b73971
a7830021
8c3eb607
8cbe87fd
002177b7
b607a783
87fd893e
77b789be
a7830021
8a3eb607
8abe87fd
002177b7
b607a783
87fd8b3e
57b78bbe
a6030021
a683cf07
c85acf47
c452ca5e
c04ec656
87e288ca
87368866
061386b2
c5b70310
8593673c
4509dd85
9c5f90ef
77b738f5
a7830021
873eb607
dead07b7
853e97ba
c63f90ef
0000a001
00015117
d1410113
000012b7
80028293
245d9116
4300006f
47c10000
00a7f363
050a4541
002157b7
29078793
4108953e
11418082
c422c606
842ac226
00215537
ee050513
085000ef
a0114481
47910411
0497c363
002167b7
65478793
02f46d63
002207b7
3f078793
0287e763
47b7400c
87930020
fbe31fc7
47b7fcb7
87930021
f5e37e07
5537fcf5
05130021
00efeec5
048503b0
5537bf65
05130021
00eff945
40b202b0
44924422
80820141
ce061101
4791cc22
0793c23e
c43e0400
05000793
5537c63e
05130021
00efef45
44017fe0
1793a015
08180024
a58397ba
9793ff47
a60300c5
55371207
05130021
00efefc5
04057da0
fee34789
40f2fc87
61054462
11418082
c422c606
05634799
40ef02f5
e5011f00
1f8040ef
40efc129
c90d1e40
002155b7
f2458593
00215537
f2850513
798000ef
142025f3
07b74601
c7938000
8dfdfff7
30ef5571
00ef4640
bff57d40
002155b7
f1058593
8437bfc1
04130021
440c9044
00215537
f4850513
75c000ef
40ef4408
bf7d3400
c686715d
c2a6c4a2
842e84aa
e3634799
17930aa7
57370025
07130021
97ba0f47
8782439c
00215537
f7050513
40ef2715
85aa0500
407cda22
403cd83e
5c5cd63e
5c1cd43e
585cd23e
581cd03e
545cce3e
541ccc3e
505cca3e
501cc83e
4c5cc63e
4c1cc43e
485cc23e
2883c03e
28030104
441c00c4
40144058
55374430
05130021
25f9ff45
f0ef8522
40efe35f
c9150fc0
ea5ff0ef
852685a2
ef3ff0ef
00215537
f9850513
b7612575
00215537
fb450513
bfb52545
553785a6
05130021
2d49fd05
40efb7bd
b7e90d20
c6061141
c226c422
247384aa
07b71420
c7938000
8c7dfff7
f0ef8522
85aadc1f
55378622
05130021
2db91105
450185a6
f09ff0ef
c6061141
2473c422
07b71420
c7938000
8c7dfff7
553785a2
05130021
2d1d2d45
096347a5
55b700f4
85930021
45112405
ed5ff0ef
85aa2749
00215537
2fc50513
b7d52d11
c6061141
46c030ef
30ef2d81
11014ee0
cc22ce06
c84aca26
c452c64e
c05ac256
842e84aa
8b368932
8a3e8aba
85c689c2
46115682
1ac040ef
0404ae23
0604a023
fb090593
99c195a2
0365a423
0355a623
0345a823
0335aa23
12000793
b7b7c5fc
87930020
c5bcef07
40f2d48c
44d24462
49b24942
4a924a22
61054b02
41088082
02b60633
80829532
00b50783
02b7c363
9713455c
95ba0015
95be058a
41f65793
97b28bfd
078a8795
c29c97ae
01f67513
45588082
00159793
058a95be
418c95ba
1101bff1
0074ce06
fc1ff0ef
47854732
00a797b3
8d5d4308
40f2c308
80826105
c6061141
c226c422
5883842a
415c0085
02f888b3
00052803
577d9846
00e505a3
a00d4601
97364454
01072023
d71305fd
8b7d41f5
8715972e
983a070a
078d8389
06059bf1
00a44703
02e65463
02f8d5b3
17134454
97320016
96ba070a
00468513
c688c2c8
cfe346fd
05a3fab6
b7f900c4
a0254481
404c8626
f0ef8522
445cf25f
00478713
4798c118
c308c158
8626c788
85224581
f4fff0ef
57830485
cbe30084
40b2fcf4
44924422
80820141
c6061141
852e87aa
863685b2
30ef9782
40ef5a50
450105c0
11418082
c422c606
842ac226
051384ae
94020450
051385a6
94020520
051385a6
94020520
442240b2
01414492
11418082
419cc606
c19c0785
002177b7
9d07a783
40b29782
80820141
d6067179
d226d422
ce4ed04a
ca56cc52
c65ec85a
c266c462
8b2ac06a
8c328bae
8cba8a36
490189be
44814ac1
a03d47c1
001a1713
8e8946fd
00d71733
00ac5833
01076833
47a5a03d
0507f963
05700513
954285de
09059b02
87a24485
8413c3a5
1513fff7
08130024
43e3fe05
5833fc08
7813010a
18e300f8
f4f1fc08
84e34705
8d13fce7
c963fffa
47850359
00fc8a63
8d634789
8aea00fc
0513b7c9
bf4d0300
051385de
9b020300
bf458aea
051385de
9b020200
b7558aea
b7458aea
8063478d
50b202fc
54925422
49f25902
4ad24a62
4bb24b42
4c924c22
61454d02
09868082
41298933
85dea031
02000513
89229b02
fff90413
ff2049e3
7179b7e9
d422d606
d04ad226
cc52ce4e
c85aca56
c462c65e
8b2e8aaa
8bb684b2
5a6389ba
4a0500e0
4c014929
3b9ad437
9ff40413
4985a02d
0513b7fd
d5330014
85da02a4
03050513
0a059a82
197d4c05
00140793
02f4f4b3
543347a9
47a102f4
0287f763
fc0c1be3
fc9469e3
ff29c1e3
eee34789
4785fd77
00fb8863
02000513
9a8285da
b7e10a05
03000513
85dabfd5
03048513
478d9a82
00fb8e63
542250b2
59025492
4a6249f2
4b424ad2
4c224bb2
80826145
414989b3
fff98413
ff3050e3
051385da
9a820200
b7fd89a2
002177b7
9ca7a823
71398082
dc22de06
d84ada26
d452d64e
d05ad256
89aace5e
8432892e
4a81c636
4a015b7d
a0214481
998285ca
45030405
09630004
e8911e05
02500793
fef516e3
5b7d8aa6
44854a01
0793b7d5
f693fdb5
07130ff7
69630550
97931ad7
57370026
07130021
97ba3287
8782439c
000b5463
1a0a0863
000b4d63
002b1793
078697da
8b1397aa
13e3fd07
4a09fa0a
0b13b745
bfd5fd05
bf590a85
020a9263
871347b2
c63a0047
c9634384
875a0404
862686d2
854e85ca
e7bff0ef
bf8d4481
87634785
47b202fa
9be1079d
00878713
4384c63a
07b743d8
97a68000
0097b7b3
d7e197ba
854e85ca
d0bff0ef
b7894481
871347b2
c63a0047
bf454384
051385ca
998202d0
409004b3
b7551b7d
000a9f63
871347b2
c63a0047
875a4390
85ca86d2
f0ef854e
4481e11f
4785b721
02fa8463
079d47b2
87139be1
c63a0087
43dc4390
ffe1e781
fc065be3
854e85ca
ca7ff0ef
bdf94481
871347b2
c63a0047
bf754390
051385ca
99820300
051385ca
99820780
4a054b21
d2634785
47b20357
9be1079d
00878713
4390c63a
87da43d4
85ca8752
f0ef854e
4481ca7f
47b2bd61
00478713
4390c63a
b7d54681
871347b2
c63a0047
0007ab83
a02184de
85ca0485
c5039982
f97d0004
0463478d
448100fa
87b3b595
07b34174
849340fb
5863fff7
85ca00f0
02000513
87a69982
4481b7fd
47b2b591
00478713
85cac63a
99824388
bd0d4481
051385ca
99820250
b51d4481
051385ca
99820250
450385ca
99820004
bd094481
b5394a0d
b5294a05
546250f2
594254d2
5a2259b2
5b025a92
61214bf2
11018082
862ace06
c60286ae
b537006c
05130020
f0ef3665
40f2db5f
80826105
ce067139
d432d22e
d83ad636
dc42da3e
104cde46
f0efc62e
40f2fcdf
80826121
c6061141
ed6347fd
47ad00a7
00a7ec63
95334785
257300a7
40b21045
80820141
bfe52235
bfd52a31
100177f3
10405073
14405073
67f38082
00731001
80821050
00217737
fb070713
97ba435c
00a78423
0785435c
3ff7f793
0737c35c
8fd90400
28236705
808254f7
c6061141
77b7c422
87930021
0713fb07
c3984040
073707a1
97baffe0
26236705
07b754f7
28230400
c43754f7
05130020
f0ef8044
0513ce7f
20ef8044
450140f0
442240b2
80820141
ff850713
f7634785
47fd00e7
00a7f663
80824501
80824501
80824505
c6061141
f0ef4525
4501f2ff
014140b2
27b78082
a5030007
cd213107
c6061141
94df80ef
02000713
40a707b3
04a70063
00217737
b8f72423
071307a9
646303f0
46b702f7
97130021
86930037
97367e06
ca914354
00214737
0713078e
97ba7e07
96824388
4501a021
859ff0ef
014140b2
80828082
77b78082
a5030021
8082b887
c6061141
0413c422
8522fe05
f59ff0ef
6705cd01
11472683
97b34785
f7930087
8fd5cff7
10f72a23
442240b2
80820141
000727b7
3007aa23
07136741
ac2303e7
808230e7
000747b7
ac23577d
aa2314e7
ac2314a7
808214b7
000747b7
1507a583
14c7a503
1507a783
feb798e3
11018082
cc22ce06
c84aca26
7973c64e
79131001
f0ef0029
84aafd7f
743789ae
04130021
4008b784
8533405c
b5b340a4
87b300a4
d63740f9
06130003
46810906
40b785b3
89df80ef
2223c004
29730134
30ef1009
47374190
27830007
e7931107
28230017
40f210f7
44d24462
49b24942
80826105
c6061141
f75ff0ef
d53787aa
05130003
953e0905
00f537b3
f0ef95be
4515f4bf
db5ff0ef
000747b7
11078693
1107a703
00176713
10e7a823
1147a783
0017e793
4501c2dc
014140b2
edd58082
c6061141
c226c422
0d6357fd
041300f5
5d63fff5
67890080
18c78793
0087d963
a031843e
05136509
b7d518c5
74f34401
88891001
ef9ff0ef
0003d6b7
09068793
02f40433
002177b7
b7878793
43cc4398
40e507b3
08f68693
06b797b6
c6938000
8e9dfff6
0086e463
a02997a2
800007b7
fff7c793
0003d6b7
09068693
02d7d7b3
02d787b3
00f706b3
40a68533
3e700693
00a6c763
0003d6b7
09068693
853397b6
37b300e7
95be00f5
e71ff0ef
1004a4f3
442240b2
01414492
80828082
c6061141
7473c422
88091001
e65ff0ef
002177b7
b787a783
d7b78d1d
87930003
55330907
247302f5
40b21004
01414422
47838082
07b20045
97ba5d58
1207a783
0ff7f793
4745cb81
00e78463
80824505
80824501
80824501
c6061141
4540c422
47034781
fd630065
405800e7
5703c711
943a0085
b7f50785
562030ef
a011c048
85224401
442240b2
80820141
c6061141
c226c422
4104842a
43dc409c
4b9cc781
9782c391
00042223
00042823
02448513
5d0030ef
442240b2
01414492
11418082
c422c606
a039842a
89634705
30ef02e7
e1155180
00c41713
12072783
0ff7f793
6799f7e5
a0678793
10f72023
12072783
0ff7f793
30efbfd1
bfe94260
40b24501
01414422
11418082
c422c606
c04ac226
84ae892a
a0318432
a00d853e
400030ef
4c63147d
27830004
f7930009
95e30ff7
30effe97
d56d4b40
5541b7d5
442240b2
49024492
80820141
c6061141
0007a637
12060613
fb3ff0ef
014140b2
11018082
cc22ce06
c84aca26
c452c64e
89ae8a2a
843684b2
0a63893a
25030209
f533000a
478100a9
0087fb63
00279813
28039826
0d630008
078500a8
30efb7f5
e11944c0
bfd1197d
378030ef
5541bfe5
446240f2
494244d2
4a2249b2
80826105
c6061141
c226c422
892ac04a
843284ae
30efa021
147d34e0
2783cc19
f7930009
81630ff7
07130297
8f630800
30ef00e7
d1753fc0
5541bff9
442240b2
49024492
80820141
bfcd4501
b7fd556d
00554783
8082e391
c6061141
842ac422
e1bff0ef
40b2e509
01414422
45038082
05320044
953e5c5c
051345c1
f0ef1205
4783f13f
07b20044
97ba5c58
0ff00713
12e7a823
00444503
5c5c0532
0613953e
45813e80
12050513
f5dff0ef
1101bf6d
cc22ce06
c84aca26
84aac64e
4583842e
862e0065
02450513
3ee030ef
01048513
189020ef
2983c080
44c00044
a0294901
0084d783
0905943e
0064c783
02f97563
0084d603
85224581
686020ef
4605c004
05134581
30ef0084
a7833b00
dbe90109
97828522
40f2b7f1
44d24462
49b24942
80826105
c6061141
c226c422
55fd842a
20ef0541
54831350
cc8900a4
00544783
4783e385
07b20044
97ba5c58
1147a483
1007aa23
40b28526
44924422
80820141
f0ef8522
d57dd19f
1141bfe9
c422c606
842ac226
00a55783
84aecf81
00554783
4783e38d
07b20044
97ba5c58
1097aa23
01040513
1b7020ef
442240b2
01414492
f0ef8082
d56dcd9f
1101bfe9
cc22ce06
c84aca26
c452c64e
8a2e892a
454089b2
a0294481
00895783
0485943e
00694783
00f4fb63
d7fd405c
00098863
852285d2
f16d9982
4401a011
40f28522
44d24462
49b24942
61054a22
cd058082
c6061141
c226c422
842ac04a
85264104
f19ff0ef
8522892a
cc1ff0ef
f0ef8526
85cae37f
f0ef8526
40b2f49f
44924422
01414902
80828082
ce061101
ca26cc22
c64ec84a
c256c452
8a2e892a
450089b2
0205f793
55fdefa5
02440513
296030ef
046357c1
85220af5
ec1ff0ef
85228aaa
c35ff0ef
cd2984aa
03452023
00544783
7593c781
c9b1004a
00492903
00492603
85cec611
f0ef8522
ed39f19f
00092783
85cec789
97828526
5583e921
e5b300a4
85220155
ebbff0ef
40f28526
44d24462
49b24942
4a924a22
80826105
b7694581
852285d6
e9bff0ef
4503b7c5
f0ef0044
53e3c2df
85d6fa05
f0ef8522
8526e85f
f0fff0ef
b7c94481
852285d6
e73ff0ef
f0ef8526
4481efdf
4481bf45
1101b775
cc22ce06
c84aca26
cd15c64e
4104842a
a903409c
27830047
cb850089
f0ef8526
89aadfbf
00892783
97828522
85ce842a
f0ef8526
8522e2df
446240f2
494244d2
610549b2
54298082
4401b7fd
7179b7ed
d422d606
d04ad226
c13dce4e
55fd84aa
30ef0521
a0191800
7f1020ef
f0ef8526
842af91f
00a05663
0aa030ef
b7edd965
a903e905
27830004
a9830009
a7830047
cf9900c9
f0ef854a
c62ad83f
00c9a783
8526006c
842a9782
854a45b2
db3ff0ef
50b28522
54925422
49f25902
80826145
b7fd5429
852e87aa
5398c789
c3118b05
8082c191
c6061141
f0ef853e
40b2f75f
80820141
c11c57fd
00052223
00052423
00052623
2a23c91c
80820005
c6061141
842ac422
d15c57fd
02850513
fd9ff0ef
04042023
04042223
04840513
fc9ff0ef
06042023
442240b2
80820141
8763515c
57fd00b7
00f59663
80824501
80824501
80825555
7ff00793
00b7e563
4501d14c
55298082
11418082
c422c606
413c842a
5518c399
407cc398
5858c399
2823c398
05130004
f0ef0284
2023f6ff
22230404
05130404
f0ef0484
40b2f5ff
01414422
5d188082
5663595c
555c00f7
4501c399
4d388082
5863497c
453800f7
166357fd
450500f7
45058082
45018082
45388082
096357fd
4d3c00f7
0007d463
80824501
80825579
80825579
c791555c
c6635d1c
45010007
45018082
45058082
862a8082
d513058d
47810025
00a7fc63
58c78713
4314070a
00279713
c3149732
b7ed0785
882a8082
d613852e
f7930025
c3910035
47810605
00c7fc63
00279713
43149742
58078713
c314070a
b7ed0785
11418082
f0efc606
4513f51f
75130015
40b20ff5
80820141
d6067179
d226d422
77b7d04a
a7830021
8d63b907
84aa1207
c40153a0
a02353a0
53d80607
06b70742
8f750fff
100006b7
4fb08f55
026356fd
4fb008d6
58634bf4
668d10d6
47b48f55
167d6605
8f558ef1
4bf8c03a
8f154fb4
e76346ed
a9030ee6
4fb80547
40e90933
4fbc47ec
95be864a
20ef0048
05931620
850a0049
f43ff0ef
77b78c49
a5030021
4d3cb907
2c23993e
4d380525
4c63497c
05210af7
6cd020ef
0020c637
17a60613
85264581
b9fff0ef
002177b7
b8a7a823
6689a859
47b48f55
167d6605
8f558ef1
c202c03a
c43a4bb8
073747f4
e1634000
4bb402e6
00d76e63
4bb447f8
06b79736
9736c000
400006b7
00e6e463
c23a47f8
cbf84bb8
850a45b1
ebfff0ef
47a28c49
4792c399
7937c79d
09130021
2503b909
497c0009
0521cd3c
649020ef
0020c637
17a60613
85264581
b1bff0ef
00a92023
77b7a819
a7830021
ac23b907
a0210407
bf394971
85224401
542250b2
59025492
80826145
a7836785
c7816207
40f00533
11418082
c422c606
f0ef842e
8d41e8ff
6785c519
62a7a023
a0234705
40b250e7
01414422
11418082
05c2c606
0fff07b7
07b78dfd
8fcd1000
65c10632
8df115fd
77b78ddd
a7830021
c399b907
d3ac53b8
fa5ff0ef
014140b2
11418082
c422c606
d713c226
d69301c5
67850105
f43317fd
478500f6
00f70763
442240b2
01414492
84aa8082
89bd81b1
846347bd
478502f5
fef594e3
0020c637
0e860613
852655fd
a43ff0ef
460dc929
852685a2
f7bff0ef
0793b7e1
ffe18004
002177b7
b8c7a783
577dcf81
aa23d798
df980207
0207ae23
002177b7
b807a623
002177b7
b907a503
497cdd41
0521cd3c
519020ef
002177b7
b807a823
4609b751
1141bf45
85aac606
f0ef4508
67058e5f
11472783
3007e793
10f72a23
40b24501
80820141
ce061101
ca26cc22
c64ec84a
89ae892a
45058432
76e000ef
84aac905
00347613
8c11c219
86a20411
85ca864e
25718526
8526842a
768000ef
40f28522
44d24462
49b24942
80826105
b7fd5479
ce061101
ca26cc22
c64ec84a
c256c452
2983842a
29030005
106303c5
49010209
f0ef8522
854ac11f
446240f2
494244d2
4a2249b2
61054a92
84ae8082
02c52a03
03452a83
854e418c
8f3ff0ef
85d28656
f0ef854a
892af63f
f0ef854e
c08889bf
4505b7c1
71798082
d422d606
d04ad226
892e84aa
f0ef850a
4782c55f
01c7d613
0107d693
177d6705
00e6f433
00c7d693
47058ff9
00e61c63
470d8abd
01277863
8b634705
470d00e6
0ce68c63
542250b2
59025492
80826145
16e34731
7737fee9
27030021
c719b8c7
85a2462d
f0ef8526
bfe9df1f
0020c637
0e860613
852685be
89bff0ef
002177b7
b8a7a623
f0efc541
c53dbc7f
77b74622
a7830021
5b98b8c7
04c76663
dbd0d780
e5814592
0207ac23
43c8bf71
f4fff0ef
7437c105
04130021
4008b8c4
dd1c47a2
dd5c4792
20ef0521
202336b0
bf9d0004
85a24631
f0ef8526
77b7d81f
a6230021
b78db807
85a24621
f0ef8526
77b7d6df
a6230021
b7b9b807
85a24625
f0ef8526
77b7d59f
a6230021
bf2db807
85a24629
f0ef8526
b73dd45f
75e34711
0713f327
61e30200
7737f327
27030021
0be3b8c7
5714f007
f08698e3
95e35354
5f14f0f6
d1e35b5c
5f1cf0f6
ee07cee3
5b5c1971
8f955f14
0127f763
03472903
09335f1c
574840f9
864a5f1c
953e004c
531010ef
002177b7
b8c7a503
993e5d1c
03252c23
595c5d18
ecf740e3
20ef0521
77b72a70
a6230021
b57db807
ce061101
ca26cc22
c64ec84a
a4036785
a9031107
a8231147
74331087
77930089
c39d1004
a4836785
79fd6507
0134f9b3
02099363
e4b3ec85
c4990134
a8236785
47056407
50e7a023
20047793
7413eb85
84a2cff4
85cea091
00216537
65450513
c93ff0ef
17fd6785
b7e98cfd
653785a6
05130021
f0ef6545
bf75df1f
65374581
05130021
f0ef6545
b7d1c07f
97b34785
c7930137
8c7dfff7
8522cc29
a81f70ef
02000793
40a78533
fff50993
0793057d
ede303f0
4737fca7
17930021
07130035
97ba7e07
d3f943dc
0020b737
15070713
fae78ee3
00214737
0713050e
953a7e07
97824108
97b34785
c7930137
8cfdfff7
e881bf71
446240f2
494244d2
610549b2
c7938082
f933fff4
67850127
1127aa23
10ef8526
bff91a80
67058d6d
10a72823
100177f3
26838b89
c5931147
8df5fff5
2a238dc9
a7f310b7
80821007
000407b7
1207a783
0ff7f793
8c634705
071300e7
86630f00
478100e7
4501c799
47858082
4785bfe5
556dbfd5
07b78082
a5030004
75131207
15410ff5
00153513
11418082
85aac606
f0ef4508
4501cf8f
014140b2
11418082
07b7c606
a7030004
a8231107
753710e7
05130021
05216145
0ed020ef
014140b2
11418082
85aac606
75374601
05130021
f0efa3c5
40b2e3ef
80820141
c6061141
df6ff0ef
014140b2
28238082
07130005
515c0345
2783c398
078a0945
c31c5558
09452703
c398591c
000627b7
05500713
12e7a823
1207a783
0ff7f793
8c634741
071300e7
86630f00
478100e7
4501c799
47858082
4785bfe5
5549bfd5
77fd8082
f7b7953e
3533000f
808200f5
000627b7
1207a783
0ff7f793
0f000713
00e78c63
08000713
00e78663
45134501
80820015
bfe54505
bfd54505
000627b7
1207a783
0ff7f793
0f000713
00e79463
80824501
8082556d
000627b7
30078713
8713d158
d5183047
30878713
8793d558
d91c30c7
a8394701
00271793
078a97ba
04078793
079197aa
00c70693
96aa068a
0705c2dc
f1e3478d
8082fee7
c6061141
450885aa
baaff0ef
40b24501
80820141
c6061141
000627b7
1107a703
10e7a823
00217537
63850513
20ef0521
40b279e0
80820141
0035f793
14079763
d6067179
d226d422
ce4ed04a
ca56cc52
c65ec85a
84aac462
89b2892e
8c3a8436
00367793
12079563
0036f793
12079363
f263478d
07b712d7
17f10004
10d7ef63
f0ef8532
8aaaee5f
f0ef854a
8a2aeddf
000a8463
10051563
0004ab83
f0ef855e
8b2ab8af
87936791
7c33c007
27b700fc
a7830006
f7931207
47050ff7
02e78763
85da546d
f0ef855e
85a2ba8f
f0ef8526
50b2e06f
54925422
49f25902
4ad24a62
4bb24b42
61454c22
06138082
45810500
04448513
18f010ef
040a8a63
102c6c13
0584a223
0524aa23
25098793
8009c8bc
ea33c4e0
7a13014a
04630ffa
07b7020a
87930003
ccbc1017
040a8e63
10098913
0524ae23
87936799
d0bca067
aa234789
852608f4
dcfff0ef
bfa5842a
000a0c63
102c6c13
0584a223
29090793
a823c8fc
b7750534
000307b7
10278793
00fc6c33
0584a223
0534a823
0524aa23
aa234785
b77108f4
10090913
5529b765
55298082
5529b789
5529bf3d
5529bf2d
5529bf1d
1141bf0d
4701c606
e91ff0ef
014140b2
11018082
cc22ce06
c84aca26
c452c64e
c05ac256
89ae842a
89368ab2
2a038b3a
85520005
a54ff0ef
27b784aa
a7830006
f7931207
45050ff7
02a78563
85a6596d
f0ef8552
85caa7cf
f0ef8522
40f2cdaf
44d24462
49b24942
4a924a22
61054b02
06138082
45810500
04440513
067010ef
000307b7
10178793
0763c07c
47b7000b
87930003
c07c1017
05542423
05342623
05642823
05242a23
2a234785
852208f4
cc3ff0ef
bf61892a
c6061141
46814701
f53ff0ef
014140b2
11418082
85aac606
75374601
05130021
f0efa845
40b2abef
80820141
c6061141
a76ff0ef
014140b2
511c8082
c3998b85
80824501
c6061141
bbeff0ef
014140b2
45018082
07378082
07b70006
17fd4000
30f72223
45018082
07b78082
37370007
a0233b04
073730e7
a2230308
073730e7
a4231f09
373730e7
a6233904
073730e7
a8230108
073730e7
aa231d09
373730e7
ac233804
073730e7
ae230008
073730e7
a0231c09
808232e7
2223515c
07370205
27030005
77131207
06930ff7
1e630f00
cf9502d7
07134b94
84630ff0
450100e6
86138082
470102c7
67d1a821
08478793
078a97ba
00271693
439c96b2
0705c29c
f4e3479d
4501fee7
556d8082
55298082
07b78082
a7830005
f7931207
47410ff7
00e78a63
0f100713
00e78463
80824501
80824505
80824505
80824501
c6061141
450885aa
816ff0ef
40b24501
80820141
c6061141
000507b7
1107a703
10e7a823
00217537
6d050513
20ef0521
40b240a0
80820141
12052503
01255793
03f7f793
5793c19c
c21c01a5
0ff57513
07b78082
d15c0002
80824501
80824501
de067139
da26dc22
d64ed84a
d256d452
ce5ed05a
ca66cc62
8b3ec86a
00377793
1a079a63
84ae892a
8ab68432
77938a3a
c3990036
1a0b0263
0c63eb81
4791000b
0087eb63
a0114b81
89634b81
1471020b
4b81a035
4b85bfdd
0c37bfcd
1c710004
864a86e2
854e85a6
d47ff0ef
e1218caa
f0ef854e
94e2e1ff
41840433
0ff00793
0487fa63
f0ef4505
89aadf1f
14050863
10090d13
87936799
20232067
07b710f9
17f10004
fa87ebe3
ffc47c13
854ebf55
de1ff0ef
f0ef4505
842adc1f
12050163
6599866a
a0658593
d9dff0ef
f0ef8522
a231dc3f
89936989
478d7109
0487f263
04098063
003019fd
854a006c
eedff0ef
08000793
10f50463
ef9947b2
7ee3460d
4832fc86
fc080be3
c642187d
28234090
147124c9
b7dd0491
89936989
bff97109
0f305063
040b0863
000b8363
47850411
008797b3
674117fd
20238fd9
698914f9
71098993
19fd87ce
0030c785
854a006c
e89ff0ef
08000793
0af50663
06400793
fef512e3
dff947b2
4080c011
24892823
09305c63
04136409
a0217104
f763478d
87a20547
c3b9147d
006c0030
f0ef854a
0793e4bf
0b630800
478506f5
02f50863
04100793
02f50463
06000793
02f50063
f5e3478d
47a2fd47
17fdd3f1
2783c43e
a0232909
1a7100fa
b7dd0a91
04805263
a0314c81
a0215ca9
a0115ca9
85665cf9
546250f2
594254d2
5a2259b2
5b025a92
4c624bf2
4d424cd2
80826121
b7c55ced
bff15c81
bfe15ced
bfd15c81
bfc15ced
b7f15c81
c6061141
450885aa
da3fe0ef
40b24501
80820141
ce061101
ca26cc22
c64ec84a
c256c452
7793c05a
ebcd0036
89ae842a
893684b2
00052b03
e0ef855a
8a2ade7f
02442a83
02042423
02040623
8b91501c
c485c781
a8a15929
133aa823
e793cc99
a8230019
478512fa
46814701
85a6864a
f0ef8556
892ad7bf
c8a9e91d
06136609
05937106
85130410
e0ef120a
892ac77f
e993ed19
a8230059
6609133a
71060613
06000593
120a8513
c59fe0ef
85d2892a
e0ef855a
854adb5f
446240f2
494244d2
4a2249b2
4b024a92
80826105
8b91501c
e993f7d5
a8230039
b7c1133a
bfe15929
ce061101
ca26cc22
c64ec84a
c9a1c452
84ae842a
f7938932
e7a10035
00052a03
e0ef8552
89aad1ff
47014781
864a4681
504885a6
cd9ff0ef
e50984aa
99325410
03242423
855285ce
d3ffe0ef
40f28526
44d24462
49b24942
61054a22
54a98082
54a9b7f5
7179b7e5
d422d606
d04ad226
cc52ce4e
c85aca56
c462c65e
8c63c266
84aa1206
8a328b2e
89ba8936
12070763
0035f793
12079563
0036fa93
120a9363
4783c609
906302c5
ac831207
85660004
c91fe0ef
ac038baa
24030244
6785130c
f0078793
c7838c7d
c79302c4
a7030017
86ca0009
85da8652
f0ef8562
892ac33f
5490ed39
a4239a32
07930344
08635000
e8630af4
07930687
05632000
f0630af4
07930287
02633000
07930af4
1f634000
27b700f4
01630002
4af108fc
d875a801
10000793
00f41463
02000a93
0009a783
00faf463
0159a023
86234785
85de02f4
e0ef8566
854ac45f
542250b2
59025492
4a6249f2
4b424ad2
4c224bb2
61454c92
07938082
c7a98004
87936785
fa638007
67850087
90078793
faf41ae3
04000a93
0793b775
06e36000
0793f8f4
1fe37000
0a93f8f4
bf590200
04000a93
0a93bf41
b7690200
03000a93
0a93b751
bfbd0400
03000a93
5929bfa5
5929b779
5929b769
5929b759
5929b749
1141bfbd
85aac606
75374601
05130021
e0efa9c5
40b2c77f
80820141
c6061141
c2ffe0ef
014140b2
11018082
cc22ce06
c84aca26
c452c64e
0035f793
842eefb5
84b689b2
00052a03
e0ef8552
892ab2ff
e0ef4509
6509909f
30852023
12952823
051345c1
e0ef1205
842a97ff
02054463
08000793
00f50d63
08100793
00f50b63
a7836789
a0233047
440100f9
547da021
546da011
07136789
a8230ff0
85ca12e7
e0ef8552
8522b1df
446240f2
494244d2
4a2249b2
80826105
b7f55429
ce061101
ca26cc22
c64ec84a
c256c452
0035f793
842eefbd
893689b2
2a8384ba
85560005
a99fe0ef
45098a2a
873fe0ef
20236509
22233085
24233135
28233125
45c11295
12050513
8e1fe0ef
4b63842a
07930005
0a630800
079302f5
18630810
546d02f5
07136789
a8230ff0
85d212e7
e0ef8556
8522a91f
446240f2
494244d2
4a2249b2
61054a92
547d8082
4401bfe1
5429bfd1
1141b7cd
85aac606
e0ef4508
45019a9f
014140b2
11418082
4691c606
ebfff0ef
014140b2
11418082
4715c606
f41ff0ef
014140b2
11018082
cc22ce06
c84aca26
84ae892a
00708432
f0ef4581
ed09fcdf
c4094632
00167793
00f40023
6613cc81
47b20016
00c79a63
446240f2
494244d2
80826105
b7f59a79
458156fd
f0ef854a
b7ddfa9f
c6061141
45814601
00217537
aa850513
aa5fe0ef
014140b2
11418082
e0efc606
40b2a5df
80820141
a5036791
75131207
15410ff5
00153513
11418082
85aac606
e0ef4508
45018edf
014140b2
67918082
1207a783
0ff7f793
0f000713
00e78e63
0f300713
00e78863
cb894781
d6067179
a0254701
bfd54785
bfc54785
8082556d
87936785
97ba0a47
4394078a
00271793
97b21010
fed7a023
479d0705
fee7f2e3
858a5550
00ef5508
450170f0
614550b2
11418082
6511c606
0ff00793
12f52823
3e800613
05134581
e0ef1205
40b2fbaf
80820141
c6061141
842ac422
07136761
46956a07
00215637
56c60613
0ff00593
05136511
e0ef1205
4763f30f
07930205
05630f00
079302f5
03630f30
478502f5
00f50363
c7a54781
a8236791
a4371287
04130007
a8111204
b7f54781
b7e54785
b7d54785
2b1010ef
4e63147d
67910004
1207a783
0ff7f793
96634741
10ef00e7
d17d3610
6791b7c5
1207a503
0ff57513
006347c1
079302f5
0e630f00
079300f5
0c630f30
40b200f5
01414422
556d8082
5541bfdd
4501bfcd
4501b7fd
1141b7ed
f0efc606
40b2f43f
80820141
c6061141
842ac422
ef91515c
f0ef4515
2223fe5f
24230204
26230204
40b20204
01414422
45118082
dc2fe0ef
1141b7c5
c422c606
84aac226
450d842e
fb7ff0ef
d0c0cc31
07136761
46956a07
00215637
56c60613
0ff00593
05136511
e0ef1205
4763e2cf
07930205
05630f00
079302f5
03630f30
478502f5
00f50363
c38d4781
e97ff0ef
40b24501
44924422
80820141
b7f54781
b7e54785
b7d54785
b7e54501
b7d5556d
c6061141
450885aa
ee6fe0ef
40b24501
80820141
80824501
05a00793
02f50663
07b70542
8d7d00ff
40c007b3
674107a2
8ff9177d
05b38d5d
f59340b0
8d4d0ff5
a6236785
808250a7
bfd94501
c6061141
fc9ff0ef
100177f3
10500073
1141bff5
67adc606
1207a783
672dcfa5
12f72023
12f72423
02000713
02f76363
6d63c7b1
078a00f7
00215737
5b070713
439c97ba
05138782
a8290700
05a00513
0713a811
89630400
071302e7
98630800
452102e7
55815671
f99ff0ef
05200513
4509bfd5
0513bfc5
b7ed0740
05a00513
0513b7d5
bff90400
05000513
0513bfe1
bfc905a0
67adcd11
12a7a423
34102773
12e7a623
55ed5671
05a00513
f55ff0ef
55ed5649
05a00513
f49ff0ef
80824541
95334785
157d00a7
07b78082
8d7d0007
000407b7
04f50663
02a7e463
000207b7
04f50263
00a7f863
000307b7
04f51263
80824535
67c1c915
02f51a63
8082453d
000607b7
02f50863
000707b7
00f51463
80824511
000507b7
02f51063
80824521
80824531
80824539
80824541
8082557d
8082557d
80824519
8082557d
80824501
c6061141
450885aa
d5afe0ef
56634781
450100f0
014140b2
07138082
86b302c0
773702e7
07130021
97367a07
002156b7
66068693
0785d354
1141bfd9
85aac606
e0ef4508
4501d20f
014140b2
f7938082
e39d3005
002177b7
9d47a783
00b7f733
00b71e63
fff5c713
77378ff9
2a230021
d14c9cf7
80824501
80825529
80825541
35135548
80820015
c399591c
c3985558
02052623
80824501
c6061141
7473c422
88091001
002177b7
b9878793
8d394398
8d398d6d
77b7c388
a5830021
e0efb947
2473f3ff
45011004
442240b2
80820141
c6061141
c226c422
74f3842a
88891001
4501514c
fb5ff0ef
1004a4f3
77b75054
87930021
43989d47
c3988f55
02042623
02042423
02042223
02042823
442240b2
01414492
11418082
c422c606
842ac226
77b74504
aa230021
4781b807
4685a821
00f69633
00217737
b9470713
8ed14314
0785c314
6763477d
871302f7
4685ff87
fee6f9e3
02078693
00214737
0713068e
97367e07
b7374354
07130020
9ae31507
bf75fce6
002177b7
b947a583
002177b7
9cb7aa23
e0ef4501
85a2e77f
e0ef8526
4501bd4f
442240b2
01414492
11418082
c422c606
842ac226
50634481
44130290
77b7fff4
87930021
4388b987
c3808c69
442240b2
01414492
07938082
87330340
77b702f4
87930021
97ba7f07
8fe1579c
0713cf85
86b30340
773702e4
07130021
97367f07
8fd55754
e38dd75c
fff44713
03400793
02f486b3
002177b7
7f078793
579497b6
d7988f75
bf410485
00870513
75c010ef
7793bfe1
e7990035
99f1058d
95aa15f1
0005a023
11418082
c422c606
c04ac226
892e84aa
85b28432
fdbff0ef
85ca8622
00ef8526
40b21930
44924422
01414902
11018082
cc22ce06
c84aca26
892ac64e
84b2842e
67b3e685
8fc50089
0037f713
9426e315
1471cca9
00490993
60ef4008
2023faaf
14f100a9
b7ed894e
f0ef85b2
bfd1f85f
e3858b85
c8959426
57831479
07a20004
00045703
8fd98321
00f91023
090914f9
9426b7dd
fff48793
147dc889
00044703
00e90023
84be0905
40f2b7f5
44d24462
49b24942
80826105
000307b7
00100737
20e7a023
2007a023
11418082
002157b7
cf878793
479843d4
c23647dc
c63ec43a
000307b7
11111737
11170713
24e7a823
aa234712
472224e7
24e7ac23
ae234732
470524e7
20e7ae23
01414501
77b78082
a5030021
7513b9c7
35130555
80820015
80824501
c6061141
45816609
00200537
00050513
0c7000ef
014140b2
11418082
85aac606
e0ef4508
77b79e4f
ae230021
4501b807
014140b2
11418082
07b7c606
a6030003
ac232187
773720c7
07130021
4314b9c7
c3148ed1
1107a703
10e7a823
00217537
f3850513
10ef0521
40b25ba0
80820141
20700793
0aa7e663
20200793
04f57363
f7634795
079302a7
e7631070
079318a7
65631020
051308f5
4795efe5
04a7ec63
67b7050a
87930021
953e3007
8782411c
8082e521
00215537
77050513
45018082
05138082
4795dfe5
00a7ef63
67b7050a
87930021
953e3187
8782411c
00216537
bf850513
45018082
65378082
05130021
80828305
80824501
ef634795
050a00a7
002167b7
33078793
411c953e
55378782
05130021
80826b05
80824501
80824501
30000793
0ef50c63
0ef56f63
800007b7
ec6307cd
07b70ea7
079d8000
02f56263
800007b7
ff97c793
47b1953e
f6a7e9e3
67b7050a
87930021
953e3487
8782411c
80824501
00215537
73050513
55378082
05130021
80827b05
00215537
7f050513
65378082
05130021
80828b05
00216537
8f050513
65378082
05130021
80829305
00216537
97050513
65378082
05130021
8082db05
00216537
eb050513
65378082
05130021
8082fe05
00216537
14050513
65378082
05130021
8082b385
00216537
bb850513
65378082
05130021
8082a505
00216537
b7850513
65378082
05130021
8082cc85
00216537
87050513
55378082
05130021
80826f05
80824501
00216537
9b050513
45018082
45018082
57b78082
87930021
05637f07
414800f5
8082050a
04200513
07b78082
a5030003
57932207
8bbd0085
82634711
472102e7
00e78f63
000307b7
2207a703
1207a783
0ff7f793
84634685
450104d7
11418082
f0efc606
07b7d17f
a7030003
a7832207
f7931207
46850ff7
00d78663
40b24501
80820141
00875793
e7918bbd
8b3d8311
4505e709
4501b7ed
4501b7dd
5793b7cd
8bbd0087
8311e791
e7098b3d
80824505
80824501
80824501
c6061141
a50fe0ef
014140b2
d50c8082
2823d550
77b70005
87930021
4398b9c7
faa77713
07b7c398
a4230003
450128b7
41dc8082
67410785
8ff91779
02a78533
7ff00793
00a7e963
07b7050a
87930020
953e0007
45018082
11418082
c422c606
c04ac226
842e84aa
ef3ff0ef
1793892a
97a20014
00379713
002167b7
38878793
438897ba
1e6357fd
179308f5
97a20014
00379713
002167b7
38878793
43c897ba
186357fd
179308f5
97a20014
00379713
002167b7
38878793
478897ba
126357fd
179308f5
97a20014
00379713
002167b7
38878793
47c897ba
1c6357fd
179306f5
97a20014
00379713
002167b7
38878793
4b8897ba
166357fd
159306f5
942e0014
00341593
00216437
38840413
4848942e
106357fd
40b206f5
44924422
01414902
85a68082
f0fff0ef
548c864a
adfff0ef
85a6bfa9
effff0ef
54cc864a
acfff0ef
85a6b79d
eefff0ef
588c864a
abfff0ef
85a6bf8d
edfff0ef
508c864a
aafff0ef
85a6bfbd
ecfff0ef
4ccc864a
a9fff0ef
85a6b769
ebfff0ef
50cc864a
a8fff0ef
7179bf59
d422d606
d04ad226
cc52ce4e
c85aca56
892ac65e
000307b7
2207a503
00855793
47118bbd
02e78263
8f634721
4b8100e7
03090b13
03092503
f0efcd01
8aaad9df
03490413
a0254481
af5ff0ef
b7cd5ba9
b7fd4a81
03092583
f0ef4408
85aae55f
86524681
f0ef854e
0485a4df
8a630441
478d020a
0297e763
00042983
fe0987e3
00442a03
000a1363
445c8a56
2583f7e1
44080309
e1bff0ef
865285aa
2e59854e
0613b7e9
45810440
2ed1855a
48014781
02f92423
03092623
50b2855e
54925422
49f25902
4ad24a62
4bb24b42
80826145
c6061141
f2bff0ef
014140b2
76138082
c1100ff6
47854998
00f70a63
078541dc
07a28385
c1108e5d
80824505
08066613
49d8c110
00f70463
8082557d
07a24d9c
67a18e5d
c1108e5d
80824501
de067139
da26dc22
d64ed84a
d256d452
ce5ed05a
84ae842a
8ab689b2
2b038a3a
855a0005
ce5fd0ef
f0ef892a
c171ca9f
f0ef8526
8baac89f
002167b7
b3878793
0af48063
002167b7
bb878793
08f48a63
450d85a6
d3fff0ef
865e4685
f0ef85ce
4605939f
006885a6
f5bff0ef
046357fd
478508f5
00f51e63
0204a983
06098f63
453585a6
d0fff0ef
85ce865e
8dfff0ef
04400613
05134581
24e10304
2a23d804
478d0354
2223dc5c
47910544
45b2c47c
85224601
cbbff0ef
85ca84aa
d0ef855a
85a6c91f
f0ef8522
50f2c9bf
54d25462
59b25942
5a925a22
4bf25b02
80826121
450d85a6
cafff0ef
85ce865e
87fff0ef
54edbf8d
44d9b7d9
44d9b7c9
4501bf7d
736341dc
179302f5
88330025
280300f6
08b30008
a88300f6
97ba0008
01184833
0107a023
bfe90505
80824501
12058d63
de067139
da26dc22
d64ed84a
d256d452
ce5ed05a
ca66cc62
84aac86a
8cb2842e
8b3a8bb6
8ac2893e
2c038d46
85620005
ba9fd0ef
f0ef8a2a
e905b6df
85d2546d
d0ef8562
85a2bddf
f0ef8526
50f2be7f
54d25462
59b25942
5a925a22
4bf25b02
4cd24c62
61214d42
85228082
b1fff0ef
85a289aa
f0ef4501
4685bedf
85e6864e
fe6ff0ef
450585a2
bdbff0ef
864e4685
f0ef85de
0663fd4f
f5630009
894e0129
894ea011
450985a2
bbbff0ef
4581864e
85a22249
f0ef4509
4685badf
85da864a
fa6ff0ef
450d85a2
b9bff0ef
864e4685
f0ef85d6
85a2f94f
f0ef4511
4685b89f
85ea864e
f82ff0ef
e399485c
cf8d481c
85a24601
f0ef0068
57fdd9df
02f50b63
04400613
85134581
22250304
4786d880
4789d8dc
4785dcdc
45b2c0bc
85264601
b1fff0ef
bf21842a
85224585
b5fff0ef
5429b7c1
5529b729
11418082
85aac606
75374601
05130021
d0efacc5
40b2b9ff
80820141
c6061141
b57fd0ef
014140b2
c5158082
c6061141
842ac422
5558551c
e7918fd9
40b24501
01414422
d0ef8082
4781c91f
d41c4801
03042623
5529b7ed
11418082
0713c606
c9580145
c0efcd18
40b2edbf
80820141
c6061141
7437c422
04130021
77b7b204
87930021
7763b207
852200f4
fcfff0ef
b7f50471
40b24501
01414422
11418082
2229c606
c11c47b1
40b24501
80820141
00b547b3
c3998b8d
a83587aa
f71387aa
cf190037
c703ca15
80230005
167d00e7
07850585
4198b7ed
1671c398
07910591
6ae3470d
a801fec7
0005c703
00e78023
0585167d
fa6d0785
f6938082
87aa0ff5
0037f713
ca15c719
00d78023
0785167d
f593bfc5
97130ff5
8f4d0085
01071593
470d8dd9
00c77a63
1671c38c
bfd50791
00d78023
0785167d
8082fe65
8082557d
002177b7
9ca7ac23
488d8082
00000073
48958082
00000073
11418082
c422c606
84aac226
00251713
002167b7
41478793
438097ba
2223a021
04310004
00148793
00279713
002167b7
41478793
439c97ba
00f47963
d3e5401c
852243dc
dd719782
40b2bfd9
44924422
80820141
002187b7
90478793
05134788
80820645
ce061101
842acc22
002167b7
42878793
4785c23e
48bdc03e
47814801
f6b74701
86930020
06137a86
00ef2000
478355d0
9bed00d4
00f406a3
446240f2
80826105
ce061101
ca26cc22
06234485
06a30095
00ef0095
87b72b10
85370021
04130021
87938945
d3809047
002167b7
43078793
c026c23e
480148b9
47014781
0020e6b7
62c68693
85b76621
85930021
05139f05
00ef8945
47834f50
f79300d4
06a30fb7
8bed00f4
87b7eb99
87930021
4f9c8947
4781c399
4785a021
4781a011
8537ef9d
04930021
05b78245
85930022
05139f05
f0ef8245
8437f2ff
04130021
c4449044
6b3000ef
002187b7
91c78793
cc5ccc1c
446240f2
610544d2
85378082
05130021
2b098945
1141bf6d
7573c606
89091001
ba9f50ef
c6061141
00217537
b6050613
002187b7
9f078793
40c78633
05134581
f0efb605
40b2e0df
80820141
c6061141
f0ef4509
6537e5df
05130021
d0ef4385
450d966f
e4bff0ef
4af000ef
fd6fc0ef
002187b7
89478793
00c7c703
86239b79
678500e7
50c7a583
0ff5f513
0533cd11
81a140a0
0ff5f593
05b34601
f0ef40b0
40b2e09f
80820141
b7e55549
de867119
8437dca2
04130021
07b79044
87930022
c05c3f07
ffff6297
96828293
10529073
07000613
850a4581
d77ff0ef
06a34785
242300f1
45010024
dc7ff0ef
f0ef4505
850adc1f
e5dff0ef
f1fff0ef
00b55363
c46385aa
852e0005
45018082
45088082
00e50783
00b79363
11418082
00efc606
40b27860
80820141
00052423
00052623
c148c108
11418082
c422c606
c04ac226
87b7842a
87930021
47989047
00f74783
07a317fd
455c00f7
efbdeb9d
00218737
90470713
07034718
c81800e7
c45c0785
002187b7
90478793
c41c479c
44812685
40b28526
44924422
01414902
84ae8082
87374514
07130021
47189047
fae68fe3
8583cd95
050300e6
f0ef00e7
7973f53f
79131001
441c0029
00e78783
02f54363
862286a6
853785ca
05130021
257d9045
ed0984aa
b76d2621
bf414818
54c12601
85aab745
f0ef8522
bfd9f29f
0463401c
480c02f4
8503c791
f0ef00e7
85aaf03f
100174f3
85228889
f07ff0ef
1004a4f3
54d524f1
480cb7b5
1141b7e5
c422c606
c04ac226
87b7842a
87930021
47989047
00f74783
07a317fd
455c00f7
8b634705
17fd00e7
2c59c55c
442240b2
49024492
80820141
10017973
00297913
f0ef490c
8522eb1f
84aa2f2d
c905c408
00d54783
e7998bfd
c3994d1c
a0214781
a0114785
eb894781
10092973
0604a623
00e48783
bf55c81c
24798526
2623b7f5
29730004
b7551009
80824508
c6061141
a6cfd0ef
77b7872a
a5030021
972aba47
002187b7
90478793
4581cb98
4e5000ef
014140b2
07038082
878300e5
446300e5
450100f7
45058082
11418082
c422c606
c04ac226
84ae892a
74734781
88091001
87b7ef85
87930021
a8239047
07930007
47290099
02e7c7b3
00217737
baf72223
002177b7
ba97a023
f85ff0ef
00247793
1007a7f3
b7e94785
442240b2
49024492
80820141
c6061141
c226c422
4781842a
100174f3
e38d8889
f0ef8522
85a2f4ff
47832859
9bf500d4
00f406a3
0024f793
1007a7f3
b7c54785
00042423
442240b2
01414492
87b78082
a7830021
c7919047
0025f513
10052573
11418082
852ec606
82df50ef
014140b2
87b78082
a7830021
c7899047
25738909
80821005
c6061141
80df50ef
014140b2
47818082
100176f3
e38d8a89
002187b7
90478793
47834798
17fd00f7
00f707a3
0026f793
1007a7f3
b7c54785
41d88082
c31c419c
c3d841d8
0005a023
0005a223
11418082
c422c606
842ac226
74f34781
88891001
8522e395
e89ff0ef
f0ef85a2
4783fd1f
9bf500d4
00f406a3
0024f793
1007a7f3
bff94785
00042423
01840513
305000ef
442240b2
01414492
87aa8082
83634108
808200a7
bff54501
c6061141
c226c422
853784aa
05130021
05139045
f0ef0245
842afddf
ec85c51d
002187b7
90478793
47834798
8bfd00d7
5683e39d
079300e7
fe6307f0
87b700d7
87930021
d3989047
87b7a02d
87930021
47c09047
87b7b7e9
87930021
479c9047
00878463
de5ff0ef
002187b7
90478793
40b2d380
44924422
80820141
c6061141
4781c422
10017473
e7858809
002187b7
90478793
47834798
078500f7
00f707a3
f0ef4505
7793f5ff
a7f30024
47851007
7573bfe9
89091001
e8fff0ef
442240b2
80820141
c6061141
c226c422
84aac04a
79734781
79131001
a0990029
c0dc405c
405cc080
c044c384
4401a831
87b7a0a1
87930021
87139047
c0980247
c0d85798
d784c304
00d4c783
0407e793
00f486a3
f0ef4501
7793eeff
a7f30029
47851007
87b7eb9d
87930021
53c09047
02478793
faf40de3
85a2dc4d
f0ef8526
fd59d39f
87b7d45d
87930021
579c9047
faf401e3
f06d4000
40b2bf69
44924422
01414902
11418082
c422c606
c04ac226
0493842a
2783fe85
cb95ff05
79734781
79131001
a00d0029
f0ef8526
85a6cbff
e07ff0ef
ff544783
0aa39bf5
7793fef4
a7f30029
47851007
2823d3e5
4783fe04
f793ff54
0aa30eb7
8badfef4
401ce799
4781c399
4785a021
4781a011
40b2e799
44924422
01414902
85268082
eedff0ef
1101b7fd
cc22ce06
c84aca26
84aac64e
79734781
79131001
a8910029
c0dc405c
405cc080
c044c384
4401a831
87b7a8b9
87930021
87139047
c0980247
c0d85798
d784c304
00d4c783
0407e793
00f486a3
002187b7
90478793
8d054788
00153513
dc5ff0ef
00297793
1007a7f3
ef9d4785
00218437
90440413
02440993
854e85a6
d37ff0ef
02e35040
d055fb34
852685a2
c07ff0ef
dc41f541
002187b7
90478793
06e3579c
4000f8f4
b751f06d
446240f2
494244d2
610549b2
77b78082
a7830021
cf85ba47
002187b7
90478793
d683479c
071300e7
626307f0
868302d7
773700e7
27030021
ca63ba07
773700e6
27030021
8463a087
4f9800e7
87b7cb01
87930021
a8239047
80820007
00218737
90470713
5a634b18
053300e5
87b740a7
87930021
cb889047
11418082
853ec606
ed7ff0ef
b3dff0ef
014140b2
11418082
c422c606
842ac226
74f34781
88891001
85a2a83d
00218537
90450513
02450513
c5bff0ef
00d44783
fbf7f793
00f406a3
002187b7
90478793
8d014788
00153513
ca9ff0ef
0024f793
1007a7f3
e7994785
00d44783
0407f793
bf65dfe1
442240b2
01414492
11018082
cc22ce06
c84aca26
84aac64e
89b2892e
f87ff0ef
00d4c783
0027e793
00f486a3
02090d63
0124a423
00092403
04890863
85a2cc09
f0ef8526
e915abdf
2703c419
04630049
400000e4
a023f465
27830124
c0dc0049
2223c384
57fd0099
02f99263
446240f2
494244d2
610549b2
405c8082
c080c0dc
c384405c
b7c5c044
bf4d4401
00998613
463349a9
06050336
0020f5b7
ba258593
01848513
b7d92d25
c6061141
842ec422
863685b2
002187b7
90478793
f0ef4788
8522f4df
b30f50ef
442240b2
80820141
ce061101
ca26cc22
c64ec84a
c256c452
8a2e892a
79f34781
f9931001
44010029
4405a821
4401a011
0723e015
f7930149
a7f30029
47851007
4783ebc9
8bfd00d9
2783f3fd
dff10189
bff94401
002184b7
90448493
02448a93
855685ca
af3ff0ef
01490723
806350c4
c0850754
854a85a6
9bfff0ef
c891ed15
002187b7
90478793
8463579c
408400f4
87b7f0ed
87930021
87139047
20230247
579800e9
00e92223
01272023
0327a423
f0ef4505
b741b13f
222340dc
202300f9
40dc0099
0127a023
0124a223
4481b7d5
c809b74d
002187b7
90478793
c783479c
cb9100f7
446240f2
494244d2
4a2249b2
61054a92
75738082
89091001
a0fff0ef
1141b7d5
c422c606
c04ac226
4781892a
100174f3
44018889
854aeb99
a9bff0ef
f793842a
a7f30024
47851007
c80db7f5
74f34781
88891001
8522e395
8cdff0ef
f0ef85a2
4783a15f
9bf500d4
00f406a3
0024f793
1007a7f3
bff94785
00042423
0513c401
23990184
40b28522
44924422
01414902
11418082
87b7c606
87930021
87139047
d3d80247
4581d798
f0ef4501
40b28bdf
80820141
ce061101
ca26cc22
c64ec84a
002187b7
90478793
77b74798
a7830021
0463a087
478108f7
10017973
00297913
405ca82d
c080c0dc
c384405c
a831c044
a0994401
002187b7
90478793
02478713
5798c098
c304c0d8
4505d784
9d5ff0ef
00297793
1007a7f3
e3a14785
00218437
90440413
02440993
854e440c
947ff0ef
50404404
fb340ee3
85a2dc55
f0ef8526
f145815f
87b7d845
87930021
579c9047
faf402e3
f06d4000
7573bf71
89091001
8e8f50ef
446240f2
494244d2
610549b2
87b78082
87930021
47889047
87b78082
a7830021
ef919047
002187b7
90478793
d703479c
079300e7
e66307f0
450500e7
45018082
45018082
11418082
c422c606
84aac226
e6bff0ef
842ac90d
00d54783
e7998bfd
c3994d1c
a0214781
a0114785
eb814781
06042623
442240b2
01414492
85228082
9c1ff0ef
449cb7f5
8a6344d8
470500e7
c49c97ba
85134589
2bfd0104
4701bfe1
c50cbfc5
c108c550
0793c148
c91c0105
8082c95c
c6061141
7473c422
88091001
f87ff0ef
853785a2
05130021
f0ef9305
40b2fd0f
01414422
77f38082
8b891001
c7194518
c518177d
1007a7f3
80824501
1141cd99
86aec606
85be862a
00218537
93050513
c95ff0ef
014140b2
a7f38082
55411007
87b78082
a5030021
35339047
808200a0
002187b7
90478793
c503479c
890500c7
11418082
c422c606
10017473
47838809
f71300d5
cb190047
0fb7f793
00f506a3
eb918bed
c7914d1c
a0394781
10042473
4785a821
4781a011
85a2ef81
00218537
93050513
f26ff0ef
442240b2
80820141
8bdff0ef
1141b7dd
e591c606
fa7ff0ef
014140b2
05a58082
c6334629
060502c5
0020f5b7
ba258593
2c390561
1101b7d5
cc22ce06
5302842a
b0efc01a
87b7f21f
87930021
479c9047
d43c57bc
446240f2
80826105
c6061141
842ac422
c391513c
47839782
f71300d4
e71901f7
c3194c18
a0214701
a0114705
e3154701
e7858b89
c7814c1c
01840513
47832ca1
e79300d4
06a30087
40b200f4
01414422
85228082
a6fff0ef
8522b7dd
e30ff0ef
1101bfd1
cc22ce06
00217437
b2040413
002177b7
b2078793
02f47763
c23e545c
c03e501c
01c42883
01842803
4818485c
44104454
4008404c
f4bff0ef
cfe0401c
03040413
f0efb7f1
7437e6cf
04130021
a031b204
f0ef4008
0413f05f
77b70304
87930021
7763b207
504c00f4
86e357fd
b7cdfef5
f54ff0ef
446240f2
80826105
00d50623
00c506a3
00b50723
000507a3
00052c23
00052e23
11418082
c422c606
10017473
f0ef8809
85a2f03f
f0ef850a
40b2dc0f
01414422
77b78082
87930021
43889dc7
00f50363
45018082
c919bff5
00217737
9dc70713
04634358
410800e5
45018082
11418082
c422c606
f0ef842a
c509fe1f
451c4418
c51c97ba
401c4058
4058c31c
2023c3d8
22230004
40b20004
01414422
77b78082
a7830021
c399ba87
80824501
c6061141
edcfc0ef
014140b2
11418082
c422c606
77b7c226
c7830021
cf85bac7
f0ef54fd
842af75f
4504c901
fc7ff0ef
d7638c89
44810204
002187b7
90478793
c7814b9c
0097d363
852684be
442240b2
01414492
04b78082
c4938000
b7d1fff4
f0ef4404
8c89f91f
77b7bfc1
87930021
c39c9dc7
8082c3dc
c6061141
c226c422
842ac04a
84b2c54c
00c05863
79734781
79131001
a0350029
bfcd4485
40f707b3
415cc51c
c008c05c
c380415c
c91dc140
ee7ff0ef
04a40263
00297793
1007a7f3
e3a94785
f2fff0ef
c4089526
ecbff0ef
4518dd79
c3e3441c
8f99fce7
f0efc41c
b7fdecdf
002177b7
9dc78793
43d8c01c
c300c058
bf6dc3c0
f17ff0ef
c0ef4581
bf5dd24f
442240b2
49024492
80820141
c6061141
c226c422
4781842a
100174f3
55298889
8522a811
e9bff0ef
f7934501
a7f30024
47851007
401ce781
bfc5f7ed
442240b2
01414492
11418082
c422c606
74734781
88091001
eb89557d
eb3ff0ef
00247793
1007a7f3
bfc54785
442240b2
80820141
c6061141
c226c422
84aac04a
4781892e
10017473
a8198809
c7814785
c3634785
779302a7
a7f30024
47851007
f0efe38d
57fde6df
fef502e3
00a4d463
bff14785
bfe14781
852685ca
c66fc0ef
40b2bfd9
44924422
01414902
11418082
c422c606
842ac226
ee6ff0ef
100174f3
77b78889
a4230021
f0efba87
842adadf
4510cd21
002177b7
ba87a683
04c6c663
002177b7
b8078793
41f65813
43cc4398
00c70533
00e53733
972e95c2
c3d8c388
77b78e91
a4230021
2423bad7
85220004
d93ff0ef
a4f38889
445c1004
97828522
100174f3
b7558889
441cc801
00217737
ba872703
c41c8f99
002177b7
b8078793
00217637
ba860613
d5134214
439841f6
96ba43cc
00e6b733
972e95aa
c3d8c394
00062023
d8bff0ef
c0ef4581
8889b98f
1004a4f3
442240b2
01414492
11418082
c422c606
c04ac226
84ae842a
c3a5451c
0007a903
00078223
00d94783
cba18b89
02092703
0d6357f9
854a06f7
b02ff0ef
8e6347a1
478100f4
06f92623
00d94783
eb918bfd
01892703
4701c709
57f1a031
4705b7e5
4701a011
eb81cb19
01892783
4781c399
4785a021
4781a011
2423e795
44580004
00c75793
8fc58bfd
07b28bfd
16fd7685
8fd98f75
4501c45c
442240b2
49024492
80820141
f0ef854a
bfc1bb2f
b7ed5555
410887aa
02a78363
411c4158
4158c31c
2023c3d8
22230005
c9010005
c6061141
f3bff0ef
014140b2
80828082
c6061141
dd7ff0ef
c3634789
450500a7
f0ef4585
c0efdf3f
40b285cf
80820141
c6061141
100177f3
fd9ff0ef
07b7bfe5
95be4000
8082c194
400007b7
418895be
11418082
c226c422
c04ac606
8732842e
ee0984b6
400005b7
00b47a63
c004942e
442240b2
49024492
80820141
800007b7
00f40633
008636b3
fff70593
f2ed96ae
ffe7c793
fcc7eee3
10000937
fff90793
458586a2
20000637
699040ef
7433197d
05b70124
bf5d6000
c4221141
c226c606
8732842e
06b7ee01
f9634000
943600d5
40b24008
44924422
80820141
800007b7
00f40633
008636b3
fff70593
e68596ae
ffe7c793
02c7e163
100004b7
879386a2
0637fff4
45852000
639040ef
8c6514fd
600006b7
4501bf6d
1101bf6d
ca26cc22
c64ec84a
c256c452
ce06c05a
842e8a2a
8ab684b2
59938b3e
49010027
01299c63
446240f2
494244d2
4a2249b2
4b024a92
80826105
00291793
439497d6
85a2875a
85528626
eefff0ef
00440793
0087b733
843e0905
b7d994ba
cc221101
c84aca26
c452c64e
c05ac256
8a2ace06
84b2842e
8b3e8ab6
00275993
9c634901
40f20129
44d24462
49b24942
4a924a22
61054b02
85a28082
86da8626
f0ef8552
1793efff
97d60029
0793c388
b7330044
09050087
94ba843e
6785b7d9
4087a503
40c7a583
80828082
ff958793
e6634691
478500f6
4501c11c
87938082
4719ff45
00f76463
b7fd4789
fed58793
6463462d
478d00f6
8793b7c5
464dfe15
00f66463
bfd1c114
fcd58793
e46346f5
479500f6
8793b7d1
0693faf5
e4630310
c11800f6
8593bf5d
0793f7d5
e4630450
479d00b7
67b9b755
ead78793
5575c11c
11418082
892ec04a
100065b7
05c1c422
46018432
c606c226
f0ef84aa
47c9dd7f
0287eb63
86aa478d
e6635575
47090927
06e90863
08f90e63
0b634785
47b104f9
04f40463
0087eb63
01634791
47a104f4
09634505
557500f4
47c5a8b9
1c635575
451104f4
8ec99ae1
100065b7
460105c1
f0ef8526
65b7d75f
05c11000
85264601
d71ff0ef
a8054501
bfe94509
bfd94501
5575c401
03241163
04129abd
b7e98ec1
006347a5
47b502f4
00f40e63
55754795
09634901
40b200f4
44924422
01414902
49058082
f9f6f693
66b30916
bf6900d9
47bd1479
e0e35575
757dfe87
0ff50513
04228ee9
0713bf65
6c630460
110106b7
ca26cc22
c84ace06
84aa4705
55758432
04c74b63
0055d793
f9134709
458101f5
00f76a63
00279713
002167b7
4c078793
438c97ba
85264601
f0efc62e
477dcc7f
07b745b2
05638000
478500e9
012797b3
fff7c693
c0118ee9
8526843e
46018ec1
c97ff0ef
40f24501
44d24462
61054942
55758082
07938082
eb630450
110106b7
ca26cc22
c84ace06
84aa4785
55758432
04c7ca63
0055d713
f9134789
458101f5
00e7e963
002167b7
8793070a
97ba4cc7
4601438c
c62e8526
c49ff0ef
45b2477d
800007b7
00e90563
97b34785
c6930127
8ee9fff7
843ec011
8ec18526
f0ef4601
4501c19f
446240f2
494244d2
80826105
80825575
f06f4605
4601f01f
efbff06f
f06f4605
4601f75f
f6fff06f
e063478d
110108b7
c84acc22
ca26ce06
892a473d
55758432
04c76263
6f6384b6
470502d7
04e58263
83634709
966304e5
65b704f5
85931000
46010485
c62e854a
f0ef043a
8c29bb3f
04ba45b2
46b38c65
460100a4
f0ef854a
4501b95f
446240f2
494244d2
80826105
100065b7
b7f105b1
100065b7
04058593
65b7b7c9
05911000
5575bf6d
478d8082
0ec7e863
ca261101
ce06c64e
c84acc22
84aac452
557589b6
04d7eb63
842e4705
0e638a32
470904e6
10006937
04e60d63
04f61e63
04890913
460185ca
f0ef8526
1063b2ff
9563060a
76f10409
8ee916fd
6591043a
8ec18c6d
460185ca
f0ef8526
85cab05f
85264601
b05ff0ef
40f24501
44d24462
49b24942
61054a22
69378082
09311000
0913bf55
b77d0409
b76d0911
9f634785
76e100f9
8ee916fd
65a1043e
4785bf55
00fa1f63
fa0981e3
ff4985e3
91634789
76c102f9
8ee916fd
65c10442
4709bf51
00ea1f63
f80981e3
fcf985e3
ff4983e3
16fd7681
04468ee9
000205b7
84e3bf95
88e3f609
95e3faf9
b7e1fee9
80825575
e56347b9
110106b7
c64ecc22
ca26ce06
4985c84a
57f58432
04c9e263
01f5f913
100065b7
03458593
84aa4601
a4dff0ef
07b7477d
04638000
97b300e9
c6930129
8ee9fff7
4781e011
100065b7
85938edd
46010345
f0ef8526
4781a19f
446240f2
494244d2
853e49b2
80826105
853e57f5
46058082
f8dff06f
f06f4601
47b9f87f
06b7e563
cc221101
ce06c64e
c84aca26
84324985
e26357f5
f91304c9
65b701f5
85931000
46010305
f0ef84aa
477d9cff
800007b7
00e90463
012997b3
fff7c693
e0118ee9
65b74781
8edd1000
03058593
85264601
99bff0ef
40f24781
44d24462
49b24942
6105853e
57f58082
8082853e
f06f4605
4601f8df
f87ff06f
66b30642
65b700b6
11411000
04c58593
c6064601
95fff0ef
450140b2
80820141
e86347b9
715d02a7
002155b7
0613c4a2
842a03c0
e4458593
c6860048
d64fe0ef
040a009c
2503943e
40b6fc44
61614426
55758082
47ad8082
02a7e863
55b77139
dc220021
03000613
8593842a
850ae805
e0efde06
181cd2ef
943e040a
fd042503
546250f2
80826121
80825575
e46347b9
114102b7
842ec422
100065b7
03058593
c6064601
8d9ff0ef
553340b2
44220085
01418905
55758082
47b98082
e1638736
478502b7
00b796b3
16334789
e36300b6
863600b7
100065b7
03858593
04f0406f
80825575
e56347b9
114104b7
842ec422
100065b7
05858593
c6064601
84aac226
87dff0ef
041d4685
00869433
fff44693
65b78ee9
85261000
85938ec1
46010585
853ff0ef
442240b2
45014492
80820141
80825575
e56347b9
114104b7
842ec422
100065b7
05858593
c6064601
84aac226
82dff0ef
041d4585
00859433
fff44413
100065b7
00a476b3
05858593
46018526
803ff0ef
442240b2
45014492
80820141
80825575
873247b9
00b7ec63
96b34685
65b700b6
46011000
07458593
78e0406f
80825575
873247b9
00b7ec63
96b34685
65b700b6
86361000
07858593
76e0406f
80825575
100065b7
85931141
46010785
f0efc606
40b2faaf
45138145
89050015
40a00533
80820141
100065b7
85931141
46010785
f0efc606
40b2f86f
45138149
89050015
40a00533
80820141
100065b7
85931141
46010785
f0efc606
40b2f62f
4513814d
89050015
40a00533
80820141
dc52715d
8a3ed06a
c4a2c686
c0cac2a6
da56de4e
d65ed85a
d266d462
478dce6e
e8634d56
8aba1eb7
6463471d
07931ec7
8c3603f0
1cd7ef63
1ff00793
1d57eb63
e86347bd
89c21d47
1d07e563
e2638946
46c61d17
1ad7ef63
1ba76d63
ea634766
87931ae7
4709fff5
8b2e84aa
18f76763
00279713
002167b7
4d878793
ad8397ba
67b70007
87930021
97ba4e47
0007ab83
4c914401
865a86a2
85264585
f0ef0405
19e3b41f
85deff94
85264601
ea0ff0ef
86936c8d
8ec9800c
460185de
8526842a
e82ff0ef
002177b7
9f87a783
001c0593
d5b30068
f0ef02b7
57f5813f
12f50b63
460185ee
f0ef8526
7693e66f
ec33fc05
76e10186
03f68693
00dc7c33
006a9693
fff88ab7
e6b31afd
f6b30186
0a3e0156
00da66b3
ff880a37
fa331a7d
96930146
09b70139
e6b3f880
19fd0146
0136f6b3
6933095e
06b700d9
16fd8800
00d97933
47c646b2
74130d22
069681f4
0ff6f693
01a46433
96938c55
e6b301b7
85ee0126
85264601
ddeff0ef
81ec8693
85de8ec1
85264601
dceff0ef
869376f5
8ee17ff6
01e6e693
460185de
69378526
f0ef1000
0913db4f
498102c9
4a0d4409
85ca4a85
8526864e
da8ff0ef
068b0163
074b0163
055b0b63
89058141
4401d17d
47e64911
865a86a2
0087d5b3
fff5c593
85268985
f0ef0405
14e3a0df
4501ff24
442640b6
49064496
5a6259f2
5b425ad2
5c225bb2
5d025c92
61614df2
6bb78082
0b911000
10006db7
8145b571
8149b77d
814db76d
5575b75d
0793b7e1
eb630460
114104c7
c226c422
5693c606
47890056
7493842e
458101f6
00d7e963
00216737
0713068a
97364c07
4601430c
d04ff0ef
07b7477d
85638000
470500e4
009717b3
d7b38fe9
40b20097
4422c01c
45014492
80820141
80825575
ec6347b1
11410ab7
c606c422
47ad15fd
ea63842a
67b700b7
87930021
058a4607
419c95be
45c18782
8a5ff0ef
852245c9
89dff0ef
442240b2
01414501
45c58082
88dff0ef
b7e545cd
f0ef4581
45a1883f
4585bff9
879ff0ef
bfd145a5
f0ef4589
45a986ff
458db7e9
865ff0ef
b7c145ad
f0ef4591
45b185bf
4595bf5d
851ff0ef
b77545b5
f0ef4599
45b9847f
459db74d
83dff0ef
bf6145bd
f0ef45d1
45d9833f
45d5b779
829ff0ef
b75145dd
04000593
81dff0ef
04100593
5575bf9d
47b18082
0ab7ec63
c4221141
15fdc606
842a47ad
00b7ea63
002167b7
49078793
95be058a
8782419c
f0ef45c1
45c9fecf
f0ef8522
40b2fe4f
45014422
80820141
f0ef45c5
45cdfd4f
4581b7e5
fcaff0ef
bff945a1
f0ef4585
45a5fc0f
4589bfd1
fb6ff0ef
b7e945a9
f0ef458d
45adfacf
4591b7c1
fa2ff0ef
bf5d45b1
f0ef4595
45b5f98f
4599b775
f8eff0ef
b74d45b9
f0ef459d
45bdf84f
45d1bf61
f7aff0ef
b77945d9
f0ef45d5
45ddf70f
0593b751
f0ef0400
0593f64f
bf9d0410
80825575
e96347a1
114102c7
84aec226
100065b7
8593c422
84320705
c6064601
b40ff0ef
553340b2
44220085
c0888905
45014492
80820141
80825575
c2261141
c422c606
c18d84aa
02300593
f14ff0ef
0593842a
85260230
f02ff0ef
8d4140b2
44924422
80820141
02300593
ee8ff0ef
0593842a
85260230
eeeff0ef
1141b7c5
c606c226
84aac422
0593c18d
f0ef0240
842aed2f
02400593
f0ef8526
40b2ec0f
44228d41
01414492
05938082
f0ef0240
842aea6f
02400593
f0ef8526
b7c5eacf
e563478d
27b702b7
87930400
11418217
c42295be
8432058a
c6064601
a84ff0ef
40b2c008
45014422
80820141
80825575
cc221101
c84aca26
c452c64e
892ace06
440189ae
4a114481
00241613
964e85a2
f0ef854a
0405faff
17e38cc9
40f2ff44
49424462
4a2249b2
44d28526
80826105
d6067179
d226d422
ce4ed04a
c202c002
c602c402
eb6347b9
84aa06b7
892e89b2
9c9ff0ef
858a842a
f0ef8526
8c49f97f
852685ca
965ff0ef
858a8c49
f0ef8526
864ef83f
85ca8c49
f0ef8526
8c499eff
8526858a
f6dff0ef
85ca864e
85268c49
9f9ff0ef
85268c49
a35ff0ef
85268c49
a09ff0ef
85268c49
a49ff0ef
50b28d41
54925422
49f25902
80826145
bfc55575
d6067179
d226d422
84aad04a
ce4e892e
ca56cc52
8abe8a3a
c63689b2
803ff0ef
842a46b2
85ca4601
f0ef8526
8c498b5f
852685ca
f6cff0ef
88638c49
8652000a
852685ce
f2dff0ef
50b28c49
54228522
59025492
4a6249f2
61454ad2
478d8082
0ab7ee63
ca261101
ce06c84a
47bdcc22
84b2892a
e7635575
879304c7
4709fff5
65b78436
6a631000
673700f7
95930021
07930027
95be4d87
4601418c
c62e854a
900ff0ef
45b24789
816386aa
e16306f4
c89d0297
83634785
854a04f4
f0ef4601
45018d8f
446240f2
494244d2
80826105
94e3478d
07b7fef4
17fd8800
00f576b3
0537046e
a8017800
fff88537
8ee9157d
8537043e
8c690007
b7c18ec1
ff880537
8ee9157d
0537044e
b7f50078
f8800537
8ee9157d
0537045e
bff10780
80825575
c2261141
c422c606
c98d84aa
f0ef4589
842aef0f
85264589
e68ff0ef
100065b7
46818c49
02058593
85264601
84aff0ef
852240b2
44924422
80820141
100065b7
007f46b7
85934601
f0ef0205
458982cf
f0ef8526
842ae28f
85264589
e9cff0ef
b7f98c49
c2261141
c422c606
c18d84aa
03d00593
c0cff0ef
0593842a
852603d0
bfaff0ef
8d4140b2
44924422
80820141
03d00593
be0ff0ef
0593842a
852603d0
be6ff0ef
4705b7c5
986387aa
473d00e5
73634501
557500f7
45018082
470dfdf5
1101bfcd
100077b7
9a37c452
cc22efff
c84aca26
ce06c64e
8413892a
448104c7
fb4a0a13
0cc78993
014406b3
862685a2
e0ef854a
0593f85f
b6330804
96260085
854a4691
f73fe0ef
10040593
0085b633
46859626
e0ef854a
0593f61f
b6331804
96260085
854a468d
f4ffe0ef
00440793
0087b733
843e94ba
fb3798e3
40f2f4d5
44d24462
49b24942
45014a22
80826105
ca261101
c25684ae
8aaa85b2
cc228526
c64ec84a
ce06c452
84368a32
f0ef893a
47ddf39f
e36359f5
49810087
37f00793
013569b3
0527ed63
04099b63
020a1e63
040025b7
e6158593
00541693
f69395a6
79133e06
058a01f9
0126e6b3
85564601
ec7fe0ef
446240f2
494244d2
4a924a22
49b2854e
80826105
17634785
25b700fa
85930400
b7c9e655
45814681
59f5bfc1
4785bfd1
02b7ec63
100077b7
02078793
1101058a
460195be
cc22ce06
842ac62e
e81fe0ef
669345b2
46010025
e0ef8522
40f2e69f
45014462
80826105
80825575
ec634785
77b702b7
87931000
058a0207
95be1101
ce064601
c62ecc22
e0ef842a
45b2e43f
ffd57693
85224601
e2bfe0ef
446240f2
61054501
55758082
47858082
02b7ec63
100087b7
a7878793
1101058a
460195be
cc22ce06
842ac62e
e05fe0ef
669345b2
46010025
e0ef8522
40f2dedf
45014462
80826105
80825575
ec634785
87b702b7
87931000
058aa787
95be1101
ce064601
c62ecc22
e0ef842a
45b2dc7f
ffd57693
85224601
daffe0ef
446240f2
61054501
55758082
479d8082
02b7ec63
100077b7
02878793
1101058a
460195be
cc22ce06
842ac62e
d89fe0ef
669345b2
46010025
e0ef8522
40f2d71f
45014462
80826105
80825575
ec63479d
77b702b7
87931000
058a0287
95be1101
ce064601
c62ecc22
e0ef842a
45b2d4bf
ffd57693
85224601
d33fe0ef
446240f2
61054501
55758082
47858082
06d7eb63
d04a7179
10008937
0793cc52
9a13a809
d4220036
8436ce4e
86ae89b2
05b34601
d60600fa
84aad226
cf3fe0ef
a8490593
95d286ce
46018526
ce3fe0ef
100075b7
8593040a
95a20205
85264601
e0efc62e
45b2cd7f
00156693
85264601
cbffe0ef
542250b2
59025492
4a6249f2
61454501
55758082
47858082
06d7e963
d04a7179
10008937
0793cc52
9a13a909
d4220036
8436ce4e
86ae89b2
05b34601
d60600fa
84aad226
c77fe0ef
a9490593
95d286ce
46018526
c67fe0ef
0593040a
95a2a789
85264601
e0efc62e
45b2c5ff
00156693
85264601
c47fe0ef
542250b2
59025492
4a6249f2
61454501
55758082
479d8082
04c7e863
cc221101
1413c84a
79370026
86ae1000
05b34601
ce060124
84aaca26
c0bfe0ef
02890593
460195a2
c62e8526
c05fe0ef
669345b2
46010015
e0ef8526
40f2bedf
44d24462
45014942
80826105
80825575
872e46ad
06b6e863
c6061141
46a9177d
eb6385b2
66b700e6
070a0021
4f068693
43189736
870287aa
46014681
e8bff0ef
450140b2
80820141
46014685
4601bfc5
f0ef853e
b7edf69f
bfdd4605
bfcd4609
b7fd460d
b7ed4611
b7dd4615
b7cd4619
bff9461d
46014681
f0ef853e
b7c9ec9f
bfd54685
80825575
e56347fd
27b702b7
87930400
1141c937
c42295be
8432058a
c6064601
b4dfe0ef
40b2c008
45014422
80820141
80825575
d2267179
007084b2
d04ad422
892ece4e
89aad606
f0ef8436
47b2fbbf
040025b7
cb358593
557d992e
0097e863
090a048a
1a6394a2
45010094
542250b2
59025492
614549f2
85ca8082
854e4601
aedfe0ef
0411c008
7175bff9
c326c522
84aa842e
04000613
00884581
d0efc706
4709f3cf
470dd03a
4711d23a
4715d43a
4719d63a
471dd83a
47b1da3a
c03e4721
0793dc3a
47250ff0
c43ec23e
c83ec63e
cc3eca3e
de3ace3e
4705ccbe
85b7cebe
47a91000
c6bac4ba
4735d0be
8526d2be
859347ad
4601aa05
d6bed4be
cabac8ba
a6dfe0ef
050a011c
2783953e
40baf805
c01c449a
4501442a
80826149
6463472d
114106b7
15fdc606
6b634729
673700b7
07130021
058a51c7
419895ba
870287aa
f0ef4581
40b2bcbf
01414501
45858082
4581bfcd
f0ef853e
b7f5caff
bfdd4585
bfcd4589
b7fd458d
b7ed4591
b7dd4595
b7cd4599
bff9459d
853e4581
c0dff0ef
4585b7d9
5575bfdd
472d8082
06b76463
c6061141
472915fd
00b76b63
00216737
54870713
95ba058a
87aa4198
45818702
b1fff0ef
450140b2
80820141
bfcd4585
853e4581
c03ff0ef
4585b7f5
4589bfdd
458dbfcd
4591b7fd
4595b7ed
4599b7dd
459db7cd
4581bff9
f0ef853e
b7d9b61f
bfdd4585
80825575
c4521101
ca268a2e
84aa85b2
cc228552
c256c84a
c64ece06
8ab68432
f0ef893a
47fd97df
2127ef63
1c6389aa
ec5d2005
e46347c1
66b70357
0a8a0021
57468693
a7839ab6
0593000a
05b30440
743702ba
87821000
43440413
85a2942e
85264601
915fe0ef
19334705
66b30127
85a200a9
85264601
8f7fe0ef
446240f2
494244d2
4a924a22
49b2854e
80826105
43840413
0413b7e1
b7c943c4
44040413
0413bf75
bf5d4444
44840413
0413bf45
b76d44c4
45040413
0413b755
bf794544
45840413
0413bf61
bf4945c4
46040413
0413b771
b7594644
46840413
0413b741
bfad46c4
47040413
0413bf95
b7bd4744
18634785
47c114f4
e2e34401
66b7f757
0a8a0021
5b868693
a7839ab6
8782000a
04400613
10007437
02ca05b3
54440413
0793bf35
74370440
05b31000
041302fa
b72d5484
04400793
10007437
02fa05b3
54c40413
0793bf21
74370440
05b31000
041302fa
b7195504
04400793
10007437
02fa05b3
55440413
0793bdd5
74370440
05b31000
041302fa
b5cd5584
04400793
10007437
02fa05b3
55c40413
0793bdc1
74370440
05b31000
041302fa
bd7d5604
04400793
10007437
02fa05b3
56440413
0793b575
74370440
05b31000
041302fa
bd695684
04400793
10007437
02fa05b3
56c40413
0793b561
74370440
05b31000
041302fa
bd9d5704
04400793
10007437
02fa05b3
57440413
0793b595
74370440
05b31000
041302fa
bd895784
04400793
10007437
02fa05b3
57c40413
0793b581
74370440
05b31000
041302fa
b53d5804
04400593
10007437
02ba05b3
58440413
4401bd31
59f5bd29
47f1bd15
0cb7e663
cc221101
ce06ca26
842a47fd
557584b2
04c7e363
ff358793
6363473d
673704f7
078a0021
5fc70713
439c97ba
100075b7
85938782
46013f45
c62e8522
eecfe0ef
45b24605
009614b3
00a4e6b3
85224601
ecefe0ef
40f24501
44d24462
80826105
040027b7
cf078793
058a95be
8593b7e9
b7d13fc5
40058593
8593bf7d
bf654045
40858593
8593bf4d
b77540c5
41058593
8593b75d
b7454145
41858593
8593bf69
bf5141c5
42058593
8593b779
b7614245
42858593
8593b749
bfb542c5
43058593
8593bf9d
bf853f85
80825575
d4227179
d04ad226
cc52ce4e
892ad606
8a3289ae
c6028436
9b634481
55790084
542250b2
59025492
4a6249f2
80826145
85ce0070
f0ef854a
47b2abff
01478463
bfe10485
bfe94501
e5634789
114102c7
842ec422
040015b7
40358593
058a95b2
c6064601
df8fe0ef
40b2c008
45014422
80820141
80825575
66634809
089304b8
58757ff0
04c8e263
ef63488d
488502d8
02e8ec63
07ba6811
0107f7b3
8fd9072e
17b78e5d
87930400
95be4007
114106b2
058a8ed1
c6064601
d9afe0ef
480140b2
01418542
58758082
80828542
05931141
c60602d0
c226c422
e0ef84aa
842a97df
85264625
e0ef45a5
40b2bfbf
44228d41
01414492
478d8082
08b7e163
c84a1101
ce06c256
ca26cc22
c452c64e
8aaac05a
55758932
04c7e663
842e4785
04f58d63
99634789
440104f5
44814981
85ce4b0d
47014781
46014681
f0ef8556
8a2af3ff
478585ce
86ca8722
85564601
f2dff0ef
00aa6a33
e4b30985
9ae30144
8526fd69
446240f2
494244d2
4a2249b2
4b024a92
80826105
49014401
5575bf45
71798082
d226d422
cc52ce4e
c85aca56
d04ad606
84ae8a2a
440189b2
4a8d4b05
4901c602
d71347b2
186300a7
7e630367
17130299
974e0024
3ff7f793
0405c31c
ff5410e3
50b24501
54925422
49f25902
4ad24a62
61454b42
86228082
8552006c
f0ef0905
ffe3e6bf
5579fb24
15b7bfe9
11411002
64058593
c6064601
842ac422
c60fe0ef
15b76691
8ec91002
64058593
46018522
c42fe0ef
442240b2
01414501
47838082
47090005
04e78263
4501470d
00e78c63
8c634711
471500e7
00e78c63
8f634721
557500e7
83634725
472902e7
02e78063
8d634739
475100e7
00e78a63
87634779
c51100e7
80825575
bfe94501
80824501
00054783
8f634709
871300e7
7713ffd7
46850ff7
f6634501
471500e6
00e78363
80825575
80824501
100325b7
85931141
46017885
c422c606
e0ef842a
25b7bb2f
76931003
8593ffd5
85227885
e0ef4601
40b2b94f
45014422
80820141
100325b7
85931141
46017885
c422c606
e0ef842a
25b7b7ef
66931003
85930025
85227885
e0ef4601
40b2b60f
45014422
80820141
87931101
cc22ffc5
c84aca26
c256c452
c64ece06
9bedc05a
84ae8aaa
84368932
c7914a01
5a7547c1
00f59363
854a4a01
eefff0ef
03f00793
e86359f5
69b30287
9a6300aa
47830409
04120009
100305b7
00279713
002177b7
95478793
ab0397ba
942e0007
4d634a01
40f2016a
44d24462
4a224942
4b024a92
49b2854e
80826105
014906b3
87264781
460185a2
e0ef8556
9a26ba0f
59f5bfc9
1101bfc9
c437cc22
04130400
95a23fb4
00259413
85a2c64e
460189b2
ca26ce06
84b6c84a
e0ef892a
a023a9ef
059300a9
854a1004
e0ef4601
40f2a8ef
75134462
c0880ff5
44d24942
450149b2
80826105
d6067179
d226d422
ce4ed04a
c632cc52
0793c436
f26303f0
557502b7
0034a0a1
85a60070
f0ef854a
47b2f8df
03378b63
16e3147d
5579ff44
57fda035
843a892a
41635575
84ae02f7
5a7d89b2
fcf419e3
00700034
854a85a6
f5bff0ef
99e347b2
4501ff37
542250b2
59025492
4a6249f2
80826145
d4227179
d04ad226
cc52ce4e
c85aca56
c462c65e
8a3a8ab6
d60689be
8bae842a
894284b2
f0ef8b46
0693deff
5c4203f0
577587aa
0176e363
06934701
55750ff0
0b86ee63
00e7e533
16051d63
00044783
91634709
d7930ce7
0aa3008a
d79300f4
0b23010a
579300f4
0ca3008a
579300f4
0d23010a
d79300f4
0ea30089
d79300f4
0f230109
579300f4
00a30089
789302f4
5793001b
4b030109
01230094
d79302f4
0a230084
0c230154
da930144
5a13018a
0e23018a
00230134
d9930324
59130189
02a30189
03230094
d79300f4
80e10104
01540ba3
01440da3
01340fa3
032401a3
017400a3
00f403a3
00940423
ffeb7b13
0168eb33
016404a3
018409a3
542250b2
59025492
4a6249f2
4b424ad2
4c224bb2
80826145
80e3470d
4711f4e7
f2e78de3
9de34715
d793fce7
0aa3008a
d79300f4
0b23010a
579300f4
0ca3008a
579300f4
0d23010a
d79300f4
0ea30089
d79300f4
0f230109
579300f4
48830089
00a30094
579302f4
01230109
d79302f4
0a230084
0c230154
da930144
5a13018a
0e23018a
00230134
d9930324
59130189
02a30189
03230094
d79300f4
80e10104
01540ba3
01440da3
01340fa3
032401a3
017400a3
00f403a3
00940423
001b7b13
ffe8f893
5575bf05
88aabf25
cdd15575
cf41cec9
08080b63
02d58e33
03070333
086e1563
951315fd
81410105
02b88223
00855593
02b882a3
00865593
832316fd
83a302c8
559302b8
82610106
02c884a3
01069613
177d8241
02d88523
00865693
02d885a3
01071693
862382c1
d71302e8
86a30086
d71302e8
187d0087
02f88723
02e887a3
0107d713
88a383e1
179302f8
83c10108
842383a1
882302b8
892302e8
89a30308
450102f8
80828082
eb6347cd
114104d7
892ec04a
100045b7
0591c422
86b28436
c6064601
0446c226
d0ef84aa
6433f6df
66c10124
85268ec1
100045b7
d0ef4601
4422f59f
490240b2
44928526
45b76705
177d1000
460556fd
014105a1
6f30206f
80825575
c4221141
c226c606
47cdc04a
e0635475
064604c7
66b38936
45b700b6
46011000
d0ef84aa
6705f11f
100045b7
56fd177d
05a14605
20ef8526
45b76b50
842a1000
460105b1
d0ef8526
2023ef7f
40b200a9
44228522
49024492
80820141
47cd0699
00d7e463
f41ff06f
80825575
47cd0619
00c7e463
f8dff06f
80825575
d64e7139
89bad05a
de068b3e
da26dc22
d452d84a
ce5ed256
8713cc62
47cd0065
0ae7eb63
8432892e
862e8c36
45810074
8a4284aa
c6028ac6
fb9ff0ef
00250793
fe634b85
450606fb
001b1793
002c1693
8fc90526
98938edd
e8b3003a
18130116
e833004a
96130108
67330079
c63700c8
060500ab
86ca8e59
85264581
f0efc632
0793f63f
fc630025
007402fb
4591864a
f0ef8526
0793f5ff
f2630025
161302fb
44320024
459186ca
44168e41
8e418526
04136425
8e412004
f0efc632
50f2f27f
54d25462
59b25942
5a925a22
4bf25b02
61214c62
55758082
0793b7dd
e86303f0
071302b7
86b27ff0
636357f5
07b702c7
87930400
95be2017
058a1141
c6064601
db7fd0ef
478140b2
0141853e
57f58082
8082853e
03f00793
02b7e963
07136705
86b28007
636357f5
07b702c7
87930400
95be2817
058a1141
c6064601
d7bfd0ef
478140b2
0141853e
57f58082
8082853e
03f00793
02b7e763
040007b7
28178793
95be1141
058ac422
46018432
d0efc606
0552d53f
c0088151
442240b2
01414501
55758082
07938082
e76303f0
07b702b7
87930400
11414017
c42295be
8432058a
c6064601
d1dfd0ef
8149054a
40b2c008
45014422
80820141
80825575
03f00793
02b7e863
7ff00713
57f586b2
02c76363
040007b7
24178793
114195be
4601058a
d0efc606
40b2cd5f
853e4781
80820141
853e57f5
07938082
e96303f0
670502b7
80070713
57f586b2
02c76363
040007b7
2c178793
114195be
4601058a
d0efc606
40b2c99f
853e4781
80820141
853e57f5
07938082
e76303f0
07b702b7
87930400
11412c17
c42295be
8432058a
c6064601
c71fd0ef
81510552
40b2c008
45014422
80820141
80825575
03f00793
02b7e763
040007b7
44178793
95be1141
058ac422
46018432
d0efc606
054ac3bf
c0088149
442240b2
01414501
55758082
11418082
84aec226
100015b7
859386b2
46012245
c422c606
d0ef842a
15b7c01f
85221000
859386a6
46012285
beffd0ef
442240b2
45014492
80820141
c2261141
15b784ae
86b21000
22c58593
c6064601
842ac422
bc7fd0ef
100015b7
86a68522
23058593
d0ef4601
40b2bb5f
44924422
01414501
07938082
e56303f0
110104b7
d793cc22
842e0055
040005b7
48958593
959397ae
46010027
ca26ce06
84aac62e
b85fd0ef
478545b2
00879433
00a466b3
85264601
b67fd0ef
446240f2
450144d2
80826105
80825575
03f00793
04b7e663
cc221101
04058793
05b7842e
85930400
83954895
959397ae
46010027
ca26ce06
84aac62e
b31fd0ef
478545b2
00879433
00a466b3
85264601
b13fd0ef
446240f2
450144d2
80826105
80825575
03f00793
06b7e063
07b71101
ca260020
ce06c452
c84acc22
c256c64e
8a2a17f9
557584b6
00d7ec63
04370592
89b21000
942e8aba
6c634901
45010099
446240f2
494244d2
4a2249b2
61054a92
86b38082
4781012a
85a2874e
85524601
bddfd0ef
bfd1994e
80825575
03f00793
06b7e063
07b71101
ca260020
ce06c452
c84acc22
c256c64e
8a2a17f9
557584b6
00d7ec63
04370592
89b21000
942e8aba
6c634901
45010099
446240f2
494244d2
4a2249b2
61054a92
86b38082
4781012a
85a2874e
85524601
b17fd0ef
bfd1994e
80825575
03f00793
06b7e263
07b71101
ca260020
ce06c452
c84acc22
c256c64e
8a2a17f9
557584b6
00d7ee63
04058413
05b70412
89b21000
942e8aba
6c634901
45010099
446240f2
494244d2
4a2249b2
61054a92
86b38082
4781012a
85a2874e
85524601
aabfd0ef
bfd1994e
80825575
cc221101
46018432
ca26ce06
c64ec84a
892e84aa
d0ef89b6
8c299b7f
013476b3
85ca8ea9
46018526
99bfd0ef
446240f2
494244d2
450149b2
80826105
c2261141
100124b7
2c448593
4605468d
c422c606
f0ef842a
8593faff
06932c44
06133000
85221000
f9dff0ef
2c448593
000306b7
85226641
f8dff0ef
0fc48593
00ff06b7
00ff0637
f0ef8522
8593f7bf
06b727c4
66410003
f0ef8522
8593f6bf
06b727c4
06370300
85220100
f59ff0ef
28048593
4605468d
f0ef8522
8593f4bf
06b70844
0637ff00
8522ff00
f39ff0ef
29848593
030006b7
01000637
f0ef8522
8593f27f
069329c4
06133000
85221000
f15ff0ef
29c48593
030006b7
01000637
f0ef8522
66c1f03f
f0068693
85938636
85220d44
ef1ff0ef
29848593
000306b7
85226641
ee1ff0ef
29c48593
4605468d
f0ef8522
8593ed3f
06b729c4
66410003
f0ef8522
8593ec3f
06930d44
06130ff0
85220ff0
eb1ff0ef
33048593
30000693
10000613
f0ef8522
8593e9ff
069333c4
06133000
85221000
e8dff0ef
34848593
30000693
10000613
f0ef8522
8593e7bf
06b71244
0637ff00
8522ff00
e69ff0ef
03c48593
00ff06b7
00ff0637
f0ef8522
05b7e57f
85221001
030006b7
01000637
51458593
e41ff0ef
442240b2
45014492
80820141
05b71141
c2261001
06b7c04a
06370300
85930100
44b75145
69371001
c4221001
842ac606
f0ef04d1
0951e0bf
06b785a6
06370300
85220100
40048493
df5ff0ef
ff2496e3
100175b7
0ff00693
05500613
83858593
f0ef8522
24b7ddbf
85931001
06b703c4
063700ff
85220055
dc5ff0ef
08448593
ff0006b7
55000637
f0ef8522
8593db3f
06930d44
06130ff0
85220550
da1ff0ef
661566c1
0d448593
f0068693
50060613
f0ef8522
8593d8bf
06b70fc4
063700ff
85220055
d79ff0ef
12448593
06b78522
0637ff00
f0ef5500
40b2d67f
44924422
45014902
80820141
ca261101
100175b7
765434b7
21048613
859356fd
ce069685
c84acc22
c64e842a
2937c452
f0ef1001
0593d2ff
46851849
85224601
d21ff0ef
070709b7
70098693
18490593
02010637
f0ef8522
0593d0bf
469d1889
8522460d
cfdff0ef
06050637
70098693
74490593
40060613
f0ef8522
0593ce7f
469d7489
8522461d
cd9ff0ef
10014a37
0b4a0593
46054685
f0ef8522
0593cc7f
46854b4a
85224601
10015937
cb5ff0ef
8b490593
46054685
f0ef8522
0593ca7f
4685cb49
85224601
c99ff0ef
0b490593
46054685
f0ef8522
0593c8bf
46854b49
85224601
c7dff0ef
100169b7
8b498593
46054685
f0ef8522
8593c6bf
4685cb49
85224601
c5dff0ef
21048613
1c4a0593
852256fd
c4dff0ef
21048613
5c4a0593
852256fd
c3dff0ef
21048613
9c490593
852256fd
c2dff0ef
21048613
dc490593
852256fd
c1dff0ef
21048613
1c490593
852256fd
c0dff0ef
21048613
5c490593
852256fd
bfdff0ef
21048613
9c498593
852256fd
bedff0ef
21048613
dc498593
56fd8522
bddff0ef
446240f2
494244d2
4a2249b2
61054501
06378082
75b74567
11011001
061356fd
85931326
ce069685
ca26cc22
c84a842a
24b7c64e
f0ef1001
8593ba3f
46851844
85224605
b95ff0ef
07070937
00020637
70090693
18448593
30060613
f0ef8522
8593b7bf
469d1884
85224605
b6dff0ef
05060637
70090693
74448593
70060613
f0ef8522
8593b57f
469d7484
85224611
b49ff0ef
100149b7
0b498593
46014685
f0ef8522
8593b37f
46854b49
85224605
100154b7
b25ff0ef
8b448593
46054685
f0ef8522
8593b17f
4685cb44
85224601
b09ff0ef
0b448593
46014685
f0ef8522
8593afbf
46854b44
85224605
aedff0ef
10016937
8b490593
46014685
f0ef8522
0593adbf
4685cb49
85224605
acdff0ef
34570637
1c498593
061356fd
85226126
ab9ff0ef
31542637
5c498593
061356fd
85227066
aa5ff0ef
56021637
9c448593
061356fd
85223476
a91ff0ef
53216637
dc448593
061356fd
85224706
a7dff0ef
52761637
1c448593
061356fd
85220436
a69ff0ef
27035637
5c448593
061356fd
85226146
a55ff0ef
26153637
9c490593
061356fd
85227406
a41ff0ef
76531637
dc490593
56fd8522
40260613
a2dff0ef
446240f2
494244d2
450149b2
80826105
46573637
100175b7
56fd1101
02160613
96858593
cc22ce06
842aca26
c64ec84a
100124b7
9f5ff0ef
18448593
46054685
f0ef8522
09379e7f
06370707
06930100
85937009
06131844
85222006
9cdff0ef
18848593
460d469d
f0ef8522
06379bff
06930605
85937009
06137444
85227006
9a9ff0ef
74848593
4611469d
f0ef8522
49b799bf
85931001
46850b49
85224605
989ff0ef
4b498593
46054685
54b78522
f0ef1001
8593977f
46858b44
85224601
969ff0ef
cb448593
46014685
f0ef8522
859395bf
46850b44
85224601
94dff0ef
4b448593
46014685
f0ef8522
693793ff
05931001
46858b49
85224605
92dff0ef
cb490593
46054685
f0ef8522
063791ff
85931764
56fd1c49
52360613
f0ef8522
363790bf
85937604
56fd5c49
21560613
f0ef8522
16378f7f
85934302
56fd9c44
76560613
f0ef8522
26378e3f
85937613
56fddc44
45060613
f0ef8522
06378cff
85935713
56fd1c44
24660613
f0ef8522
56378bbf
85931374
56fd5c44
20660613
f0ef8522
66378a7f
05937315
56fd9c49
24060613
f0ef8522
3637893f
05930245
8522dc49
061356fd
f0ef7616
40f287ff
44d24462
49b24942
61054501
36378082
75b74567
11011001
061356fd
85932016
ce069685
ca26cc22
c84a842a
24b7c64e
f0ef1001
8593847f
46851844
85224605
839ff0ef
07070937
02000637
70090693
18448593
10060613
f0ef8522
859381ff
469d1884
8522460d
811ff0ef
05060637
70090693
74448593
70060613
f0ef8522
8593ffaf
469d7484
85224611
fecff0ef
100149b7
0b498593
46014685
f0ef8522
8593fdaf
46854b49
85224605
100154b7
fc8ff0ef
8b448593
46054685
f0ef8522
8593fbaf
4685cb44
85224601
facff0ef
0b448593
46014685
f0ef8522
8593f9ef
46854b44
85224605
f90ff0ef
10016937
8b490593
46014685
f0ef8522
0593f7ef
4685cb49
85224605
f70ff0ef
53204637
1c498593
061356fd
85221676
f5cff0ef
76043637
5c498593
061356fd
85222156
f48ff0ef
27354637
9c448593
061356fd
85221066
f34ff0ef
76132637
dc448593
061356fd
85224506
f20ff0ef
57130637
1c448593
061356fd
85222466
f0cff0ef
63421637
5c448593
061356fd
85227506
ef8ff0ef
31572637
9c490593
061356fd
85226046
ee4ff0ef
02453637
dc490593
56fd8522
76160613
ed0ff0ef
446240f2
494244d2
450149b2
80826105
ca261101
85b784ae
85931001
46010845
ce06cc22
c64ec84a
d0ef842a
779386ef
cbb10045
897d8125
08634785
470906f5
04e50b63
c13d4611
100185b7
46094689
852205b1
e78ff0ef
100185b7
08458593
85224601
10018937
830fd0ef
08490913
89114981
85b7e129
46891001
05b14601
f0ef8522
40f2e4af
44d24462
49b24942
61054501
46218082
00f48a63
00a48763
93e3478d
4645faf4
4631a011
85224581
9fafd0ef
85cabf51
8522864e
fddfc0ef
cd89bf4d
11414210
25b74685
c6061001
dfcff0ef
450140b2
80820141
80824501
c4221141
842ac606
4210c599
05b74685
f0ef1001
8522ddaf
100105b7
c0ef4601
40b2f9bf
45014422
80820141
c4221141
842ac606
4210c999
100105b7
0f0006b7
85930662
f0ef28c5
05b7da6f
85221001
28c58593
c0ef4601
40b2f63f
45014422
80820141
d4227179
4180c462
0045ac03
1b37c85a
d2261001
ce4ed04a
ca56cc52
d606c65e
84ae8a2a
8be28aa2
10010937
0b134981
85cac78b
8552864e
f1dfc0ef
85d686aa
8552865e
f07fc0ef
004a8793
0157b733
07938abe
9bba0049
0127b733
893e99ba
fd6799e3
fc0997e3
87936785
97a2c787
0087b433
c0c09462
542250b2
5902c09c
49f25492
4ad24a62
4bb24b42
61454c22
71798082
c462d422
ac034180
c85a0045
10013b37
d04ad226
cc52ce4e
c65eca56
8a2ad606
8aa284ae
29378be2
49811001
8d0b0b13
864e85ca
c0ef8552
86aae8bf
865e85d6
c0ef8552
8793e75f
b733004a
8abe0157
00490793
b7339bba
99ba0127
99e3893e
97e3fd67
6785fc09
8d078793
b43397a2
94620087
50b2c0c0
c09c5422
54925902
4a6249f2
4b424ad2
4c224bb2
80826145
d4227179
4180c462
0045ac03
7b37c85a
d2261001
ce4ed04a
ca56cc52
d606c65e
84ae8a2a
8be28aa2
10014937
0b134981
85caa64b
8552864e
df9fc0ef
85d686aa
8552865e
de3fc0ef
004a8793
0157b733
07938abe
9bba0049
0127b733
893e99ba
fd6799e3
fc0997e3
8793678d
97a2a647
0087b433
c0c09462
542250b2
5902c09c
49f25492
4ad24a62
4bb24b42
61454c22
11418082
c422c606
842ac226
f0ef84ae
85a6e3ff
f0ef8522
8522ec9f
40b24422
449285a6
f06f0141
75b7f4bf
11411001
90c58593
c6064601
d69fc0ef
450140b2
80820141
da267139
100124b7
cc62d64e
8c32ca66
89b68cae
66896609
17048593
dc22de06
842ad84a
d4528942
d05ad256
8b468abe
4a36ce5e
f0ef8bba
25b7b5af
86e61001
75058593
85224601
d0bfc0ef
460146bd
75448593
f0ef8522
09a2b3af
f99366c1
7c131009
96130ffc
e9b3010b
8e750189
01366633
1ff68693
74c48593
f0ef8522
0637b12f
09420003
00c97933
06370b62
7b330300
961300cb
6933008a
76130169
06b77006
66330303
859300c9
86937b84
85227006
adcff0ef
effee9b7
7bc48593
89934901
8a938449
47067dc4
013587b3
97ba864a
85224394
c0efc62e
45b2c79f
00458793
00b7b733
85be993a
fd579fe3
fc091de3
04414603
0ff00693
f0ef8522
47a6a92f
0fff0637
76848593
8e7d07c2
0fff06b7
f0ef8522
2603a7af
8593000a
56fd7584
f0ef8522
2603a6af
8593004a
56fd75c4
f0ef8522
2603a5af
8593008a
56fd7604
f0ef8522
2603a4af
859300ca
56fd7644
f0ef8522
8593a3af
06937484
06131000
85221000
a28ff0ef
17448593
100026b7
85224601
a18ff0ef
100125b7
16c58593
85224601
bd5fc0ef
10012937
091384aa
498116c9
01249793
0607de63
100125b7
74858593
85224601
bb1fc0ef
57934746
8b850105
47d6c31c
89058145
100125b7
8593c388
46017685
c0ef8522
47e6b8ff
24b70552
81511001
8593c388
06937484
46011000
f0ef8522
85939a6f
85221704
46016689
998ff0ef
546250f2
594254d2
5a2259b2
5b025a92
4c624bf2
45014cd2
80826121
864e85ca
c0ef8522
84aab3ff
3e800513
ccffc0ef
7139b7b5
04b7da26
d4521001
cc62ce5e
8c2e8bb6
66c18a32
85936641
de065bc4
d84adc22
8946842a
d256d64e
8abe89c2
8b3ad05a
930ff0ef
66c16641
85930605
85225984
920ff0ef
100105b7
859386e2
460138c5
c0ef8522
46bdad1f
85934601
85223904
900ff0ef
06370a62
76333f00
06b700ca
85933f00
85223844
8e8ff0ef
001bf613
85934685
85223884
8d8ff0ef
000306b7
85934601
85225184
8c8ff0ef
007b7613
3a448593
8522469d
8b8ff0ef
efff0b37
3a848593
0b134a01
8b93c58b
87b33c84
97d60165
86524394
c62e8522
a57fc0ef
879345b2
b7330045
9a3a00b7
90e385be
1ee3ff77
06b7fc0a
86930010
9613f006
8e750089
f0ef8522
260386af
85930009
56fd3944
f0ef8522
260385af
85930049
56fd3984
f0ef8522
260384af
85930089
56fd39c4
f0ef8522
260383af
859300c9
56fd3a04
f0ef8522
859382af
06933844
06131000
85221000
818ff0ef
100105b7
57458593
85224601
9d5fc0ef
10010937
091384aa
49815749
00f49793
0607d863
100105b7
38458593
85224601
9b1fc0ef
81414786
05b78905
c3881001
3cc58593
85224601
999fc0ef
05524796
100104b7
c3888151
38448593
10000693
85224601
fb1fe0ef
5bc48593
66c18522
e0ef6641
50f2fa3f
54d25462
59b25942
5a925a22
4bf25b02
45014c62
80826121
864e85ca
c0ef8522
84aa94bf
3e800513
adbfc0ef
1101bfa5
cc224601
c64eca26
c256c452
c84ace06
842e84aa
925fc0ef
4a0189aa
10010ab7
013a1c63
446240f2
494244d2
4a2249b2
45014a92
80826105
00440593
85264601
8f9fc0ef
892a0421
460185a2
c0ef8526
05b38ebf
86aa0159
0125b633
c0ef8526
0a058d1f
1101bf75
4637c452
7a373021
05931001
56fd968a
65760613
cc22ce06
842aca26
100124b7
c64ec84a
e0efc256
8593edff
46851844
85224605
ed1fe0ef
07070937
06050637
70090693
18448593
70060613
e0ef8522
8593eb7f
469d1884
85224611
ea9fe0ef
00020637
70090693
74448593
10060613
e0ef8522
8593e93f
469d7484
8522460d
e85fe0ef
10014ab7
0b4a8593
46054685
e0ef8522
8593e73f
46854b4a
85224605
10015937
e61fe0ef
8b490593
46014685
e0ef8522
0593e53f
4685cb49
85224601
e45fe0ef
0b490593
46014685
e0ef8522
0593e37f
46854b49
85224601
e29fe0ef
100169b7
8b498593
46054685
e0ef8522
8593e17f
4685cb49
85224605
e09fe0ef
26740637
1c4a8593
061356fd
85225136
df5fe0ef
06752637
5c4a8593
061356fd
85223146
de1fe0ef
41027637
9c490593
061356fd
85225636
dcdfe0ef
76213637
dc490593
061356fd
85225406
db9fe0ef
67310637
1c490593
061356fd
85222456
da5fe0ef
03756637
5c490593
061356fd
85222146
d91fe0ef
04167637
9c498593
061356fd
85223526
d7dfe0ef
53461637
dc498593
061356fd
85227206
d69fe0ef
1f1f2937
f0090693
48448593
02010637
e0ef8522
8593d53f
46fd4884
8522460d
d45fe0ef
10013ab7
07060637
f1f90693
830a8593
50460613
e0ef8522
1637d2bf
06930a0e
8593f009
061347c4
85229006
d15fe0ef
48048593
463d46fd
e0ef8522
1637d07f
06930c0b
8593f1f9
061382ca
8522d086
cf1fe0ef
f0090693
47848593
12111637
e0ef8522
8593cdff
46fd47c4
8522464d
cd1fe0ef
17161637
f1f90693
830a8593
51460613
e0ef8522
8593cbbf
66c11784
85226641
cadfe0ef
04400637
884a0593
f0000693
20060613
e0ef8522
0637c97f
05930820
56fd888a
18060613
e0ef8522
0593c83f
069388ca
46410ff0
e0ef8522
04b7c73f
86930010
8593fff4
06134609
85220330
c5dfe0ef
fff48693
46498593
46318522
c4dfe0ef
446240f2
494244d2
4a2249b2
45014a92
80826105
86361141
4681c606
95634705
678502f6
80078793
177d95be
100107b7
16b3058a
95be00c7
00c89633
c0dfe0ef
450140b2
80820141
06850706
7179bfc9
d04ad226
cc52ce4e
8a3289b6
84be893a
c62e88ae
48014789
47014681
0b100593
d6064601
842ad422
f9dff0ef
478948b2
46a14801
05934701
46010b10
f0ef8522
48b2f87f
48014789
470146c1
0b100593
85224601
f71ff0ef
478988d2
46c14801
05934701
460109f0
f0ef8522
88d2f5bf
48014789
470146e1
09f00593
85224601
f45ff0ef
478988d2
46814801
05934701
46010a00
f0ef8522
88cef2ff
48014789
470146e1
0a600593
85224601
f19ff0ef
478988ce
46a14801
05934701
46010a70
f0ef8522
88cef03f
48014789
470146e1
0a700593
85224601
eedff0ef
478988ca
46c14801
05934701
46010a60
f0ef8522
88caed7f
48014789
47014681
0a700593
85224601
ec1ff0ef
478988ca
46c14801
05934701
46010a70
f0ef8522
88a6eabf
48014789
470146a1
0cc00593
85224601
e95ff0ef
478988a6
46a14801
05934701
46010cf0
f0ef8522
88a6e7ff
47898522
46a14801
05934701
46010d20
e69ff0ef
542250b2
59025492
4a6249f2
61454501
11418082
c6068636
47054681
02f69363
95be6785
07b7177d
058a1001
00c716b3
963395be
e0ef00c8
40b2a63f
01414501
07068082
bfd90685
11416585
06500893
480147b5
47014681
a4058593
c6064601
c226c422
f0ef842a
58b7fadf
65850002
47c918fd
46814801
85934701
4601a325
f0ef8522
6495f91f
88936585
47c5fff4
46814801
85934701
4601a335
f0ef8522
6585f75f
fff48893
480147c5
47014681
a3458593
85224601
f5bff0ef
88936585
47c9fff4
46814801
85934701
4601a355
f0ef8522
6585f41f
fff48893
480147c9
47014681
a3658593
85224601
f27ff0ef
88936585
47c9fff4
46814801
85934701
4601a385
f0ef8522
6585f0df
fff48893
480147c9
47014681
a3958593
85224601
ef3ff0ef
88936585
47c9fff4
46814801
85934701
4601a3a5
f0ef8522
6585ed9f
fff48893
480147c9
47014681
a3b58593
85224601
ebfff0ef
48816585
480147dd
47014681
a4f58593
85224601
ea7ff0ef
48996585
4801478d
47014681
a9058593
85224601
e8fff0ef
85226585
478d488d
46814801
85934701
4601a695
e77ff0ef
442240b2
45014492
80820141
d4227179
d04ad226
d606ce4e
88ae842a
05800493
09934901
479d4580
85a64701
4801864a
852246c1
f0efc646
8793e3df
b7331004
48b20097
993a84be
fd379fe3
fc091de3
84936785
89938287
47adc287
85a64701
4801864a
852246c1
f0efc646
8793e09f
b7331004
48b20097
993a84be
fd379fe3
fc091de3
85226585
4801478d
47014681
a6a58593
f0ef4601
50b2dddf
54925422
49f25902
61454501
11018082
ca26cc22
c64ec84a
892ace06
05000413
09934481
478d4500
85a24701
48958626
46e14801
f0ef854a
0793da1f
b7331004
94ba0087
90e3843e
fcf1ff37
446240f2
494244d2
450149b2
80826105
47811141
46814701
458d4601
c422c606
f0ef842a
8522bf5f
d99ff0ef
8522458d
ef5ff0ef
479148bd
46814801
05934701
46010cf0
f0ef8522
48bdb97f
48014791
47014681
0d200593
85224601
b81ff0ef
f0ef8522
40b2f61f
45014422
80820141
11416785
c42295be
96138432
05b70025
95b21001
00c5b633
c606c226
c0ef84b6
40b294ef
00855533
02000793
8f854422
00f51533
55334492
014100f5
65858082
08b71141
47dd0040
46814801
85934701
4601a4f5
c422c606
842ac226
f0efc04a
6585cbdf
06700893
480147b5
47014681
a4058593
85224601
ca3ff0ef
68856585
02000793
46814801
85934701
4601a415
f0ef8522
6585c89f
47854885
46e14801
85934701
4601a405
64858522
c6fff0ef
03200913
a4348493
06400513
c0ef197d
0c63a48f
46850209
85a6465d
f0ef8522
d17df33f
48856585
48014785
47014681
a1458593
85224601
c33ff0ef
40b24501
44924422
01414902
45058082
6785bfcd
80078793
95be1141
8432c422
00259613
100105b7
b63395b2
c22600c5
84b6c606
84cfc0ef
553340b2
07930085
44220200
15338f85
449200f5
00f55533
80820141
88ae1141
480147a1
470146e1
03c00593
c6064601
c226c422
f0ef842a
4885a13f
48014785
470146c1
03c00593
85224601
9fdff0ef
03200493
06400513
c0ef14fd
ec99988f
100125b7
16c58593
85224601
fddfb0ef
40b24505
44924422
80820141
46314685
05b00593
f0ef8522
d569f55f
100125b7
17058593
85224601
fb1fb0ef
16fd76fd
25b78d75
66851001
85938ec9
85221705
b0ef4601
4501f8df
1141bf6d
47a188ae
46a14801
45fd4701
c6064601
c226c422
f0ef842a
4885977f
48014785
47014681
460145fd
f0ef8522
0493963f
05130320
14fd0640
8eefc0ef
25b7ec99
85931001
460116c5
b0ef8522
4505f43f
442240b2
01414492
46858082
05934631
852205b0
ebbff0ef
25b7d569
85931001
46011705
b0ef8522
76fdf17f
8d7516fd
100125b7
8ec96685
17058593
46018522
ef3fb0ef
bf6d4501
88ae1141
480147a1
47014681
02900593
c6064601
c226c422
f0ef842a
48858dbf
48014785
470146e1
02800593
85224601
8c5ff0ef
03200493
06400513
c0ef14fd
ec99850f
100125b7
16c58593
85224601
ea5fb0ef
40b24505
44924422
80820141
46314685
05b00593
f0ef8522
d569e1df
100125b7
17058593
85224601
e79fb0ef
16fd76fd
25b78d75
66851001
85938ec9
85221705
b0ef4601
4501e55f
1141bf6d
47a188ae
46814801
05934701
46010290
c422c606
842ac226
83dff0ef
47854885
46c14801
05934701
46010280
f0ef8522
0493827f
05130320
14fd0640
fb3fb0ef
25b7ec99
85931001
460116c5
b0ef8522
4505e07f
442240b2
01414492
46858082
05934631
852205b0
d7fff0ef
25b7d569
85931001
46011705
b0ef8522
76fdddbf
8d7516fd
100125b7
8ec96685
17058593
46018522
db7fb0ef
bf6d4501
88ae1141
480147a1
47014681
04b00593
c6064601
c226c422
f0ef842a
4885f9ef
48014785
470146e1
04a00593
85224601
f88ff0ef
03200493
06400513
b0ef14fd
ec99f15f
100125b7
16c58593
85224601
d69fb0ef
40b24505
44924422
80820141
46314685
05b00593
f0ef8522
d569ce1f
100125b7
17058593
85224601
d3dfb0ef
16fd76fd
25b78d75
66851001
85938ec9
85221705
b0ef4601
4501d19f
75b7bf6d
11411001
81c58593
c6064601
842ac422
d09fb0ef
100175b7
00156693
81c58593
46018522
cebfb0ef
442240b2
01414501
65b78082
11411001
0a458593
c6064601
842ac422
cd5fb0ef
f80106b7
8d7516fd
100165b7
02fc06b7
85938ec9
85220a45
b0ef4601
65b7cadf
85931001
46010a85
b0ef8522
06b7ca7f
8693fff8
8d750ff6
100165b7
000306b7
85938ec9
85220a85
b0ef4601
65b7c7df
85931001
46010ac5
b0ef8522
7693c77f
65b78005
e6931001
85223586
0ac58593
b0ef4601
65b7c55f
85931001
46010b05
b0ef8522
7693c4ff
65b78005
e6931001
852230c6
0b058593
b0ef4601
65b7c2df
85931001
46010b45
b0ef8522
7693c27f
65b78005
e6931001
85223286
0b458593
b0ef4601
65b7c05f
85931001
46010b85
b0ef8522
7693bfff
65b78005
85221001
32c6e693
0b858593
b0ef4601
8522bddf
ec7ff0ef
442240b2
01414501
11018082
cc22ce06
842aca26
c64ec84a
89ae8932
a93ff0ef
e0ef8522
25b7e45f
85931001
46011705
b0ef8522
76fdbabf
8d7516fd
100125b7
8ec96685
17058593
85224601
b87fb0ef
100125b7
17058593
85224601
b81fb0ef
ff0006b7
8d7516fd
100125b7
010006b7
85938ec9
46011705
b0ef8522
25b7b59f
85931001
46011705
b0ef8522
25b7b53f
66931001
85934005
46011705
b0ef8522
4789b35f
46894709
45894609
f0ef8522
0493d68f
84630550
04930009
25b70ff0
85931001
460116c5
b0ef8522
25b7b13f
85931001
46011705
b0ef8522
25b7b03f
85931001
46011745
b0ef8522
25b7af3f
46811001
17458593
85224601
ad7fb0ef
100125b7
010006b7
85934601
85221705
ac3fb0ef
852285a6
a99ff0ef
100125b7
16c58593
85224601
ab5fb0ef
100125b7
17058593
85224601
aa5fb0ef
100125b7
17458593
85224601
a95fb0ef
15634785
852200f9
da3ff0ef
852285a6
af3ff0ef
852285a6
b85ff0ef
852285a6
c1bff0ef
852285a6
cb1ff0ef
446240f2
494244d2
450149b2
80826105
ca261101
100104b7
c452c64e
8a32c256
89b68aae
2a848593
10000693
ce064601
c84acc22
893a842a
860fe0ef
010a9613
29048593
0fff06b7
e0ef8522
668584ef
85938652
16fd2944
e0ef8522
961383ef
85930109
06b72944
852200ff
82cfe0ef
ff0006b7
01891613
29448593
e0ef8522
05b781af
85931001
46012a85
b0ef8522
05b79d7f
85931001
46012905
b0ef8522
05b79c7f
85931001
85222945
b0ef4601
40f29b7f
44d24462
49b24942
4a924a22
45814501
80826105
ca261101
100104b7
c64ec84a
89b28936
862e46bd
29048593
cc22ce06
d0ef842a
9613fb3f
85930089
06932904
85227000
fa1fd0ef
0f0006b7
01891613
28c48593
d0ef8522
05b7f8ff
85931001
460128c5
b0ef8522
05b794bf
85931001
85222905
b0ef4601
40f293bf
44d24462
49b24942
45814501
80826105
25b7862e
46851001
6e058593
f4dfd06f
00859613
100125b7
10000693
1a458593
f39fd06f
c6521101
8a37c25a
8b371001
cc221001
c84aca26
c05ec456
84aace06
8432892e
088a0a13
0b134a81
4b81084b
4529ec01
446240f2
494244d2
4aa24a32
4b824b12
80826105
852685ca
831fe0ef
865685d2
b0ef8526
89098aff
e519147d
865e85da
b0ef8526
b7d989ff
b7d94501
c84a1101
10010937
ca26cc22
c452c64e
84aace06
0913842e
49815789
02000a37
452de811
446240f2
494244d2
4a2249b2
80826105
864e85ca
b0ef8526
753385bf
147d0145
4501dd71
7171bff1
d14ad522
892e4685
45858432
d7060890
d326cd52
cb56cf4e
8a2ac95a
e0efc882
061389ff
45810200
a0ef1808
4785c8cf
d202d002
d602d402
00f41563
d23e57fd
cc02d63e
4481ce02
44014781
0a934981
0b1301c1
e3990181
0324e063
0413c019
50ba1000
542a8522
590a549a
4a6a49fa
4b4a4ada
8082614d
c256181c
0893c05a
48050201
46854701
45814675
e0ef8552
47e2c8df
0985e391
871347f2
97ce0014
37b3943e
84ba0097
7135b77d
0a93c356
cd220401
c552c94a
8a2a892e
45818432
02000613
cf068556
c74ecb26
dedec15a
dae6dce2
d6eed8ea
bdefa0ef
d8024785
dc02da02
1563de02
57fd00f4
de3eda3e
d402d202
4481d602
44014781
0b134981
0b9302c1
0c130281
0c930241
4d050301
e3994da5
0324e563
0413c019
40fa2000
446a8522
494a44da
4a2a49ba
4b0a4a9a
5c665bf6
5d465cd6
610d5db6
47818082
ca5ecc5a
c666c862
c26ec46a
4881c056
47014801
46754685
85524581
991fe0ef
e3915792
57b20985
00148713
943e97ce
009737b3
bf7184ba
ca261101
74b7c84a
09371001
c64e0002
f0090693
89ae4601
a0c48593
cc22ce06
d0ef842a
0693ce3f
4601f009
a2c48593
d0ef8522
0693cd3f
4601f009
a3448593
d0ef8522
0693cc3f
4601f009
a2448593
d0ef8522
4785cb3f
18f99963
3c000693
24000613
a0048593
d0ef8522
0693c9bf
06133c00
85932400
8522a044
c89fd0ef
0003c6b7
00024637
a0848593
d0ef8522
c6b7c77f
66710003
a1048593
d0ef8522
c6b7c67f
46370003
85930002
8522a304
c55fd0ef
0003c6b7
85936661
8522a204
c45fd0ef
0003c6b7
85936661
8522a284
d0ef6905
49b7c33f
85931001
06931849
0613f009
85229009
c1dfd0ef
58498593
f0090693
90090613
d0ef8522
59b7c0bf
85931001
06939849
0613f009
85229009
bf5fd0ef
d8498593
f0090693
90090613
d0ef8522
8593be3f
06931849
0613f009
85229009
bd1fd0ef
58498593
f0090693
90090613
d0ef8522
69b7bbff
06931001
0613f009
85939009
85229849
ba9fd0ef
f0090693
90090613
d8498593
d0ef8522
0693b97f
06130f00
85930900
85229004
b85fd0ef
86936689
0613e006
8593c009
85229004
b71fd0ef
0ff00693
85934619
85229304
b61fd0ef
0003f6b7
85936641
85229a44
b51fd0ef
fc090693
40000613
9a448593
d0ef8522
06b7b3ff
460101e0
a2c48593
d0ef8522
06b7b2ff
460101e0
a2448593
d0ef8522
40f2b1ff
44d24462
49b24942
61054501
11018082
c256cc22
ca26ce06
c64ec84a
842ac452
9e638aae
64bd1405
0f048493
4a3704c2
76c11001
05938626
8522224a
addfd0ef
862676c1
624a0593
d0ef8522
5937acff
76c11001
05938626
8522a249
abdfd0ef
862676c1
e2490593
d0ef8522
76c1aaff
05938626
85222249
aa1fd0ef
862676c1
62490593
d0ef8522
69b7a93f
76c11001
85938626
8522a249
a81fd0ef
862676c1
e2498593
d0ef8522
4785a73f
0afa9f63
100174b7
16fd6689
06500613
90048593
d0ef8522
0693a57f
46190ff0
93048593
d0ef8522
06b7a47f
0637007f
05930002
8522160a
a35fd0ef
007f06b7
00020637
560a0593
d0ef8522
06b7a23f
0637007f
05930002
85229609
a11fd0ef
007f06b7
00020637
d6090593
d0ef8522
06b79fff
063707ff
85930002
85220a09
9edfd0ef
07ff06b7
00020637
4a098593
d0ef8522
06b79dbf
66410004
061316fd
85934046
85229a44
9c5fd0ef
001006b7
460916fd
9a848593
d0ef8522
40f29b3f
44d24462
49b24942
4a924a22
61054501
64858082
f0f48493
7159b565
8baec6de
d6864581
d2a6d4a2
84b2842a
ceced0ca
89b6893a
cad6ccd2
8abe8a42
8b46c8da
ab8fc0ef
85224585
ab0fc0ef
852285de
9effe0ef
d0ef8522
8613993f
4795fff4
00c7ed63
002167b7
63c78793
963e060a
8522421c
d0ef8782
4585d71f
f0ef8522
45859d7f
f0ef8522
47859dff
00fa1563
f0ef8522
478591af
10fa9263
d0ef8522
5756adff
16634785
458500f7
f0ef8522
5766bfbf
16634785
458500f7
f0ef8522
4b85de5f
860a4685
85224585
e0efc05e
4685ad4f
4585860a
c05e8522
ae4fe0ef
85da5676
f0ef8522
84aa993f
55f6e141
f0ef8522
84aa9f3f
1a63e935
4601017a
83634581
4585014a
f0ef8522
4785e9cf
00f99b63
100105b7
46054685
51858593
d0ef8522
0e6388bf
864e0009
852285ca
9ffff0ef
864e84aa
852285ca
a9fff0ef
57468cc9
13634785
069302f7
06130ff0
07133ff0
05930ff0
85220ff0
fc8ff0ef
461d46bd
852245bd
875ff0ef
542650b6
49f65906
4ad64a66
4bb64b46
54968526
80826165
e11fd0ef
d0efbdcd
b5f5fb9f
917fe0ef
d0efb5dd
b5c5ac3f
100105b7
030006b7
03000637
51458593
d0ef8522
bdc5ffef
c4634781
450100b7
97138082
972a0027
e3194318
b7f50785
05136541
8082b005
ca261101
cc22ce06
c62e84aa
e09f80ef
4632c905
842a85a6
daff80ef
8522ed09
e0ff80ef
a5036789
75131207
c5010ff5
05136541
40f2a005
44d24462
80826105
bfd54505
c2261141
450184aa
c04ac422
842ec606
80ef8932
cd1da24f
4781040a
02879463
a30f80ef
000407b7
1207a503
0ff57513
6541c501
a0050513
442240b2
49024492
80820141
00978733
07334314
079100f9
b7e9c314
b7cd4505
d4227179
e5b7842e
ca561002
07458593
46018ab2
d04ad226
cc52ce4e
c65ec85a
d6068a36
8b3a84aa
8e0fb0ef
45e14685
008696b3
02b40433
1002e937
08890993
00a6f7b3
bbb399a2
cb950089
865e85ce
b0ef8526
08638b6f
86d200aa
865e85ce
b0ef8526
50b289cf
54925422
49f25902
4ad24a62
4bb24b42
61454501
e5b78082
8ec91002
07458593
46018526
872fb0ef
07890593
b63395a2
86da0085
b0ef8526
0593860f
95a20809
b63386d6
85260085
84efb0ef
57fdb75d
06f74563
cc221101
c84aca26
c452c64e
ce06c256
892e84aa
8a3689b2
5afd843a
02f71663
460185ca
b0ef8526
c7b3826f
f7b300a9
f7fd0147
40f24501
44d24462
49b24942
4a924a22
80826105
460185ca
a0ef8526
47b3ffff
f7b30135
dfe90147
15e3147d
5579ff54
5575bfc9
00008082
00000000
0020b150
00000000
0020b150
00000000
0020b150
00000000
0020b150
00000000
0020b150
00000000
0020b97e
00000000
0020b150
00000000
0020b150
00000000
0020b150
00000000
0020b8a2
00000000
0020b150
00000000
0020b150
00000000
0020c9c0
00000000
0020db8e
00000000
0020cd54
00000000
0020c6e0
00000000
0020c872
00000000
0020b150
00000000
0020b150
00000000
0020b150
00000000
0020b150
00000000
0020b150
00000000
0020b150
00000000
0020b150
00000000
0020b150
00000000
0020b150
00000000
0020b150
00000000
0020b150
00000000
0020b150
00000000
0020b150
00000000
0020b150
00000000
0020b150
00000000
0020b150
00000000
0020b150
00000000
0020b150
00000000
0020b150
00000000
0020b150
00000000
0020b150
00000000
0020b150
00000000
0020b150
00000000
0020b150
00000000
0020b150
00000000
0020b150
00000000
0020b150
00000000
0020b150
00000000
0020b150
00000000
0020b150
00000000
0020b150
00000000
0020b150
00000000
0020b150
00000000
0020b150
00000000
0020b150
00000000
0020b150
00000000
0020b150
00000000
0020b150
00000000
0020b150
00000000
0020b150
00000000
0020b150
00000000
0020b150
00000000
0020b150
00000000
0020b150
00000000
0020b150
00000000
0020b150
00000000
0020b150
00215128
0020b82c
00000000
00215128
0020b890
00000000
00215480
0020b9f0
00000000
0021548c
0020c472
00000000
002154ac
0020c85e
00000000
002154cc
0020c9ac
00000000
002154ec
0020cc56
00000000
002154f8
0020cc6a
00000000
00215128
0020cd3c
00000000
00215504
0020cd40
00000000
00215128
0020cd9c
00000000
00215524
0020cfb4
00000000
00215540
0020d3ae
00000000
00215560
0020d46a
00000000
00215594
0020d670
00000000
00215634
0020d684
00000000
00215128
0020d7f8
00000000
00215640
0020d7fc
00000000
00215670
0020d836
00000000
00215690
0020d912
00000000
00215128
0020db54
00000000
0021637c
0020db72
00000000
00215128
0020e3a4
00000000
00000000
20000002
00000500
00010801
00802004
00141000
00088048
500000a0
0c024000
00600210
00000500
00010801
00802004
00141000
00088048
500000a0
0c024000
00600210
00206074
00206068
00205df2
00205e34
00206068
00206068
00205f52
00205fce
00206068
00205f10
00206068
00206068
00206068
00206068
00206068
00206068
00206068
00205eb0
00000003
0000000c
00000030
000000c0
00206872
00206de4
002067e4
00206756
00206de4
00206de4
00206de4
00206de4
00206de4
00206de4
00206de4
00206de4
00206de4
00206de4
00206de4
00206de4
00206910
00206b06
00000001
00000000
00000000
00000001
00000001
00000001
00000000
00000001
00000001
00000001
00000000
00000000
00000000
00000000
00000000
00000000
00000001
00000000
00000000
00000001
00000001
00000003
00000000
00000001
00000003
00000003
00000000
00000000
00000000
00000000
00000000
00000000
00000000
00000000
00000000
00000000
00000000
00000001
00000000
00000000
00000001
00000001
00000000
00000000
00000000
00000000
00000000
00000000
00000001
00000002
00000003
00000000
53545650
56205445
00544c4f
47545650
56205445
00544c4f
53545650
54205445
00504d45
47545650
54205445
00504d45
80000000
90000000
a0000000
b0000000
00000000
2ab74240
fa165731
11111111
22222222
33333333
44444444
02020100
03030303
04040404
04040404
05050505
05050505
05050505
05050505
06060606
06060606
06060606
06060606
06060606
06060606
06060606
06060606
07070707
07070707
07070707
07070707
07070707
07070707
07070707
07070707
07070707
07070707
07070707
07070707
07070707
07070707
07070707
07070707
08080808
08080808
08080808
08080808
08080808
08080808
08080808
08080808
08080808
08080808
08080808
08080808
08080808
08080808
08080808
08080808
08080808
08080808
08080808
08080808
08080808
08080808
08080808
08080808
08080808
08080808
08080808
08080808
08080808
08080808
08080808
08080808
0000000e
0000000d
00000006
00000005
00000004
00000003
0000000a
00000009
00000008
00000007
0000000c
0000000b
00000001
00000002
00000000
0000000e
0000000c
0000000d
00000005
00000004
00000003
00000002
00000009
00000008
00000007
00000006
0000000b
0000000a
00000001
00000000
0000000d
0000000e
00000003
00000004
00000005
00000006
00000007
00000008
00000009
0000000a
0000000b
0000000c
00000000
00000001
00000002
00000003
00000004
00000005
00000006
00000007
00000008
00000009
0000000a
0000000b
6b636142
63617274
00003a65
25783020
00000078
65726f43
000a3a73
25206469
74732078
73757461
0a782520
00000000
65737365
6169746e
6874206c
64616572
00000000
00525349
61746146
6166206c
20746c75
25206e69
53202173
6e6e6970
2e676e69
000a2e2e
61746146
6166206c
20746c75
74206e69
61657268
70252064
62412021
6974726f
0a2e676e
00000000
2a2a2a2a
72654b20
206c656e
6f6c6c41
69746163
46206e6f
756c6961
20216572
2a2a2a2a
0000000a
2a2a2a2a
654b202a
6c656e72
504f4f20
2a202153
2a2a2a2a
0000000a
2a2a2a2a
654b202a
6c656e72
6e615020
20216369
2a2a2a2a
00000a2a
2a2a2a2a
6b6e5520
6e776f6e
74614620
45206c61
726f7272
21642520
2a2a2a20
00000a2a
72727543
20746e65
65726874
49206461
203d2044
460a7025
746c7561
20676e69
74736e69
74637572
206e6f69
72646461
20737365
7830203d
200a7825
3a617220
25783020
67202078
30203a70
20782578
3a707420
25783020
74202078
30203a30
0a782578
31742020
7830203a
20207825
203a3274
78257830
33742020
7830203a
20207825
203a3474
78257830
7420200a
30203a35
20782578
3a367420
25783020
61202078
30203a30
20782578
3a316120
25783020
20200a78
203a3261
78257830
33612020
7830203a
20207825
203a3461
78257830
35612020
7830203a
200a7825
3a366120
25783020
61202078
30203a37
20782578
3a707320
25783020
00000a78
0020b082
0020b108
0020b108
0020b078
0020b082
0020b0f0
0020b0fc
65637845
6f697470
6163206e
20657375
28207325
0a296425
00000000
74736e49
74637572
206e6f69
72646461
20737365
6173696d
6e67696c
00006465
74736e49
74637572
206e6f69
65636341
66207373
746c7561
00000000
656c6c49
206c6167
74736e69
74637572
006e6f69
61657242
696f706b
0000746e
64616f4c
64646120
73736572
73696d20
67696c61
0064656e
64616f4c
63636120
20737365
6c756166
00000074
726f7453
64612065
73657264
696d2073
696c6173
64656e67
00000000
726f7453
63612065
73736563
75616620
0000746c
6f6d2d55
65206564
6c6c6163
00000000
6f6d2d53
65206564
6c6c6163
00000000
74736e49
74637572
206e6f69
65676170
75616620
0000746c
64616f4c
67617020
61662065
00746c75
726f7453
61702065
66206567
746c7561
00000000
deadbaad
deadbaad
deadbaad
deadbaad
deadbaad
deadbaad
deadbaad
deadbaad
deadbaad
deadbaad
deadbaad
deadbaad
deadbaad
deadbaad
deadbaad
deadbaad
deadbaad
deadbaad
deadbaad
deadbaad
0021512c
0021514c
00215168
0021517c
00215188
002151a0
002151b4
002151d0
002151e4
002151f4
002169fc
002169fc
00215204
0021521c
002169fc
0021522c
002169fc
72757053
73756f69
746e6920
75727265
64207470
63657465
21646574
51524920
6425203a
0000000a
43494c50
746e6920
75727265
6c207470
20656e69
73756163
20676e69
20656874
3a515249
0a642520
00000000
0020b748
0020b754
0020b754
0020b754
0020b754
0020b754
0020b754
0020b754
0020b768
0020b754
0020b754
0020b5b8
0020b5c0
0020b5c0
0020b5c0
0020b5c0
0020b5c0
0020b5c0
0020b5c0
0020b5c0
0020b5c0
0020b754
0020b754
0020b754
0020b754
0020b754
0020b754
0020b754
0020b754
0020b754
0020b754
0020b754
0020b754
0020b754
0020b754
0020b754
0020b754
0020b754
0020b754
0020b754
0020b754
0020b754
0020b754
0020b754
0020b754
0020b754
0020b754
0020b754
0020b754
0020b754
0020b754
0020b6bc
0020b754
0020b754
0020b754
0020b754
0020b754
0020b754
0020b754
0020b754
0020b754
0020b754
0020b736
0020b5e4
0020b754
0020b754
0020b754
0020b578
0020b5e4
0020b754
0020b754
0020b5e0
0020b754
0020b754
0020b754
0020b6a8
0020b754
0020b754
0020b6f0
0020b754
0020b654
0020b754
0020b754
0020b6bc
0020b754
0020b578
5f737973
636f6c63
0000006b
54524d43
4349535f
00000000
0020c100
0020c0e8
0020c1fa
0020c4e0
0020c0b8
54524d43
434d4f5f
00000000
00000000
00000000
0020c84a
0020c81c
00000000
54524d43
414d445f
00000043
00000000
00000000
0020c920
0020c94c
0020c968
54524d43
4341535f
00000000
54524d43
55504d5f
00000000
54524d43
43444b5f
00000000
00000000
00000000
0020cd16
0020ccbc
00000000
54524d43
0043485f
0020cd92
00000000
00000000
00000000
00000000
54524d43
434d465f
00000000
00000000
00000000
00000000
00000000
00000000
54524d43
434d545f
00000000
00000000
00000001
000000f0
000000f3
00000080
0020d5fa
00000000
0020d458
0020d47e
0020d5cc
54524d43
0043435f
00000000
00000000
00000000
00000000
00000000
0020d708
0020d702
0020d73e
0020d708
0020d73e
0020d708
0020d708
0020d708
0020d728
0020d708
0020d708
0020d708
0020d708
0020d708
0020d708
0020d708
0020d72e
0020d708
0020d708
0020d708
0020d708
0020d708
0020d708
0020d708
0020d708
0020d708
0020d708
0020d708
0020d708
0020d708
0020d708
0020d708
0020d732
54524d43
4341455f
00000000
54524d43
5345415f
00000000
00000000
00000000
00000000
00000000
00000000
00010000
0020d778
0020d77c
0020d786
54524d43
43544b5f
00000000
00000000
00000000
00000000
00000000
00000000
54524d43
4449535f
00000000
0020d84a
00000000
0020d87c
0020d884
0020d8cc
55aa55aa
00000006
00000001
00000000
00000001
00000001
00000001
00000000
00000000
00000000
00000000
00000000
00000000
00000000
0020e0cc
55aa55aa
55aa55aa
00000007
00000001
00000000
00000001
00000001
00000002
00000000
00000000
00000000
00000000
00000000
00000000
00000000
0020e0cc
55aa55aa
55aa55aa
00000008
00000001
00000000
00000001
00000001
00000003
00000000
00000000
00000000
00000000
00000000
00000000
00000000
0020e0cc
55aa55aa
55aa55aa
00000008
00000001
00000000
00000001
00000001
00000007
00000000
00000000
00000000
00000000
00000000
00000000
00000000
0020e0cc
55aa55aa
55aa55aa
0000000c
00000001
00000000
00000001
00000001
00000004
00000000
00000000
00000000
00000000
00000000
00000000
00000000
0020e0cc
55aa55aa
55aa55aa
00000011
00000001
00000000
00000001
00000001
00000005
00000000
00000000
00000000
00000000
00000000
00000000
00000000
0020e0cc
55aa55aa
55aa55aa
00000006
00000001
00000000
00000001
00000001
00000011
00000000
00000000
00000000
00000000
00000000
00000000
00000000
0020e0cc
55aa55aa
55aa55aa
00000007
00000001
00000000
00000001
00000001
00000012
00000000
00000000
00000000
00000000
00000000
00000000
00000000
0020e0cc
55aa55aa
55aa55aa
00000008
00000001
00000000
00000001
00000001
00000013
00000000
00000000
00000000
00000000
00000000
00000000
00000000
0020e0cc
55aa55aa
55aa55aa
0000000a
00000001
00000000
00000001
00000001
00000014
00000000
00000000
00000000
00000000
00000000
00000000
00000000
0020e0cc
55aa55aa
55aa55aa
0000000c
00000001
00000000
00000001
00000001
00000015
00000000
00000000
00000000
00000000
00000000
00000000
00000000
0020e0cc
55aa55aa
55aa55aa
00000010
00000001
00000000
00000001
00000001
00000016
00000000
00000000
00000000
00000000
00000000
00000000
00000000
0020e0cc
55aa55aa
55aa55aa
00000008
00000001
00000001
00000000
00000000
00000000
00215a30
00000000
002159f0
00000000
00215a10
00000000
00000000
0020e1ca
55aa55aa
0001db41
00000000
00000000
00000000
00000000
00000000
00000000
00000000
00000009
00000000
00000000
00000000
00000000
00000000
00000000
00000000
ffffffed
ffffffff
ffffffff
ffffffff
ffffffff
ffffffff
ffffffff
7fffffff
55aa55aa
0000000e
00000001
00000001
00000000
00000000
00000000
00215b00
00000000
00215a90
00000000
00215ac8
00000000
00000000
0020e1ca
55aa55aa
000098a9
00000000
00000000
00000000
00000000
00000000
00000000
00000000
00000000
00000000
00000000
00000000
00000000
00000000
00000005
00000000
00000000
00000000
00000000
00000000
00000000
00000000
00000000
00000000
00000000
00000000
00000000
00000000
ffffffff
ffffffff
ffffffff
ffffffff
ffffffff
ffffffff
ffffffff
fffffffe
ffffffff
ffffffff
ffffffff
ffffffff
ffffffff
ffffffff
55aa55aa
00000008
00000001
00000000
00000001
00000001
00000021
00000000
00000000
00000000
00000000
00000000
00000000
00000000
0020e0cc
55aa55aa
55aa55aa
00000008
00000001
00000000
00000001
00000001
00000017
00000000
00000000
00000000
00000000
00000000
00000000
00000000
0020e0cc
55aa55aa
55aa55aa
0000000e
00000001
00000000
00000001
00000001
00000022
00000000
00000000
00000000
00000000
00000000
00000000
00000000
0020e0cc
55aa55aa
55aa55aa
00000006
00000001
00000000
00000000
00000000
00000000
00215cb0
00215c98
00215c38
00215c50
00215c68
00215c80
00000000
0020e0cc
00000000
e1a86294
8fce476d
93d18db7
a7a34630
932a36cd
c302f41d
27897b79
fb68542e
3b35bec2
68f9deb4
ec78681e
13d56ffa
f4618129
2c446af6
bbf43fa7
282e1fe7
82f63c30
3ae9e58c
7ccc01c9
b7e5b3de
449d0084
902ab5ca
67c2223a
097e2c56
9ac4acc1
5be8f102
9e9e916b
a7a3462f
932a36cd
c302f41d
e1a86297
8fce476d
93d18db7
a7a34630
932a36cd
c302f41d
55aa55aa
00000007
00000001
00000000
00000000
00000000
00000000
00215d94
00215d78
00215d08
00215d24
00215d40
00215d5c
00000000
0020e0cc
00000000
7ec8c0fc
97da89f5
b09f0757
75d1d787
2a183025
26436686
d7c134aa
8a60888d
b3bb64f1
0da14c08
0ced1ed2
ef271bf6
4104cd7b
4b337d93
29b4d580
8ac0c760
cb49f892
fe14762e
96424e7f
ce25ff38
6ab1e344
1a46db4c
1c6abd5f
41c8cc0d
7c0d4b1e
d23f3f4d
143e568c
0374e9f5
a5a7939f
6ddebca3
d116bc4b
75d0fb98
2a183025
26436686
d7c134aa
7ec8c0ff
97da89f5
b09f0757
75d1d787
2a183025
26436686
d7c134aa
55aa55aa
00000008
00000001
00000000
00000000
00000000
00000000
00215e90
00215e70
00215df0
00215e10
00215e30
00215e50
00000000
0020e0cc
00000000
1f6e5374
2013481d
d5262028
6e3bf623
9d838d72
3e660a90
a1eea9bc
a9fb57db
fee92b04
6ae58101
af2f4925
bf93ebc4
3d0b76b7
fe66a773
30d84ea4
662c61c4
2e1305f4
79a19156
7aafbc2b
afa142c4
3a656149
732213b2
c1cfe7b7
a3e8eb3c
5b25c9be
1dabe8f3
39d02700
69bcb6de
4644417e
7f7b22e1
3439c56d
2d996c82
974856a7
901e0e82
b561a6f7
8c397aa3
9d838d71
3e660a90
a1eea9bc
a9fb57db
1f6e5377
2013481d
d5262028
6e3bf623
9d838d72
3e660a90
a1eea9bc
a9fb57db
55aa55aa
0000000a
00000001
00000000
00000000
00000000
00000000
00215fb8
00215f90
00215ef0
00215f18
00215f40
00215f68
00000000
0020e0cc
00000000
f1b32e24
fcd412b1
7893ec28
4f92b9ec
f6f40def
f98fcfa6
d201e065
e13c785e
36bc4fb7
d35e4720
22340353
b5b4fef4
b8a547ce
80aaf77f
7ed27c67
064c19f2
db782013
60b3d147
38eb1ed5
a7f561e0
a21bed52
3357f624
cc136fff
7ee07868
6c4f09cb
3408ab10
90010f81
4d3e7d49
01afc6fb
925be9fb
5fb0d2c3
1b9bc045
9d1ee71b
42a5a098
a0b077ad
ee084e58
7abb30eb
6671dbef
27483ebf
63ba3a7a
44c59311
8691555b
ee8658e9
2d482ec7
b68f12a3
f98fcfa5
d201e065
e13c785e
36bc4fb7
d35e4720
f1b32e27
fcd412b1
7893ec28
4f92b9ec
f6f40def
f98fcfa6
d201e065
e13c785e
36bc4fb7
d35e4720
55aa55aa
0000000c
00000001
00000000
00000000
00000000
00000000
00216110
002160e0
00216020
00216050
00216080
002160b0
00000000
0020e0cc
00000000
3107ec50
87470013
901d1a71
acd3a729
7fb71123
12b1da19
ed5456b4
152f7109
50e641df
0f5d6f7e
a3386d28
8cb91e82
33b471ee
ed70355a
3b88805c
2074aa26
756dce1d
4b1abd11
8ccdc64e
4b9346ed
47910f8c
d826dba6
a7bda81b
7f519ead
418808cc
d8d0aa2f
946a5f54
c4ff191b
462aabff
2476fecd
ebd65317
9b80ab12
35f72a81
f2afcd72
2db9a306
18de98b0
9e582928
2675bf5b
4dc2b291
46940858
a208ccfe
3b88f2b6
5b7a1fca
747f9347
755ad336
a114afd2
62d30651
25ab0569
e9046565
3b883202
6b7fc310
cf3ab6af
ac0425a7
1f166e6c
ed5456b3
152f7109
50e641df
0f5d6f7e
a3386d28
8cb91e82
3107ec53
87470013
901d1a71
acd3a729
7fb71123
12b1da19
ed5456b4
152f7109
50e641df
0f5d6f7e
a3386d28
8cb91e82
55aa55aa
00000010
00000001
00000000
00000000
00000000
00000000
002162c0
00216280
00216180
002161c0
00216200
00216240
00000000
0020e0cc
00000000
583a48f0
28aa6056
2d82c685
2881ff2f
e6a380e6
aecda12a
9bc66842
7d4d9b00
70330871
d6639cca
b3c9d20e
cb308db3
33c9fc07
3fd4e6ae
dbe9c48b
aadd9db8
1867423e
180ea257
65763689
c22553b4
f2dae145
f6450085
04976540
2bcdfa23
ec3e36a6
7897504b
cb498152
21f70c0b
6884eae3
6e1890e4
441cfab7
7cbbbcf9
fa9035da
1baa2696
e26f06b5
f7a3f25f
d6943a64
99aa77a7
5cdb3ea4
82ba5173
39c0313d
9db1758d
58c56dde
ba858424
cbc2a6fe
b9c1ba06
12788717
640ece5c
00f8b332
e198b61e
6dbb8bac
306ecff9
df86a627
d71df2da
beef216b
d9932184
ae03cee9
1131159c
b71634c0
bb4e3019
6c84ace1
a2c89237
95f5af0f
5b534bd5
9ca90069
b5879682
085ddadd
1db1d381
7fac1047
41866119
4ca92619
553e5c41
70330870
d6639cca
b3c9d20e
cb308db3
33c9fc07
3fd4e6ae
dbe9c48b
aadd9db8
583a48f3
28aa6056
2d82c685
2881ff2f
e6a380e6
aecda12a
9bc66842
7d4d9b00
70330871
d6639cca
b3c9d20e
cb308db3
33c9fc07
3fd4e6ae
dbe9c48b
aadd9db8
0020dc42
0020dd5c
0020dcda
0020dce4
0020dcee
0020dcf8
0020dc34
0020dd52
0020dd02
0020dd0c
0020dd16
0020dd20
0020dc70
0020dc66
0020dd66
0020dcbc
0020dcc6
0020dcd0
0020dc0c
0020dc16
0020dc16
0020dc16
0020dc16
0020dc16
0020dc16
0020dc16
0020dc16
0020dd2a
0020dd3e
0020dd48
0020dd34
54524d43
454b505f
00000000
0000000a
0000000b
0000000c
0000000d
0000000e
0000000f
0000000a
0000000b
0000000c
0000000d
0000000e
0000000f
0000000a
0000000b
0000000c
0000000d
0000000e
0000000f
0000000a
ffffffff
ffffffff
ffffffff
0000000e
0000000f
0000000a
ffffffff
ffffffff
0000000d
0000000e
0000000f
0020dafe
00000000
0020db42
0020e080
0020db58
00216a0c
00216ad8
00216ae4
00216b20
00216b20
656c6469
00000000
6e69616d
00000000
2a2a2a2a
6f42202a
6e69746f
655a2067
72796870
20534f20
34312e31
2a20322e
2a2a2a2a
0000000a
00210326
00210330
0021033a
00210344
0021034e
00210358
00210362
0021036c
00210376
00210380
0021038a
00210394
002103e4
002103ee
002103f8
00210402
0021040c
00210416
00210420
0021042a
00210434
0021043e
00210448
00210452
1000601c
10006020
10006058
10006014
10006018
10006054
10006008
1000603c
10006044
1000600c
10006040
10006048
00210c18
00210c1e
00210c28
00210c2c
00210c30
00210c34
00210c38
00210c3c
00210c40
00210c44
00210c50
00210da2
00210da6
00210db0
00210db4
00210db8
00210dbc
00210dc0
00210dc4
00210dc8
00210dcc
00210dd6
00210e10
00210e14
00210e1e
00210e22
00210e26
00210e2a
00210e2e
00210e32
00210e36
00210e3a
00210e44
00210ea0
00210ed8
00210ede
00210ee4
00210eea
00210ef0
00210ef6
00210efc
00210f02
00210f08
00210f0e
00210f14
00210f1a
00210f20
00210f26
00210f2c
00210f32
00210f58
00210f6a
00210f7c
00210f8e
00210fa0
00210fb2
00210fc4
00210fd6
00210fe8
00210ffa
0021100c
0021101e
00211030
00211042
00211054
00211066
00211078
002110ca
0021115a
00211106
0021110c
00211112
00211118
0021111e
00211124
0021112a
00211130
00211136
0021113c
00211142
00211148
0021114e
00211154
002144be
002145cc
002145d2
002145d8
002145d8
002145de
00000000
00060001
03000064
002173bc
00000000
00000000
00000000
00000000
00000000
00000000
00000000
00000000
00000000
00000000
00000000
00000000
00000000
00010140
000f0024
00217614
00000000
00000000
00000000
00000000
00000000
00000000
00000000
00000000
00000000
00000000
00000000
00000000
00000000
00010162
00030098
00217638
00000000
00000000
00000000
00000000
00000000
00000000
00000000
00000000
00000000
00000000
00000000
00000000
00000000
00010150
00030028
002176d0
00000000
00000000
00000000
00000000
00000000
00000000
00000000
00000000
00000000
00000000
00000000
00000000
00000000
00010120
00000030
002176f8
00000000
00000000
00000000
00000000
00000000
00000000
00000000
00000000
00000000
00000000
00000000
00000000
00000000
00010002
00000024
00217728
00000000
00000000
00000000
00000000
00000000
00000000
00000000
00000000
00000000
00000000
00000000
00000000
00000000
00010104
00000030
0021774c
00000000
00000000
00000000
00000000
00000000
00000000
00000000
00000000
00000000
00000000
00000000
00000000
00000000
00010108
00000024
0021777c
00000000
00000000
00000000
00000000
00000000
00000000
00000000
00000000
00000000
00000000
00000000
00000000
00000000
00010110
0000002c
002177a0
00000000
00000000
00000000
00000000
00000000
00000000
00000000
00000000
00000000
00000000
00000000
00000000
00000000
00010152
00000024
002177cc
00000000
00000000
00000000
00000000
00000000
00000000
00000000
00000000
00000000
00000000
00000000
00000000
00000000
00010000
00000034
002177f0
00000000
00000000
00000000
00000000
00000000
00000000
00000000
00000000
00000000
00000000
00000000
00000000
00000000
00010130
00010078
00216f38
00000000
00000000
00000000
00000000
00000000
00000000
00000000
00000000
00000000
00000000
00000000
00000000
00000000
00000000
00000040
00000040
00000060
00000060
00000000
00000000
00000020
00000040
00000020
00000000
00000000
00000000
00000020
00000000
00000000
00000000
00000000
00000000
00000020
00000000
00000000
00000000
00000000
00000000
00000000
00000000
00000000
00000000
00000040
0020b336
fffffcff
0020e470
002169dc
002169dc
14000000
127fe000
12200000
00000002
00000200
00000019
6e6b6e75
006e776f
fffffff5
00217824
00214a34
00000000
00000000
00214ae8
00000000
00000000
002149e0
00000000
00000000
002149ec
00000000
00000000
00214a10
002154b8
00216694
00214a28
00000000
00000000
00214a88
0021559c
00216814
00214a94
00000000
00000000
00214a7c
00215580
002167d4
00214a04
00215498
00216654
00214a1c
002154d8
002166d4
00214a4c
00215510
00216714
00214a64
0021552c
00216754
00214a70
0021554c
00216794
00214aac
0021564c
00216854
00214ab8
0021567c
00216894
00214adc
00216400
00216914
002149f8
00000000
00000000
00214ac4
0021569c
002168d4
00214a40
00000000
00000000
00214a58
00000000
00000000
00214aa0
00000000
00000000
00214ad0
00000000
00000000
00216b20
00216b20
00000000
00000000
0000000f
00216b34
00216b34
00000000
00000000
0000000f
00216b48
00216b48
00000000
00000000
0000000f
00204000
002147e0
00214af8
00216654
00216654
00216b5c
00216b60
002179f0
002179f0
002203f0
00204004
00204000
00000034
00000048
00000001
06937162
c6afb9e9
84069542
897c2d7a
2e504fa8
348c8a64
56b80876
8274d363
00000001
c0ffbeef
00000001
0f0fff1f
fffffe0f
7fffffff
bfff8000
00000000
8000ffff
00000000
00000001
00000040
bb4a1ef6
2ade9ebe
1f48209f
d333253d
ecc0f6ea
da0a2bda
c51ee68d
5d482df9
6b06470c
8ed76914
87969f10
d00ef4e8
f9804435
9c48bbe3
80d00712
99550670
00000040
28dbbd80
e6608a81
15baca15
9ce8b492
aa5f9ab2
cc32c5c7
35c8d19b
6aeaf17e
f36a0b80
ebe19ae2
1afa9cae
61440ea5
2459f9d5
9d4cfbde
93bbe465
c98f2b9f
000000e0
00000000
00000000
00000000
00000000
00000000
00000000
00000000
00000000
00000000
00000000
00000000
00000000
00000000
00000000
00000000
00000000
00000000
00000000
00000000
00000000
00000000
00000000
00000000
00000000
00000000
00000000
00000000
00000000
00000000
00000000
00000000
00000000
00000000
00000000
00000000
00000000
00000000
00000000
00000000
00000000
00000000
00000000
00000000
00000000
00000000
00000000
00000000
00000000
00000000
00000000
00000000
00000000
00000000
00000000
00000000
00000000
00000000
00000000
00000000
00000000
00000000
00000000
00000000
00000000
00000000
00000000
00000000
00000000
00000000
00000000
00000000
00000000
00000000
00000000
00000000
00000000
00000000
00000000
00000000
00000000
00000000
00000000
00000000
00000000
00000000
00000000
00000000
00000000
00000000
00000000
00000000
00000000
00000000
00000000
00000000
00000000
00000000
00000000
00000000
00000000
00000000
00000000
00000000
00000000
00000000
00000000
00000000
00000000
00000000
00000000
00000000
00000000
00000000
00000000
00000000
00000000
00000000
00000000
00000000
00000000
00000000
00000000
00000000
00000000
00000000
00000000
00000000
00000000
00000000
00000000
00000000
00000000
00000000
00000000
00000000
00000000
00000000
00000000
00000000
00000000
00000000
00000000
00000000
00000000
00000000
00000000
00000000
00000000
00000000
00000000
00000000
00000000
00000000
00000000
00000000
00000000
00000000
00000000
00000000
00000000
00000000
00000000
00000000
00000000
00000000
00000000
00000000
00000000
00000000
00000000
00000000
00000000
00000000
00000000
00000000
00000000
00000000
00000000
00000000
00000000
00000000
00000000
00000000
00000000
00000000
00000000
00000000
00000000
00000000
00000000
00000000
00000000
00000000
00000000
00000000
00000000
00000000
00000000
00000000
00000000
00000000
00000000
00000000
00000000
00000000
00000000
00000000
00000000
00000000
00000000
00000000
00000000
00000000
00000000
00000000
00000000
00000000
00000000
00000000
00000000
00000000
00000000
00000000
00000000
00000000
00000000
00000000
00000000
00000000
00000000
00000000
00000000
00000000
00000000
00000000
00000000
00000000
00000000
00000000
00000000
00000000
00000000
00000000
00000000
00000000
00000000
00000000
00000000
00000000
00000000
00000000
00000000
00000000
00000000
00000000
00000000
00000000
00000000
00000000
00000000
00000000
00000000
00000000
00000000
00000000
00000000
00000000
00000000
00000000
00000000
00000000
00000000
00000000
00000000
00000000
00000000
00000000
00000000
00000000
00000000
00000000
00000000
00000000
00000000
00000000
00000000
00000000
00000000
00000000
00000000
00000000
00000000
00000000
00000000
00000000
00000000
00000000
00000000
00000000
00000000
00000000
00000000
00000000
00000000
00000000
00000000
00000000
00000000
00000000
00000000
00000000
00000000
00000000
00000000
00000000
00000000
00000000
00000000
00000000
00000000
00000000
00000000
00000000
00000000
00000000
00000000
00000000
00000000
00000000
00000000
00000000
00000000
00000000
00000000
00000000
00000000
00000000
00000000
00000000
00000000
00000000
00000000
00000000
00000000
00000000
00000000
00000000
00000000
00000000
00000000
00000000
00000000
00000000
00000000
00000000
00000000
00000000
00000000
00000000
00000000
00000000
00000000
00000000
00000000
00000000
00000000
00000000
00000000
00000000
00000000
00000000
00000000
00000000
00000000
00000000
00000000
00000000
00000000
00000000
00000000
00000000
00000000
00000000
00000000
00000000
00000000
00000000
00000000
00000000
00000000
00000000
00000000
00000000
00000000
00000000
00000000
00000000
00000000
00000000
00000000
00000000
00000000
00000000
00000000
00000000
00000000
00000000
00000000
00000000
00000000
00000000
00000000
00000000
00000000
00000000
00000000
00000000
00000000
00000000
00000000
00000000
00000000
00000000
00000000
00000000
00000000
00000000
00000000
00000000
00000000
00000000
00000000
00000000
00000000
00000000
00000000
00000000
00000000
00000000
00000000
00000000
00000000
00000000
00000000
00000000
00000000
00000000
00000000
00000000
00000000
00000000
00000000
00000000
00000000
00000000
00000000
00000000
00000000
00000000
00000000
00000000
00000000
00000000
00000000
00000000
00000000
00000000
00000000
00000000
00000000
00000000
00000000
00000000
00000000
00000000
00000000
00000000
00000000
00000000
00000000
00000000
00000000
00000000
00000000
00000000
00000000
00000000
00000000
00000000
00000000
00000000
00000000
00000000
00000000
00000000
00000000
00000000
00000000
00000000
00000000
00000000
00000000
00000000
00000000
00000000
00000000
00000000
00000000
00000000
00000000
00000000
00000000
00000000
00000000
00000000
00000000
00000000
00000000
00000000
00000000
00000000
00000000
00000000
00000000
00000000
00000000
00000000
00000000
00000000
00000000
00000000
00000000
00000000
00000000
00000000
00000000
00000000
00000000
00000000
00000000
00000000
00000000
00000000
00000000
00000000
00000000
00000000
00000000
00000000
00000000
00000000
00000000
00000000
00000000
00000000
00000000
00000000
00000000
00000000
00000000
00000000
00000000
00000000
00000000
00000000
00000000
00000000
00000000
00000000
00000000
00000000
00000000
00000000
00000000
00000000
00000000
00000000
00000000
00000000
00000000
00000000
00000000
00000000
00000000
00000000
00000000
00000000
00000000
00000000
00000000
00000000
00000000
00000000
00000000
00000000
00000000
00000000
00000000
00000000
00000000
00000000
00000000
00000000
00000000
00000000
00000000
00000000
00000000
00000000
00000000
00000000
00000000
00000000
00000000
00000000
00000000
00000000
00000000
00000000
00000000
00000000
00000000
00000000
00000000
00000000
00000000
00000000
00000000
00000000
00000000
00000000
00000000
00000000
00000000
00000000
00000000
00000000
00000000
00000000
00000000
00000000
00000000
00000000
00000000
00000000
00000000
00000000
00000000
00000000
00000000
00000000
00000000
00000000
00000000
00000000
00000000
00000000
00000000
00000000
00000000
00000000
00000000
00000000
00000000
00000000
00000000
00000000
00000000
00000000
00000000
00000000
00000000
00000000
00000000
00000000
00000000
00000000
00000000
00000000
00000000
00000000
00000000
00000000
00000000
00000000
00000000
00000000
00000000
00000000
00000000
00000000
00000000
00000000
00000000
00000000
00000000
00000000
00000000
00000000
00000000
00000000
00000000
00000000
00000000
00000000
00000000
00000000
00000000
00000000
00000000
00000000
00000000
00000000
00000000
00000000
00000000
00000000
00000000
00000000
00000000
00000000
00000000
00000000
00000000
00000000
00000000
00000000
00000000
00000000
00000000
00000000
00000000
00000000
00000000
00000000
00000000
00000000
00000000
00000000
00000000
00000000
00000000
00000000
00000000
00000000
00000000
00000000
00000000
00000000
00000000
00000000
00000000
00000000
00000000
00000000
00000000
00000000
00000000
00000000
00000000
00000000
00000000
00000000
00000000
00000000
00000000
00000000
00000000
00000000
00000000
00000000
00000000
00000000
00000000
00000000
00000000
00000000
00000000
00000000
00000000
00000000
00000000
00000000
00000000
00000000
00000000
00000000
00000000
00000000
00000000
00000000
00000000
00000000
00000000
00000000
00000000
00000000
00000000
00000000
00000000
00000000
00000000
00000000
00000000
00000000
00000000
00000000
00000000
00000000
00000000
00000000
00000000
00000000
00000000
00000000
00000000
00000000
00000000
00000000
00000000
00000000
00000000
00000000
00000000
00000000
00000000
00000000
00000000
00000000
00000000
00000000
00000000
00000000
00000000
00000000
00000000
00000000
00000000
00000000
00000000
00000000
00000000
00000000
00000000
00000000
00000000
00000000
00000000
00000000
00000000
00000000
00000000
00000000
00000000
00000000
00000000
00000000
00000000
00000000
00000000
00000000
00000000
00000000
00000000
00000000
00000000
00000000
00000000
00000000
00000000
00000000
00000000
00000000
00000000
00000000
00000000
00000000
00000000
00000000
00000000
00000000
00000000
00000000
00000000
00000000
00000000
00000000
00000000
00000000
00000000
00000000
00000000
00000000
00000000
00000000
00000000
00000000
00000000
00000000
00000000
00000000
00000000
00000000
00000000
00000000
00000000
00000000
00000000
00000000
00000000
00000000
00000000
00000000
00000000
00000000
00000000
00000000
00000000
00000000
00000000
00000000
00000000
00000000
00000000
00000000
00000000
00000000
00000000
00000000
00000000
00000000
00000000
00000000
00000000
00000000
00000000
00000000
00000000
00000000
00000000
00000000
00000000
00000000
00000000
00000000
00000000
00000000
00000000
00000000
00000000
00000000
00000000
00000000
00000000
00000000
00000000
00000000
00000000
00000000
00000000
00000000
00000000
00000000
00000000
00000000
00000000
00000000
00000000
00000000
00000000
00000000
00000000
00000000
00000000
00000000
00000000
00000000
00000000
00000000
00000000
00000000
00000000
00000000
00000000
00000000
00000000
00000000
00000000
00000000
00000000
00000000
00000000
00000000
00000000
00000000
00000000
00000000
00000000
00000000
00000000
00000000
00000000
00000000
00000000
00000000
00000000
00000000
00000000
00000000
00000000
00000000
00000000
00000000
00000000
00000000
00000000
00000000
00000000
00000000
00000000
00000000
00000000
00000000
00000000
00000000
00000000
00000000
00000000
00000000
00000000
00000000
00000000
00000000
00000000
00000000
00000000
00000000
00000000
00000000
00000000
00000000
00000000
00000000
00000000
00000000
00000000
00000000
00000000
00000000
00000000
00000000
00000000
00000000
00000000
00000000
00000000
00000000
00000000
00000000
00000000
00000000
00000000
00000000
00000000
00000000
00000000
00000000
00000000
00000000
00000000
00000000
00000000
00000000
00000000
00000000
00000000
00000000
00000000
00000000
00000000
00000000
00000000
00000000
00000000
00000000
00000000
00000000
00000000
00000000
00000000
00000000
00000000
00000000
00000000
00000000
00000000
00000000
00000000
00000000
00000000
00000000
00000000
00000000
00000000
00000000
00000000
00000000
00000000
00000000
00000000
00000000
00000000
00000000
00000000
00000000
00000000
00000000
00000000
00000000
00000000
00000000
00000000
00000000
00000000
00000000
00000000
00000000
00000000
00000000
00000000
00000000
00000000
00000000
00000000
00000000
00000000
00000000
00000000
00000000
00000000
00000000
00000000
00000000
00000000
00000000
00000000
00000000
00000000
00000000
00000000
00000000
00000000
00000000
00000000
00000000
00000000
00000000
00000000
00000000
00000000
00000000
00000000
00000000
00000000
00000000
00000000
00000000
00000000
00000000
00000000
00000000
00000000
00000000
00000000
00000000
00000000
00000000
00000000
00000000
00000000
00000000
00000000
00000000
00000000
00000000
00000000
00000000
00000000
00000000
00000000
00000000
00000000
00000000
00000000
00000000
00000000
00000000
00000000
00000000
00000000
00000000
00000000
00000000
00000000
00000000
00000000
00000000
00000000
00000000
00000000
00000000
00000000
00000000
00000000
00000000
00000000
00000000
00000000
00000000
00000000
00000000
00000000
00000000
00000000
00000000
00000000
00000000
00000000
00000000
00000000
00000000
00000000
00000000
00000000
00000000
00000000
00000000
00000000
00000000
00000000
00000000
00000000
00000000
00000000
00000000
00000000
00000000
00000000
00000000
00000000
00000000
00000000
00000000
00000000
00000000
00000000
00000000
00000000
00000000
00000000
00000000
00000000
00000000
00000000
00000000
00000000
00000000
00000000
00000000
00000000
00000000
00000000
00000000
00000000
00000000
00000000
00000000
00000000
00000000
00000000
00000000
00000000
00000000
00000000
00000000
00000000
00000000
00000000
00000000
00000000
00000000
00000000
00000000
00000000
00000000
00000000
00000000
00000000
00000000
00000000
00000000
00000000
00000000
00000000
00000000
00000000
00000000
00000000
00000000
00000000
00000000
00000000
00000000
00000000
00000000
00000000
00000000
00000000
00000000
00000000
00000000
00000000
00000000
00000000
00000000
00000000
00000000
00000000
00000000
00000000
00000000
00000000
00000000
00000000
00000000
00000000
00000000
00000000
00000000
00000000
00000000
00000000
00000000
00000000
00000000
00000000
00000000
00000000
00000000
00000000
00000000
00000000
00000000
00000000
00000000
00000000
00000000
00000000
00000000
00000000
00000000
00000000
00000000
00000000
00000000
00000000
00000000
00000000
00000000
00000000
00000000
00000000
00000000
00000000
00000000
00000000
00000000
00000000
00000000
00000000
00000000
00000000
00000000
00000000
00000000
00000000
00000000
00000000
00000000
00000000
00000000
00000000
00000000
00000000
00000000
00000000
00000000
00000000
00000000
00000000
00000000
00000000
00000000
00000000
00000000
00000000
00000000
00000000
00000000
00000000
00000000
00000000
00000000
00000000
00000000
00000000
00000000
00000000
00000000
00000000
00000000
00000000
00000000
00000000
00000000
00000000
00000000
00000000
00000000
00000000
00000000
00000000
00000000
00000000
00000000
00000000
00000000
00000000
00000000
00000000
00000000
00000000
00000000
00000000
00000000
00000000
00000000
00000000
00000000
00000000
00000000
00000000
00000000
00000000
00000000
00000000
00000000
00000000
00000000
00000000
00000000
00000000
00000000
00000000
00000000
00000000
00000000
00000000
00000000
00000000
00000000
00000000
00000000
00000000
00000000
00000000
00000000
00000000
00000000
00000000
00000000
00000000
00000000
00000000
00000000
00000000
00000000
00000000
00000000
00000000
00000000
00000000
00000000
00000000
00000000
00000000
00000000
00000000
00000000
00000000
00000000
00000000
00000000
00000000
00000000
00000000
00000000
00000000
00000000
00000000
00000000
00000000
00000000
00000000
00000000
00000000
00000000
00000000
00000000
00000000
00000000
00000000
00000000
00000000
00000000
00000000
00000000
00000000
00000000
00000000
00000000
00000000
00000000
00000000
00000000
00000000
00000000
00000000
00000000
00000000
00000000
00000000
00000000
00000000
00000000
00000000
00000000
00000000
00000000
00000000
00000000
00000000
00000000
00000000
00000000
00000000
00000000
00000000
00000000
00000000
00000000
00000000
00000000
00000000
00000000
00000000
00000000
00000000
00000000
00000000
00000000
00000000
00000000
00000000
00000000
00000000
00000000
00000000
00000000
00000000
00000000
00000000
00000000
00000000
00000000
00000000
00000000
00000000
00000000
00000000
00000000
00000000
00000000
00000000
00000000
00000000
00000000
00000000
00000000
00000000
00000000
00000000
00000000
00000000
00000000
00000000
00000000
00000000
00000000
00000000
00000000
00000000
00000000
00000000
00000000
00000000
00000000
00000000
00000000
00000000
00000000
00000000
00000000
00000000
00000000
00000000
00000000
00000000
00000000
00000000
00000000
00000000
00000000
00000000
00000000
00000000
00000000
00000000
00000000
00000000
00000000
00000000
00000000
00000000
00000000
00000000
00000000
00000000
00000000
00000000
00000000
00000000
00000000
00000000
00000000
00000000
00000000
00000000
00000000
00000000
00000000
00000000
00000000
00000000
00000000
00000000
00000000
00000000
00000000
00000000
00000000
00000000
00000000
00000000
00000000
00000000
00000000
00000000
00000000
00000000
00000000
00000000
00000000
00000000
00000000
00000000
00000000
00000000
00000000
00000000
00000000
00000000
00000000
00000000
00000000
00000000
00000000
00000000
00000000
00000000
00000000
00000000
00000000
00000000
00000000
00000000
00000000
00000000
00000000
00000000
00000000
00000000
00000000
00000000
00000000
00000000
00000000
00000000
00000000
00000000
00000000
00000000
00000000
00000000
00000000
00000000
00000000
00000000
00000000
00000000
00000000
00000000
00000000
00000000
00000000
00000000
00000000
00000000
00000000
00000000
00000000
00000000
00000000
00000000
00000000
00000000
00000000
00000000
00000000
00000000
00000000
00000000
00000000
00000000
00000000
00000000
00000000
00000000
00000000
00000000
00000000
00000000
00000000
00000000
00000000
00000000
00000000
00000000
00000000
00000000
00000000
00000000
00000000
00000000
00000000
00000000
00000000
00000000
00000000
00000000
00000000
00000000
00000000
00000000
00000000
00000000
00000000
00000000
00000000
00000000
00000000
00000000
00000000
00000000
00000000
00000000
00000000
00000000
00000000
00000000
00000000
00000000
00000000
00000000
00000000
00000000
00000000
00000000
00000000
00000000
00000000
00000000
00000000
00000000
00000000
00000000
00000000
00000000
00000000
00000000
00000000
00000000
00000000
00000000
00000000
00000000
00000000
00000000
00000000
00000000
00000000
00000000
00000000
00000000
00000000
00000000
00000000
00000000
00000000
00000000
00000000
00000000
00000000
00000000
00000000
00000000
00000000
00000000
00000000
00000000
00000000
00000000
00000000
00000000
00000000
00000000
00000000
00000000
00000000
00000000
00000000
00000000
00000000
00000000
00000000
00000000
00000000
00000000
00000000
00000000
00000000
00000000
00000000
00000000
00000000
00000000
00000000
00000000
00000000
00000000
00000000
00000000
00000000
00000000
00000000
00000000
00000000
00000000
00000000
00000000
00000000
00000000
00000000
00000000
00000000
00000000
00000000
00000000
00000000
00000000
00000000
00000000
00000000
00000000
00000000
00000000
00000000
00000000
00000000
00000000
00000000
00000000
00000000
00000000
00000000
00000000
00000000
00000000
00000000
00000000
00000000
00000000
00000000
00000000
00000000
00000000
00000000
00000000
00000000
00000000
00000000
00000000
00000000
00000000
00000000
00000000
00000000
00000000
00000000
00000000
00000000
00000000
00000000
00000000
00000000
00000000
00000000
00000000
00000000
00000000
00000000
00000000
00000000
00000000
00000000
00000000
00000000
00000000
00000000
00000000
00000000
00000000
00000000
00000000
00000000
00000000
00000000
00000000
00000000
00000000
00000000
00000000
00000000
00000000
00000000
00000000
00000000
00000000
00000000
00000000
00000000
00000000
00000000
00000000
00000000
00000000
00000000
00000000
00000000
00000000
00000000
00000000
00000000
00000000
00000000
00000000
00000000
00000000
00000000
00000000
00000000
00000000
00000000
00000000
00000000
00000000
00000000
00000000
00000000
00000000
00000000
00000000
00000000
00000000
00000000
00000000
00000000
00000000
00000000
00000000
00000000
00000000
00000000
00000000
00000000
00000000
00000000
00000000
00000000
00000000
00000000
00000000
00000000
00000000
00000000
00000000
00000000
00000000
00000000
00000000
00000000
00000000
00000000
00000000
00000000
00000000
00000000
00000000
00000000
00000000
00000000
00000000
00000000
00000000
00000000
00000000
00000000
00000000
00000000
00000000
00000000
00000000
00000000
00000000
00000000
00000000
00000000
00000000
00000000
00000000
00000000
00000000
00000000
00000000
00000000
00000000
00000000
00000000
00000000
00000000
00000000
00000000
00000000
00000000
00000000
00000000
00000000
00000000
00000000
00000000
00000000
00000000
00000000
00000000
00000000
00000000
00000000
00000000
00000000
00000000
00000000
00000000
00000000
00000000
00000000
00000000
00000000
00000000
00000000
00000000
00000000
00000000
00000000
00000000
00000000
00000000
00000000
00000000
00000000
00000000
00000000
00000000
00000000
00000000
00000000
00000000
00000000
00000000
00000000
00000000
00000000
00000000
00000000
00000000
00000000
00000000
00000000
00000000
00000000
00000000
00000000
00000000
00000000
00000000
00000000
00000000
00000000
00000000
00000000
00000000
00000000
00000000
00000000
00000000
00000000
00000000
00000000
00000000
00000000
00000000
00000000
00000000
00000000
00000000
00000000
00000000
00000000
00000000
00000000
00000000
00000000
00000000
00000000
00000000
00000000
00000000
00000000
00000000
00000000
00000000
00000000
00000000
00000000
00000000
00000000
00000000
00000000
00000000
00000000
00000000
00000000
00000000
00000000
00000000
00000000
00000000
00000000
00000000
00000000
00000000
00000000
00000000
00000000
00000000
00000000
00000000
00000000
00000000
00000000
00000000
00000000
00000000
00000000
00000000
00000000
00000000
00000000
00000000
00000000
00000000
00000000
00000000
00000000
00000000
00000000
00000000
00000000
00000000
00000000
00000000
00000000
00000000
00000000
00000000
00000000
00000000
00000000
00000000
00000000
00000000
00000000
00000000
00000000
00000000
00000000
00000000
00000000
00000000
00000000
00000000
00000000
00000000
00000000
00000000
00000000
00000000
00000000
00000000
00000000
00000000
00000000
00000000
00000000
00000000
00000000
00000000
00000000
00000000
00000000
00000000
00000000
00000000
00000000
00000000
00000000
00000000
00000000
00000000
00000000
00000000
00000000
00000000
00000000
00000000
00000000
00000000
00000000
00000000
00000000
00000000
00000000
00000000
00000000
00000000
00000000
00000000
00000000
00000000
00000000
00000000
00000000
00000000
00000000
00000000
00000000
00000000
00000000
00000000
00000000
00000000
00000000
00000000
00000000
00000000
00000000
00000000
00000000
00000000
00000000
00000000
00000000
00000000
00000000
00000000
00000000
00000000
00000000
00000000
00000000
00000000
00000000
00000000
00000000
00000000
00000000
00000000
00000000
00000000
00000000
00000000
00000000
00000000
00000000
00000000
00000000
00000000
00000000
00000000
00000000
00000000
00000000
00000000
00000000
00000000
00000000
00000000
00000000
00000000
00000000
00000000
00000000
00000000
00000000
00000000
00000000
00000000
00000000
00000000
00000000
00000000
00000000
00000000
00000000
00000000
00000000
00000000
00000000
00000000
00000000
00000000
00000000
00000000
00000000
00000000
00000000
00000000
00000000
00000000
00000000
00000000
00000000
00000000
00000000
00000000
00000000
00000000
00000000
00000000
00000000
00000000
00000000
00000000
00000000
00000000
00000000
00000000
00000000
00000000
00000000
00000000
00000000
00000000
00000000
00000000
00000000
00000000
00000000
00000000
00000000
00000000
00000000
00000000
00000000
00000000
00000000
00000000
00000000
00000000
00000000
00000000
00000000
00000000
00000000
00000000
00000000
00000000
00000000
00000000
00000000
00000000
00000000
00000000
00000000
00000000
00000000
00000000
00000000
00000000
00000000
00000000
00000000
00000000
00000000
00000000
00000000
00000000
00000000
00000000
00000000
00000000
00000000
00000000
00000000
00000000
00000000
00000000
00000000
00000000
00000000
00000000
00000000
00000000
00000000
00000000
00000000
00000000
00000000
00000000
00000000
00000000
00000000
00000000
00000000
00000000
00000000
00000000
00000000
00000000
00000000
00000000
00000000
00000000
00000000
00000000
00000000
00000000
00000000
00000000
00000000
00000000
00000000
00000000
00000000
00000000
00000000
00000000
00000000
00000000
00000000
00000000
00000000
00000000
00000000
00000000
00000000
00000000
00000000
00000000
00000000
00000000
00000000
00000000
00000000
00000000
00000000
00000000
00000000
00000000
00000000
00000000
00000000
00000000
00000000
00000000
00000000
00000000
00000000
00000000
00000000
00000000
00000000
00000000
00000000
00000000
00000000
00000000
00000000
00000000
00000000
00000000
00000000
00000000
00000000
00000000
00000000
00000000
00000000
00000000
00000000
00000000
00000000
00000000
00000000
00000000
00000000
00000000
00000000
00000000
00000000
00000000
00000000
00000000
00000000
00000000
00000000
00000000
00000000
00000000
00000000
00000000
00000000
00000000
00000000
00000000
00000000
00000000
00000000
00000000
00000000
00000000
00000000
00000000
00000000
00000000
00000000
00000000
00000000
00000000
00000000
00000000
00000000
00000000
00000000
00000000
00000000
00000000
00000000
00000000
00000000
00000000
00000000
00000000
00000000
00000000
00000000
00000000
00000000
00000000
00000000
00000000
00000000
00000000
00000000
00000000
00000000
00000000
00000000
00000000
00000000
00000000
00000000
00000000
00000000
00000000
00000000
00000000
00000000
00000000
00000000
00000000
00000000
00000000
00000000
00000000
00000000
00000000
00000000
00000000
00000000
00000000
00000000
00000000
00000000
00000000
00000000
00000000
00000000
00000000
00000000
00000000
00000000
00000000
00000000
00000000
00000000
00000000
00000000
00000000
00000000
00000000
00000000
00000000
00000000
00000000
00000000
00000000
00000000
00000000
00000000
00000000
00000000
00000000
00000000
00000000
00000000
00000000
00000000
00000000
00000000
00000000
00000000
00000000
00000000
00000000
00000000
00000000
00000000
00000000
00000000
00000000
00000000
00000000
00000000
00000000
00000000
00000000
00000000
00000000
00000000
00000000
00000000
00000000
00000000
00000000
00000000
00000000
00000000
00000000
00000000
00000000
00000000
00000000
00000000
00000000
00000000
00000000
00000000
00000000
00000000
00000000
00000000
00000000
00000000
00000000
00000000
00000000
00000000
00000000
00000000
00000000
00000000
00000000
00000000
00000000
00000000
00000000
00000000
00000000
00000000
00000000
00000000
00000000
00000000
00000000
00000000
00000000
00000000
00000000
00000000
00000000
00000000
00000000
00000000
00000000
00000000
00000000
00000000
00000000
00000000
00000000
00000000
00000000
00000000
00000000
00000000
00000000
00000000
00000000
00000000
00000000
00000000
00000000
00000000
00000000
00000000
00000000
00000000
00000000
00000000
00000000
00000000
00000000
00000000
00000000
00000000
00000000
00000000
00000000
00000000
00000000
00000000
00000000
00000000
00000000
00000000
00000000
00000000
00000000
00000000
00000000
00000000
00000000
00000000
00000000
00000000
00000000
00000000
00000000
00000000
00000000
00000000
00000000
00000000
00000000
00000000
00000000
00000000
00000000
00000000
00000000
00000000
00000000
00000000
00000000
00000000
00000000
00000000
00000000
00000000
00000000
00000000
00000000
00000000
00000000
00000000
00000000
00000000
00000000
00000000
00000000
00000000
00000000
00000000
00000000
00000000
00000000
00000000
00000000
00000000
00000000
00000000
00000000
00000000
00000000
00000000
00000000
00000000
00000000
00000000
00000000
00000000
00000000
00000000
00000000
00000000
00000000
00000000
00000000
00000000
00000000
00000000
00000000
00000000
00000000
00000000
00000000
00000000
00000000
00000000
00000000
00000000
00000000
00000000
00000000
00000000
00000000
00000000
00000000
00000000
00000000
00000000
00000000
00000000
00000000
00000000
00000000
00000000
00000000
00000000
00000000
00000000
00000000
00000000
00000000
00000000
00000000
00000000
00000000
00000000
00000000
00000000
00000000
00000000
00000000
00000000
00000000
00000000
00000000
00000000
00000000
00000000
00000000
00000000
00000000
00000000
00000000
00000000
00000000
00000000
00000000
00000000
00000000
00000000
00000000
00000000
00000000
00000000
00000000
00000000
00000000
00000000
00000000
00000000
00000000
00000000
00000000
00000000
00000000
00000000
00000000
00000000
00000000
00000000
00000000
00000000
00000000
00000000
00000000
00000000
00000000
00000000
00000000
00000000
00000000
00000000
00000000
00000000
00000000
00000000
00000000
00000000
00000000
00000000
00000000
00000000
00000000
00000000
00000000
00000000
00000000
00000000
00000000
00000000
00000000
00000000
00000000
00000000
00000000
00000000
00000000
00000000
00000000
00000000
00000000
00000000
00000000
00000000
00000000
00000000
00000000
00000000
00000000
00000000
00000000
00000000
00000000
00000000
00000000
00000000
00000000
00000000
00000000
00000000
00000000
00000000
00000000
00000000
00000000
00000000
00000000
00000000
00000000
00000000
00000000
00000000
00000000
00000000
00000000
00000000
00000000
00000000
00000000
00000000
00000000
00000000
00000000
00000000
00000000
00000000
00000000
00000000
00000000
00000000
00000000
00000000
00000000
00000000
00000000
00000000
00000000
00000000
00000000
00000000
00000000
00000000
00000000
00000000
00000000
00000000
00000000
00000000
00000000
00000000
00000000
00000000
00000000
00000000
00000000
00000000
00000000
00000000
00000000
00000000
00000000
00000000
00000000
00000000
00000000
00000000
00000000
00000000
00000000
00000000
00000000
00000000
00000000
00000000
00000000
00000000
00000000
00000000
00000000
00000000
00000000
00000000
00000000
00000000
00000000
00000000
00000000
00000000
00000000
00000000
00000000
00000000
00000000
00000000
00000000
00000000
00000000
00000000
00000000
00000000
00000000
00000000
00000000
00000000
00000000
00000000
00000000
00000000
00000000
00000000
00000000
00000000
00000000
00000000
00000000
00000000
00000000
00000000
00000000
00000000
00000000
00000000
00000000
00000000
00000000
00000000
00000000
00000000
00000000
00000000
00000000
00000000
00000000
00000000
00000000
00000000
00000000
00000000
00000000
00000000
00000000
00000000
00000000
00000000
00000000
00000000
00000000
00000000
00000000
00000000
00000000
00000000
00000000
00000000
00000000
00000000
00000000
00000000
00000000
00000000
00000000
00000000
00000000
00000000
00000000
00000000
00000000
00000000
00000000
00000000
00000000
00000000
00000000
00000000
00000000
00000000
00000000
00000000
00000000
00000000
00000000
00000000
00000000
00000000
00000000
00000000
00000000
00000000
00000000
00000000
00000000
00000000
00000000
00000000
00000000
00000000
00000000
00000000
00000000
00000000
00000000
00000000
00000000
00000000
00000000
00000000
00000000
00000000
00000000
00000000
00000000
00000000
00000000
00000000
00000000
00000000
00000000
00000000
00000000
00000000
00000000
00000000
00000000
00000000
00000000
00000000
00000000
00000000
00000000
00000000
00000000
00000000
00000000
00000000
00000000
00000000
00000000
00000000
00000000
00000000
00000000
00000000
00000000
00000000
00000000
00000000
00000000
00000000
00000000
00000000
00000000
00000000
00000000
00000000
00000000
00000000
00000000
00000000
00000000
00000000
00000000
00000000
00000000
00000000
00000000
00000000
00000000
00000000
00000000
00000000
00000000
00000000
00000000
00000000
00000000
00000000
00000000
00000000
00000000
00000000
00000000
00000000
00000000
00000000
00000000
00000000
00000000
00000000
00000000
00000000
00000000
00000000
00000000
00000000
00000000
00000000
00000000
00000000
00000000
00000000
00000000
00000000
00000000
00000000
00000000
00000000
00000000
00000000
00000000
00000000
00000000
00000000
00000000
00000000
00000000
00000000
00000000
00000000
00000000
00000000
00000000
00000000
00000000
00000000
00000000
00000000
00000000
00000000
00000000
00000000
00000000
00000000
00000000
00000000
00000000
00000000
00000000
00000000
00000000
00000000
00000000
00000000
00000000
00000000
00000000
00000000
00000000
00000000
00000000
00000000
00000000
00000000
00000000
00000000
00000000
00000000
00000000
00000000
00000000
00000000
00000000
00000000
00000000
00000000
00000000
00000000
00000000
00000000
00000000
00000000
00000000
00000000
00000000
00000000
00000000
00000000
00000000
00000000
00000000
00000000
00000000
00000000
00000000
00000000
00000000
00000000
00000000
00000000
00000000
00000000
00000000
00000000
00000000
00000000
00000000
00000000
00000000
00000000
00000000
00000000
00000000
00000000
00000000
00000000
00000000
00000000
00000000
00000000
00000000
00000000
00000000
00000000
00000000
00000000
00000000
00000000
00000000
00000000
00000000
00000000
00000000
00000000
00000000
00000000
00000000
00000000
00000000
00000000
00000000
00000000
00000000
00000000
00000000
00000000
00000000
00000000
00000000
00000000
00000000
00000000
00000000
00000000
00000000
00000000
00000000
00000000
00000000
00000000
00000000
00000000
00000000
00000000
00000000
00000000
00000000
00000000
00000000
00000000
00000000
00000000
00000000
00000000
00000000
00000000
00000000
00000000
00000000
00000000
00000000
00000000
00000000
00000000
00000000
00000000
00000000
00000000
00000000
00000000
00000000
00000000
00000000
00000000
00000000
00000000
00000000
00000000
00000000
00000000
00000000
00000000
00000000
00000000
00000000
00000000
00000000
00000000
00000000
00000000
00000000
00000000
00000000
00000000
00000000
00000000
00000000
00000000
00000000
00000000
00000000
00000000
00000000
00000000
00000000
00000000
00000000
00000000
00000000
00000000
00000000
00000000
00000000
00000000
00000000
00000000
00000000
00000000
00000000
00000000
00000000
00000000
00000000
00000000
00000000
00000000
00000000
00000000
00000000
00000000
00000000
00000000
00000000
00000000
00000000
00000000
00000000
00000000
00000000
00000000
00000000
00000000
00000000
00000000
00000000
00000000
00000000
00000000
00000000
00000000
00000000
00000000
00000000
00000000
00000000
00000000
00000000
00000000
00000000
00000000
00000000
00000000
00000000
00000000
00000000
00000000
00000000
00000000
00000000
00000000
00000000
00000000
00000000
00000000
00000000
00000000
00000000
00000000
00000000
00000000
00000000
00000000
00000000
00000000
00000000
00000000
00000000
00000000
00000000
00000000
00000000
00000000
00000000
00000000
00000000
00000000
00000000
00000000
00000000
00000000
00000000
00000000
00000000
00000000
00000000
00000000
00000000
00000000
00000000
00000000
00000000
00000000
00000000
00000000
00000000
00000000
00000000
00000000
00000000
00000000
00000000
00000000
00000000
00000000
00000000
00000000
00000000
00000000
00000000
00000000
00000000
00000000
00000000
00000000
00000000
00000000
00000000
00000000
00000000
00000000
00000000
00000000
00000000
00000000
00000000
00000000
00000000
00000000
00000000
00000000
00000000
00000000
00000000
00000000
00000000
00000000
00000000
00000000
00000000
00000000
00000000
00000000
00000000
00000000
00000000
00000000
00000000
00000000
00000000
00000000
00000000
00000000
00000000
00000000
00000000
00000000
00000000
00000000
00000000
00000000
00000000
00000000
00000000
00000000
00000000
00000000
00000000
00000000
00000000
00000000
00000000
00000000
00000000
00000000
00000000
00000000
00000000
00000000
00000000
00000000
00000000
00000000
00000000
00000000
00000000
00000000
00000000
00000000
00000000
00000000
00000000
00000000
00000000
00000000
00000000
00000000
00000000
00000000
00000000
00000000
00000000
00000000
00000000
00000000
00000000
00000000
00000000
00000000
00000000
00000000
00000000
00000000
00000000
00000000
00000000
00000000
00000000
00000000
00000000
00000000
00000000
00000000
00000000
00000000
00000000
00000000
00000000
00000000
00000000
00000000
00000000
00000000
00000000
00000000
00000000
00000000
00000000
00000000
00000000
00000000
00000000
00000000
00000000
00000000
00000000
00000000
00000000
00000000
00000000
00000000
00000000
00000000
00000000
00000000
00000000
00000000
00000000
00000000
00000000
00000000
00000000
00000000
00000000
00000000
00000000
00000000
00000000
00000000
00000000
00000000
00000000
00000000
00000000
00000000
00000000
00000000
00000000
00000000
00000000
00000000
00000000
00000000
00000000
00000000
00000000
00000000
00000000
00000000
00000000
00000000
00000000
00000000
00000000
00000000
00000000
00000000
00000000
00000000
00000000
00000000
00000000
00000000
00000000
00000000
00000000
00000000
00000000
00000000
00000000
00000000
00000000
00000000
00000000
00000000
00000000
00000000
00000000
00000000
00000000
00000000
00000000
00000000
00000000
00000000
00000000
00000000
00000000
00000000
00000000
00000000
00000000
00000000
00000000
00000000
00000000
00000000
00000000
00000000
00000000
00000000
00000000
00000000
00000000
00000000
00000000
00000000
00000000
00000000
00000000
00000000
00000000
00000000
00000000
00000000
00000000
00000000
00000000
00000000
00000000
00000000
00000000
00000000
00000000
00000000
00000000
00000000
00000000
00000000
00000000
00000000
00000000
00000000
00000000
00000000
00000000
00000000
00000000
00000000
00000000
00000000
00000000
00000000
00000000
00000000
00000000
00000000
00000000
00000000
00000000
00000000
00000000
00000000
00000000
00000000
00000000
00000000
00000000
00000000
00000000
00000000
00000000
00000000
00000000
00000000
00000000
00000000
00000000
00000000
00000000
00000000
00000000
00000000
00000000
00000000
00000000
00000000
00000000
00000000
00000000
00000000
00000000
00000000
00000000
00000000
00000000
00000000
00000000
00000000
00000000
00000000
00000000
00000000
00000000
00000000
00000000
00000000
00000000
00000000
00000000
00000000
00000000
00000000
00000000
00000000
00000000
00000000
00000000
00000000
00000000
00000000
00000000
00000000
00000000
00000000
00000000
00000000
00000000
00000000
00000000
00000000
00000000
00000000
00000000
00000000
00000000
00000000
00000000
00000000
00000000
00000000
00000000
00000000
00000000
00000000
00000000
00000000
00000000
00000000
00000000
00000000
00000000
00000000
00000000
00000000
00000000
00000000
00000000
00000000
00000000
00000000
00000000
00000000
00000000
00000000
00000000
00000000
00000000
00000000
00000000
00000000
00000000
00000000
00000000
00000000
00000000
00000000
00000000
00000000
00000000
00000000
00000000
00000000
00000000
00000000
00000000
00000000
00000000
00000000
00000000
00000000
00000000
00000000
00000000
00000000
00000000
00000000
00000000
00000000
00000000
00000000
00000000
00000000
00000000
00000000
00000000
00000000
00000000
00000000
00000000
00000000
00000000
00000000
00000000
00000000
00000000
00000000
00000000
00000000
00000000
00000000
00000000
00000000
00000000
00000000
00000000
00000000
00000000
00000000
00000000
00000000
00000000
00000000
00000000
00000000
00000000
00000000
00000000
00000000
00000000
00000000
00000000
00000000
00000000
00000000
00000000
00000000
00000000
00000000
00000000
00000000
00000000
00000000
00000000
00000000
00000000
00000000
00000000
00000000
00000000
00000000
00000000
00000000
00000000
00000000
00000000
00000000
00000000
00000000
00000000
00000000
00000000
00000000
00000000
00000000
00000000
00000000
00000000
00000000
00000000
00000000
00000000
00000000
00000000
00000000
00000000
00000000
00000000
00000000
00000000
00000000
00000000
00000000
00000000
00000000
00000000
00000000
00000000
00000000
00000000
00000000
00000000
00000000
00000000
00000000
00000000
00000000
00000000
00000000
00000000
00000000
00000000
00000000
00000000
00000000
00000000
00000000
00000000
00000000
00000000
00000000
00000000
00000000
00000000
00000000
00000000
00000000
00000000
00000000
00000000
00000000
00000000
00000000
00000000
00000000
00000000
00000000
00000000
00000000
00000000
00000000
00000000
00000000
00000000
00000000
00000000
00000000
00000000
00000000
00000000
00000000
00000000
00000000
00000000
00000000
00000000
00000000
00000000
00000000
00000000
00000000
00000000
00000000
00000000
00000000
00000000
00000000
00000000
00000000
00000000
00000000
00000000
00000000
00000000
00000000
00000000
00000000
00000000
00000000
00000000
00000000
00000000
00000000
00000000
00000000
00000000
00000000
00000000
00000000
00000000
00000000
00000000
00000000
00000000
00000000
00000000
00000000
00000000
00000000
00000000
00000000
00000000
00000000
00000000
00000000
00000000
00000000
00000000
00000000
00000000
00000000
00000000
00000000
00000000
00000000
00000000
00000000
00000000
00000000
00000000
00000000
00000000
00000000
00000000
00000000
00000000
00000000
00000000
00000000
00000000
00000000
00000000
00000000
00000000
00000000
00000000
00000000
00000000
00000000
00000000
00000000
00000000
00000000
00000000
00000000
00000000
00000000
00000000
00000000
00000000
00000000
00000000
00000000
00000000
00000000
00000000
00000000
00000000
00000000
00000000
00000000
00000000
00000000
00000000
00000000
00000000
00000000
00000000
00000000
00000000
00000000
00000000
00000000
00000000
00000000
00000000
00000000
00000000
00000000
00000000
00000000
00000000
00000000
00000000
00000000
00000000
00000000
00000000
00000000
00000000
00000000
00000000
00000000
00000000
00000000
00000000
00000000
00000000
00000000
00000000
00000000
00000000
00000000
00000000
00000000
00000000
00000000
00000000
00000000
00000000
00000000
00000000
00000000
00000000
00000000
00000000
00000000
00000000
00000000
00000000
00000000
00000000
00000000
00000000
00000000
00000000
00000000
00000000
00000000
00000000
00000000
00000000
00000000
00000000
00000000
00000000
00000000
00000000
00000000
00000000
00000000
00000000
00000000
00000000
00000000
00000000
00000000
00000000
00000000
00000000
00000000
00000000
00000000
00000000
00000000
00000000
00000000
00000000
00000000
00000000
00000000
00000000
00000000
00000000
00000000
00000000
00000000
00000000
00000000
00000000
00000000
00000000
00000000
00000000
00000000
00000000
00000000
00000000
00000000
00000000
00000000
00000000
00000000
00000000
00000000
00000000
00000000
00000000
00000000
00000000
00000000
00000000
00000000
00000000
00000000
00000000
00000000
00000000
00000000
00000000
00000000
00000000
00000000
00000000
00000000
00000000
00000000
00000000
00000000
00000000
00000000
00000000
00000000
00000000
00000000
00000000
00000000
00000000
00000000
00000000
00000000
00000000
00000000
00000000
00000000
00000000
00000000
00000000
00000000
00000000
00000000
00000000
00000000
00000000
00000000
00000000
00000000
00000000
00000000
00000000
00000000
00000000
00000000
00000000
00000000
00000000
00000000
00000000
00000000
00000000
00000000
00000000
00000000
00000000
00000000
00000000
00000000
00000000
00000000
00000000
00000000
00000000
00000000
00000000
00000000
00000000
00000000
00000000
00000000
00000000
00000000
00000000
00000000
00000000
00000000
00000000
00000000
00000000
00000000
00000000
00000000
00000000
00000000
00000000
00000000
00000000
00000000
00000000
00000000
00000000
00000000
00000000
00000000
00000000
00000000
00000000
00000000
00000000
00000000
00000000
00000000
00000000
00000000
00000000
00000000
00000000
00000000
00000000
00000000
00000000
00000000
00000000
00000000
00000000
00000000
00000000
00000000
00000000
00000000
00000000
00000000
00000000
00000000
00000000
00000000
00000000
00000000
00000000
00000000
00000000
00000000
00000000
00000000
00000000
00000000
00000000
00000000
00000000
00000000
00000000
00000000
00000000
00000000
00000000
00000000
00000000
00000000
00000000
00000000
00000000
00000000
00000000
00000000
00000000
00000000
00000000
00000000
00000000
00000000
00000000
00000000
00000000
00000000
00000000
00000000
00000000
00000000
00000000
00000000
00000000
00000000
00000000
00000000
00000000
00000000
00000000
00000000
00000000
00000000
00000000
00000000
00000000
00000000
00000000
00000000
00000000
00000000
00000000
00000000
00000000
00000000
00000000
00000000
00000000
00000000
00000000
00000000
00000000
00000000
00000000
00000000
00000000
00000000
00000000
00000000
00000000
00000000
00000000
00000000
00000000
00000000
00000000
00000000
00000000
00000000
00000000
00000000
00000000
00000000
00000000
00000000
00000000
00000000
00000000
00000000
00000000
00000000
00000000
00000000
00000000
00000000
00000000
00000000
00000000
00000000
00000000
00000000
00000000
00000000
00000000
00000000
00000000
00000000
00000000
00000000
00000000
00000000
00000000
00000000
00000000
00000000
00000000
00000000
00000000
00000000
00000000
00000000
00000000
00000000
00000000
00000000
00000000
00000000
00000000
00000000
00000000
00000000
00000000
00000000
00000000
00000000
00000000
00000000
00000000
00000000
00000000
00000000
00000000
00000000
00000000
00000000
00000000
00000000
00000000
00000000
00000000
00000000
00000000
00000000
00000000
00000000
00000000
00000000
00000000
00000000
00000000
00000000
00000000
00000000
00000000
00000000
00000000
00000000
00000000
00000000
00000000
00000000
00000000
00000000
00000000
00000000
00000000
00000000
00000000
00000000
00000000
00000000
00000000
00000000
00000000
00000000
00000000
00000000
00000000
00000000
00000000
00000000
00000000
00000000
00000000
00000000
00000000
00000000
00000000
00000000
00000000
00000000
00000000
00000000
00000000
00000000
00000000
00000000
00000000
00000000
00000000
00000000
00000000
00000000
00000000
00000000
00000000
00000000
00000000
00000000
00000000
00000000
00000000
00000000
00000000
00000000
00000000
00000000
00000000
00000000
00000000
00000000
00000000
00000000
00000000
00000000
00000000
00000000
00000000
00000000
00000000
00000000
00000000
00000000
00000000
00000000
00000000
00000000
00000000
00000000
00000000
00000000
00000000
00000000
00000000
00000000
00000000
00000000
00000000
00000000
00000000
00000000
00000000
00000000
00000000
00000000
00000000
00000000
00000000
00000000
00000000
00000000
00000000
00000000
00000000
00000000
00000000
00000000
00000000
00000000
00000000
00000000
00000000
00000000
00000000
00000000
00000000
00000000
00000000
00000000
00000000
00000000
00000000
00000000
00000000
00000000
00000000
00000000
00000000
00000000
00000000
00000000
00000000
00000000
00000000
00000000
00000000
00000000
00000000
00000000
00000000
00000000
00000000
00000000
00000000
00000000
00000000
00000000
00000000
00000000
00000000
00000000
00000000
00000000
00000000
00000000
00000000
00000000
00000000
00000000
00000000
00000000
00000000
00000000
00000000
00000000
00000000
00000000
00000000
00000000
00000000
00000000
00000000
00000000
00000000
00000000
00000000
00000000
00000000
00000000
00000000
00000000
00000000
00000000
00000000
00000000
00000000
00000000
00000000
00000000
00000000
00000000
00000000
00000000
00000000
00000000
00000000
00000000
00000000
00000000
00000000
00000000
00000000
00000000
00000000
00000000
00000000
00000000
00000000
00000000
00000000
00000000
00000000
00000000
00000000
00000000
00000000
00000000
00000000
00000000
00000000
00000000
00000000
00000000
00000000
00000000
00000000
00000000
00000000
00000000
00000000
00000000
00000000
00000000
00000000
00000000
00000000
00000000
00000000
00000000
00000000
00000000
00000000
00000000
00000000
00000000
00000000
00000000
00000000
00000000
00000000
00000000
00000000
00000000
00000000
00000000
00000000
00000000
00000000
00000000
00000000
00000000
00000000
00000000
00000000
00000000
00000000
00000000
00000000
00000000
00000000
00000000
00000000
00000000
00000000
00000000
00000000
00000000
00000000
00000000
00000000
00000000
00000000
00000000
00000000
00000000
00000000
00000000
00000000
00000000
00000000
00000000
00000000
00000000
00000000
00000000
00000000
00000000
00000000
00000000
00000000
00000000
00000000
00000000
00000000
00000000
00000000
00000000
00000000
00000000
00000000
00000000
00000000
00000000
00000000
00000000
00000000
00000000
00000000
00000000
00000000
00000000
00000000
00000000
00000000
00000000
00000000
00000000
00000000
00000000
00000000
00000000
00000000
00000000
00000000
00000000
00000000
00000000
00000000
00000000
00000000
00000000
00000000
00000000
00000000
00000000
00000000
00000000
00000000
00000000
00000000
00000000
00000000
00000000
00000000
00000000
00000000
00000000
00000000
00000000
00000000
00000000
00000000
00000000
00000000
00000000
00000000
00000000
00000000
00000000
00000000
00000000
00000000
00000000
00000000
00000000
00000000
00000000
00000000
00000000
00000000
00000000
00000000
00000000
00000000
00000000
00000000
00000000
00000000
00000000
00000000
00000000
00000000
00000000
00000000
00000000
00000000
00000000
00000000
00000000
00000000
00000000
00000000
00000000
00000000
00000000
00000000
00000000
00000000
00000000
00000000
00000000
00000000
00000000
00000000
00000000
00000000
00000000
00000000
00000000
00000000
00000000
00000000
00000000
00000000
00000000
00000000
00000000
00000000
00000000
00000000
00000000
00000000
00000000
00000000
00000000
00000000
00000000
00000000
00000000
00000000
00000000
00000000
00000000
00000000
00000000
00000000
00000000
00000000
00000000
00000000
00000000
00000000
00000000
00000000
00000000
00000000
00000000
00000000
00000000
00000000
00000000
00000000
00000000
00000000
00000000
00000000
00000000
00000000
00000000
00000000
00000000
00000000
00000000
00000000
00000000
00000000
00000000
00000000
00000000
00000000
00000000
00000000
00000000
00000000
00000000
00000000
00000000
00000000
00000000
00000000
00000000
00000000
00000000
00000000
00000000
00000000
00000000
00000000
00000000
00000000
00000000
00000000
00000000
00000000
00000000
00000000
00000000
00000000
00000000
00000000
00000000
00000000
00000000
00000000
00000000
00000000
00000000
00000000
00000000
00000000
00000000
00000000
00000000
00000000
00000000
00000000
00000000
00000000
00000000
00000000
00000000
00000000
00000000
00000000
00000000
00000000
00000000
00000000
00000000
00000000
00000000
00000000
00000000
00000000
00000000
00000000
00000000
00000000
00000000
00000000
00000000
00000000
00000000
00000000
00000000
00000000
00000000
00000000
00000000
00000000
00000000
00000000
00000000
00000000
00000000
00000000
00000000
00000000
00000000
00000000
00000000
00000000
00000000
00000000
00000000
00000000
00000000
00000000
00000000
00000000
00000000
00000000
00000000
00000000
00000000
00000000
00000000
00000000
00000000
00000000
00000000
00000000
00000000
00000000
00000000
00000000
00000000
00000000
00000000
00000000
00000000
00000000
00000000
00000000
00000000
00000000
00000000
00000000
00000000
00000000
00000000
00000000
00000000
00000000
00000000
00000000
00000000
00000000
00000000
00000000
00000000
00000000
00000000
00000000
00000000
00000000
00000000
00000000
00000000
00000000
00000000
00000000
00000000
00000000
00000000
00000000
00000000
00000000
00000000
00000000
00000000
00000000
00000000
00000000
00000000
00000000
00000000
00000000
00000000
00000000
00000000
00000000
00000000
00000000
00000000
00000000
00000000
00000000
00000000
00000000
00000000
00000000
00000000
00000000
00000000
00000000
00000000
00000000
00000000
00000000
00000000
00000000
00000000
00000000
00000000
00000000
00000000
00000000
00000000
00000000
00000000
00000000
00000000
00000000
00000000
00000000
00000000
00000000
00000000
00000000
00000000
00000000
00000000
00000000
00000000
00000000
00000000
00000000
00000000
00000000
00000000
00000000
00000000
00000000
00000000
00000000
00000000
00000000
00000000
00000000
00000000
00000000
00000000
00000000
00000000
00000000
00000000
00000000
00000000
00000000
00000000
00000000
00000000
00000000
00000000
00000000
00000000
00000000
00000000
00000000
00000000
00000000
00000000
00000000
00000000
00000000
00000000
00000000
00000000
00000000
00000000
00000000
00000000
00000000
00000000
00000000
00000000
00000000
00000000
00000000
00000000
00000000
00000000
00000000
00000000
00000000
00000000
00000000
00000000
00000000
00000000
00000000
00000000
00000000
00000000
00000000
00000000
00000000
00000000
00000000
00000000
00000000
00000000
00000000
00000000
00000000
00000000
00000000
00000000
00000000
00000000
00000000
00000000
00000000
00000000
00000000
00000000
00000000
00000000
00000000
00000000
00000000
00000000
00000000
00000000
00000000
00000000
00000000
00000000
00000000
00000000
00000000
00000000
00000000
00000000
00000000
00000000
00000000
00000000
00000000
00000000
00000000
00000000
00000000
00000000
00000000
00000000
00000000
00000000
00000000
00000000
00000000
00000000
00000000
00000000
00000000
00000000
00000000
00000000
00000000
00000000
00000000
00000000
00000000
00000000
00000000
00000000
00000000
00000000
00000000
00000000
00000000
00000000
00000000
00000000
00000000
00000000
00000000
00000000
00000000
00000000
00000000
00000000
00000000
00000000
00000000
00000000
00000000
00000000
00000000
00000000
00000000
00000000
00000000
00000000
00000000
00000000
00000000
00000000
00000000
00000000
00000000
00000000
00000000
00000000
00000000
00000000
00000000
00000000
00000000
00000000
00000000
00000000
00000000
00000000
00000000
00000000
00000000
00000000
00000000
00000000
00000000
00000000
00000000
00000000
00000000
00000000
00000000
00000000
00000000
00000000
00000000
00000000
00000000
00000000
00000000
00000000
00000000
00000000
00000000
00000000
00000000
00000000
00000000
00000000
00000000
00000000
00000000
00000000
00000000
00000000
00000000
00000000
00000000
00000000
00000000
00000000
00000000
00000000
00000000
00000000
00000000
00000000
00000000
00000000
00000000
00000000
00000000
00000000
00000000
00000000
00000000
00000000
00000000
00000000
00000000
00000000
00000000
00000000
00000000
00000000
00000000
00000000
00000000
00000000
00000000
00000000
00000000
00000000
00000000
00000000
00000000
00000000
00000000
00000000
00000000
00000000
00000000
00000000
00000000
00000000
00000000
00000000
00000000
00000000
00000000
00000000
00000000
00000000
00000000
00000000
00000000
00000000
00000000
00000000
00000000
00000000
00000000
00000000
00000000
00000000
00000000
00000000
00000000
00000000
00000000
00000000
00000000
00000000
00000000
00000000
00000000
00000000
00000000
00000000
00000000
00000000
00000000
00000000
00000000
00000000
00000000
00000000
00000000
00000000
00000000
00000000
00000000
00000000
00000000
00000000
00000000
00000000
00000000
00000000
00000000
00000000
00000000
00000000
00000000
00000000
00000000
00000000
00000000
00000000
00000000
00000000
00000000
00000000
00000000
00000000
00000000
00000000
00000000
00000000
00000000
00000000
00000000
00000000
00000000
00000000
00000000
00000000
00000000
00000000
00000000
00000000
00000000
00000000
00000000
00000000
00000000
00000000
00000000
00000000
00000000
00000000
00000000
00000000
00000000
00000000
00000000
00000000
00000000
00000000
00000000
00000000
00000000
00000000
00000000
00000000
00000000
00000000
00000000
00000000
00000000
00000000
00000000
00000000
00000000
00000000
00000000
00000000
00000000
00000000
00000000
00000000
00000000
00000000
00000000
00000000
00000000
00000000
00000000
00000000
00000000
00000000
00000000
00000000
00000000
00000000
00000000
00000000
00000000
00000000
00000000
00000000
00000000
00000000
00000000
00000000
00000000
00000000
00000000
00000000
00000000
00000000
00000000
00000000
00000000
00000000
00000000
00000000
00000000
00000000
00000000
00000000
00000000
00000000
00000000
00000000
00000000
00000000
00000000
00000000
00000000
00000000
00000000
00000000
00000000
00000000
00000000
00000000
00000000
00000000
00000000
00000000
00000000
00000000
00000000
00000000
00000000
00000000
00000000
00000000
00000000
00000000
00000000
00000000
00000000
00000000
00000000
00000000
00000000
00000000
00000000
00000000
00000000
00000000
00000000
00000000
00000000
00000000
00000000
00000000
00000000
00000000
00000000
00000000
00000000
00000000
00000000
00000000
00000000
00000000
00000000
00000000
00000000
00000000
00000000
00000000
00000000
00000000
00000000
00000000
00000000
00000000
00000000
00000000
00000000
00000000
00000000
00000000
00000000
00000000
00000000
00000000
00000000
00000000
00000000
00000000
00000000
00000000
00000000
00000000
00000000
00000000
00000000
00000000
00000000
00000000
00000000
00000000
00000000
00000000
00000000
00000000
00000000
00000000
00000000
00000000
00000000
00000000
00000000
00000000
00000000
00000000
00000000
00000000
00000000
00000000
00000000
00000000
00000000
00000000
00000000
00000000
00000000
00000000
00000000
00000000
00000000
00000000
00000000
00000000
00000000
00000000
00000000
00000000
00000000
00000000
00000000
00000000
00000000
00000000
00000000
00000000
00000000
00000000
00000000
00000000
00000000
00000000
00000000
00000000
00000000
00000000
00000000
00000000
00000000
00000000
00000000
00000000
00000000
00000000
00000000
00000000
00000000
00000000
00000000
00000000
00000000
00000000
00000000
00000000
00000000
00000000
00000000
00000000
00000000
00000000
00000000
00000000
00000000
00000000
00000000
00000000
00000000
00000000
00000000
00000000
00000000
00000000
00000000
00000000
00000000
00000000
00000000
00000000
00000000
00000000
00000000
00000000
00000000
00000000
00000000
00000000
00000000
00000000
00000000
00000000
00000000
00000000
00000000
00000000
00000000
00000000
00000000
00000000
00000000
00000000
00000000
00000000
00000000
00000000
00000000
00000000
00000000
00000000
00000000
00000000
00000000
00000000
00000000
00000000
00000000
00000000
00000000
00000000
00000000
00000000
00000000
00000000
00000000
00000000
00000000
00000000
00000000
00000000
00000000
00000000
00000000
00000000
00000000
00000000
00000000
00000000
00000000
00000000
00000000
00000000
00000000
00000000
00000000
00000000
00000000
00000000
00000000
00000000
00000000
00000000
00000000
00000000
00000000
00000000
00000000
00000000
00000000
00000000
00000000
00000000
00000000
00000000
00000000
00000000
00000000
00000000
00000000
00000000
00000000
00000000
00000000
00000000
00000000
00000000
00000000
00000000
00000000
00000000
00000000
00000000
00000000
00000000
00000000
00000000
00000000
00000000
00000000
00000000
00000000
00000000
00000000
00000000
00000000
00000000
00000000
00000000
00000000
00000000
00000000
00000000
00000000
00000000
00000000
00000000
00000000
00000000
00000000
00000000
00000000
00000000
00000000
00000000
00000000
00000000
00000000
00000000
00000000
00000000
00000000
00000000
00000000
00000000
00000000
00000000
00000000
00000000
00000000
00000000
00000000
00000000
00000000
00000000
00000000
00000000
00000000
00000000
00000000
00000000
00000000
00000000
00000000
00000000
00000000
00000000
00000000
00000000
00000000
00000000
00000000
00000000
00000000
00000000
00000000
00000000
00000000
00000000
00000000
00000000
00000000
00000000
00000000
00000000
00000000
00000000
00000000
00000000
00000000
00000000
00000000
00000000
00000000
00000000
00000000
00000000
00000000
00000000
00000000
00000000
00000000
00000000
00000000
00000000
00000000
00000000
00000000
00000000
00000000
00000000
00000000
00000000
00000000
00000000
00000000
00000000
00000000
00000000
00000000
00000000
00000000
00000000
00000000
00000000
00000000
00000000
00000000
00000000
00000000
00000000
00000000
00000000
00000000
00000000
00000000
00000000
00000000
00000000
00000000
00000000
00000000
00000000
00000000
00000000
00000000
00000000
00000000
00000000
00000000
00000000
00000000
00000000
00000000
00000000
00000000
00000000
00000000
00000000
00000000
00000000
00000000
00000000
00000000
00000000
00000000
00000000
00000000
00000000
00000000
00000000
00000000
00000000
00000000
00000000
00000000
00000000
00000000
00000000
00000000
00000000
00000000
00000000
00000000
00000000
00000000
00000000
00000000
00000000
00000000
00000000
00000000
00000000
00000000
00000000
00000000
00000000
00000000
00000000
00000000
00000000
00000000
00000000
00000000
00000000
00000000
00000000
00000000
00000000
00000000
00000000
00000000
00000000
00000000
00000000
00000000
00000000
00000000
00000000
00000000
00000000
00000000
00000000
00000000
00000000
00000000
00000000
00000000
00000000
00000000
00000000
00000000
00000000
00000000
00000000
00000000
00000000
00000000
00000000
00000000
00000000
00000000
00000000
00000000
00000000
00000000
00000000
00000000
00000000
00000000
00000000
00000000
00000000
00000000
00000000
00000000
00000000
00000000
00000000
00000000
00000000
00000000
00000000
00000000
00000000
00000000
00000000
00000000
00000000
00000000
00000000
00000000
00000000
00000000
00000000
00000000
00000000
00000000
00000000
00000000
00000000
00000000
00000000
00000000
00000000
00000000
00000000
00000000
00000000
00000000
00000000
00000000
00000000
00000000
00000000
00000000
00000000
00000000
00000000
00000000
00000000
00000000
00000000
00000000
00000000
00000000
00000000
00000000
00000000
00000000
00000000
00000000
00000000
00000000
00000000
00000000
00000000
00000000
00000000
00000000
00000000
00000000
00000000
00000000
00000000
00000000
00000000
00000000
00000000
00000000
00000000
00000000
00000000
00000000
00000000
00000000
00000000
00000000
00000000
00000000
00000000
00000000
00000000
00000000
00000000
00000000
00000000
00000000
00000000
00000000
00000000
00000000
00000000
00000000
00000000
00000000
00000000
00000000
00000000
00000000
00000000
00000000
00000000
00000000
00000000
00000000
00000000
00000000
00000000
00000000
00000000
00000000
00000000
00000000
00000000
00000000
00000000
00000000
00000000
00000000
00000000
00000000
00000000
00000000
00000000
00000000
00000000
00000000
00000000
00000000
00000000
00000000
00000000
00000000
00000000
00000000
00000000
00000000
00000000
00000000
00000000
00000000
00000000
00000000
00000000
00000000
00000000
00000000
00000000
00000000
00000000
00000000
00000000
00000000
00000000
00000000
00000000
00000000
00000000
00000000
00000000
00000000
00000000
00000000
00000000
00000000
00000000
00000000
00000000
00000000
00000000
00000000
00000000
00000000
00000000
00000000
00000000
00000000
00000000
00000000
00000000
00000000
00000000
00000000
00000000
00000000
00000000
00000000
00000000
00000000
00000000
00000000
00000000
00000000
00000000
00000000
00000000
00000000
00000000
00000000
00000000
00000000
00000000
00000000
00000000
00000000
00000000
00000000
00000000
00000000
00000000
00000000
00000000
00000000
00000000
00000000
00000000
00000000
00000000
00000000
00000000
00000000
00000000
00000000
00000000
00000000
00000000
00000000
00000000
00000000
00000000
00000000
00000000
00000000
00000000
00000000
00000000
00000000
00000000
00000000
00000000
00000000
00000000
00000000
00000000
00000000
00000000
00000000
00000000
00000000
00000000
00000000
00000000
00000000
00000000
00000000
00000000
00000000
00000000
00000000
00000000
00000000
00000000
00000000
00000000
00000000
00000000
00000000
00000000
00000000
00000000
00000000
00000000
00000000
00000000
00000000
00000000
00000000
00000000
00000000
00000000
00000000
00000000
00000000
00000000
00000000
00000000
00000000
00000000
00000000
00000000
00000000
00000000
00000000
00000000
00000000
00000000
00000000
00000000
00000000
00000000
00000000
00000000
00000000
00000000
00000000
00000000
00000000
00000000
00000000
00000000
00000000
00000000
00000000
00000000
00000000
00000000
00000000
00000000
00000000
00000000
00000000
00000000
00000000
00000000
00000000
00000000
00000000
00000000
00000000
00000000
00000000
00000000
00000000
00000000
00000000
00000000
00000000
00000000
00000000
00000000
00000000
00000000
00000000
00000000
00000000
00000000
00000000
00000000
00000000
00000000
00000000
00000000
00000000
00000000
00000000
00000000
00000000
00000000
00000000
00000000
00000000
00000000
00000000
00000000
00000000
00000000
00000000
00000000
00000000
00000000
00000000
00000000
00000000
00000000
00000000
00000000
00000000
00000000
00000000
00000000
00000000
00000000
00000000
00000000
00000000
00000000
00000000
00000000
00000000
00000000
00000000
00000000
00000000
00000000
00000000
00000000
00000000
00000000
00000000
00000000
00000000
00000000
00000000
00000000
00000000
00000000
00000000
00000000
00000000
00000000
00000000
00000000
00000000
00000000
00000000
00000000
00000000
00000000
00000000
00000000
00000000
00000000
00000000
00000000
00000000
00000000
00000000
00000000
00000000
00000000
00000000
00000000
00000000
00000000
00000000
00000000
00000000
00000000
00000000
00000000
00000000
00000000
00000000
00000000
00000000
00000000
00000000
00000000
00000000
00000000
00000000
00000000
00000000
00000000
00000000
00000000
00000000
00000000
00000000
00000000
00000000
00000000
00000000
00000000
00000000
00000000
00000000
00000000
00000000
00000000
00000000
00000000
00000000
00000000
00000000
00000000
00000000
00000000
00000000
00000000
00000000
00000000
00000000
00000000
00000000
00000000
00000000
00000000
00000000
00000000
00000000
00000000
00000000
00000000
00000000
00000000
00000000
00000000
00000000
00000000
00000000
00000000
00000000
00000000
00000000
00000000
00000000
00000000
00000000
00000000
00000000
00000000
00000000
00000000
00000000
00000000
00000000
00000000
00000000
00000000
00000000
00000000
00000000
00000000
00000000
00000000
00000000
00000000
00000000
00000000
00000000
00000000
00000000
00000000
00000000
00000000
00000000
00000000
00000000
00000000
00000000
00000000
00000000
00000000
00000000
00000000
00000000
00000000
00000000
00000000
00000000
00000000
00000000
00000000
00000000
00000000
00000000
00000000
00000000
00000000
00000000
00000000
00000000
00000000
00000000
00000000
00000000
00000000
00000000
00000000
00000000
00000000
00000000
00000000
00000000
00000000
00000000
00000000
00000000
00000000
00000000
00000000
00000000
00000000
00000000
00000000
00000000
00000000
00000000
00000000
00000000
00000000
00000000
00000000
00000000
00000000
00000000
00000000
00000000
00000000
00000000
00000000
00000000
00000000
00000000
00000000
00000000
00000000
00000000
00000000
00000000
00000000
00000000
00000000
00000000
00000000
00000000
00000000
00000000
00000000
00000000
00000000
00000000
00000000
00000000
00000000
00000000
00000000
00000000
00000000
00000000
00000000
00000000
00000000
00000000
00000000
00000000
00000000
00000000
00000000
00000000
00000000
00000000
00000000
00000000
00000000
00000000
00000000
00000000
00000000
00000000
00000000
00000000
00000000
00000000
00000000
00000000
00000000
00000000
00000000
00000000
00000000
00000000
00000000
00000000
00000000
00000000
00000000
00000000
00000000
00000000
00000000
00000000
00000000
00000000
00000000
00000000
00000000
00000000
00000000
00000000
00000000
00000000
00000000
00000000
00000000
00000000
00000000
00000000
00000000
00000000
00000000
00000000
00000000
00000000
00000000
00000000
00000000
00000000
00000000
00000000
00000000
00000000
00000000
00000000
00000000
00000000
00000000
00000000
00000000
00000000
00000000
00000000
00000000
00000000
00000000
00000000
00000000
00000000
00000000
00000000
00000000
00000000
00000000
00000000
00000000
00000000
00000000
00000000
00000000
00000000
00000000
00000000
00000000
00000000
00000000
00000000
00000000
00000000
00000000
00000000
00000000
00000000
00000000
00000000
00000000
00000000
00000000
00000000
00000000
00000000
00000000
00000000
00000000
00000000
00000000
00000000
00000000
00000000
00000000
00000000
00000000
00000000
00000000
00000000
00000000
00000000
00000000
00000000
00000000
00000000
00000000
00000000
00000000
00000000
00000000
00000000
00000000
00000000
00000000
00000000
00000000
00000000
00000000
00000000
00000000
00000000
00000000
00000000
00000000
00000000
00000000
00000000
00000000
00000000
00000000
00000000
00000000
00000000
00000000
00000000
00000000
00000000
00000000
00000000
00000000
00000000
00000000
00000000
00000000
00000000
00000000
00000000
00000000
00000000
00000000
00000000
00000000
00000000
00000000
00000000
00000000
00000000
00000000
00000000
00000000
00000000
00000000
00000000
00000000
00000000
00000000
00000000
00000000
00000000
00000000
00000000
00000000
00000000
00000000
00000000
00000000
00000000
00000000
00000000
00000000
00000000
00000000
00000000
00000000
00000000
00000000
00000000
00000000
00000000
00000000
00000000
00000000
00000000
00000000
00000000
00000000
00000000
00000000
00000000
00000000
00000000
00000000
00000000
00000000
00000000
00000000
00000000
00000000
00000000
00000000
00000000
00000000
00000000
00000000
00000000
00000000
00000000
00000000
00000000
00000000
00000000
00000000
00000000
00000000
00000000
00000000
00000000
00000000
00000000
00000000
00000000
00000000
00000000
00000000
00000000
00000000
00000000
00000000
00000000
00000000
00000000
00000000
00000000
00000000
00000000
00000000
00000000
00000000
00000000
00000000
00000000
00000000
00000000
00000000
00000000
00000000
00000000
00000000
00000000
00000000
00000000
00000000
00000000
00000000
00000000
00000000
00000000
00000000
00000000
00000000
00000000
00000000
00000000
00000000
00000000
00000000
00000000
00000000
00000000
00000000
00000000
00000000
00000000
00000000
00000000
00000000
00000000
00000000
00000000
00000000
00000000
00000000
00000000
00000000
00000000
00000000
00000000
00000000
00000000
00000000
00000000
00000000
00000000
00000000
00000000
00000000
00000000
00000000
00000000
00000000
00000000
00000000
00000000
00000000
00000000
00000000
00000000
00000000
00000000
00000000
00000000
00000000
00000000
00000000
00000000
00000000
00000000
00000000
00000000
00000000
00000000
00000000
00000000
00000000
00000000
00000000
00000000
00000000
00000000
00000000
00000000
00000000
00000000
00000000
00000000
00000000
00000000
00000000
00000000
00000000
00000000
00000000
00000000
00000000
00000000
00000000
00000000
00000000
00000000
00000000
00000000
00000000
00000000
00000000
00000000
00000000
00000000
00000000
00000000
00000000
00000000
00000000
00000000
00000000
00000000
00000000
00000000
00000000
00000000
00000000
00000000
00000000
00000000
00000000
00000000
00000000
00000000
00000000
00000000
00000000
00000000
00000000
00000000
00000000
00000000
00000000
00000000
00000000
00000000
00000000
00000000
00000000
00000000
00000000
00000000
00000000
00000000
00000000
00000000
00000000
00000000
00000000
00000000
00000000
00000000
00000000
00000000
00000000
00000000
00000000
00000000
00000000
00000000
00000000
00000000
00000000
00000000
00000000
00000000
00000000
00000000
00000000
00000000
00000000
00000000
00000000
00000000
00000000
00000000
00000000
00000000
00000000
00000000
00000000
00000000
00000000
00000000
00000000
00000000
00000000
00000000
00000000
00000000
00000000
00000000
00000000
00000000
00000000
00000000
00000000
00000000
00000000
00000000
00000000
00000000
00000000
00000000
00000000
00000000
00000000
00000000
00000000
00000000
00000000
00000000
00000000
00000000
00000000
00000000
00000000
00000000
00000000
00000000
00000000
00000000
00000000
00000000
00000000
00000000
00000000
00000000
00000000
00000000
00000000
00000000
00000000
00000000
00000000
00000000
00000000
00000000
00000000
00000000
00000000
00000000
00000000
00000000
00000000
00000000
00000000
00000000
00000000
00000000
00000000
00000000
00000000
00000000
00000000
00000000
00000000
00000000
00000000
00000000
00000000
00000000
00000000
00000000
00000000
00000000
00000000
00000000
00000000
00000000
00000000
00000000
00000000
00000000
00000000
00000000
00000000
00000000
00000000
00000000
00000000
00000000
00000000
00000000
00000000
00000000
00000000
00000000
00000000
00000000
00000000
00000000
00000000
00000000
00000000
00000000
00000000
00000000
00000000
00000000
00000000
00000000
00000000
00000000
00000000
00000000
00000000
00000000
00000000
00000000
00000000
00000000
00000000
00000000
00000000
00000000
00000000
00000000
00000000
00000000
00000000
00000000
00000000
00000000
00000000
00000000
00000000
00000000
00000000
00000000
00000000
00000000
00000000
00000000
00000000
00000000
00000000
00000000
00000000
00000000
00000000
00000000
00000000
00000000
00000000
00000000
00000000
00000000
00000000
00000000
00000000
00000000
00000000
00000000
00000000
00000000
00000000
00000000
00000000
00000000
00000000
00000000
00000000
00000000
00000000
00000000
00000000
00000000
00000000
00000000
00000000
00000000
00000000
00000000
00000000
00000000
00000000
00000000
00000000
00000000
00000000
00000000
00000000
00000000
00000000
00000000
00000000
00000000
00000000
00000000
00000000
00000000
00000000
00000000
00000000
00000000
00000000
00000000
00000000
00000000
00000000
00000000
00000000
00000000
00000000
00000000
00000000
00000000
00000000
00000000
00000000
00000000
00000000
00000000
00000000
00000000
00000000
00000000
00000000
00000000
00000000
00000000
00000000
00000000
00000000
00000000
00000000
00000000
00000000
00000000
00000000
00000000
00000000
00000000
00000000
00000000
00000000
00000000
00000000
00000000
00000000
00000000
00000000
00000000
00000000
00000000
00000000
00000000
00000000
00000000
00000000
00000000
00000000
00000000
00000000
00000000
00000000
00000000
00000000
00000000
00000000
00000000
00000000
00000000
00000000
00000000
00000000
00000000
00000000
00000000
00000000
00000000
00000000
00000000
00000000
00000000
00000000
00000000
00000000
00000000
00000000
00000000
00000000
00000000
00000000
00000000
00000000
00000000
00000000
00000000
00000000
00000000
00000000
00000000
00000000
00000000
00000000
00000000
00000000
00000000
00000000
00000000
00000000
00000000
00000000
00000000
00000000
00000000
00000000
00000000
00000000
00000000
00000000
00000000
00000000
00000000
00000000
00000000
00000000
00000000
00000000
00000000
00000000
00000000
00000000
00000000
00000000
00000000
00000000
00000000
00000000
00000000
00000000
00000000
00000000
00000000
00000000
00000000
00000000
00000000
00000000
00000000
00000000
00000000
00000000
00000000
00000000
00000000
00000000
00000000
00000000
00000000
00000000
00000000
00000000
00000000
00000000
00000000
00000000
00000000
00000000
00000000
00000000
00000000
00000000
00000000
00000000
00000000
00000000
00000000
00000000
00000000
00000000
00000000
00000000
00000000
00000000
00000000
00000000
00000000
00000000
00000000
00000000
00000000
00000000
00000000
00000000
00000000
00000000
00000000
00000000
00000000
00000000
00000000
00000000
00000000
00000000
00000000
00000000
00000000
00000000
00000000
00000000
00000000
00000000
00000000
00000000
00000000
00000000
00000000
00000000
00000000
00000000
00000000
00000000
00000000
00000000
00000000
00000000
00000000
00000000
00000000
00000000
00000000
00000000
00000000
00000000
00000000
00000000
00000000
00000000
00000000
00000000
00000000
00000000
00000000
00000000
00000000
00000000
00000000
00000000
00000000
00000000
00000000
00000000
00000000
00000000
00000000
00000000
00000000
00000000
00000000
00000000
00000000
00000000
00000000
00000000
00000000
00000000
00000000
00000000
00000000
00000000
00000000
00000000
00000000
00000000
00000000
00000000
00000000
00000000
00000000
00000000
00000000
00000000
00000000
00000000
00000000
00000000
00000000
00000000
00000000
00000000
00000000
00000000
00000000
00000000
00000000
00000000
00000000
00000000
00000000
00000000
00000000
00000000
00000000
00000000
00000000
00000000
00000000
00000000
00000000
00000000
00000000
00000000
00000000
00000000
00000000
00000000
00000000
00000000
00000000
00000000
00000000
00000000
00000000
00000000
00000000
00000000
00000000
00000000
00000000
00000000
00000000
00000000
00000000
00000000
00000000
00000000
00000000
00000000
00000000
00000000
00000000
00000000
00000000
00000000
00000000
00000000
00000000
00000000
00000000
00000000
00000000
00000000
00000000
00000000
00000000
00000000
00000000
00000000
00000000
00000000
00000000
00000000
00000000
00000000
00000000
00000000
00000000
00000000
00000000
00000000
00000000
00000000
00000000
00000000
00000000
00000000
00000000
00000000
00000000
00000000
00000000
00000000
00000000
00000000
00000000
00000000
00000000
00000000
00000000
00000000
00000000
00000000
00000000
00000000
00000000
00000000
00000000
00000000
00000000
00000000
00000000
00000000
00000000
00000000
00000000
00000000
00000000
00000000
00000000
00000000
00000000
00000000
00000000
00000000
00000000
00000000
00000000
00000000
00000000
00000000
00000000
00000000
00000000
00000000
00000000
00000000
00000000
00000000
00000000
00000000
00000000
00000000
00000000
00000000
00000000
00000000
00000000
00000000
00000000
00000000
00000000
00000000
00000000
00000000
00000000
00000000
00000000
00000000
00000000
00000000
00000000
00000000
00000000
00000000
00000000
00000000
00000000
00000000
00000000
00000000
00000000
00000000
00000000
00000000
00000000
00000000
00000000
00000000
00000000
00000000
00000000
00000000
00000000
00000000
00000000
00000000
00000000
00000000
00000000
00000000
00000000
00000000
00000000
00000000
00000000
00000000
00000000
00000000
00000000
00000000
00000000
00000000
00000000
00000000
00000000
00000000
00000000
00000000
00000000
00000000
00000000
00000000
00000000
00000000
00000000
00000000
00000000
00000000
00000000
00000000
00000000
00000000
00000000
00000000
00000000
00000000
00000000
00000000
00000000
00000000
00000000
00000000
00000000
00000000
00000000
00000000
00000000
00000000
00000000
00000000
00000000
00000000
00000000
00000000
00000000
00000000
00000000
00000000
00000000
00000000
00000000
00000000
00000000
00000000
00000000
00000000
00000000
00000000
00000000
00000000
00000000
00000000
00000000
00000000
00000000
00000000
00000000
00000000
00000000
00000000
00000000
00000000
00000000
00000000
00000000
00000000
00000000
00000000
00000000
00000000
00000000
00000000
00000000
00000000
00000000
00000000
00000000
00000000
00000000
00000000
00000000
00000000
00000000
00000000
00000000
00000000
00000000
00000000
00000000
00000000
00000000
00000000
00000000
00000000
00000000
00000000
00000000
00000000
00000000
00000000
00000000
00000000
00000000
00000000
00000000
00000000
00000000
00000000
00000000
00000000
00000000
00000000
00000000
00000000
00000000
00000000
00000000
00000000
00000000
00000000
00000000
00000000
00000000
00000000
00000000
00000000
00000000
00000000
00000000
00000000
00000000
00000000
00000000
00000000
00000000
00000000
00000000
00000000
00000000
00000000
00000000
00000000
00000000
00000000
00000000
00000000
00000000
00000000
00000000
00000000
00000000
00000000
00000000
00000000
00000000
00000000
00000000
00000000
00000000
00000000
00000000
00000000
00000000
00000000
00000000
00000000
00000000
00000000
00000000
00000000
00000000
00000000
00000000
00000000
00000000
00000000
00000000
00000000
00000000
00000000
00000000
00000000
00000000
00000000
00000000
00000000
00000000
00000000
00000000
00000000
00000000
00000000
00000000
00000000
00000000
00000000
00000000
00000000
00000000
00000000
00000000
00000000
00000000
00000000
00000000
00000000
00000000
00000000
00000000
00000000
00000000
00000000
00000000
00000000
00000000
00000000
00000000
00000000
00000000
00000000
00000000
00000000
00000000
00000000
00000000
00000000
00000000
00000000
00000000
00000000
00000000
00000000
00000000
00000000
00000000
00000000
00000000
00000000
00000000
00000000
00000000
00000000
00000000
00000000
00000000
00000000
00000000
00000000
00000000
00000000
00000000
00000000
00000000
00000000
00000000
00000000
00000000
00000000
00000000
00000000
00000000
00000000
00000000
00000000
00000000
00000000
00000000
00000000
00000000
00000000
00000000
00000000
00000000
00000000
00000000
00000000
00000000
00000000
00000000
00000000
00000000
00000000
00000000
00000000
00000000
00000000
00000000
00000000
00000000
00000000
00000000
00000000
00000000
00000000
00000000
00000000
00000000
00000000
00000000
00000000
00000000
00000000
00000000
00000000
00000000
00000000
00000000
00000000
00000000
00000000
00000000
00000000
00000000
00000000
00000000
00000000
00000000
00000000
00000000
00000000
00000000
00000000
00000000
00000000
00000000
00000000
00000000
00000000
00000000
00000000
00000000
00000000
00000000
00000000
00000000
00000000
00000000
00000000
00000000
00000000
00000000
00000000
00000000
00000000
00000000
00000000
00000000
00000000
00000000
00000000
00000000
00000000
00000000
00000000
00000000
00000000
00000000
00000000
00000000
00000000
00000000
00000000
00000000
00000000
00000000
00000000
00000000
00000000
00000000
00000000
00000000
00000000
00000000
00000000
00000000
00000000
00000000
00000000
00000000
00000000
00000000
00000000
00000000
00000000
00000000
00000000
00000000
00000000
00000000
00000000
00000000
00000000
00000000
00000000
00000000
00000000
00000000
00000000
00000000
00000000
00000000
00000000
00000000
00000000
00000000
00000000
00000000
00000000
00000000
00000000
00000000
00000000
00000000
00000000
00000000
00000000
00000000
00000000
00000000
00000000
00000000
00000000
00000000
00000000
00000000
00000000
00000000
00000000
00000000
00000000
00000000
00000000
00000000
00000000
00000000
00000000
00000000
00000000
00000000
00000000
00000000
00000000
00000000
00000000
00000000
00000000
00000000
00000000
00000000
00000000
00000000
00000000
00000000
00000000
00000000
00000000
00000000
00000000
00000000
00000000
00000000
00000000
00000000
00000000
00000000
00000000
00000000
00000000
00000000
00000000
00000000
00000000
00000000
00000000
00000000
00000000
00000000
00000000
00000000
00000000
00000000
00000000
00000000
00000000
00000000
00000000
00000000
00000000
00000000
00000000
00000000
00000000
00000000
00000000
00000000
00000000
00000000
00000000
00000000
00000000
00000000
00000000
00000000
00000000
00000000
00000000
00000000
00000000
00000000
00000000
00000000
00000000
00000000
00000000
00000000
00000000
00000000
00000000
00000000
00000000
00000000
00000000
00000000
00000000
00000000
00000000
00000000
00000000
00000000
00000000
00000000
00000000
00000000
00000000
00000000
00000000
00000000
00000000
00000000
00000000
00000000
00000000
00000000
00000000
00000000
00000000
00000000
00000000
00000000
00000000
00000000
00000000
00000000
00000000
00000000
00000000
00000000
00000000
00000000
00000000
00000000
00000000
00000000
00000000
00000000
00000000
00000000
00000000
00000000
00000000
00000000
00000000
00000000
00000000
00000000
00000000
00000000
00000000
00000000
00000000
00000000
00000000
00000000
00000000
00000000
00000000
00000000
00000000
00000000
00000000
00000000
00000000
00000000
00000000
00000000
00000000
00000000
00000000
00000000
00000000
00000000
00000000
00000000
00000000
00000000
00000000
00000000
00000000
00000000
00000000
00000000
00000000
00000000
00000000
00000000
00000000
00000000
00000000
00000000
00000000
00000000
00000000
00000000
00000000
00000000
00000000
00000000
00000000
00000000
00000000
00000000
00000000
00000000
00000000
00000000
00000000
00000000
00000000
00000000
00000000
00000000
00000000
00000000
00000000
00000000
00000000
00000000
00000000
00000000
00000000
00000000
00000000
00000000
00000000
00000000
00000000
00000000
00000000
00000000
00000000
00000000
00000000
00000000
00000000
00000000
00000000
00000000
00000000
00000000
00000000
00000000
00000000
00000000
00000000
00000000
00000000
00000000
00000000
00000000
00000000
00000000
00000000
00000000
00000000
00000000
00000000
00000000
00000000
00000000
00000000
00000000
00000000
00000000
00000000
00000000
00000000
00000000
00000000
00000000
00000000
00000000
00000000
00000000
00000000
00000000
00000000
00000000
00000000
00000000
00000000
00000000
00000000
00000000
00000000
00000000
00000000
00000000
00000000
00000000
00000000
00000000
00000000
00000000
00000000
00000000
00000000
00000000
00000000
00000000
00000000
00000000
00000000
00000000
00000000
00000000
00000000
00000000
00000000
00000000
00000000
00000000
00000000
00000000
00000000
00000000
00000000
00000000
00000000
00000000
00000000
00000000
00000000
00000000
00000000
00000000
00000000
00000000
00000000
00000000
00000000
00000000
00000000
00000000
00000000
00000000
00000000
00000000
00000000
00000000
00000000
00000000
00000000
00000000
00000000
00000000
00000000
00000000
00000000
00000000
00000000
00000000
00000000
00000000
00000000
00000000
00000000
00000000
00000000
00000000
00000000
00000000
00000000
00000000
00000000
00000000
00000000
00000000
00000000
00000000
00000000
00000000
00000000
00000000
00000000
00000000
00000000
00000000
00000000
00000000
00000000
00000000
00000000
00000000
00000000
00000000
00000000
00000000
00000000
00000000
00000000
00000000
00000000
00000000
00000000
00000000
00000000
00000000
00000000
00000000
00000000
00000000
00000000
00000000
00000000
00000000
00000000
00000000
00000000
00000000
00000000
00000000
00000000
00000000
00000000
00000000
00000000
00000000
00000000
00000000
00000000
00000000
00000000
00000000
00000000
00000000
00000000
00000000
00000000
00000000
00000000
00000000
00000000
00000000
00000000
00000000
00000000
00000000
00000000
00000000
00000000
00000000
00000000
00000000
00000000
00000000
00000000
00000000
00000000
00000000
00000000
00000000
00000000
00000000
00000000
00000000
00000000
00000000
00000000
00000000
00000000
00000000
00000000
00000000
00000000
00000000
00000000
00000000
00000000
00000000
00000000
00000000
00000000
00000000
00000000
00000000
00000000
00000000
00000000
00000000
00000000
00000000
00000000
00000000
00000000
00000000
00000000
00000000
00000000
00000000
00000000
00000000
00000000
00000000
00000000
00000000
00000000
00000000
00000000
00000000
00000000
00000000
00000000
00000000
00000000
00000000
00000000
00000000
00000000
00000000
00000000
00000000
00000000
00000000
00000000
00000000
00000000
00000000
00000000
00000000
00000000
00000000
00000000
00000000
00000000
00000000
00000000
00000000
00000000
00000000
00000000
00000000
00000000
00000000
00000000
00000000
00000000
00000000
00000000
00000000
00000000
00000000
00000000
00000000
00000000
00000000
00000000
00000000
00000000
00000000
00000000
00000000
00000000
00000000
00000000
00000000
00000000
00000000
00000000
00000000
00000000
00000000
00000000
00000000
00000000
00000000
00000000
00000000
00000000
00000000
00000000
00000000
00000000
00000000
00000000
00000000
00000000
00000000
00000000
00000000
00000000
00000000
00000000
00000000
00000000
00000000
00000000
00000000
00000000
00000000
00000000
00000000
00000000
00000000
00000000
00000000
00000000
00000000
00000000
00000000
00000000
00000000
00000000
00000000
00000000
00000000
00000000
00000000
00000000
00000000
00000000
00000000
00000000
00000000
00000000
00000000
00000000
00000000
00000000
00000000
00000000
00000000
00000000
00000000
00000000
00000000
00000000
00000000
00000000
00000000
00000000
00000000
00000000
00000000
00000000
00000000
00000000
00000000
00000000
00000000
00000000
00000000
00000000
00000000
00000000
00000000
00000000
00000000
00000000
00000000
00000000
00000000
00000000
00000000
00000000
00000000
00000000
00000000
00000000
00000000
00000000
00000000
00000000
00000000
00000000
00000000
00000000
00000000
00000000
00000000
00000000
00000000
00000000
00000000
00000000
00000000
00000000
00000000
00000000
00000000
00000000
00000000
00000000
00000000
00000000
00000000
00000000
00000000
00000000
00000000
00000000
00000000
00000000
00000000
00000000
00000000
00000000
00000000
00000000
00000000
00000000
00000000
00000000
00000000
00000000
00000000
00000000
00000000
00000000
00000000
00000000
00000000
00000000
00000000
00000000
00000000
00000000
00000000
00000000
00000000
00000000
00000000
00000000
00000000
00000000
00000000
00000000
00000000
00000000
00000000
00000000
00000000
00000000
00000000
00000000
00000000
00000000
00000000
00000000
00000000
00000000
00000000
00000000
00000000
00000000
00000000
00000000
00000000
00000000
00000000
00000000
00000000
00000000
00000000
00000000
00000000
00000000
00000000
00000000
00000000
00000000
00000000
00000000
00000000
00000000
00000000
00000000
00000000
00000000
00000000
00000000
00000000
00000000
00000000
00000000
00000000
00000000
00000000
00000000
00000000
00000000
00000000
00000000
00000000
00000000
00000000
00000000
00000000
00000000
00000000
00000000
00000000
00000000
00000000
00000000
00000000
00000000
00000000
00000000
00000000
00000000
00000000
00000000
00000000
00000000
00000000
00000000
00000000
00000000
00000000
00000000
00000000
00000000
00000000
00000000
00000000
00000000
00000000
00000000
00000000
00000000
00000000
00000000
00000000
00000000
00000000
00000000
00000000
00000000
00000000
00000000
00000000
00000000
00000000
00000000
00000000
00000000
00000000
00000000
00000000
00000000
00000000
00000000
00000000
00000000
00000000
00000000
00000000
00000000
00000000
00000000
00000000
00000000
00000000
00000000
00000000
00000000
00000000
00000000
00000000
00000000
00000000
00000000
00000000
00000000
00000000
00000000
00000000
00000000
00000000
00000000
00000000
00000000
00000000
00000000
00000000
00000000
00000000
00000000
00000000
00000000
00000000
00000000
00000000
00000000
00000000
00000000
00000000
00000000
00000000
00000000
00000000
00000000
00000000
00000000
00000000
00000000
00000000
00000000
00000000
00000000
00000000
00000000
00000000
00000000
00000000
00000000
00000000
00000000
00000000
00000000
00000000
00000000
00000000
00000000
00000000
00000000
00000000
00000000
00000000
00000000
00000000
00000000
00000000
00000000
00000000
00000000
00000000
00000000
00000000
00000000
00000000
00000000
00000000
00000000
00000000
00000000
00000000
00000000
00000000
00000000
00000000
00000000
00000000
00000000
00000000
00000000
00000000
00000000
00000000
00000000
00000000
00000000
00000000
00000000
00000000
00000000
00000000
00000000
00000000
00000000
00000000
00000000
00000000
00000000
00000000
00000000
00000000
00000000
00000000
00000000
00000000
00000000
00000000
00000000
00000000
00000000
00000000
00000000
00000000
00000000
00000000
00000000
00000000
00000000
00000000
00000000
00000000
00000000
00000000
00000000
00000000
00000000
00000000
00000000
00000000
00000000
00000000
00000000
00000000
00000000
00000000
00000000
00000000
00000000
00000000
00000000
00000000
00000000
00000000
00000000
00000000
00000000
00000000
00000000
00000000
00000000
00000000
00000000
00000000
00000000
00000000
00000000
00000000
00000000
00000000
00000000
00000000
00000000
00000000
00000000
00000000
00000000
00000000
00000000
00000000
00000000
00000000
00000000
00000000
00000000
00000000
00000000
00000000
00000000
00000000
00000000
00000000
00000000
00000000
00000000
00000000
00000000
00000000
00000000
00000000
00000000
00000000
00000000
00000000
00000000
00000000
00000000
00000000
00000000
00000000
00000000
00000000
00000000
00000000
00000000
00000000
00000000
00000000
00000000
00000000
00000000
00000000
00000000
00000000
00000000
00000000
00000000
00000000
00000000
00000000
00000000
00000000
00000000
00000000
00000000
00000000
00000000
00000000
00000000
00000000
00000000
00000000
00000000
00000000
00000000
00000000
00000000
00000000
00000000
00000000
00000000
00000000
00000000
00000000
00000000
00000000
00000000
00000000
00000000
00000000
00000000
00000000
00000000
00000000
00000000
00000000
00000000
00000000
00000000
00000000
00000000
00000000
00000000
00000000
00000000
00000000
00000000
00000000
00000000
00000000
00000000
00000000
00000000
00000000
00000000
00000000
00000000
00000000
00000000
00000000
00000000
00000000
00000000
00000000
00000000
00000000
00000000
00000000
00000000
00000000
00000000
00000000
00000000
00000000
00000000
00000000
00000000
00000000
00000000
00000000
00000000
00000000
00000000
00000000
00000000
00000000
00000000
00000000
00000000
00000000
00000000
00000000
00000000
00000000
00000000
00000000
00000000
00000000
00000000
00000000
00000000
00000000
00000000
00000000
00000000
00000000
00000000
00000000
00000000
00000000
00000000
00000000
00000000
00000000
00000000
00000000
00000000
00000000
00000000
00000000
00000000
00000000
00000000
00000000
00000000
00000000
00000000
00000000
00000000
00000000
00000000
00000000
00000000
00000000
00000000
00000000
00000000
00000000
00000000
00000000
00000000
00000000
00000000
00000000
00000000
00000000
00000000
00000000
00000000
00000000
00000000
00000000
00000000
00000000
00000000
00000000
00000000
00000000
00000000
00000000
00000000
00000000
00000000
00000000
00000000
00000000
00000000
00000000
00000000
00000000
00000000
00000000
00000000
00000000
00000000
00000000
00000000
00000000
00000000
00000000
00000000
00000000
00000000
00000000
00000000
00000000
00000000
00000000
00000000
00000000
00000000
00000000
00000000
00000000
00000000
00000000
00000000
00000000
00000000
00000000
00000000
00000000
00000000
00000000
00000000
00000000
00000000
00000000
00000000
00000000
00000000
00000000
00000000
00000000
00000000
00000000
00000000
00000000
00000000
00000000
00000000
00000000
00000000
00000000
00000000
00000000
00000000
00000000
00000000
00000000
00000000
00000000
00000000
00000000
00000000
00000000
00000000
00000000
00000000
00000000
00000000
00000000
00000000
00000000
00000000
00000000
00000000
00000000
00000000
00000000
00000000
00000000
00000000
00000000
00000000
00000000
00000000
00000000
00000000
00000000
00000000
00000000
00000000
00000000
00000000
00000000
00000000
00000000
00000000
00000000
00000000
00000000
00000000
00000000
00000000
00000000
00000000
00000000
00000000
00000000
00000000
00000000
00000000
00000000
00000000
00000000
00000000
00000000
00000000
00000000
00000000
00000000
00000000
00000000
00000000
00000000
00000000
00000000
00000000
00000000
00000000
00000000
00000000
00000000
00000000
00000000
00000000
00000000
00000000
00000000
00000000
00000000
00000000
00000000
00000000
00000000
00000000
00000000
00000000
00000000
00000000
00000000
00000000
00000000
00000000
00000000
00000000
00000000
00000000
00000000
00000000
00000000
00000000
00000000
00000000
00000000
00000000
00000000
00000000
00000000
00000000
00000000
00000000
00000000
00000000
00000000
00000000
00000000
00000000
00000000
00000000
00000000
00000000
00000000
00000000
00000000
00000000
00000000
00000000
00000000
00000000
00000000
00000000
00000000
00000000
00000000
00000000
00000000
00000000
00000000
00000000
00000000
00000000
00000000
00000000
00000000
00000000
00000000
00000000
00000000
00000000
00000000
00000000
00000000
00000000
00000000
00000000
00000000
00000000
00000000
00000000
00000000
00000000
00000000
00000000
00000000
00000000
00000000
00000000
00000000
00000000
00000000
00000000
00000000
00000000
00000000
00000000
00000000
00000000
00000000
00000000
00000000
00000000
00000000
00000000
00000000
00000000
00000000
00000000
00000000
00000000
00000000
00000000
00000000
00000000
00000000
00000000
00000000
00000000
00000000
00000000
00000000
00000000
00000000
00000000
00000000
00000000
00000000
00000000
00000000
00000000
00000000
00000000
00000000
00000000
00000000
00000000
00000000
00000000
00000000
00000000
00000000
00000000
00000000
00000000
00000000
00000000
00000000
00000000
00000000
00000000
00000000
00000000
00000000
00000000
00000000
00000000
00000000
00000000
00000000
00000000
00000000
00000000
00000000
00000000
00000000
00000000
00000000
00000000
00000000
00000000
00000000
00000000
00000000
00000000
00000000
00000000
00000000
00000000
00000000
00000000
00000000
00000000
00000000
00000000
00000000
00000000
00000000
00000000
00000000
00000000
00000000
00000000
00000000
00000000
00000000
00000000
00000000
00000000
00000000
00000000
00000000
00000000
00000000
00000000
00000000
00000000
00000000
00000000
00000000
00000000
00000000
00000000
00000000
00000000
00000000
00000000
00000000
00000000
00000000
00000000
00000000
00000000
00000000
00000000
00000000
00000000
00000000
00000000
00000000
00000000
00000000
00000000
00000000
00000000
00000000
00000000
00000000
00000000
00000000
00000000
00000000
00000000
00000000
00000000
00000000
00000000
00000000
00000000
00000000
00000000
00000000
00000000
00000000
00000000
00000000
00000000
00000000
00000000
00000000
00000000
00000000
00000000
00000000
00000000
00000000
00000000
00000000
00000000
00000000
00000000
00000000
00000000
00000000
00000000
00000000
00000000
00000000
00000000
00000000
00000000
00000000
00000000
00000000
00000000
00000000
00000000
00000000
00000000
00000000
00000000
00000000
00000000
00000000
00000000
00000000
00000000
00000000
00000000
00000000
00000000
00000000
00000000
00000000
00000000
00000000
00000000
00000000
00000000
00000000
00000000
00000000
00000000
00000000
00000000
00000000
00000000
00000000
00000000
00000000
00000000
00000000
00000000
00000000
00000000
00000000
00000000
00000000
00000000
00000000
00000000
00000000
00000000
00000000
00000000
00000000
00000000
00000000
00000000
00000000
00000000
00000000
00000000
00000000
00000000
00000000
00000000
00000000
00000000
00000000
00000000
00000000
00000000
00000000
00000000
00000000
00000000
00000000
00000000
00000000
00000000
00000000
00000000
00000000
00000000
00000000
00000000
00000000
00000000
00000000
00000000
00000000
00000000
00000000
00000000
00000000
00000000
00000000
00000000
00000000
00000000
00000000
00000000
00000000
00000000
00000000
00000000
00000000
00000000
00000000
00000000
00000000
00000000
00000000
00000000
00000000
00000000
00000000
00000000
00000000
00000000
00000000
00000000
00000000
00000000
00000000
00000000
00000000
00000000
00000000
00000000
00000000
00000000
00000000
00000000
00000000
00000000
00000000
00000000
00000000
00000000
00000000
00000000
00000000
00000000
00000000
00000000
00000000
00000000
00000000
00000000
00000000
00000000
00000000
00000000
00000000
00000000
00000000
00000000
00000000
00000000
00000000
00000000
00000000
00000000
00000000
00000000
00000000
00000000
00000000
00000000
00000000
00000000
00000000
00000000
00000000
00000000
00000000
00000000
00000000
00000000
00000000
00000000
00000000
00000000
00000000
00000000
00000000
00000000
00000000
00000000
00000000
00000000
00000000
00000000
00000000
00000000
00000000
00000000
00000000
00000000
00000000
00000000
00000000
00000000
00000000
00000000
00000000
00000000
00000000
00000000
00000000
00000000
00000000
00000000
00000000
00000000
00000000
00000000
00000000
00000000
00000000
00000000
00000000
00000000
00000000
00000000
00000000
00000000
00000000
00000000
00000000
00000000
00000000
00000000
00000000
00000000
00000000
00000000
00000000
00000000
00000000
00000000
00000000
00000000
00000000
00000000
00000000
00000000
00000000
00000000
00000000
00000000
00000000
00000000
00000000
00000000
00000000
00000000
00000000
00000000
00000000
00000000
00000000
00000000
00000000
00000000
00000000
00000000
00000000
00000000
00000000
00000000
00000000
00000000
00000000
00000000
00000000
00000000
00000000
00000000
00000000
00000000
00000000
00000000
00000000
00000000
00000000
00000000
00000000
00000000
00000000
00000000
00000000
00000000
00000000
00000000
00000000
00000000
00000000
00000000
00000000
00000000
00000000
00000000
00000000
00000000
00000000
00000000
00000000
00000000
00000000
00000000
00000000
00000000
00000000
00000000
00000000
00000000
00000000
00000000
00000000
00000000
00000000
00000000
00000000
00000000
00000000
00000000
00000000
00000000
00000000
00000000
00000000
00000000
00000000
00000000
00000000
00000000
00000000
00000000
00000000
00000000
00000000
00000000
00000000
00000000
00000000
00000000
00000000
00000000
00000000
00000000
00000000
00000000
00000000
00000000
00000000
00000000
00000000
00000000
00000000
00000000
00000000
00000000
00000000
00000000
00000000
00000000
00000000
00000000
00000000
00000000
00000000
00000000
00000000
00000000
00000000
00000000
00000000
00000000
00000000
00000000
00000000
00000000
00000000
00000000
00000000
00000000
00000000
00000000
00000000
00000000
00000000
00000000
00000000
00000000
00000000
00000000
00000000
00000000
00000000
00000000
00000000
00000000
00000000
00000000
00000000
00000000
00000000
00000000
00000000
00000000
00000000
00000000
00000000
00000000
00000000
00000000
00000000
00000000
00000000
00000000
00000000
00000000
00000000
00000000
00000000
00000000
00000000
00000000
00000000
00000000
00000000
00000000
00000000
00000000
00000000
00000000
00000000
00000000
00000000
00000000
00000000
00000000
00000000
00000000
00000000
00000000
00000000
00000000
00000000
00000000
00000000
00000000
00000000
00000000
00000000
00000000
00000000
00000000
00000000
00000000
00000000
00000000
00000000
00000000
00000000
00000000
00000000
00000000
00000000
00000000
00000000
00000000
00000000
00000000
00000000
00000000
00000000
00000000
00000000
00000000
00000000
00000000
00000000
00000000
00000000
00000000
00000000
00000000
00000000
00000000
00000000
00000000
00000000
00000000
00000000
00000000
00000000
00000000
00000000
00000000
00000000
00000000
00000000
00000000
00000000
00000000
00000000
00000000
00000000
00000000
00000000
00000000
00000000
00000000
00000000
00000000
00000000
00000000
00000000
00000000
00000000
00000000
00000000
00000000
00000000
00000000
00000000
00000000
00000000
00000000
00000000
00000000
00000000
00000000
00000000
00000000
00000000
00000000
00000000
00000000
00000000
00000000
00000000
00000000
00000000
00000000
00000000
00000000
00000000
00000000
00000000
00000000
00000000
00000000
00000000
00000000
00000000
00000000
00000000
00000000
00000000
00000000
00000000
00000000
00000000
00000000
00000000
00000000
00000000
00000000
00000000
00000000
00000000
00000000
00000000
00000000
00000000
00000000
00000000
00000000
00000000
00000000
00000000
00000000
00000000
00000000
00000000
00000000
00000000
00000000
00000000
00000000
00000000
00000000
00000000
00000000
00000000
00000000
00000000
00000000
00000000
00000000
00000000
00000000
00000000
00000000
00000000
00000000
00000000
00000000
00000000
00000000
00000000
00000000
00000000
00000000
00000000
00000000
00000000
00000000
00000000
00000000
00000000
00000000
00000000
00000000
00000000
00000000
00000000
00000000
00000000
00000000
00000000
00000000
00000000
00000000
00000000
00000000
00000000
00000000
00000000
00000000
00000000
00000000
00000000
00000000
00000000
00000000
00000000
00000000
00000000
00000000
00000000
00000000
00000000
00000000
00000000
00000000
00000000
00000000
00000000
00000000
00000000
00000000
00000000
00000000
00000000
00000000
00000000
00000000
00000000
00000000
00000000
00000000
00000000
00000000
00000000
00000000
00000000
00000000
00000000
00000000
00000000
00000000
00000000
00000000
00000000
00000000
00000000
00000000
00000000
00000000
00000000
00000000
00000000
00000000
00000000
00000000
00000000
00000000
00000000
00000000
00000000
00000000
00000000
00000000
00000000
00000000
00000000
00000000
00000000
00000000
00000000
00000000
00000000
00000000
00000000
00000000
00000000
00000000
00000000
00000000
00000000
00000000
00000000
00000000
00000000
00000000
00000000
00000000
00000000
00000000
00000000
00000000
00000000
00000000
00000000
00000000
00000000
00000000
00000000
00000000
00000000
00000000
00000000
00000000
00000000
00000000
00000000
00000000
00000000
00000000
00000000
00000000
00000000
00000000
00000000
00000000
00000000
00000000
00000000
00000000
00000000
00000000
00000000
00000000
00000000
00000000
00000000
00000000
00000000
00000000
00000000
00000000
00000000
00000000
00000000
00000000
00000000
00000000
00000000
00000000
00000000
00000000
00000000
00000000
00000000
00000000
00000000
00000000
00000000
00000000
00000000
00000000
00000000
00000000
00000000
00000000
00000000
00000000
00000000
00000000
00000000
00000000
00000000
00000000
00000000
00000000
00000000
00000000
00000000
00000000
00000000
00000000
00000000
00000000
00000000
00000000
00000000
00000000
00000000
00000000
00000000
00000000
00000000
00000000
00000000
00000000
00000000
00000000
00000000
00000000
00000000
00000000
00000000
00000000
00000000
00000000
00000000
00000000
00000000
00000000
00000000
00000000
00000000
00000000
00000000
00000000
00000000
00000000
00000000
00000000
00000000
00000000
00000000
00000000
00000000
00000000
00000000
00000000
00000000
00000000
00000000
00000000
00000000
00000000
00000000
00000000
00000000
00000000
00000000
00000000
00000000
00000000
00000000
00000000
00000000
00000000
00000000
00000000
00000000
00000000
00000000
00000000
00000000
00000000
00000000
00000000
00000000
00000000
00000000
00000000
00000000
00000000
00000000
00000000
00000000
00000000
00000000
00000000
00000000
00000000
00000000
00000000
00000000
00000000
00000000
00000000
00000000
00000000
00000000
00000000
00000000
00000000
00000000
00000000
00000000
00000000
00000000
00000000
00000000
00000000
00000000
00000000
00000000
00000000
00000000
00000000
00000000
00000000
00000000
00000000
00000000
00000000
00000000
00000000
00000000
00000000
00000000
00000000
00000000
00000000
00000000
00000000
00000000
00000000
00000000
00000000
00000000
00000000
00000000
00000000
00000000
00000000
00000000
00000000
00000000
00000000
00000000
00000000
00000000
00000000
00000000
00000000
00000000
00000000
00000000
00000000
00000000
00000000
00000000
00000000
00000000
00000000
00000000
00000000
00000000
00000000
00000000
00000000
00000000
00000000
00000000
00000000
00000000
00000000
00000000
00000000
00000000
00000000
00000000
00000000
00000000
00000000
00000000
00000000
00000000
00000000
00000000
00000000
00000000
00000000
00000000
00000000
00000000
00000000
00000000
00000000
00000000
00000000
00000000
00000000
00000000
00000000
00000000
00000000
00000000
00000000
00000000
00000000
00000000
00000000
00000000
00000000
00000000
00000000
00000000
00000000
00000000
00000000
00000000
00000000
00000000
00000000
00000000
00000000
00000000
00000000
00000000
00000000
00000000
00000000
00000000
00000000
00000000
00000000
00000000
00000000
00000000
00000000
00000000
00000000
00000000
00000000
00000000
00000000
00000000
00000000
00000000
00000000
00000000
00000000
00000000
00000000
00000000
00000000
00000000
00000000
00000000
00000000
00000000
00000000
00000000
00000000
00000000
00000000
00000000
00000000
00000000
00000000
00000000
00000000
00000000
00000000
00000000
00000000
00000000
00000000
00000000
00000000
00000000
00000000
00000000
00000000
00000000
00000000
00000000
00000000
00000000
00000000
00000000
00000000
00000000
00000000
00000000
00000000
00000000
00000000
00000000
00000000
00000000
00000000
00000000
00000000
00000000
00000000
00000000
00000000
00000000
00000000
00000000
00000000
00000000
00000000
00000000
00000000
00000000
00000000
00000000
00000000
00000000
00000000
00000000
00000000
00000000
00000000
00000000
00000000
00000000
00000000
00000000
00000000
00000000
00000000
00000000
00000000
00000000
00000000
00000000
00000000
00000000
00000000
00000000
00000000
00000000
00000000
00000000
00000000
00000000
00000000
00000000
00000000
00000000
00000000
00000000
00000000
00000000
00000000
00000000
00000000
00000000
00000000
00000000
00000000
00000000
00000000
00000000
00000000
00000000
00000000
00000000
00000000
00000000
00000000
00000000
00000000
00000000
00000000
00000000
00000000
00000000
00000000
00000000
00000000
00000000
00000000
00000000
00000000
00000000
00000000
00000000
00000000
00000000
00000000
00000000
00000000
00000000
00000000
00000000
00000000
00000000
00000000
00000000
00000000
00000000
00000000
00000000
00000000
00000000
00000000
00000000
00000000
00000000
00000000
00000000
00000000
00000000
00000000
00000000
00000000
00000000
00000000
00000000
00000000
00000000
00000000
00000000
00000000
00000000
00000000
00000000
00000000
00000000
00000000
00000000
00000000
00000000
00000000
00000000
00000000
00000000
00000000
00000000
00000000
00000000
00000000
00000000
00000000
00000000
00000000
00000000
00000000
00000000
00000000
00000000
00000000
00000000
00000000
00000000
00000000
00000000
00000000
00000000
00000000
00000000
00000000
00000000
00000000
00000000
00000000
00000000
00000000
00000000
00000000
00000000
00000000
00000000
00000000
00000000
00000000
00000000
00000000
00000000
00000000
00000000
00000000
00000000
00000000
00000000
00000000
00000000
00000000
00000000
00000000
00000000
00000000
00000000
00000000
00000000
00000000
00000000
00000000
00000000
00000000
00000000
00000000
00000000
00000000
00000000
00000000
00000000
00000000
00000000
00000000
00000000
00000000
00000000
00000000
00000000
00000000
00000000
00000000
00000000
00000000
00000000
00000000
00000000
00000000
00000000
00000000
00000000
00000000
00000000
00000000
00000000
00000000
00000000
00000000
00000000
00000000
00000000
00000000
00000000
00000000
00000000
00000000
00000000
00000000
00000000
00000000
00000000
00000000
00000000
00000000
00000000
00000000
00000000
00000000
00000000
00000000
00000000
00000000
00000000
00000000
00000000
00000000
00000000
00000000
00000000
00000000
00000000
00000000
00000000
00000000
00000000
00000000
00000000
00000000
00000000
00000000
00000000
00000000
00000000
00000000
00000000
00000000
00000000
00000000
00000000
00000000
00000000
00000000
00000000
00000000
00000000
00000000
00000000
00000000
00000000
00000000
00000000
00000000
00000000
00000000
00000000
00000000
00000000
00000000
00000000
00000000
00000000
00000000
00000000
00000000
00000000
00000000
00000000
00000000
00000000
00000000
00000000
00000000
00000000
00000000
00000000
00000000
00000000
00000000
00000000
00000000
00000000
00000000
00000000
00000000
00000000
00000000
00000000
00000000
00000000
00000000
00000000
00000000
00000000
00000000
00000000
00000000
00000000
00000000
00000000
00000000
00000000
00000000
00000000
00000000
00000000
00000000
00000000
00000000
00000000
00000000
00000000
00000000
00000000
00000000
00000000
00000000
00000000
00000000
00000000
00000000
00000000
00000000
00000000
00000000
00000000
00000000
00000000
00000000
00000000
00000000
00000000
00000000
00000000
00000000
00000000
00000000
00000000
00000000
00000000
00000000
00000000
00000000
00000000
00000000
00000000
00000000
00000000
00000000
00000000
00000000
00000000
00000000
00000000
00000000
00000000
00000000
00000000
00000000
00000000
00000000
00000000
00000000
00000000
00000000
00000000
00000000
00000000
00000000
00000000
00000000
00000000
00000000
00000000
00000000
00000000
00000000
00000000
00000000
00000000
00000000
00000000
00000000
00000000
00000000
00000000
00000000
00000000
00000000
00000000
00000000
00000000
00000000
00000000
00000000
00000000
00000000
00000000
00000000
00000000
00000000
00000000
00000000
00000000
00000000
00000000
00000000
00000000
00000000
00000000
00000000
00000000
00000000
00000000
00000000
00000000
00000000
00000000
00000000
00000000
00000000
00000000
00000000
00000000
00000000
00000000
00000000
00000000
00000000
00000000
00000000
00000000
00000000
00000000
00000000
00000000
00000000
00000000
00000000
00000000
00000000
00000000
00000000
00000000
00000000
00000000
00000000
00000000
00000000
00000000
00000000
00000000
00000000
00000000
00000000
00000000
00000000
00000000
00000000
00000000
00000000
00000000
00000000
00000000
00000000
00000000
00000000
00000000
00000000
00000000
00000000
00000000
00000000
00000000
00000000
00000000
00000000
00000000
00000000
00000000
00000000
00000000
00000000
00000000
00000000
00000000
00000000
00000000
00000000
00000000
00000000
00000000
00000000
00000000
00000000
00000000
00000000
00000000
00000000
00000000
00000000
00000000
00000000
00000000
00000000
00000000
00000000
00000000
00000000
00000000
00000000
00000000
00000000
00000000
00000000
00000000
00000000
00000000
00000000
00000000
00000000
00000000
00000000
00000000
00000000
00000000
00000000
00000000
00000000
00000000
00000000
00000000
00000000
00000000
00000000
00000000
00000000
00000000
00000000
00000000
00000000
00000000
00000000
00000000
00000000
00000000
00000000
00000000
00000000
00000000
00000000
00000000
00000000
00000000
00000000
00000000
00000000
00000000
00000000
00000000
00000000
00000000
00000000
00000000
00000000
00000000
00000000
00000000
00000000
00000000
00000000
00000000
00000000
00000000
00000000
00000000
00000000
00000000
00000000
00000000
00000000
00000000
00000000
00000000
00000000
00000000
00000000
00000000
00000000
00000000
00000000
00000000
00000000
00000000
00000000
00000000
00000000
00000000
00000000
00000000
00000000
00000000
00000000
00000000
00000000
00000000
00000000
00000000
00000000
00000000
00000000
00000000
00000000
00000000
00000000
00000000
00000000
00000000
00000000
00000000
00000000
00000000
00000000
00000000
00000000
00000000
00000000
00000000
00000000
00000000
00000000
00000000
00000000
00000000
00000000
00000000
00000000
00000000
00000000
00000000
00000000
00000000
00000000
00000000
00000000
00000000
00000000
00000000
00000000
00000000
00000000
00000000
00000000
00000000
00000000
00000000
00000000
00000000
00000000
00000000
00000000
00000000
00000000
00000000
00000000
00000000
00000000
00000000
00000000
00000000
00000000
00000000
00000000
00000000
00000000
00000000
00000000
00000000
00000000
00000000
00000000
00000000
00000000
00000000
00000000
00000000
00000000
00000000
00000000
00000000
00000000
00000000
00000000
00000000
00000000
00000000
00000000
00000000
00000000
00000000
00000000
00000000
00000000
00000000
00000000
00000000
00000000
00000000
00000000
00000000
00000000
00000000
00000000
00000000
00000000
00000000
00000000
00000000
00000000
00000000
00000000
00000000
00000000
00000000
00000000
00000000
00000000
00000000
00000000
00000000
00000000
00000000
00000000
00000000
00000000
00000000
00000000
00000000
00000000
00000000
00000000
00000000
00000000
00000000
00000000
00000000
00000000
00000000
00000000
00000000
00000000
00000000
00000000
00000000
00000000
00000000
00000000
00000000
00000000
00000000
00000000
00000000
00000000
00000000
00000000
00000000
00000000
00000000
00000000
00000000
00000000
00000000
00000000
00000000
00000000
00000000
00000000
00000000
00000000
00000000
00000000
00000000
00000000
00000000
00000000
00000000
00000000
00000000
00000000
00000000
00000000
00000000
00000000
00000000
00000000
00000000
00000000
00000000
00000000
00000000
00000000
00000000
00000000
00000000
00000000
00000000
00000000
00000000
00000000
00000000
00000000
00000000
00000000
00000000
00000000
00000000
00000000
00000000
00000000
00000000
00000000
00000000
00000000
00000000
00000000
00000000
00000000
00000000
00000000
00000000
00000000
00000000
00000000
00000000
00000000
00000000
00000000
00000000
00000000
00000000
00000000
00000000
00000000
00000000
00000000
00000000
00000000
00000000
00000000
00000000
00000000
00000000
00000000
00000000
00000000
00000000
00000000
00000000
00000000
00000000
00000000
00000000
00000000
00000000
00000000
00000000
00000000
00000000
00000000
00000000
00000000
00000000
00000000
00000000
00000000
00000000
00000000
00000000
00000000
00000000
00000000
00000000
00000000
00000000
00000000
00000000
00000000
00000000
00000000
00000000
00000000
00000000
00000000
00000000
00000000
00000000
00000000
00000000
00000000
00000000
00000000
00000000
00000000
00000000
00000000
00000000
00000000
00000000
00000000
00000000
00000000
00000000
00000000
00000000
00000000
00000000
00000000
00000000
00000000
00000000
00000000
00000000
00000000
00000000
00000000
00000000
00000000
00000000
00000000
00000000
00000000
00000000
00000000
00000000
00000000
00000000
00000000
00000000
00000000
00000000
00000000
00000000
00000000
00000000
00000000
00000000
00000000
00000000
00000000
00000000
00000000
00000000
00000000
00000000
00000000
00000000
00000000
00000000
00000000
00000000
00000000
00000000
00000000
00000000
00000000
00000000
00000000
00000000
00000000
00000000
00000000
00000000
00000000
00000000
00000000
00000000
00000000
00000000
00000000
00000000
00000000
00000000
00000000
00000000
00000000
00000000
00000000
00000000
00000000
00000000
00000000
00000000
00000000
00000000
00000000
00000000
00000000
00000000
00000000
00000000
00000000
00000000
00000000
00000000
00000000
00000000
00000000
00000000
00000000
00000000
00000000
00000000
00000000
00000000
00000000
00000000
00000000
00000000
00000000
00000000
00000000
00000000
00000000
00000000
00000000
00000000
00000000
00000000
00000000
00000000
00000000
00000000
00000000
00000000
00000000
00000000
00000000
00000000
00000000
00000000
00000000
00000000
00000000
00000000
00000000
00000000
00000000
00000000
00000000
00000000
00000000
00000000
00000000
00000000
00000000
00000000
00000000
00000000
00000000
00000000
00000000
00000000
00000000
00000000
00000000
00000000
00000000
00000000
00000000
00000000
00000000
00000000
00000000
00000000
00000000
00000000
00000000
00000000
00000000
00000000
00000000
00000000
00000000
00000000
00000000
00000000
00000000
00000000
00000000
00000000
00000000
00000000
00000000
00000000
00000000
00000000
00000000
00000000
00000000
00000000
00000000
00000000
00000000
00000000
00000000
00000000
00000000
00000000
00000000
00000000
00000000
00000000
00000000
00000000
00000000
00000000
00000000
00000000
00000000
00000000
00000000
00000000
00000000
00000000
00000000
00000000
00000000
00000000
00000000
00000000
00000000
00000000
00000000
00000000
00000000
00000000
00000000
00000000
00000000
00000000
00000000
00000000
00000000
00000000
00000000
00000000
00000000
00000000
00000000
00000000
00000000
00000000
00000000
00000000
00000000
00000000
00000000
00000000
00000000
00000000
00000000
00000000
00000000
00000000
00000000
00000000
00000000
00000000
00000000
00000000
00000000
00000000
00000000
00000000
00000000
00000000
00000000
00000000
00000000
00000000
00000000
00000000
00000000
00000000
00000000
00000000
00000000
00000000
00000000
00000000
00000000
00000000
00000000
00000000
00000000
00000000
00000000
00000000
00000000
00000000
00000000
00000000
00000000
00000000
00000000
00000000
00000000
00000000
00000000
00000000
00000000
00000000
00000000
00000000
00000000
00000000
00000000
00000000
00000000
00000000
00000000
00000000
00000000
00000000
00000000
00000000
00000000
00000000
00000000
00000000
00000000
00000000
00000000
00000000
00000000
00000000
00000000
00000000
00000000
00000000
00000000
00000000
00000000
00000000
00000000
00000000
00000000
00000000
00000000
00000000
00000000
00000000
00000000
00000000
00000000
00000000
00000000
00000000
00000000
00000000
00000000
00000000
00000000
00000000
00000000
00000000
00000000
00000000
00000000
00000000
00000000
00000000
00000000
00000000
00000000
00000000
00000000
00000000
00000000
00000000
00000000
00000000
00000000
00000000
00000000
00000000
00000000
00000000
00000000
00000000
00000000
00000000
00000000
00000000
00000000
00000000
00000000
00000000
00000000
00000000
00000000
00000000
00000000
00000000
00000000
00000000
00000000
00000000
00000000
00000000
00000000
00000000
00000000
00000000
00000000
00000000
00000000
00000000
00000000
00000000
00000000
00000000
00000000
00000000
00000000
00000000
00000000
00000000
00000000
00000000
00000000
00000000
00000000
00000000
00000000
00000000
00000000
00000000
00000000
00000000
00000000
00000000
00000000
00000000
00000000
00000000
00000000
00000000
00000000
00000000
00000000
00000000
00000000
00000000
00000000
00000000
00000000
00000000
00000000
00000000
00000000
00000000
00000000
00000000
00000000
00000000
00000000
00000000
00000000
00000000
00000000
00000000
00000000
00000000
00000000
00000000
00000000
00000000
00000000
00000000
00000000
00000000
00000000
00000000
00000000
00000000
00000000
00000000
00000000
00000000
00000000
00000000
00000000
00000000
00000000
00000000
00000000
00000000
00000000
00000000
00000000
00000000
00000000
00000000
00000000
00000000
00000000
00000000
00000000
00000000
00000000
00000000
00000000
00000000
00000000
00000000
00000000
00000000
00000000
00000000
00000000
00000000
00000000
00000000
00000000
00000000
00000000
00000000
00000000
00000000
00000000
00000000
00000000
00000000
00000000
00000000
00000000
00000000
00000000
00000000
00000000
00000000
00000000
00000000
00000000
00000000
00000000
00000000
00000000
00000000
00000000
00000000
00000000
00000000
00000000
00000000
00000000
00000000
00000000
00000000
00000000
00000000
00000000
00000000
00000000
00000000
00000000
00000000
00000000
00000000
00000000
00000000
00000000
00000000
00000000
00000000
00000000
00000000
00000000
00000000
00000000
00000000
00000000
00000000
00000000
00000000
00000000
00000000
00000000
00000000
00000000
00000000
00000000
00000000
00000000
00000000
00000000
00000000
00000000
00000000
00000000
00000000
00000000
00000000
00000000
00000000
00000000
00000000
00000000
00000000
00000000
00000000
00000000
00000000
00000000
00000000
00000000
00000000
00000000
00000000
00000000
00000000
00000000
00000000
00000000
00000000
00000000
00000000
00000000
00000000
00000000
00000000
00000000
00000000
00000000
00000000
00000000
00000000
00000000
00000000
00000000
00000000
00000000
00000000
00000000
00000000
00000000
00000000
00000000
00000000
00000000
00000000
00000000
00000000
00000000
00000000
00000000
00000000
00000000
00000000
00000000
00000000
00000000
00000000
00000000
00000000
00000000
00000000
00000000
00000000
00000000
00000000
00000000
00000000
00000000
00000000
00000000
00000000
00000000
00000000
00000000
00000000
00000000
00000000
00000000
00000000
00000000
00000000
00000000
00000000
00000000
00000000
00000000
00000000
00000000
00000000
00000000
00000000
00000000
00000000
00000000
00000000
00000000
00000000
00000000
00000000
00000000
00000000
00000000
00000000
00000000
00000000
00000000
00000000
00000000
00000000
00000000
00000000
00000000
00000000
00000000
00000000
00000000
00000000
00000000
00000000
00000000
00000000
00000000
00000000
00000000
00000000
00000000
00000000
00000000
00000000
00000000
00000000
00000000
00000000
00000000
00000000
00000000
00000000
00000000
00000000
00000000
00000000
00000000
00000000
00000000
00000000
00000000
00000000
00000000
00000000
00000000
00000000
00000000
00000000
00000000
00000000
00000000
00000000
00000000
00000000
00000000
00000000
00000000
00000000
00000000
00000000
00000000
00000000
00000000
00000000
00000000
00000000
00000000
00000000
00000000
00000000
00000000
00000000
00000000
00000000
00000000
00000000
00000000
00000000
00000000
00000000
00000000
00000000
00000000
00000000
00000000
00000000
00000000
00000000
00000000
00000000
00000000
00000000
00000000
00000000
00000000
00000000
00000000
00000000
00000000
00000000
00000000
00000000
00000000
00000000
00000000
00000000
00000000
00000000
00000000
00000000
00000000
00000000
00000000
00000000
00000000
00000000
00000000
00000000
00000000
00000000
00000000
00000000
00000000
00000000
00000000
00000000
00000000
00000000
00000000
00000000
00000000
00000000
00000000
00000000
00000000
00000000
00000000
00000000
00000000
00000000
00000000
00000000
00000000
00000000
00000000
00000000
00000000
00000000
00000000
00000000
00000000
00000000
00000000
00000000
00000000
00000000
00000000
00000000
00000000
00000000
00000000
00000000
00000000
00000000
00000000
00000000
00000000
00000000
00000000
00000000
00000000
00000000
00000000
00000000
00000000
00000000
00000000
00000000
00000000
00000000
00000000
00000000
00000000
00000000
00000000
00000000
00000000
00000000
00000000
00000000
00000000
00000000
00000000
00000000
00000000
00000000
00000000
00000000
00000000
00000000
00000000
00000000
00000000
00000000
00000000
00000000
00000000
00000000
00000000
00000000
00000000
00000000
00000000
00000000
00000000
00000000
00000000
00000000
00000000
00000000
00000000
00000000
00000000
00000000
00000000
00000000
00000000
00000000
00000000
00000000
00000000
00000000
00000000
00000000
00000000
00000000
00000000
00000000
00000000
00000000
00000000
00000000
00000000
00000000
00000000
00000000
00000000
00000000
00000000
00000000
00000000
00000000
00000000
00000000
00000000
00000000
00000000
00000000
00000000
00000000
00000000
00000000
00000000
00000000
00000000
00000000
00000000
00000000
00000000
00000000
00000000
00000000
00000000
00000000
00000000
00000000
00000000
00000000
00000000
00000000
00000000
00000000
00000000
00000000
00000000
00000000
00000000
00000000
00000000
00000000
00000000
00000000
00000000
00000000
00000000
00000000
00000000
00000000
00000000
00000000
00000000
00000000
00000000
00000000
00000000
00000000
00000000
00000000
00000000
00000000
00000000
00000000
00000000
00000000
00000000
00000000
00000000
00000000
00000000
00000000
00000000
00000000
00000000
00000000
00000000
00000000
00000000
00000000
00000000
00000000
00000000
00000000
00000000
00000000
00000000
00000000
00000000
00000000
00000000
00000000
a2000001
00000160
00020200
00000000
00000000
00000000
00000000
00000000
9998eb23
88358fc5
6e576b01
e5801176
82b13e9d
cd342398
4326bf0a
ec0c8bb1
2b02b297
4b20412d
721d89cc
0da6c3c8
14568c40
11602aed
f4fb620f
b7b92491
00000000
00000000
00000001
0000000b
00000001
00002210
00010134
61667830
37353631
61323133
32343762
30373034
39623730
39313736
35313433
74750039
6f772f6f
6b2f6b72
64726176
2f6e6168
54746947
73656572
75616b2f
69616d5f
32305f6e
34323830
75616b2f
00000000
00000000
00000000
00000000
00000000
00000000
00000000
00000000
00000000
00000000
00000000
00000000
00000000
00000000
00000000
00000000
00000000
00000000
00000000
00000000
6c6c6977
745f776f
6d726568
00000000
00000000
00000000
00000000
00000000
00000000
00000000
00000000
00000000
00000000
00000000
00000000
00000000
00000000
00000000
00000000
00000000
00000000
00000000
00000000
00000000
00000000
00000000
00000000
00000000
00000000
00000000
00000000
00000000
34323032
32303830
3332305f
00323039
00000000
00000000
00000000
00000000
00000000
aaf3fa65
60625366
552e5784
e917374e
ad984083
73513a63
8cde3b11
949f34c9
10100945
52aee386
a276c0be
b0dda7e1
b2532fad
fb823937
5635ee35
459f76d6
a2000002
00000120
000203c0
00000000
00000000
00000000
00000000
00000000
0f65c333
e01a610c
6b897aec
f424f276
d7e0a719
8827254b
e1d55b14
9a2edbd6
2324c825
bc5af242
2cb7bdec
3c382a74
fec7314a
9b43a5e2
9e21417e
734a4e17
00000000
00000004
00000000
00000009
00000000
00000001
00000000
00000000
00000057
00000000
00000002
00000000
00000000
00000001
0000000b
00000001
00000002
00000000
00000000
00000000
00000000
00000001
00000001
00000000
0000004f
00000000
00000001
00000000
00000000
00000001
0000000f
00000001
00000002
00000000
00000000
00000000
00000000
00000001
00000002
00000000
00000047
00000001
00000001
00000001
00000005
00000001
00000007
00000001
00000001
00000000
00000000
00000000
00000000
00000001
00000003
00000002
000000ff
0000000a
00000005
00000002
00000000
00000001
0000000d
00000001
00000002
00000000
00000000
00000000
00000000
00000000
00000000
00000000
92498f08
7b4727af
19c16f42
5fae3031
3b619654
e693597e
e5921a18
a23af380
725b31d9
2cffc2dc
6624cc3b
3aacf224
6039e0e7
81cf19df
66717171
44ae34c2
a2000009
00000020
00020480
00000000
00000000
00000000
00000000
00000000
66a45ecb
4d177256
7be1de63
d06ca489
659b8522
c50d26bc
e75f844c
0c85c7c7
37e1bcf0
05a6efeb
5d0b63bd
2602e36e
d08163d3
3ae665da
dc3fc95c
dd1bb230
00000000
00000000
00000000
00000001
00000000
00000000
00000000
00000000
475a0e3f
a67e135c
66b5a2c8
bb97b501
52e10fe5
906193e0
04391d03
429b5593
e4461430
00f144c5
048366f6
9778526b
3ccc490c
cff2077f
bc6b9802
841b6209
a200000a
00000020
00020540
00000000
00000000
00000000
00000000
00000000
f2764c3d
a2a855f2
f6fcdf02
8667f825
02fad710
05810033
bdf473c9
e6d2c236
539f0e21
abcac109
36b07aca
6af268ca
9641c57e
76db44d7
149e591d
87047071
00000000
00000000
00000000
00000000
00000000
00000000
00000000
00000000
c3a28c20
e338f297
41f3e287
2c6e2f79
03e2ba48
06a01264
7973ff45
0d7cbcbc
3d86cda2
0884ee98
c8b49f73
56ef0dbf
56ea63a8
fbdcb62f
dc108c0b
bf0959ee
a200000e
0000521c
000257fc
00000000
00000000
00000000
00000000
00000000
05257bea
3561ead4
47a851b3
10db7823
8e4da367
336aec3b
b493ff31
22a52cdd
97dc645f
d21fcc94
6243cee2
98e16af3
f728a290
5f9074aa
6b0d65d2
b2a25eb5
00000001
00000000
00000000
00000005
00000000
00000001
00000002
00000001
00000002
00000000
00000001
00010000
00000001
00000001
00000000
00000000
00000000
00000000
00000000
00000000
00000000
00000000
00000000
00000000
00000a37
00000000
00000b00
00000004
00000000
00000008
00000000
0000000c
00000000
00000010
00000000
00000014
00000000
00000018
00000000
0000001c
00000000
00000020
00000000
00000024
00000000
00000028
00000000
0000002c
00000000
00000030
00002710
00000034
000186a0
00000038
00000005
0000003c
00000064
00000040
000681c8
00000044
004111c9
00000048
00000005
0000004c
000010a9
00000050
000681c8
00000054
004111c9
00000058
00000005
0000005c
000010a9
00000060
01010100
00000064
01010000
00000068
01000110
0000006c
02010002
00000070
0000000a
00000074
00000019
00000078
00000000
0000007c
00000000
00000080
02000000
00000084
00000002
00000088
00000000
0000008c
00000000
00000090
00000000
00000094
00000000
00000098
02000010
0000009c
00005656
000000a0
00000000
000000a4
00000000
000000a8
00000000
000000ac
00000000
000000b0
00000000
000000b4
00000000
000000b8
00000000
000000bc
00000000
000000c0
1248040c
000000c4
08041248
000000c8
00000705
000000cc
03090004
000000d0
00110002
000000d4
005c0083
000000d8
00422717
000000dc
00008311
000000e0
2717005c
000000e4
0a090042
000000e8
0406db0a
000000ec
16112004
000000f0
1082351e
000000f4
16112010
000000f8
1082351e
000000fc
04042010
00000100
00020304
00000104
29280405
00000108
00082928
0000010c
50070101
00000110
2d030450
00000114
2d2d032d
00000118
01000000
0000011c
03010001
00000120
01000000
00000124
00131003
00000128
000000bb
0000012c
0000032b
00000130
00002082
00000134
0000032b
00000138
00002082
0000013c
00000005
00000140
0005000a
00000144
0196000a
00000148
00019611
0000014c
00110196
00000150
000a0196
00000154
00000a05
00000158
00110196
0000015c
01960196
00000160
00019611
00000164
12010000
00000168
00100005
0000016c
2b080010
00000170
0a05052b
00000174
1e100b03
00000178
1e100b04
0000017c
04010104
00000180
00010401
00000184
00140014
00000188
033b033b
0000018c
033b033b
00000190
05010303
00000194
20040505
00000198
100b0404
0000019c
0420100b
000001a0
0b100b04
000001a4
04040310
000001a8
03010000
000001ac
00010000
000001b0
00000000
000001b4
01000000
000001b8
80104002
000001bc
00040003
000001c0
00040005
000001c4
00030000
000001c8
00050004
000001cc
00000004
000001d0
00040003
000001d4
00040005
000001d8
00000000
000001dc
00002ec0
000001e0
00002ec0
000001e4
00002ec0
000001e8
00002ec0
000001ec
00002ec0
000001f0
00000000
000001f4
0000051d
000001f8
00082080
000001fc
00082080
00000200
00082080
00000204
00082080
00000208
00082080
0000020c
00000000
00000210
0000e38e
00000214
00082080
00000218
00082080
0000021c
00082080
00000220
00082080
00000224
00082080
00000228
00000000
0000022c
0000e38e
00000230
00000000
00000234
00000000
00000238
00000000
0000023c
00000000
00000240
00000000
00000244
00000000
00000248
00000000
0000024c
00000000
00000250
00000000
00000254
00000000
00000258
00000000
0000025c
00000000
00000260
05000000
00000264
0b040b03
00000268
00000004
0000026c
010a0900
00000270
0e0a0907
00000274
0a090000
00000278
0a090701
0000027c
0900000e
00000280
0907010a
00000284
01000e0a
00000288
00040003
0000028c
00000007
00000290
00000000
00000294
00000000
00000298
00000000
0000029c
00000000
000002a0
00000000
000002a4
00000000
000002a8
10100100
000002ac
01000000
000002b0
00000000
000002b4
00001a00
000002b8
0000100e
000002bc
00000002
000002c0
00000000
000002c4
00000001
000002c8
00000002
000002cc
00000c00
000002d0
001e8480
000002d4
00000c00
000002d8
001e8480
000002dc
00000c00
000002e0
001e8480
000002e4
00000000
000002e8
00000000
000002ec
00000000
000002f0
00000000
000002f4
00000000
000002f8
00000000
000002fc
00000000
00000300
000a0000
00000304
000d0005
00000308
00000404
0000030c
0000000d
00000310
00d601ab
00000314
10100216
00000318
00000216
0000031c
00d601ab
00000320
10100216
00000324
00000216
00000328
00000000
0000032c
00000000
00000330
00000000
00000334
3f740004
00000338
00043f74
0000033c
3f743f74
00000340
31310000
00000344
31313131
00000348
00000000
0000034c
00000000
00000350
00000000
00000354
06060000
00000358
06060606
0000035c
00000000
00000360
00000000
00000364
25252525
00000368
00002525
0000036c
00000000
00000370
0e0e0e0e
00000374
00200e0e
00000378
00010000
0000037c
00000100
00000380
00000000
00000384
00000000
00000388
00000001
0000038c
00000000
00000390
00000000
00000394
00000000
00000398
00000000
0000039c
00000000
000003a0
00000000
000003a4
00000000
000003a8
00000000
000003ac
00000000
000003b0
00000000
000003b4
00000000
000003b8
00000000
000003bc
00000000
000003c0
00000000
000003c4
00000000
000003c8
00000000
000003cc
00000000
000003d0
00000000
000003d4
00000000
000003d8
02000000
000003dc
01040101
000003e0
00000000
000003e4
00000000
000003e8
00000000
000003ec
00000000
000003f0
00000000
000003f4
00000000
000003f8
00000000
000003fc
00000000
00000400
00000000
00000404
00000000
00000408
00000000
0000040c
00000000
00000410
00000000
00000414
00000000
00000418
00000000
0000041c
00000000
00000420
00000000
00000424
00000000
00000428
00000000
0000042c
00000000
00000430
00000000
00000434
00000000
00000438
00000000
0000043c
00000000
00000440
00000000
00000444
00000000
00000448
00000000
0000044c
00000000
00000450
00000000
00000454
00000000
00000458
00000000
0000045c
00000000
00000460
00000000
00000464
00000000
00000468
00000000
0000046c
00000020
00000470
006403e8
00000474
00000000
00000478
00000000
0000047c
00000000
00000480
14110000
00000484
00080c18
00000488
00000003
0000048c
00000000
00000490
00000000
00000494
00000000
00000498
00000000
0000049c
00000000
000004a0
00000000
000004a4
00000000
000004a8
00000000
000004ac
00000000
000004b0
00000000
000004b4
00000000
000004b8
00000000
000004bc
00000000
000004c0
00020000
000004c4
00400100
000004c8
00020032
000004cc
01000200
000004d0
08550040
000004d4
00020040
000004d8
00400100
000004dc
00400855
000004e0
00030000
000004e4
006b006b
000004e8
00000100
000004ec
00000000
000004f0
01010101
000004f4
1fff0000
000004f8
0003ff00
000004fc
3fff2000
00000500
0003ff00
00000504
ff0b0000
00000508
010001ff
0000050c
01010101
00000510
30010101
00000514
01000001
00000518
00000000
0000051c
00000000
00000520
00000000
00000524
00000000
00000528
02020000
0000052c
40100401
00000530
00000000
00000534
40100401
00000538
00000000
0000053c
00000000
00000540
01010100
00000544
01010101
00000548
00000000
0000054c
00000000
00000550
00000000
00000554
00000000
00000558
00000000
0000055c
00000000
00000560
00000000
00000564
00000000
00000568
00000000
0000056c
00000000
00000570
00000000
00000574
00000000
00000578
00000000
0000057c
00000000
00000580
00000000
00000584
00000000
00000588
00000000
0000058c
00000000
00000590
00000000
00000594
00000000
00000598
00000000
0000059c
00000000
000005a0
00000000
000005a4
00000000
000005a8
00000000
000005ac
00000000
000005b0
00000000
000005b4
00000000
000005b8
00000000
000005bc
00000000
000005c0
00000000
000005c4
00000000
000005c8
00000000
000005cc
00000000
000005d0
00000000
000005d4
00000000
000005d8
00000000
000005dc
00000000
000005e0
00000000
000005e4
00000000
000005e8
00000000
000005ec
00000000
000005f0
00000000
000005f4
00000000
000005f8
00000000
000005fc
00000000
00000600
00000000
00000604
00000000
00000608
00000000
0000060c
00000000
00000610
00000000
00000614
00000000
00000618
00000000
0000061c
00000000
00000620
00000000
00000624
00010100
00000628
01000101
0000062c
01010101
00000630
0a0a0300
00000634
02020101
00000638
081f1f05
0000063c
08021010
00000640
0c020e00
00000644
0c02070c
00000648
0b08070c
0000064c
0000000b
00000650
04080101
00000654
00000408
00000658
00000404
0000065c
00000404
00000660
00000404
00000664
00000404
00000668
00000404
0000066c
00000000
00000670
00000000
00000674
00000000
00000678
00000000
0000067c
00000000
00000680
00000000
00000684
00000000
00000688
00000000
0000068c
00000000
00000690
00000000
00000694
00000000
00000698
00000000
0000069c
00000001
000006a0
00000000
000006a4
033fffff
000006a8
ffffffff
000006ac
000f000f
000006b0
00000000
000006b4
033fffff
000006b8
ffffffff
000006bc
000f000f
000006c0
00000000
000006c4
033fffff
000006c8
ffffffff
000006cc
000f000f
000006d0
00000000
000006d4
033fffff
000006d8
ffffffff
000006dc
000f000f
000006e0
00000000
000006e4
033fffff
000006e8
ffffffff
000006ec
000f000f
000006f0
00000000
000006f4
033fffff
000006f8
ffffffff
000006fc
000f000f
00000700
00000000
00000704
033fffff
00000708
ffffffff
0000070c
000f000f
00000710
00000000
00000714
033fffff
00000718
ffffffff
0000071c
000f000f
00000720
00000000
00000724
033fffff
00000728
ffffffff
0000072c
000f000f
00000730
00000000
00000734
033fffff
00000738
ffffffff
0000073c
000f000f
00000740
00000000
00000744
033fffff
00000748
ffffffff
0000074c
000f000f
00000750
00000000
00000754
033fffff
00000758
ffffffff
0000075c
000f000f
00000760
00000000
00000764
033fffff
00000768
ffffffff
0000076c
000f000f
00000770
00000000
00000774
033fffff
00000778
ffffffff
0000077c
000f000f
00000780
00000000
00000784
033fffff
00000788
ffffffff
0000078c
000f000f
00000790
00000000
00000794
033fffff
00000798
ffffffff
0000079c
000f000f
000007a0
00000000
000007a4
033fffff
000007a8
ffffffff
000007ac
000f000f
000007b0
00000000
000007b4
033fffff
000007b8
ffffffff
000007bc
000f000f
000007c0
00000000
000007c4
033fffff
000007c8
ffffffff
000007cc
000f000f
000007d0
00000000
000007d4
033fffff
000007d8
ffffffff
000007dc
000f000f
000007e0
00000000
000007e4
033fffff
000007e8
ffffffff
000007ec
000f000f
000007f0
00000000
000007f4
033fffff
000007f8
ffffffff
000007fc
000f000f
00000800
00000000
00000804
033fffff
00000808
ffffffff
0000080c
000f000f
00000810
00000000
00000814
033fffff
00000818
ffffffff
0000081c
000f000f
00000820
00000000
00000824
033fffff
00000828
ffffffff
0000082c
000f000f
00000830
00000000
00000834
033fffff
00000838
ffffffff
0000083c
000f000f
00000840
00000000
00000844
033fffff
00000848
ffffffff
0000084c
000f000f
00000850
00000000
00000854
033fffff
00000858
ffffffff
0000085c
000f000f
00000860
00000000
00000864
033fffff
00000868
ffffffff
0000086c
000f000f
00000870
00000000
00000874
033fffff
00000878
ffffffff
0000087c
000f000f
00000880
00000000
00000884
033fffff
00000888
ffffffff
0000088c
000f000f
00000890
00000000
00000894
033fffff
00000898
ffffffff
0000089c
000f000f
000008a0
00000000
000008a4
033fffff
000008a8
ffffffff
000008ac
000f000f
000008b0
00000000
000008b4
033fffff
000008b8
ffffffff
000008bc
000f000f
000008c0
00000000
000008c4
033fffff
000008c8
ffffffff
000008cc
000f000f
000008d0
00000000
000008d4
033fffff
000008d8
ffffffff
000008dc
000f000f
000008e0
00000000
000008e4
033fffff
000008e8
ffffffff
000008ec
000f000f
000008f0
00000000
000008f4
033fffff
000008f8
ffffffff
000008fc
000f000f
00000900
00000000
00000904
033fffff
00000908
ffffffff
0000090c
000f000f
00000910
00000000
00000914
033fffff
00000918
ffffffff
0000091c
000f000f
00000920
00000000
00000924
033fffff
00000928
ffffffff
0000092c
000f000f
00000930
00000000
00000934
033fffff
00000938
ffffffff
0000093c
000f000f
00000940
00000000
00000944
033fffff
00000948
ffffffff
0000094c
000f000f
00000950
00000000
00000954
033fffff
00000958
ffffffff
0000095c
000f000f
00000960
00000000
00000964
033fffff
00000968
ffffffff
0000096c
000f000f
00000970
00000000
00000974
033fffff
00000978
ffffffff
0000097c
000f000f
00000980
00000000
00000984
033fffff
00000988
ffffffff
0000098c
000f000f
00000990
00000000
00000994
033fffff
00000998
ffffffff
0000099c
000f000f
000009a0
00000000
000009a4
033fffff
000009a8
ffffffff
000009ac
000f000f
000009b0
00000000
000009b4
033fffff
000009b8
ffffffff
000009bc
000f000f
000009c0
00000000
000009c4
033fffff
000009c8
ffffffff
000009cc
000f000f
000009d0
00000000
000009d4
033fffff
000009d8
ffffffff
000009dc
000f000f
000009e0
00000000
000009e4
033fffff
000009e8
ffffffff
000009ec
000f000f
000009f0
00000000
000009f4
033fffff
000009f8
ffffffff
000009fc
000f000f
00000a00
00000000
00000a04
033fffff
00000a08
ffffffff
00000a0c
000f000f
00000a10
00000000
00000a14
033fffff
00000a18
ffffffff
00000a1c
000f000f
00000a20
00000000
00000a24
033fffff
00000a28
ffffffff
00000a2c
000f000f
00000a30
00000000
00000a34
033fffff
00000a38
ffffffff
00000a3c
000f000f
00000a40
00000000
00000a44
033fffff
00000a48
ffffffff
00000a4c
000f000f
00000a50
00000000
00000a54
033fffff
00000a58
ffffffff
00000a5c
000f000f
00000a60
00000000
00000a64
033fffff
00000a68
ffffffff
00000a6c
000f000f
00000a70
00000000
00000a74
033fffff
00000a78
ffffffff
00000a7c
000f000f
00000a80
00000000
00000a84
033fffff
00000a88
ffffffff
00000a8c
000f000f
00000a90
00000000
00000a94
033fffff
00000a98
ffffffff
00000a9c
000f000f
00000aa0
00000000
00000aa4
033fffff
00000aa8
ffffffff
00000aac
000f000f
00000ab0
00000000
00000ab4
033fffff
00000ab8
ffffffff
00000abc
000f000f
00000ac0
00000000
00000ac4
033fffff
00000ac8
ffffffff
00000acc
000f000f
00000ad0
00000000
00000ad4
033fffff
00000ad8
ffffffff
00000adc
000f000f
00000ae0
00000000
00000ae4
033fffff
00000ae8
ffffffff
00000aec
000f000f
00000af0
00000000
00000af4
033fffff
00000af8
ffffffff
00000afc
000f000f
00000b00
00000000
00000b04
033fffff
00000b08
ffffffff
00000b0c
000f000f
00000b10
00000000
00000b14
033fffff
00000b18
ffffffff
00000b1c
000f000f
00000b20
00000000
00000b24
033fffff
00000b28
ffffffff
00000b2c
000f000f
00000b30
00000000
00000b34
033fffff
00000b38
ffffffff
00000b3c
000f000f
00000b40
00000000
00000b44
033fffff
00000b48
ffffffff
00000b4c
000f000f
00000b50
00000000
00000b54
033fffff
00000b58
ffffffff
00000b5c
000f000f
00000b60
00000000
00000b64
033fffff
00000b68
ffffffff
00000b6c
000f000f
00000b70
00000000
00000b74
033fffff
00000b78
ffffffff
00000b7c
000f000f
00000b80
00000000
00000b84
033fffff
00000b88
ffffffff
00000b8c
000f000f
00000b90
00000000
00000b94
033fffff
00000b98
ffffffff
00000b9c
000f000f
00000ba0
05000000
00000ba4
05050505
00000ba8
00050505
00000bac
04040064
00000bb0
04040404
00000bb4
00010404
00000bb8
03030064
00000bbc
03030303
00000bc0
00020303
00000bc4
02020064
00000bc8
02020202
00000bcc
00030202
00000bd0
01010064
00000bd4
01010101
00000bd8
00040101
00000bdc
00000064
00000be0
0001761b
00000be4
00000200
00000be8
00000200
00000bec
00000200
00000bf0
00000200
00000bf4
00000693
00000bf8
00000e9c
00000bfc
03000202
00000c00
3b200201
00000c04
00004104
00000c08
00000200
00000c0c
00000200
00000c10
00000200
00000c14
00000200
00000c18
00012492
00000c1c
00028a28
00000c20
141e0402
00000c24
3b200e0b
00000c28
00004104
00000c2c
00000200
00000c30
00000200
00000c34
00000200
00000c38
00000200
00000c3c
00012492
00000c40
00028a28
00000c44
141e0402
00000c48
00200e0b
00000c4c
00000000
00000c50
02000a00
00000c54
01010503
00000c58
01000101
00000c5c
01000101
00000c60
01000100
00000c64
01000001
00000c68
00020002
00000c6c
00020100
00000c70
06020002
00000c74
00002828
00002000
00000b00
00002004
4aee36ad
00002008
00070c80
0000200c
01001387
00002010
00000001
00002014
00010064
00002018
00000000
0000201c
00000000
00002020
00000000
00002024
00000000
00002028
00000000
00002030
00000200
00002034
00000005
0000203c
00550001
00002040
08000000
00002044
00000300
00002048
07070301
0000204c
00000001
00002050
00000005
00002054
00000000
00002058
00000000
0000205c
00000000
00002060
00000000
00002064
00000000
00002068
00000000
0000206c
00000000
00002070
00000000
00002074
00000000
00002078
01010000
0000207c
280a0100
00002080
00000000
00002084
ff000000
00002088
00320000
0000208c
00000000
00002090
00000000
00002094
00010102
00002098
00000001
000020a0
00000000
000020a4
00000001
000020a8
0000aaaa
000020ac
00005555
000020b0
0000b5b5
000020b4
00004a4a
000020b8
00005656
000020bc
0000a9a9
000020c0
0000b7b7
000020c4
00004848
000020c8
00000000
000020cc
00000000
000020d0
00000000
000020d4
001bffff
000020d8
000007d0
000020dc
00000300
000020e0
00000000
000020e4
00000000
000020e8
08080000
000020ec
00010101
000020f0
01000000
000020f4
00000000
000020f8
00000003
000020fc
17ff0000
00002100
00000000
00002104
00000000
00002108
00000000
0000210c
0a140a00
00002110
0204030a
00002114
00021010
00002118
00040401
0000211c
00000005
00002120
03010e00
00002124
ff000001
00002128
00000102
0000212c
00003401
00002130
00000000
00002134
00000000
00002138
00000000
0000213c
00000000
0000214c
00000000
00002150
01000001
00002154
02000008
00002158
01000200
0000215c
00000100
00002160
02000100
00002164
02000200
00002168
00000000
0000216c
00000000
00002170
00000000
00002174
00000000
00002178
00000004
00002184
02000101
00002188
00080103
0000218c
00010000
00002190
00000000
00002194
00000000
00002198
00000000
0000219c
0000000a
000021a0
00000019
000021a4
00000100
000021a8
00000000
000021ac
00000000
000021b0
00000000
000021b4
00000000
000021b8
00000000
000021bc
01000000
000021c0
00000003
000021cc
01000100
000021d0
01020001
000021d4
00010300
000021d8
05000104
000021dc
01060001
000021e0
00010700
000021e4
00000000
000021e8
00000000
000021ec
00010001
000021f0
00000000
000021f4
00000000
000021f8
00000000
000021fc
00000000
00002200
01000000
00002204
00000004
00002208
00000000
0000220c
00010000
00002210
00000000
00002214
00000000
00002240
002b2b01
00002244
00000034
00002248
00000065
0000224c
00020065
00002250
02000200
00002254
00000004
00002258
0000120c
0000225c
00124800
00002260
00480000
00002264
00000013
00002268
000000bb
0000226c
0000032b
00002270
00002082
00002274
0000032b
00002278
04002082
0000227c
01010404
00002280
00001501
00002284
002a002a
00002288
01000100
0000228c
00000100
00002290
00000000
00002298
01010000
0000229c
01010101
000022a0
00000000
000022a4
03000000
000022a8
03030000
000022ac
04030000
000022b0
0e021515
000022b4
0404020e
000022b8
000c0034
000022bc
003d0065
000022c0
003d0065
000022c4
01010101
000022c8
00040017
000022cc
00040220
000022d0
01000220
000022d4
000e000e
000022dc
02170100
000022e0
00000217
000022e4
01000000
000022e8
02170217
000022f0
63532e1a
000022f4
01012510
000022f8
0a07060a
000022fc
1f130a0d
00002300
1f130a14
00002304
000c0014
00002308
00001000
0000230c
00000c00
00002310
00001000
00002314
00000c00
00002318
02001000
0000231c
0024000d
00002320
00240216
00002324
00000216
00002328
00001900
0000232c
24140056
00002330
00000101
00002334
00350000
00002338
2510005b
0000233c
00000101
00002340
00350000
00002344
2510005b
00002348
0000010a
00002350
05030900
00002354
00040900
00002358
0000062b
0000235c
20010004
00002360
000a0a03
00002364
2d110000
00002368
29170028
0000236c
0000752f
00002370
2008005c
00002374
00171e20
00002378
2d110000
0000237c
29170028
00002380
0000752f
00002384
2008005c
00002388
00171e20
00002390
00000176
00002394
00000e9c
00002398
00004104
0000239c
00028a28
000023a0
00004104
000023a4
00028a28
000023a8
033b0014
000023ac
0403033b
000023b0
00000004
000023c0
00002710
000023c4
000186a0
000023c8
00000005
000023cc
00000064
000023d0
00000014
000023d4
000681c8
000023d8
000186a0
000023dc
00000005
000023e0
000010a9
000023e4
0000033b
000023e8
000681c8
000023ec
000186a0
000023f0
00000005
000023f4
000010a9
000023f8
0100033b
000023fc
00320040
00002400
00010002
00002404
08550040
00002408
00010040
0000240c
08550040
00002410
00000340
00002414
006b006b
00002418
03040404
0000241c
00000303
00002450
55080000
00002454
00000000
00002458
3c00005a
0000245c
00005508
00002460
00005a00
00002464
0055083c
00002468
00000000
0000246c
3c00005a
00002470
00005508
00002474
00005a00
00002478
1a19183c
0000247c
1211101b
00002480
00000013
00002484
02010000
00002488
00000003
0000248c
00000000
00002490
00000000
00002494
00000000
00002498
01000000
0000249c
04020201
000024a0
00080804
000024a4
00000000
000024a8
00000000
000024ac
00000000
000024b0
00000000
00002530
00000004
00002534
00000000
00002538
00000031
00002544
00000000
00002548
4d4d004d
0000254c
00000004
00002554
00000074
00002558
0000003f
0000255c
00000031
00002568
14000000
0000256c
25250053
00002570
00000004
00002578
00000074
0000257c
0000003f
00002580
00000031
0000258c
24000000
00002590
25250053
00002594
00000004
0000259c
00000004
000025a0
00000000
000025a4
00000031
000025b0
00000000
000025b4
4d4d004d
000025b8
00000004
000025c0
00000074
000025c4
0000003f
000025c8
00000031
000025d4
14000000
000025d8
25250053
000025dc
00000004
000025e4
00000074
000025e8
0000003f
000025ec
00000031
000025f8
24000000
000025fc
25250053
00002600
0000002c
00002608
00000004
0000260c
00000000
00002610
00000031
0000261c
00000000
00002620
4d4d004d
00002624
00000004
0000262c
00000074
00002630
0000003f
00002634
00000031
00002640
14000000
00002644
25250053
00002648
00000024
00002650
00000074
00002654
0000003f
00002658
00000031
00002664
24000000
00002668
25250053
0000266c
00000004
00002674
00000004
00002678
00000000
0000267c
00000031
00002688
00000000
0000268c
4d4d004d
00002690
00000004
00002698
00000074
0000269c
0000003f
000026a0
00000031
000026ac
14000000
000026b0
25250053
000026b4
00000004
000026bc
00000074
000026c0
0000003f
000026c4
00000031
000026d0
24000000
000026d4
25250053
000026d8
0000002c
000026dc
ffffffff
000026e0
00000001
000026e4
00000000
000026e8
00000000
000026ec
00000000
000026f0
00000000
000026f4
00000000
000026f8
00000000
000026fc
00000000
00002700
00000000
00002704
00000000
00002708
00000000
0000270c
00000000
00002710
00000000
00002714
00000000
00002718
00000000
0000271c
00000000
00002720
00000000
00002724
00000000
00002728
00000000
0000272c
00000000
00002730
00000000
00002734
00000000
00002738
00000000
0000273c
00000000
00002740
00000000
00002744
05060700
00002748
00000004
0000274c
00010008
00002750
00000000
00002754
0000aa00
00002758
00000000
0000275c
00000000
00002760
00000000
00002764
00000000
00002768
00010000
0000276c
00000000
00002770
00000000
00002774
00000000
00002778
00000000
0000277c
00000000
00002780
00000000
00002784
00000000
00002788
00000000
0000278c
00000000
00002790
00000000
00002794
00000000
00002798
00000000
0000279c
00000000
000027a0
00000000
000027a4
00000000
000027a8
00000000
000027ac
00000000
000027b0
00000000
000027b4
00000000
000027b8
00000000
000027bc
00000000
000027c0
00000000
000027c4
00000000
000027c8
00000000
000027cc
00000000
000027d0
00000000
000027d4
00000000
000027d8
00000000
000027dc
00000009
000027e0
00000000
000027e4
00000000
000027e8
00000000
000027ec
00000000
000027f0
00000000
000027f4
00000000
000027f8
00000000
000027fc
00000000
00002800
0006000b
00002804
00d701ac
00002808
00d701ac
0000280c
00005508
00002810
083c5a00
00002814
00000055
00002818
55083c5a
0000281c
5a000000
00002820
0055083c
00002824
3c5a0000
00002828
1f1e1d1c
0000282c
17161514
00002830
07060504
00002834
00000000
00002838
20201010
0000283c
80804040
00002840
00000000
00002844
00000000
00002848
00000000
0000284c
00000000
00002850
00310004
00002854
4d4d004d
00002858
3f740004
0000285c
001d1431
00002860
00042525
00002864
24313f74
00002868
25250053
0000286c
04000004
00002870
00003100
00002874
4d4d004d
00002878
3f740004
0000287c
001d1431
00002880
00042525
00002884
24313f74
00002888
25250053
0000288c
0400002c
00002890
00003100
00002894
4d4d004d
00002898
3f740004
0000289c
001d1431
000028a0
00242525
000028a4
24313f74
000028a8
25250053
000028ac
04000004
000028b0
00003100
000028b4
4d4d004d
000028b8
3f740004
000028bc
001d1431
000028c0
00042525
000028c4
24313f74
000028c8
25250053
000028cc
0000002c
00004000
04f00000
00004004
00000000
00004008
01030200
0000400c
00000000
00004010
00000000
00004014
03000000
00004018
01000001
0000401c
03000400
00004020
00000001
00004024
00000001
00004028
00000000
0000402c
00000000
00004030
01010000
00004034
00010000
00004038
00c00004
0000403c
00cc0008
00004040
00660601
00004044
00000003
00004048
00000000
0000404c
00000001
00004050
0000aaaa
00004054
00005555
00004058
0000b5b5
0000405c
00004a4a
00004060
00005656
00004064
0000a9a9
00004068
0000b7b7
0000406c
00004848
00004070
00000000
00004074
00000000
00004078
08000000
0000407c
04080008
00004080
00000408
00004084
00e4e400
00004088
00071030
0000408c
000c0020
00004090
00062000
00004094
00000100
00004098
55555555
0000409c
aaaaaaaa
000040a0
55555555
000040a4
aaaaaaaa
000040a8
00005555
000040ac
01000100
000040b0
00800180
000040b4
00000000
000040b8
00000000
000040bc
00000000
000040c0
00000000
000040c4
00000000
000040c8
00000000
000040cc
00000000
000040d0
00000000
000040d4
00000000
000040d8
00000000
000040dc
00000000
000040e0
00000000
000040e4
00000000
000040e8
00000000
000040ec
00000000
000040f0
00000000
000040f4
00000000
000040f8
00000000
000040fc
00000000
00004100
00000000
00004104
00000000
00004108
00000000
0000410c
00000104
00004110
00000000
00004114
00000000
00004118
00000000
0000411c
00000000
00004120
00000000
00004124
00000000
00004128
081f07ff
0000412c
10200080
00004130
00000008
00004134
00010401
00004138
00000000
0000413c
00000000
00004140
05ff0805
00004144
2503ff08
00004148
20000137
0000414c
07ff0200
00004150
0000dd01
00004154
00000303
00004158
00000000
0000415c
00000000
00004160
00020000
00004164
00000000
00004168
00000000
0000416c
00000000
00004170
00000000
00004174
02020000
00004178
00000005
0000417c
51516042
00004180
31c06000
00004184
07ad01a0
00004188
00c0c001
0000418c
0e010000
00004190
000e0d0d
00004194
00000304
00004198
42100010
0000419c
010c083e
000041a0
000f0c37
000041a4
01000140
000041a8
01470120
000041ac
00000c00
000041b0
00000322
000041b4
00030200
000041b8
02800000
000041bc
80800000
000041c0
000e2010
000041c4
53204167
000041c8
00000008
000041cc
04a104a1
000041d0
04a104a1
000041d4
04a104a1
000041d8
04a104a1
000041dc
000004a1
000041e0
0000a000
000041e4
00a000a0
000041e8
00a000a0
000041ec
00a000a0
000041f0
00a000a0
000041f4
00a000a0
000041f8
00a000a0
000041fc
00a000a0
00004200
00a000a0
00004204
01c200a0
00004208
01a00005
0000420c
00000000
00004210
00060000
00004214
00080200
00004218
00000000
0000421c
20202020
00004220
20202020
00004224
0f0f2020
00004228
00000024
00004400
04f00000
00004404
00000000
00004408
01030200
0000440c
00000000
00004410
00000000
00004414
03000000
00004418
01000001
0000441c
03000400
00004420
00000001
00004424
00000001
00004428
00000000
0000442c
00000000
00004430
01010000
00004434
00010000
00004438
00c00004
0000443c
00cc0008
00004440
00660601
00004444
00000003
00004448
00000000
0000444c
00000001
00004450
0000aaaa
00004454
00005555
00004458
0000b5b5
0000445c
00004a4a
00004460
00005656
00004464
0000a9a9
00004468
0000b7b7
0000446c
00004848
00004470
00000000
00004474
00000000
00004478
08000000
0000447c
04080008
00004480
00000408
00004484
00e4e400
00004488
00071030
0000448c
000c0020
00004490
00062000
00004494
00000100
00004498
55555555
0000449c
aaaaaaaa
000044a0
55555555
000044a4
aaaaaaaa
000044a8
00005555
000044ac
01000100
000044b0
00800180
000044b4
00000001
000044b8
00000000
000044bc
00000000
000044c0
00000000
000044c4
00000000
000044c8
00000000
000044cc
00000000
000044d0
00000000
000044d4
00000000
000044d8
00000000
000044dc
00000000
000044e0
00000000
000044e4
00000000
000044e8
00000000
000044ec
00000000
000044f0
00000000
000044f4
00000000
000044f8
00000000
000044fc
00000000
00004500
00000000
00004504
00000000
00004508
00000000
0000450c
00000104
00004510
00000000
00004514
00000000
00004518
00000000
0000451c
00000000
00004520
00000000
00004524
00000000
00004528
081f07ff
0000452c
10200080
00004530
00000008
00004534
00010401
00004538
00000000
0000453c
00000000
00004540
05ff0805
00004544
2503ff08
00004548
20000137
0000454c
07ff0200
00004550
0000dd01
00004554
00000303
00004558
00000000
0000455c
00000000
00004560
00020000
00004564
00000000
00004568
00000000
0000456c
00000000
00004570
00000000
00004574
02020000
00004578
00000005
0000457c
51516042
00004580
31c06000
00004584
07ad01a0
00004588
00c0c001
0000458c
0e010000
00004590
000e0d0d
00004594
00000304
00004598
42100010
0000459c
010c083e
000045a0
000f0c37
000045a4
01000140
000045a8
01470120
000045ac
00000c00
000045b0
00000322
000045b4
00030200
000045b8
02800000
000045bc
80800000
000045c0
000e2010
000045c4
76043215
000045c8
00000008
000045cc
04a104a1
000045d0
04a104a1
000045d4
04a104a1
000045d8
04a104a1
000045dc
000004a1
000045e0
0000a000
000045e4
00a000a0
000045e8
00a000a0
000045ec
00a000a0
000045f0
00a000a0
000045f4
00a000a0
000045f8
00a000a0
000045fc
00a000a0
00004600
00a000a0
00004604
01c200a0
00004608
01a00005
0000460c
00000000
00004610
00060000
00004614
00080200
00004618
00000000
0000461c
20202020
00004620
20202020
00004624
0f0f2020
00004628
00000024
00004800
04f00000
00004804
00000000
00004808
01030200
0000480c
00000000
00004810
00000000
00004814
03000000
00004818
01000001
0000481c
03000400
00004820
00000001
00004824
00000001
00004828
00000000
0000482c
00000000
00004830
01010000
00004834
00010000
00004838
00c00004
0000483c
00cc0008
00004840
00660601
00004844
00000003
00004848
00000000
0000484c
00000001
00004850
0000aaaa
00004854
00005555
00004858
0000b5b5
0000485c
00004a4a
00004860
00005656
00004864
0000a9a9
00004868
0000b7b7
0000486c
00004848
00004870
00000000
00004874
00000000
00004878
08000000
0000487c
04080008
00004880
00000408
00004884
00e4e400
00004888
00071030
0000488c
000c0020
00004890
00062000
00004894
00000100
00004898
55555555
0000489c
aaaaaaaa
000048a0
55555555
000048a4
aaaaaaaa
000048a8
00005555
000048ac
01000100
000048b0
00800180
000048b4
00000001
000048b8
00000000
000048bc
00000000
000048c0
00000000
000048c4
00000000
000048c8
00000000
000048cc
00000000
000048d0
00000000
000048d4
00000000
000048d8
00000000
000048dc
00000000
000048e0
00000000
000048e4
00000000
000048e8
00000000
000048ec
00000000
000048f0
00000000
000048f4
00000000
000048f8
00000000
000048fc
00000000
00004900
00000000
00004904
00000000
00004908
00000000
0000490c
00000104
00004910
00000000
00004914
00000000
00004918
00000000
0000491c
00000000
00004920
00000000
00004924
00000000
00004928
081f07ff
0000492c
10200080
00004930
00000008
00004934
00010401
00004938
00000000
0000493c
00000000
00004940
05ff0805
00004944
2503ff08
00004948
20000137
0000494c
07ff0200
00004950
0000dd01
00004954
00000303
00004958
00000000
0000495c
00000000
00004960
00020000
00004964
00000000
00004968
00000000
0000496c
00000000
00004970
00000000
00004974
02020000
00004978
00000005
0000497c
51516042
00004980
31c06000
00004984
07ad01a0
00004988
00c0c001
0000498c
0e010000
00004990
000e0d0d
00004994
00000304
00004998
42100010
0000499c
010c083e
000049a0
000f0c37
000049a4
01000140
000049a8
01470120
000049ac
00000c00
000049b0
00000322
000049b4
00030200
000049b8
02800000
000049bc
80800000
000049c0
000e2010
000049c4
27354106
000049c8
00000008
000049cc
04a104a1
000049d0
04a104a1
000049d4
04a104a1
000049d8
04a104a1
000049dc
000004a1
000049e0
0000a000
000049e4
00a000a0
000049e8
00a000a0
000049ec
00a000a0
000049f0
00a000a0
000049f4
00a000a0
000049f8
00a000a0
000049fc
00a000a0
00004a00
00a000a0
00004a04
01c200a0
00004a08
01a00005
00004a0c
00000000
00004a10
00060000
00004a14
00080200
00004a18
00000000
00004a1c
20202020
00004a20
20202020
00004a24
0f0f2020
00004a28
00000024
00004c00
04f00000
00004c04
00000000
00004c08
01030200
00004c0c
00000000
00004c10
00000000
00004c14
03000000
00004c18
01000001
00004c1c
03000400
00004c20
00000001
00004c24
00000001
00004c28
00000000
00004c2c
00000000
00004c30
01010000
00004c34
00010000
00004c38
00c00004
00004c3c
00cc0008
00004c40
00660601
00004c44
00000003
00004c48
00000000
00004c4c
00000001
00004c50
0000aaaa
00004c54
00005555
00004c58
0000b5b5
00004c5c
00004a4a
00004c60
00005656
00004c64
0000a9a9
00004c68
0000b7b7
00004c6c
00004848
00004c70
00000000
00004c74
00000000
00004c78
08000000
00004c7c
04080008
00004c80
00000408
00004c84
00e4e400
00004c88
00071030
00004c8c
000c0020
00004c90
00062000
00004c94
00000100
00004c98
55555555
00004c9c
aaaaaaaa
00004ca0
55555555
00004ca4
aaaaaaaa
00004ca8
00005555
00004cac
01000100
00004cb0
00800180
00004cb4
00000000
00004cb8
00000000
00004cbc
00000000
00004cc0
00000000
00004cc4
00000000
00004cc8
00000000
00004ccc
00000000
00004cd0
00000000
00004cd4
00000000
00004cd8
00000000
00004cdc
00000000
00004ce0
00000000
00004ce4
00000000
00004ce8
00000000
00004cec
00000000
00004cf0
00000000
00004cf4
00000000
00004cf8
00000000
00004cfc
00000000
00004d00
00000000
00004d04
00000000
00004d08
00000000
00004d0c
00000104
00004d10
00000000
00004d14
00000000
00004d18
00000000
00004d1c
00000000
00004d20
00000000
00004d24
00000000
00004d28
081f07ff
00004d2c
10200080
00004d30
00000008
00004d34
00010401
00004d38
00000000
00004d3c
00000000
00004d40
05ff0805
00004d44
2503ff08
00004d48
20000137
00004d4c
07ff0200
00004d50
0000dd01
00004d54
00000303
00004d58
00000000
00004d5c
00000000
00004d60
00020000
00004d64
00000000
00004d68
00000000
00004d6c
00000000
00004d70
00000000
00004d74
02020000
00004d78
00000005
00004d7c
51516042
00004d80
31c06000
00004d84
07ad01a0
00004d88
00c0c001
00004d8c
0e010000
00004d90
000e0d0d
00004d94
00000304
00004d98
42100010
00004d9c
010c083e
00004da0
000f0c37
00004da4
01000140
00004da8
01470120
00004dac
00000c00
00004db0
00000322
00004db4
00030200
00004db8
02800000
00004dbc
80800000
00004dc0
000e2010
00004dc4
76132450
00004dc8
00000008
00004dcc
04a104a1
00004dd0
04a104a1
00004dd4
04a104a1
00004dd8
04a104a1
00004ddc
000004a1
00004de0
0000a000
00004de4
00a000a0
00004de8
00a000a0
00004dec
00a000a0
00004df0
00a000a0
00004df4
00a000a0
00004df8
00a000a0
00004dfc
00a000a0
00004e00
00a000a0
00004e04
01c200a0
00004e08
01a00005
00004e0c
00000000
00004e10
00060000
00004e14
00080200
00004e18
00000000
00004e1c
20202020
00004e20
20202020
00004e24
0f0f2020
00004e28
00000024
00005000
04f00000
00005004
00000000
00005008
01030200
0000500c
00000000
00005010
00000000
00005014
03000000
00005018
01000001
0000501c
03000400
00005020
00000001
00005024
00000001
00005028
00000000
0000502c
00000000
00005030
01010000
00005034
00010000
00005038
00c00004
0000503c
00cc0008
00005040
00660601
00005044
00000003
00005048
00000000
0000504c
00000001
00005050
0000aaaa
00005054
00005555
00005058
0000b5b5
0000505c
00004a4a
00005060
00005656
00005064
0000a9a9
00005068
0000b7b7
0000506c
00004848
00005070
00000000
00005074
00000000
00005078
08000000
0000507c
04080008
00005080
00000408
00005084
00e4e400
00005088
00071030
0000508c
000c0020
00005090
00062000
00005094
00000100
00005098
55555555
0000509c
aaaaaaaa
000050a0
55555555
000050a4
aaaaaaaa
000050a8
00005555
000050ac
01000100
000050b0
00800180
000050b4
00000000
000050b8
00000000
000050bc
00000000
000050c0
00000000
000050c4
00000000
000050c8
00000000
000050cc
00000000
000050d0
00000000
000050d4
00000000
000050d8
00000000
000050dc
00000000
000050e0
00000000
000050e4
00000000
000050e8
00000000
000050ec
00000000
000050f0
00000000
000050f4
00000000
000050f8
00000000
000050fc
00000000
00005100
00000000
00005104
00000000
00005108
00000000
0000510c
00000104
00005110
00000000
00005114
00000000
00005118
00000000
0000511c
00000000
00005120
00000000
00005124
00000000
00005128
081f07ff
0000512c
10200080
00005130
00000008
00005134
00010401
00005138
00000000
0000513c
00000000
00005140
05ff0805
00005144
2503ff08
00005148
20000137
0000514c
07ff0200
00005150
0000dd01
00005154
00000303
00005158
00000000
0000515c
00000000
00005160
00020000
00005164
00000000
00005168
00000000
0000516c
00000000
00005170
00000000
00005174
02020000
00005178
00000005
0000517c
51516042
00005180
31c06000
00005184
07ad01a0
00005188
00c0c001
0000518c
0e010000
00005190
000e0d0d
00005194
00000304
00005198
42100010
0000519c
010c083e
000051a0
000f0c37
000051a4
01000140
000051a8
01470120
000051ac
00000c00
000051b0
00000322
000051b4
00030200
000051b8
02800000
000051bc
80800000
000051c0
000e2010
000051c4
57130246
000051c8
00000008
000051cc
04a104a1
000051d0
04a104a1
000051d4
04a104a1
000051d8
04a104a1
000051dc
000004a1
000051e0
0000a000
000051e4
00a000a0
000051e8
00a000a0
000051ec
00a000a0
000051f0
00a000a0
000051f4
00a000a0
000051f8
00a000a0
000051fc
00a000a0
00005200
00a000a0
00005204
01c200a0
00005208
01a00005
0000520c
00000000
00005210
00060000
00005214
00080200
00005218
00000000
0000521c
20202020
00005220
20202020
00005224
0f0f2020
00005228
00000024
00005400
04f00000
00005404
00000000
00005408
01030200
0000540c
00000000
00005410
00000000
00005414
03000000
00005418
01000001
0000541c
03000400
00005420
00000001
00005424
00000001
00005428
00000000
0000542c
00000000
00005430
01010000
00005434
00010000
00005438
00c00004
0000543c
00cc0008
00005440
00660601
00005444
00000003
00005448
00000000
0000544c
00000001
00005450
0000aaaa
00005454
00005555
00005458
0000b5b5
0000545c
00004a4a
00005460
00005656
00005464
0000a9a9
00005468
0000b7b7
0000546c
00004848
00005470
00000000
00005474
00000000
00005478
08000000
0000547c
04080008
00005480
00000408
00005484
00e4e400
00005488
00071030
0000548c
000c0020
00005490
00062000
00005494
00000100
00005498
55555555
0000549c
aaaaaaaa
000054a0
55555555
000054a4
aaaaaaaa
000054a8
00005555
000054ac
01000100
000054b0
00800180
000054b4
00000001
000054b8
00000000
000054bc
00000000
000054c0
00000000
000054c4
00000000
000054c8
00000000
000054cc
00000000
000054d0
00000000
000054d4
00000000
000054d8
00000000
000054dc
00000000
000054e0
00000000
000054e4
00000000
000054e8
00000000
000054ec
00000000
000054f0
00000000
000054f4
00000000
000054f8
00000000
000054fc
00000000
00005500
00000000
00005504
00000000
00005508
00000000
0000550c
00000104
00005510
00000000
00005514
00000000
00005518
00000000
0000551c
00000000
00005520
00000000
00005524
00000000
00005528
081f07ff
0000552c
10200080
00005530
00000008
00005534
00010401
00005538
00000000
0000553c
00000000
00005540
05ff0805
00005544
2503ff08
00005548
20000137
0000554c
07ff0200
00005550
0000dd01
00005554
00000303
00005558
00000000
0000555c
00000000
00005560
00020000
00005564
00000000
00005568
00000000
0000556c
00000000
00005570
00000000
00005574
02020000
00005578
00000005
0000557c
51516042
00005580
31c06000
00005584
07ad01a0
00005588
00c0c001
0000558c
0e010000
00005590
000e0d0d
00005594
00000304
00005598
42100010
0000559c
010c083e
000055a0
000f0c37
000055a4
01000140
000055a8
01470120
000055ac
00000c00
000055b0
00000322
000055b4
00030200
000055b8
02800000
000055bc
80800000
000055c0
000e2010
000055c4
63421750
000055c8
00000008
000055cc
04a104a1
000055d0
04a104a1
000055d4
04a104a1
000055d8
04a104a1
000055dc
000004a1
000055e0
0000a000
000055e4
00a000a0
000055e8
00a000a0
000055ec
00a000a0
000055f0
00a000a0
000055f4
00a000a0
000055f8
00a000a0
000055fc
00a000a0
00005600
00a000a0
00005604
01c200a0
00005608
01a00005
0000560c
00000000
00005610
00060000
00005614
00080200
00005618
00000000
0000561c
20202020
00005620
20202020
00005624
0f0f2020
00005628
00000024
00005800
04f00000
00005804
00000000
00005808
01030200
0000580c
00000000
00005810
00000000
00005814
03000000
00005818
01000001
0000581c
03000400
00005820
00000001
00005824
00000001
00005828
00000000
0000582c
00000000
00005830
01010000
00005834
00010000
00005838
00c00004
0000583c
00cc0008
00005840
00660601
00005844
00000003
00005848
00000000
0000584c
00000001
00005850
0000aaaa
00005854
00005555
00005858
0000b5b5
0000585c
00004a4a
00005860
00005656
00005864
0000a9a9
00005868
0000b7b7
0000586c
00004848
00005870
00000000
00005874
00000000
00005878
08000000
0000587c
04080008
00005880
00000408
00005884
00e4e400
00005888
00071030
0000588c
000c0020
00005890
00062000
00005894
00000100
00005898
55555555
0000589c
aaaaaaaa
000058a0
55555555
000058a4
aaaaaaaa
000058a8
00005555
000058ac
01000100
000058b0
00800180
000058b4
00000000
000058b8
00000000
000058bc
00000000
000058c0
00000000
000058c4
00000000
000058c8
00000000
000058cc
00000000
000058d0
00000000
000058d4
00000000
000058d8
00000000
000058dc
00000000
000058e0
00000000
000058e4
00000000
000058e8
00000000
000058ec
00000000
000058f0
00000000
000058f4
00000000
000058f8
00000000
000058fc
00000000
00005900
00000000
00005904
00000000
00005908
00000000
0000590c
00000104
00005910
00000000
00005914
00000000
00005918
00000000
0000591c
00000000
00005920
00000000
00005924
00000000
00005928
081f07ff
0000592c
10200080
00005930
00000008
00005934
00010401
00005938
00000000
0000593c
00000000
00005940
05ff0805
00005944
2503ff08
00005948
20000137
0000594c
07ff0200
00005950
0000dd01
00005954
00000303
00005958
00000000
0000595c
00000000
00005960
00020000
00005964
00000000
00005968
00000000
0000596c
00000000
00005970
00000000
00005974
02020000
00005978
00000005
0000597c
51516042
00005980
31c06000
00005984
07ad01a0
00005988
00c0c001
0000598c
0e010000
00005990
000e0d0d
00005994
00000304
00005998
42100010
0000599c
010c083e
000059a0
000f0c37
000059a4
01000140
000059a8
01470120
000059ac
00000c00
000059b0
00000322
000059b4
00030200
000059b8
02800000
000059bc
80800000
000059c0
000e2010
000059c4
31572604
000059c8
00000008
000059cc
04a104a1
000059d0
04a104a1
000059d4
04a104a1
000059d8
04a104a1
000059dc
000004a1
000059e0
0000a000
000059e4
00a000a0
000059e8
00a000a0
000059ec
00a000a0
000059f0
00a000a0
000059f4
00a000a0
000059f8
00a000a0
000059fc
00a000a0
00005a00
00a000a0
00005a04
01c200a0
00005a08
01a00005
00005a0c
00000000
00005a10
00060000
00005a14
00080200
00005a18
00000000
00005a1c
20202020
00005a20
20202020
00005a24
0f0f2020
00005a28
00000024
00005c00
04f00000
00005c04
00000000
00005c08
01030200
00005c0c
00000000
00005c10
00000000
00005c14
03000000
00005c18
01000001
00005c1c
03000400
00005c20
00000001
00005c24
00000001
00005c28
00000000
00005c2c
00000000
00005c30
01010000
00005c34
00010000
00005c38
00c00004
00005c3c
00cc0008
00005c40
00660601
00005c44
00000003
00005c48
00000000
00005c4c
00000001
00005c50
0000aaaa
00005c54
00005555
00005c58
0000b5b5
00005c5c
00004a4a
00005c60
00005656
00005c64
0000a9a9
00005c68
0000b7b7
00005c6c
00004848
00005c70
00000000
00005c74
00000000
00005c78
08000000
00005c7c
04080008
00005c80
00000408
00005c84
00e4e400
00005c88
00071030
00005c8c
000c0020
00005c90
00062000
00005c94
00000100
00005c98
55555555
00005c9c
aaaaaaaa
00005ca0
55555555
00005ca4
aaaaaaaa
00005ca8
00005555
00005cac
01000100
00005cb0
00800180
00005cb4
00000001
00005cb8
00000000
00005cbc
00000000
00005cc0
00000000
00005cc4
00000000
00005cc8
00000000
00005ccc
00000000
00005cd0
00000000
00005cd4
00000000
00005cd8
00000000
00005cdc
00000000
00005ce0
00000000
00005ce4
00000000
00005ce8
00000000
00005cec
00000000
00005cf0
00000000
00005cf4
00000000
00005cf8
00000000
00005cfc
00000000
00005d00
00000000
00005d04
00000000
00005d08
00000000
00005d0c
00000104
00005d10
00000000
00005d14
00000000
00005d18
00000000
00005d1c
00000000
00005d20
00000000
00005d24
00000000
00005d28
081f07ff
00005d2c
10200080
00005d30
00000008
00005d34
00010401
00005d38
00000000
00005d3c
00000000
00005d40
05ff0805
00005d44
2503ff08
00005d48
20000137
00005d4c
07ff0200
00005d50
0000dd01
00005d54
00000303
00005d58
00000000
00005d5c
00000000
00005d60
00020000
00005d64
00000000
00005d68
00000000
00005d6c
00000000
00005d70
00000000
00005d74
02020000
00005d78
00000005
00005d7c
51516042
00005d80
31c06000
00005d84
07ad01a0
00005d88
00c0c001
00005d8c
0e010000
00005d90
000e0d0d
00005d94
00000304
00005d98
42100010
00005d9c
010c083e
00005da0
000f0c37
00005da4
01000140
00005da8
01470120
00005dac
00000c00
00005db0
00000322
00005db4
00030200
00005db8
02800000
00005dbc
80800000
00005dc0
000e2010
00005dc4
02453761
00005dc8
00000008
00005dcc
04a104a1
00005dd0
04a104a1
00005dd4
04a104a1
00005dd8
04a104a1
00005ddc
000004a1
00005de0
0000a000
00005de4
00a000a0
00005de8
00a000a0
00005dec
00a000a0
00005df0
00a000a0
00005df4
00a000a0
00005df8
00a000a0
00005dfc
00a000a0
00005e00
00a000a0
00005e04
01c200a0
00005e08
01a00005
00005e0c
00000000
00005e10
00060000
00005e14
00080200
00005e18
00000000
00005e1c
20202020
00005e20
20202020
00005e24
0f0f2020
00005e28
00000024
00006000
00000000
00006004
00000000
00006008
00000000
0000600c
00000000
00006010
00000000
00006014
00010000
00006018
00000101
0000601c
00000002
00006020
00000000
00006024
00000000
00006028
00000000
0000602c
00000000
00006030
00400000
00006034
00000080
00006038
00dcba98
0000603c
03dcba98
00006040
00200000
00006044
00000000
00006048
00000000
0000604c
00000000
00006050
00000000
00006054
00000000
00006058
00000000
0000605c
00000000
00006060
0000002a
00006064
00000015
00006068
00000015
0000606c
0000002a
00006070
00000033
00006074
0000000c
00006078
0000000c
0000607c
00000033
00006080
0a418820
00006084
003f0000
00006088
000f013f
0000608c
20202001
00006090
00202020
00006094
20008008
00006098
00000810
0000609c
00010f00
000060a0
000202ff
000060a4
03000003
000060a8
00030000
000060ac
00000300
000060b0
00000300
000060b4
00000300
000060b8
04000300
000060bc
00100003
000060c0
003e4208
000060c4
01000080
000060c8
01000102
000060cc
00008000
00006400
00000000
00006404
00000000
00006408
00000000
0000640c
00000000
00006410
00000000
00006414
00010000
00006418
00000101
0000641c
00000002
00006420
00000000
00006424
00000000
00006428
00000000
0000642c
00000000
00006430
00400000
00006434
00000080
00006438
00dcba98
0000643c
03dcba98
00006440
00200000
00006444
00000000
00006448
00000000
0000644c
00000000
00006450
00000000
00006454
00000000
00006458
00000000
0000645c
00000000
00006460
0000002a
00006464
00000015
00006468
00000015
0000646c
0000002a
00006470
00000033
00006474
0000000c
00006478
0000000c
0000647c
00000033
00006480
0a418820
00006484
003f0000
00006488
000f013f
0000648c
20202001
00006490
00202020
00006494
20008008
00006498
00000810
0000649c
00010f00
000064a0
000202ff
000064a4
03000003
000064a8
00030000
000064ac
00000300
000064b0
00000300
000064b4
00000300
000064b8
04000300
000064bc
00100003
000064c0
003e4208
000064c4
01000080
000064c8
01000102
000064cc
00008000
00006800
00000000
00006804
00010100
00006808
00000000
0000680c
00000000
00006810
00000000
00006818
00050000
0000681c
04000100
00006820
00000055
00006824
00000000
00006828
00000000
0000682c
00000000
00006830
00000000
00006834
00002001
00006838
000040ff
0000683c
00020028
00006840
01010000
00006844
80080001
00006848
10200000
0000684c
00000008
00006850
00000000
00006854
0e000000
00006858
0100090f
0000685c
00000000
00006860
00000000
00006864
00000000
00006868
00000000
0000686c
00040101
00006870
0000010f
00006874
00000000
00006878
00000064
0000687c
00000000
00006880
00000000
00006884
04020101
00006888
40201008
0000688c
ff020180
00006894
80012020
00006898
00241b42
0000689c
00505001
000068a0
00000000
000068a4
00000000
000068a8
00000000
000068ac
00000000
000068b0
00000000
000068b4
00000000
000068b8
07050102
000068bc
01005401
000068c0
000040a2
000068c4
04102000
000068c8
00024410
000068cc
00004410
000068d0
00004410
000068d4
00004410
000068d8
00004410
000068e0
00004410
000068e4
00004410
000068e8
00004410
000068ec
00004410
000068f0
00000000
000068f4
00000000
000068f8
00060000
000068fc
00000000
00006900
00000074
00006904
00000000
00006908
00000008
0000690c
00000000
00006910
00000000
00006914
00000000
00006918
00000000
0000691c
00000000
00006920
03000000
00006924
00000000
00006928
00000000
0000692c
00000000
00006930
04102000
00006934
00041020
00006938
01c98c98
0000693c
3f400000
00006940
3f3f1f3f
00006944
0000001f
00006948
00000000
0000694c
00000000
00006950
00000000
00006954
00000001
00006958
00000000
0000695c
00000000
00006960
00000000
00006964
00000001
00006968
45673201
0000696c
00010198
00006970
00000000
00006974
00000000
00006978
00000000
0000697c
00040700
00006980
00000000
00006984
00000000
00006988
00000000
0000698c
00000000
00006990
00000000
00006994
00000000
00006998
00000002
0000699c
00000000
000069a0
00000000
000069a4
0001f7c4
000069a8
06000002
000069ac
00000000
000069b0
00001142
000069b4
010207a5
000069b8
01000080
000069bc
00000000
000069c0
00000000
000069c4
00000000
000069cc
03000300
000069d0
03000300
000069d4
03000300
000069d8
03000300
000069dc
03000300
000069e0
03000300
000069f4
00000005
000069f8
0003bfcc
000069fc
00000008
00006a00
000001ff
00006a04
000001ff
00006a08
0001ff11
00006a0c
0199ff00
00006a10
0001ffff
00006a14
00004011
00006a20
0001ff11
00006a24
0199ff00
00006a28
0001ff11
00006a2c
0199ff00
00006a30
0001ff11
00006a34
0199ff00
00006a38
00018011
00006a3c
0089ff00
00006a40
20040006
00006a44
0050fa50
00006a48
00000000
00006a4c
00000000
00006a50
00000000
00006a54
00000000
00006a58
00000000
00006a5c
00000000
00006a60
00000000
67e2662a
d50f293e
b0178020
d144f8a3
af1883bf
937ca441
8ac31c17
ed94970c
a1a3f339
5f6cf671
a0a8bb91
7bc15414
53602cad
d074e4ce
517c2d90
0e8b2268
a2000005
00000240
00025adc
00000000
00000000
00000000
00000000
00000000
d5c109f8
0234e946
7c473718
4adb8b3e
c9b483e0
56e291ad
e89b8e81
1215e1cc
ab5c0fc4
0a3066cf
749ddc89
4358e64f
cb643626
52d19bc9
631a11ff
798f5efb
00000000
00000001
00000000
00000000
00000000
00000000
00000000
00000000
00000000
00000000
00000000
00000000
00000000
00000000
00000000
00000000
00000000
00000000
00000000
00000000
00000000
00000000
00000000
00000000
00000000
00000000
00000000
00000000
00000000
00000000
00000000
00000000
00000000
00000000
00000000
00000000
00000000
00000000
00000000
00000000
00000000
00000000
00000000
00000000
00000000
00000000
00000000
00000000
00000000
00000000
00000000
00000000
00000000
00000000
00000000
00000000
00000000
00000000
00000000
00000000
00000000
00000000
00000000
00000000
00000000
00000000
00000000
00000000
00000000
00000000
00000000
00000000
00000000
00000000
00000000
00000000
00000000
00000000
00000000
00000000
00000000
00000000
00000000
00000000
00000000
00000000
00000000
00000000
00000000
00000000
00000000
00000000
00000000
00000000
00000000
00000000
00000000
00000000
00000000
00000000
00000000
00000000
00000000
00000000
00000000
00000000
00000000
00000000
00000000
00000000
00000000
00000000
00000000
00000000
00000000
00000000
00000000
00000000
00000000
00000000
00000000
00000000
00000000
00000000
00000000
00000000
00000000
00000000
00000000
00000000
00000000
00000000
00000000
00000000
00000000
00000000
00000000
00000000
00000000
00000000
00000000
00000000
00000000
00000000
8aa99737
3bd49e5c
3e8f69b3
378006b2
0d44a9d5
cee7aa7d
4a91467e
594428c5
655a4d20
c79ac730
e8b66cfc
fab87c5f
0012c36f
39f31a4c
2293414a
ab5a15ff
a2000003
00006840
0002c3bc
00000000
00000000
00000000
00000000
00000000
3af55edd
07c9fbe2
2b053f37
4d057747
8563741b
da149974
2f2cfeb4
3e41865f
645bcbec
2c0d754f
34d5d64a
13a313f3
8882c0a7
2054d9ca
4a6e80f8
9b22e4b2
00000001
00000000
00000000
127c0000
00006800
00000000
00000000
00000000
00000000
00000000
00000000
00000000
00000000
00000000
00000000
00000000
00007197
f9818193
00000297
01828293
30529073
00100293
00028463
7c105073
00000297
13428293
30529073
00000113
00011663
0000f117
b2c10113
f1402573
83174281
0313ed84
7113fbe3
8563ff01
911a00a2
bfd50285
00000097
07e08093
00008363
25739082
4581f140
00ef4601
00930f60
83630000
90820000
00000297
00c28293
30529073
00002303
0000bff5
80820000
b37346a1
42a13006
0055c563
00757613
0023ca11
05050005
47e315fd
1073feb0
80823003
00053023
15e10521
fcb04ee3
30031073
30238082
03210003
fe734de3
84068082
ed840297
f2828293
06028763
ed840297
f1c28293
f14027f3
b07346a1
83173006
0313ed84
7397f0a3
83930000
0333a623
53634061
831e0073
0463838a
f0ef0073
9a63fb5f
63170257
03130000
6397f023
83930000
04636da3
f0ef0073
0317f99f
03130000
03976da3
83930000
04636d23
f0ef0073
80a2f81f
00008082
342022f3
34102373
343023f3
8082bfd5
71978406
81930000
0293e321
11630000
62970e55
82930000
6317eaa2
03130000
6397ea23
83930000
8c6367a3
5a630062
b5030073
02a10002
00a33023
4ae30321
0297fe73
82930000
031766a2
03130000
03976623
83930000
8c6365a3
5a630062
b5030073
02a10002
00a33023
4ae30321
100ffe73
02970000
82930000
03176362
03130000
039762e3
83930000
8c636263
5a630062
b5030073
02a10002
00a33023
4ae30321
100ffe73
63170000
03130000
83935f23
5763bc01
30230073
03210003
fe734de3
00006217
5d820213
9602c211
00006517
8cc50513
0b1050ef
0f5050ef
00006517
b6a50513
0a1050ef
35b050ef
f0fff0ef
b07356fd
b0733046
27f33446
27373010
8f7d0004
b073c709
b0733036
07373026
8f7d0004
b073c319
67411806
0287071b
cb898ff9
300027f3
8fd96709
30079073
00305073
311050ef
05974505
85930000
06175365
06130000
00ef5366
20ef00e0
80a21950
80828082
e4061141
f14022f3
00000313
00628563
10500073
00efbff5
60a262a0
80820141
127c02e8
00000000
35b0506f
00000000
00001512
0000151e
0000152c
00001516
00001516
00001532
00001538
00001516
00001516
00001516
00001516
00001516
00001516
00001516
00001526
00000000
2ab74240
fa165731
00000304
00000318
0000031a
00000312
65637845
6f697470
6948206e
6d202174
73756163
30203a65
38302578
6d202c78
3a637065
25783020
2c783830
76746d20
203a6c61
30257830
000a7838
00000000
7561634d
45206573
70656378
6e6f6974
646f4320
30203a65
38302578
00000a78
20776f4e
74697845
2e676e69
000a2e2e
20746f4e
61762061
2064696c
65726874
6c6f6873
6f632064
6769666e
74617275
216e6f69
65684320
73206b63
70757465
00000a21
00000000
20746f4e
61762061
2064696c
69616c63
6f632d6d
656c706d
63206574
69666e6f
61727567
6e6f6974
68432021
206b6365
75746573
000a2170
0000318d
00000002
00000000
00000000
00000000
00000000
00000000
00000000
00000000
00000000
00000000
00000000
00000000
00000000
00000000
00000000
00000000
00000000
00000000
00000000
00000000
00000000
00000000
00000000
00000000
00000000
00000000
00000000
00000000
00000000
00000000
00000000
00000000
00000000
00000000
00000000
00000000
00000000
00000000
00000000
00000000
00000000
00000000
00000000
2b302d23
00000020
004c6c68
00000000
45676665
00004746
33323130
37363534
42413938
46454443
00000000
00000000
33323130
37363534
62613938
66656463
00000000
00003796
000037ac
0000376c
0000376c
0000376c
0000376c
000037ac
0000376c
0000376c
0000376c
0000376c
00003906
000037ea
000038a4
0000376c
0000376c
0000393a
0000376c
000037ea
0000376c
0000376c
000038ac
00000000
127c3f88
00000000
127c4082
00000000
127c3ff4
00000000
00000000
00000000
00000000
00000000
127c421e
00000000
127c423e
00000000
127c400e
00000000
127c3ff0
00000000
127c40a8
00000000
127c4102
00000000
00000000
00000000
00000000
00000000
00000000
00000000
00000000
00000000
00000000
00000000
00000000
00000000
00000000
00000000
00000000
00000000
127c4194
00000000
127c3f54
00000000
00000000
00000000
00000000
00000000
00000000
00000000
00000000
00000000
00000000
00000000
00000000
00000000
00000000
00000000
127c4486
00000000
127c448c
00000000
127c44ac
00000000
127c44da
00000000
127c45f6
00000000
127c44dc
00000000
127c44e6
00000000
127c467a
00000000
127c44ea
00000000
127c44ee
00000000
127c4522
00000000
127c4556
00000000
127c458a
00000000
127c57ce
00000000
127c45a4
00000000
127c45b6
00000000
127c45bc
00000000
127c45c4
00000000
127c45da
00000000
127c425e
00000000
127c461a
00000000
127c4684
00000000
127c562a
00000000
00000000
00000000
00000000
00000000
00000000
00000000
00000000
00000000
127c5658
00000000
00000000
00000000
127c57ac
00000000
127c57b0
00000000
00000000
00000000
00000000
00000000
00000000
00000000
00000000
00000000
00000000
00000000
00000000
00000000
00000000
00000000
00000000
00000000
127c4482
00000000
00000000
00000000
00000000
00000000
00000000
00000000
00000000
00000000
00000000
00000000
00000000
00000000
00000000
00000000
00000000
00000000
127c07e8
00000000
00000000
00000000
6762696c
73736f6c
00000000
00000000
127c66e8
00000000
00040301
00000000
127c57e8
00000000
00000000
00000000
00000000
00000000
00000000
00000000
00000000
00000000
00000000
00000000
00000000
00000000
00000000
00000000
00000000
00000000
00000000
00000000
00000000
00000000
00000000
00000000
00000000
00000000
00000000
00000000
00000000
00000000
00000000
00000000
00000000
00000000
00000000
00000000
00000000
00000000
00000000
00000000
00000000
00000000
00000000
00000000
00000000
00000000
00000000
00000000
00000000
00000000
00000000
00000000
00000000
00000000
00000000
00000000
00000000
00000000
00000000
00000000
00000000
00000000
88010113
4501004c
76113c23
76813823
226020ef
b7b74592
879bfabf
9fadb007
67c1c43e
40078793
46090034
c63e4501
10c020ef
0ef010ef
65b7c10d
45011000
85934601
10ef08c5
557d1c70
77813083
77013403
78010113
68838082
75b70041
0697c819
b6830000
88469ce6
874687c6
03100613
50558593
10ef4509
40ef2e10
842a6b70
7e2010ef
10ef8522
25010090
2501c119
10efbf65
10ef6ba0
27b76c20
577d0c00
c3980800
76000613
85224581
3a2020ef
00000797
a747b783
0793e83e
17820ff0
0ff78793
47e5ec3e
87931786
f03e0ff7
97134785
07110257
9713ffba
07130247
30230407
473520e1
20e10a23
04000713
20e12c23
127e0737
2ae13023
00006717
de073703
2ae13423
02079713
e33a0705
470de73a
07091706
e63ae23a
00006717
dc873703
2ce13023
00006717
d9c73703
2ae13c23
2ce13823
2ce13423
34234711
d5ba20f1
100255b7
02179713
0705178a
4501078d
85934611
28234245
2e232001
3c232801
30237401
f8027601
2223fc02
34232201
28232201
f53a2201
10eff93e
852208b0
2c2010ef
7793a001
0737ff85
85bb0201
302308a5
07a120f7
feb7ede3
0ff0000f
11418082
3403e022
07932905
97aefff6
d7b397a2
9db102c7
e40635fd
02c5c5bb
02c787b3
02c5863b
28f53823
85224581
0806063b
276020ef
852260a2
01416402
71398082
f04af822
e852ec4e
f426fc06
842ae456
5b850913
7a414981
1f442783
00f9ec63
744270e2
790274a2
6a4269e2
45016aa2
80826121
1e842583
04000613
959b8522
f0ef0045
2583f7df
30231e84
84aa00a9
0035959b
04000613
f0ef8522
3423f65f
4a8108a9
1e842583
00baeb63
00093503
0045959b
f0ef2985
0921f2df
2583bf71
06131ec4
85220400
0045959b
f33ff0ef
08893703
57934094
e73b0205
8afd20ea
7713e308
8f55fe05
c0dcc098
2583449c
2a851ec4
0147f7b3
0805c73b
c49c8fd9
0045959b
edfff0ef
bf6904c1
e85a715d
06bb4b05
1b3b40db
e0a200eb
ec56f052
00161a1b
84328aae
003b159b
02000613
00da0a3b
f84ae486
e45ef44e
893a89aa
f0effc26
6bb3ebdf
0613213a
bc230200
159b38ab
854e002b
ea7ff0ef
48abbc23
02091b63
1f09a583
02000613
959b854e
f0ef0045
45c1e8df
f0ef84aa
b783e69f
4705398b
b783e384
a023498b
87b30007
8c230149
141b58e7
67410034
07847413
67218c59
213a4a33
c0070713
0e8a2783
00a9191b
00e97933
01246733
00eaa023
0037979b
04000737
50070713
0387f793
a2238fd9
f79300fa
e793ff04
90810017
009aa623
a4238556
45c100fa
df7ff0ef
640660a6
794274e2
7a0279a2
6ba26b42
010a8513
61616ae2
71798082
6485ec26
80048593
04000613
f022f406
842ae84a
e052e44e
ddbff0ef
8593892a
06138004
85220200
dcbff0ef
38a43c23
01253023
80048593
04000613
f0ef8522
85aadb5f
62a43c23
02040493
49854905
a7834a41
99631504
40980137
864a4685
f0ef8522
85aae9ff
1544a783
01379963
468140d8
8522864a
e89ff0ef
290585aa
18e304a1
70a2fd49
64e27402
69a26942
45016a02
80826145
fc067139
f426f822
ec4ef04a
e05ae852
07b7e456
3823127e
478528f5
16f52423
74053423
74052023
f0ef84aa
8526f3df
d6bff0ef
a739b5b7
08400893
08400813
08400793
f6974705
b683ffff
061359a6
859307a0
4509e255
6b2010ef
10025437
41040593
08400613
10ef4501
56375520
05930011
06134144
450157b6
540010ef
5b848913
6c048993
50840413
4b054a01
1f44a783
0afa6463
6384b903
10025437
42840593
0009061b
10ef4501
56135120
05934209
450142c4
504010ef
3984b783
47040593
43904501
000204b7
00166613
4ec010ef
47440593
45014601
4e0010ef
00348613
47840593
10ef4501
05934d20
06374704
45010200
4c4010ef
47440593
45014601
4b8010ef
01348613
47840593
10ef4501
66054aa0
42040593
06134501
10ef80d6
70e249a0
74a27442
69e27902
6aa26a42
45016b02
80826121
461185a2
10ef4501
3a8347a0
05930009
45010084
000a861b
468010ef
420ad613
00c40593
10ef4501
378345a0
05930889
a0230104
ba830169
a0230007
45010409
000a861b
43c010ef
01440593
420ad613
10ef4501
059342e0
4601ffc4
10ef4501
05934220
460dff84
10ef4501
2a054160
02040413
09910921
959bbdf1
66330105
55b700b5
11411002
26014501
44058593
10efe406
60a23ee0
01414501
71398082
e852f426
8a2e84b2
45814641
f822fc06
ec4ef04a
892ae456
843a89b6
10ef8abe
27836090
14be0089
016a9a9b
003e0737
8ff990bd
0154e4b3
57838cdd
f99300c9
88050019
0059999b
40046413
01346433
3de7f793
01492023
5a138c5d
2223020a
24230149
16230099
854a0089
f0ef45c1
70e2af5f
74a27442
6a4269e2
05136aa2
79020109
80826121
f0227179
8432ec26
464184ae
f4064581
e44ee84a
89b6e052
893a8a2a
583010ef
0054179b
07056705
0207f793
999b8fd9
07370119
f9b30006
191b00e9
07370139
79330008
e7b300e9
07370137
949b0010
8cf90144
0127e7b3
001f0737
07138fc5
8ff9c217
00ca2703
ffe106b7
3de68693
8fd98f75
26238552
45c100fa
a5fff0ef
740270a2
694264e2
051369a2
6a02010a
80826145
e8527139
8a32e456
46418aae
fc064581
f426f822
ec4ef04a
89b684aa
893e843a
4eb010ef
7701449c
5a131a3e
8ff902fa
0147e7b3
141bc49c
67850044
c0178793
999b8841
8c5d0059
0209f993
000607b7
0119191b
01346433
00f97933
00070737
012467b3
c3170713
44d88ff9
fff906b7
3ce68693
a0238f75
8fd90154
020ada93
0154a223
c4dc8526
f0ef45c1
70e29bdf
79027442
6a4269e2
85136aa2
74a20104
80826121
0035c783
0025c603
e04a1101
593707a2
e8221002
8e5de426
84aa842e
47090593
ec064501
1fc010ef
47490593
45014601
1f0010ef
47890593
02300613
10ef4501
b4831e20
44543984
60884701
0156d69b
46058a8d
f0ef4585
e088e73f
45014581
dbbff0ef
644260e2
690264a2
61054501
11418082
3403e022
45d43985
60084705
0156d69b
46018a8d
e4064581
e3dff0ef
4581e008
f0ef4501
60a2d85f
45016402
80820141
e8221101
842ae426
071384ae
ec061705
4789e04a
45854605
08134505
28830200
869b0007
96630007
16bb00b8
8e5500d5
28832601
869b0047
96630017
16bb00b8
8e5500d5
27892601
9ae30721
5937fd07
05931002
45014709
124010ef
47490593
45014601
118010ef
00020637
47890593
04360613
10ef4501
39031060
44d43984
35034701
d69b0009
8a8d0156
45814605
d95ff0ef
00a93023
45014581
cdbff0ef
60e24785
74f42023
64a26442
45016902
80826105
e8221101
02000613
4585842e
e426ec06
84aae04a
853ff0ef
00234785
458500f5
f0ef892a
b503829f
445c3984
610885ca
0157d79b
47018b8d
46054685
dc9ff0ef
b4834454
47013984
0156d69b
46058a8d
f0ef4581
e088d1ff
45014581
c67ff0ef
644260e2
690264a2
61054501
27038082
71797445
e44eec26
f406e052
e84af022
84aa478d
0a1389ae
f3630400
4a2500e7
0079c903
0069c783
02000613
852645c9
69330922
f0ef00f9
47c9fc0f
0809093b
0af95933
012347c1
449c00f5
468d4705
00f50223
002344dc
00a30125
02a300e5
489c00f5
00d501a3
014503a3
00f50323
45c9409c
0423842a
83a100f5
00f504a3
072340dc
082300e5
052300d5
83a100f5
00f505a3
07a34789
08a300f5
062300e5
06a30005
f0ef0005
b503f34f
a7833984
460300c9
61080004
0157d79b
85a28b8d
46814705
cd1ff0ef
00c9a683
3984b403
d69b4701
8a8d0156
45814605
c25ff0ef
4581e008
f0ef4501
70a2b6df
64e27402
69a26942
45016a02
80826145
0016179b
27859f95
20a7c7b3
74452803
0e87a883
4701450d
ffb8f313
09056163
08a80263
14634505
071300a8
82230400
832100e5
969b451d
82a30076
471900e5
80238e55
f89300a5
45150038
00e583a3
03000713
00e58423
00a580a3
00c58123
011581a3
00058323
4701468d
00d30363
84a3473d
468d00e5
04634701
c70300d3
85230187
85a300e5
86230005
478d0005
00758513
0107f463
00d58513
07138082
b7714000
20000713
2703b759
711d7445
f852e4a6
ec86f05a
e0cae8a2
f456fc4e
e862ec5e
478de466
8a2e84aa
e3634b35
4b1d00e7
007a4903
006a4783
0922499d
00f96933
03634785
498900f6
20000593
02000613
f0ef8526
47a5e04f
0af95733
00e50123
01a38321
a70300e5
00231f84
00a300f5
02230135
470500e5
00e502a3
fc000713
00e503a3
04a348d8
479100f5
00f50523
00f506a3
842a57fd
00050323
00e50423
000505a3
00050623
00f50723
00f507a3
00f50823
000508a3
01250593
17048c93
49c94a85
4c414b85
000ca783
01779a63
86564685
f0ef8526
85aae87f
013b09bb
004ca783
01779a63
86564681
f0ef8526
85aae6ff
016989bb
0ca12a85
fd8a96e3
0089d793
01340123
00f401a3
852285ce
d2aff0ef
3984b503
00ca2783
6108864a
0157d79b
85a28b8d
46854701
ac9ff0ef
00ca2683
3984b403
d69b4701
8a8d0156
45814605
a1dff0ef
4581e008
f0ef4501
60e6965f
64a66446
79e26906
7aa27a42
6be27b02
6ca26c42
61254501
71798082
c903e84a
c7830075
27030065
09227445
e44ef022
6933e052
f40600f9
478dec26
89ae842a
02a00a13
00e7e363
06134a31
85d20400
f0ef8522
4615cb0f
00005597
a2058593
10ef84aa
270366c0
478d7444
00548513
02e7f463
55974629
85930000
10efa725
46516500
00005597
a7458593
00f48513
63e010ef
02348513
5597461d
85930000
10ef9f65
852662c0
0809093b
0b2a5a33
f0ef85d2
3503c34f
a7833984
865200c9
d79b6108
8b8d0157
470585a6
f0ef4685
a6839d3f
340300c9
47013984
0156d69b
46058a8d
f0ef4581
e008927f
45014581
86fff0ef
740270a2
694264e2
6a0269a2
61454501
71398082
ca03e852
e4560025
fffffa97
c80a8a93
4ab3e05a
cb03215a
ec4e000a
099bf426
84ae000b
04000613
fc0685ce
f04af822
f0ef892a
c783bc8f
0a12001a
00a3842a
579700f5
87930000
97d294e7
861b678c
0023ffe9
05090165
56e010ef
852285ce
b7eff0ef
39893503
864e44dc
d79b6108
8b8d0157
470585a2
f0ef4685
44d491ff
39893403
d69b4701
8a8d0156
45814605
875ff0ef
4581e008
f0ef4501
70e2fbcf
74a27442
69e27902
6aa26a42
45016b02
80826121
e8221101
04000613
45a9842e
e426ec06
84aae04a
b32ff0ef
55974629
85930000
892a8aa5
4ee010ef
45a9854a
afeff0ef
3984b503
85ca445c
d79b6108
8b8d0157
46854705
f0ef4629
445489ff
3984b483
d69b4701
8a8d0156
45814605
ff4ff0ef
4581e088
f0ef4501
60e2f3cf
64a26442
45016902
80826105
0035c783
37fd4739
0807c6bb
04d76263
fffff717
b0470713
20e6c7b3
1141439c
97bae406
f0ef8782
60a2ab1f
01414501
46018082
c4bff0ef
f0efbfcd
b7f5dadf
e93ff0ef
f0efb7dd
b7c5f43f
b7dd4605
80824501
0015c783
e4061141
80634621
86aa04c7
6d63872e
461500f6
02c78063
83634619
85ba02c7
f0ef8536
a809909f
9ae34625
f0effec7
a01992ff
885ff0ef
450160a2
80820141
f69ff0ef
f0efbfd5
b7fd9cbf
e04a1101
10025937
0593e426
84aa4309
ec064501
00efe822
041b2810
86220005
43090593
00ef4501
57932670
8b850154
a783cf89
e7997544
00a4541b
47858835
00f41563
a8234785
543774f4
04131002
85a24304
00ef4501
079b2410
89050005
d79bd96d
f71300a7
a22300f7
8bb174e4
20000493
0493e399
54370400
09131002
85ca4784
00ef4501
89052110
9613f97d
05930104
00ef4704
05931f70
46014744
00ef4501
06371eb0
05930002
064d4784
54374501
00ef1002
04931d70
85a64784
00ef4501
89051d50
5637f97d
05930011
06134144
00ef57b6
60e21b70
64a26442
45016902
80826105
e8ca7159
00801937
2a89091b
0125893b
eca6f0a2
84aa842e
0059159b
f4864501
e0d2e4ce
f85afc56
f062f45e
892eec66
00efe42e
061b17d0
89050005
0e050e63
450165a2
20944a33
15d000ef
0c840413
02200a93
02800b13
02000b93
209469b3
02100c13
1ec4a683
700a2783
0009b703
dcbb45c1
f7bb02d7
e73302d7
630020ec
0847979b
8522943e
89eff0ef
00d44783
26834458
83896c0a
cfad8b05
06e69c63
05578d63
02faee63
05778e63
05878163
700a2703
0017079b
70fa2023
1e84a683
1ec4a703
02d7073b
f8e7eee3
20239f99
278370fa
b7936c0a
20230017
b7496cfa
fd6798e3
852685a2
de1ff0ef
b783b7d1
85a22984
97828526
85a2bf65
f0ef8526
b77de1bf
00e44783
e7b38bfd
b7832097
b7c52987
008cec93
01946433
0004061b
0189059b
00ef4501
561307f0
059b4204
450101c9
071000ef
740670a6
694664e6
6a0669a6
7b427ae2
7c027ba2
45016ce2
80826165
e4567139
20a5eab3
498ab703
1b13e05a
27830026
975a1f05
4304f426
f822fc06
ec4ef04a
37fde852
08f49063
398ab783
00361913
97ca842a
0007b983
46418a2e
854e4581
252010ef
0009a683
949b9452
84b30844
47834099
8abd5984
ff04f713
a0238f55
670900e9
80270713
8fd98b85
00c9d703
c037f793
771345c1
8fd93fc7
00f99623
e0ef854e
b783f4df
97ca398a
b783e384
97da498a
0007a023
59844783
0017b793
58f40c23
744270e2
790274a2
6a4269e2
6b026aa2
61214501
71398082
f04af426
e456e852
892a84b6
8ab28a2e
863a85b6
f822fc06
e05aec4e
eb33843a
f0ef2124
3983f1ff
c7b3398b
99262124
213469b3
20c7a783
59894703
0009b503
85d28656
f0ef4685
b023b68f
85a200a9
f0ef8526
3783b38f
70e2498b
443374a2
401c20f4
69e27902
c01c2785
6a427442
6b026aa2
61214501
27838082
110174c5
ec06e822
842ae426
0613ef81
05930400
e0ef0400
4785e9df
74a43c23
74f42623
75843483
04000593
e0ef8526
85a6e69f
47018522
4631468d
f47ff0ef
644260e2
450164a2
80826105
e4261101
74052483
e822ec06
9a634785
278300f4
842a7485
f0efe789
2423f99f
60e27494
64a26442
61054501
e7838082
e7030045
11010005
8fd91782
e403e822
e7030047
e4260007
8c591402
84aae04a
8522892e
04000593
e0efec06
4703df1f
47850054
74f4aa23
00444783
46830722
8f5d0004
00644783
00344603
00b44583
8fd907c2
00744703
00244503
07624815
47838f5d
8a850084
17820622
47038fd9
15e20094
17228e49
47838f5d
06bb00a4
852640d8
8fd917c2
47018ddd
e7bff0ef
852685ca
eefff0ef
644260e2
690264a2
61054501
45018082
11018082
e426e822
84aaec06
a7834401
68631f44
60e200f4
64a26442
61054501
85a28082
f0ef8526
2405c27f
715db7cd
5437e0a2
fc261002
f052f44e
e85aec56
e062e45e
43040a93
42440b93
f84ae486
5a1784aa
0a130000
4985abea
42040413
00005b17
ab4b0b13
a7834c11
cf9d7504
03a00593
7404b823
00ef4501
05930fd0
45010450
0f3000ef
03a00593
00ef4501
05931170
45010450
10d000ef
00005797
a607ac23
00005797
a607a623
450185d6
54a000ef
0035591b
450185d6
53e000ef
000a2783
00197913
2783ebad
9063000b
85260787
f61fe0ef
013a2023
96e3b779
85a2f937
00ef4501
061b5140
9a790005
450185a2
4fc000ef
450185a2
4fe000ef
0005061b
00266613
450185a2
4e4000ef
450185a2
4e6000ef
f97d8909
00005797
9e07ac23
00005797
9e07a623
0ee3bf3d
2785f209
00fb2023
02e3bf0d
96e3fa09
85def337
00ef4501
89214b40
8526d97d
eb3ff0ef
0000bf19
00000000
00000000
00000000
00000000
00000000
00000000
00000000
00000000
00000000
00000000
00000000
00000000
00000000
00000000
00000000
00000000
00000000
00000000
00000000
00000000
00000000
00000000
00000000
00000000
00000000
00000000
00000000
00000000
00000000
00000000
00000000
00000000
00000000
00000000
00000000
1060006f
0fc0006f
0f80006f
0f60006f
0f00006f
0ec0006f
0e80006f
0e80006f
0e00006f
0dc0006f
0d80006f
3180006f
0d00006f
0cc0006f
0c80006f
0c40006f
0c00006f
0bc0006f
0b80006f
0b40006f
0b00006f
0ac0006f
0a80006f
0a40006f
0a00006f
09c0006f
0980006f
0940006f
0900006f
08c0006f
0880006f
0840006f
0800006f
07c0006f
0780006f
0740006f
0700006f
06c0006f
0680006f
0640006f
0600006f
05c0006f
0580006f
0540006f
0500006f
04c0006f
0480006f
0440006f
00000000
00000000
00000000
00000000
00000000
00000000
00000000
00000000
00000000
00000000
00000000
00000000
00000000
00000000
00000000
00000000
a001a001
1141a001
e022e406
34202473
26732401
26f33410
e5173430
0513ffff
268132e5
85a22601
5d5000ef
3ff47593
ffffe517
35850513
5c5000ef
ffffe517
36c50513
5b9000ef
0ee00513
3ff000ef
879b6785
a7f38007
80823047
a7f347a1
80823007
b7f347a1
80823007
0025151b
020007b7
a02397aa
000f0007
80820ff0
03100793
00f59963
00d5151b
0c2007b7
08f5053b
07938082
97630510
151b00f5
17b700d5
b7ed0c20
e5171141
0513ffff
e40630e5
549000ef
450160a2
80820141
03100793
00f59a63
00d5151b
0c2007b7
053b0791
808208f5
05100793
00f59763
00d5151b
0c2017b7
1141b7e5
ffffe517
30450513
00efe406
60a25070
01414501
07938082
81630310
079304f6
9c630510
26b702f6
86930c00
571b0806
171b0055
073b0027
179b0807
87bb0086
470508e7
153b97b6
470500a7
9a634394
8ec900e5
0006871b
8082c398
0c0026b7
f733b7f9
270140a6
151bbfc5
07b70025
053b0c00
c10c08f5
11018082
e426e822
4401ec06
ef5ff0ef
08100493
45898522
f0ef2405
1be3fd9f
60e2fe94
64a26442
61054501
71798082
f406f022
e84aec26
842ae44e
ec5ff0ef
00004797
62c7b783
0017e793
30579073
00004497
6244b483
f0ef8522
8993eaff
89262004
25032401
06930009
86220310
f0ef4581
2503f2df
06930009
86220510
09114581
f1bff0ef
fd391fe3
06934088
86220310
04914585
f07ff0ef
ff3498e3
05938522
f0ef0310
70a2e77f
47857402
64e2c11c
69a26942
61454501
11018082
04500613
4501006c
c602ec06
4be000ef
47b2e509
851bc399
60e20007
80826105
fe067129
f61afa16
ee22f21e
e62aea26
fdb2e22e
f5baf9b6
edc2f1be
e5f2e9c6
fd7ae1f6
b502f97e
ad0ab106
a512a90e
bc9aa116
b4aab89e
acb2b0ae
a4baa8b6
bc42a0be
b472b846
ac7ab076
2573a87e
0593f140
25010310
e25ff0ef
842a4104
4501006c
08f000ef
4601c499
45014589
5c0000ef
6472c004
72d270f2
73927332
653264d2
766e6592
772e76ce
686e778e
6e2e68ce
7f6a6e8e
302a7fca
216a308a
222a21ca
3366228a
352633c6
26663586
272626c6
38622786
3e2238c2
2f623e82
61312fc2
30200073
179a4785
c19095be
47858082
95be179a
80824188
002c1101
ec064501
530030ef
652260e2
80826105
f7b7711d
e8a2127f
e0cae4a6
f852fc4e
0065949b
70078793
892aec86
09934401
0a130081
84bb0280
05b308f4
45010094
fb3ff0ef
008987b3
0411c388
ff4417e3
854a85ce
02800613
0fb000ef
644660e6
79e264a6
854a7a42
61256906
715d8082
004ce0a2
4501842a
e486fc26
796000ef
cd090024
852285a6
02800613
0c7000ef
852260a6
74e26406
80826161
85264592
f71ff0ef
7139b7c5
006cf04a
4501892a
f822fc06
ec4ef426
75a000ef
44b2e905
127ff7b7
70078793
0064949b
09934401
84bb0280
07b308f4
43900089
008485b3
04114501
f05ff0ef
ff3417e3
744270e2
790274a2
612169e2
71798082
ec26f022
e44ee84a
84aaf406
4401892e
04000993
008907b3
05b34390
45010094
f0ef0411
17e3ecbf
70a2ff34
64e27402
69a26942
61454501
71698082
0b93f5de
f1e20581
855e8c2a
e43ae836
f222f606
ea4aee26
892ee64e
fdd6e252
ede6f9da
8cc6e9ea
e5ee8d42
8dbeec32
f07ff0ef
666257f6
09211123
0109591b
08f10023
740664e6
5ab65b26
59d65a46
098100a3
09211223
08c11323
f0efe502
66c2e67f
e92a6722
f13aed36
f96af56e
4791fd66
0387e263
020a0063
010c8526
f43ff0ef
77bb2b05
8493034b
e7890404
086a1a1b
414484b3
02098063
010c8522
f23ff0ef
f7bb2a85
0413033a
e7890404
0869999b
41340433
85de101c
02800613
eca6853e
d4daf0a2
00efd6d6
f0ef7500
70b2ea1f
64f27412
69b26952
7aee6a12
7bae7b4e
6cee7c0e
6dae6d4e
61554501
71398082
f822fc06
34230080
87aefca4
22238732
87bafcf4
fcf42023
fe042623
fe042423
fc442783
22238bfd
2783fef4
d79bfc44
20230057
2783fef4
871bfc44
07930007
f4630460
57f500e7
2783a8c5
871bfc04
47850007
00e7d463
a8f957f5
fe042783
0007871b
02634789
278304f7
871bfe04
47890007
04e7e263
fe042783
cb892781
fe042783
0007871b
09634785
a02d00f7
100067b7
262307f1
a839fef4
100067b7
02078793
fef42623
67b7a801
87931000
26230587
0001fef4
fec46783
350385be
f0effc84
87aad05f
fef42423
fe442783
0007871b
0a6347fd
278300f7
873efe44
97bb4785
278100e7
07b7a019
2e238000
2783fcf4
c793fdc4
2781fff7
27032781
8ff9fe84
0007869b
fc042783
c7812781
fdc42783
4781a011
87b6873e
24238fd9
6783fef4
2703fec4
863afe84
350385be
f0effc84
4781c8bf
70e2853e
61217442
11018082
e822ec06
34231000
87aefea4
fef42223
fe442783
85be4605
fe843503
e9fff0ef
853e87aa
644260e2
80826105
ec061101
1000e822
fea43423
222387ae
2783fef4
4601fe44
350385be
f0effe84
87aae71f
60e2853e
61056442
715d8082
e0a2e486
34230880
3023fca4
87b2fcb4
faf42e23
fe042623
fe042423
fbc42783
22238bfd
2783fef4
d79bfbc4
20230057
2783fef4
871bfbc4
07930007
f4630460
57f500e7
2783a87d
871bfe04
47890007
04f70263
fe042783
0007871b
e2634789
278304e7
2781fe04
2783cb89
871bfe04
47850007
00f70963
67b7a02d
07f11000
fef42623
67b7a839
87931000
26230207
a801fef4
100067b7
05878793
fef42623
67830001
85befec4
fc843503
b7bff0ef
242387aa
2783fef4
871bfe44
47fd0007
00f70a63
fe442783
4785873e
00e797bb
a0192781
800007b7
fcf42e23
fdc42783
fe842703
24238ff9
2783fef4
2703fe44
57bbfe84
871b00f7
37830007
c398fc04
853e4781
640660a6
80826161
ec221101
87aa1000
fef42623
fec42783
0007871b
f46347ad
57f500e7
4781a011
6462853e
80826105
ec221101
87aa1000
fef42623
fec42783
0007871b
f46347fd
57f500e7
4781a011
6462853e
80826105
ec221101
87aa1000
fef42623
fec42783
0007871b
f46347fd
57f500e7
4781a011
6462853e
80826105
f4067179
1800f022
fca43c23
873287ae
fcf42a23
282387ba
2623fcf4
2783fe04
853efd44
f65ff0ef
873e87aa
fec42783
26238fd9
2783fef4
853efd04
f75ff0ef
873e87aa
fec42783
26238fd9
2783fef4
2781fec4
57f5c399
2783a0ad
873efd44
040027b7
cf07879b
27819fb9
0027979b
fef42423
fe042223
fe846783
350385be
f0effd84
87aaa21f
fef42223
fd042783
4785873e
00e797bb
c7932781
2781fff7
27032781
8ff9fe44
fef42223
fe846783
fe442703
85be863a
fd843503
9ddff0ef
853e4781
740270a2
80826145
fc067139
0080f822
fca43c23
342387ae
2a23fcc4
2623fcf4
2783fe04
853efd44
eedff0ef
873e87aa
fec42783
26238fd9
2783fef4
2781fec4
57f5c399
2783a825
873efd44
040027b7
c937879b
27819fb9
0027979b
fef42423
fe846783
350385be
f0effd84
87aa975f
0007871b
fc843783
4781c398
70e2853e
61217442
71398082
f822fc06
3c230080
87aefca4
fcc43423
fcf42a23
fe042623
fd442783
f0ef853e
87aae6ff
2783873e
8fd9fec4
fef42623
fec42783
c3992781
a82557f5
fd442783
27b7873e
879b0400
9fb9c337
979b2781
24230027
6783fef4
85befe84
fd843503
8f7ff0ef
871b87aa
37830007
c398fc84
853e4781
744270e2
80826121
e486715d
0880e0a2
fca43423
873287ae
fad43c23
fcf42223
202387ba
2423fcf4
2783fe04
853efc44
de9ff0ef
873e87aa
fe842783
24238fd9
2783fef4
2781fe84
57f5c399
0713a075
2783fdc4
863afc44
350385be
f0effc84
0713f2df
2783fd84
863afc44
350385be
f0effc84
2703e9bf
2783fdc4
07bbfd84
222340f7
2783fef4
873efc44
040027b7
cb37879b
27819fb9
0027979b
fef42023
fc042783
2783873e
2701fe44
f4632781
57fd00e7
2623a091
a02dfe04
fe046683
fec46783
3703078a
97bafb84
863e439c
350385b6
f0effc84
2783803f
2785fec4
fef42623
fec42783
2783873e
2701fc04
65e32781
4781fcf7
60a6853e
61616406
71718082
f122f506
3c231900
3823f4a4
2623f4b4
0793fe04
0713f684
863a0800
853e4581
1fa000ef
242347b1
0793f6f4
26230ff0
0793f6f4
28230ff0
0793f6f4
2a230ff0
0793f6f4
2c230ff0
0793f6f4
2e230ff0
0793f6f4
20230ff0
0793f8f4
22230ff0
4789f8f4
f8f42423
2623478d
4791f8f4
f8f42823
2a234795
4799f8f4
f8f42c23
2e23479d
47a1f8f4
faf42023
222347a5
4785faf4
faf42823
2a234785
47b5faf4
faf42c23
2e2347b5
0793faf4
20230ff0
0793fcf4
22230ff0
47a9fcf4
fcf42423
262347a9
47adfcf4
fcf42823
2a2347ad
87b7fcf4
87931000
2423aa07
6783fef4
85befe84
f5843503
ef6ff0ef
262387aa
6783fef4
078afec4
97a217c1
f787a703
f5043783
4781c398
70aa853e
614d740a
11418082
e406e022
00003797
fb878793
c781842a
20ef4581
e5177ab0
3503ffff
653cb965
9782c391
20ef8522
47b35a50
8b9d00b5
00c506b3
479de781
00c7ee63
716387aa
c70306d5
07850005
8fa30585
eae3fee7
8082fed7
00757713
cb1187aa
0005c703
05850785
fee78fa3
0077f713
f713b7fd
0833ff86
061340f7
44630400
882e0306
6b63863e
881306e6
4601ff97
01076663
8f1d071d
ff877613
95b297b2
fad7e3e3
b3838082
b2830005
bf830085
bf030105
be830185
be030205
b3030285
b8830305
b0230385
b4230077
b8030057
b8230405
bc2301f7
b02301e7
b42303d7
b82303c7
bc230267
87930317
85930487
bc230485
0833ff07
b75140f7
00083883
08210621
ff163c23
433dbfbd
7163872a
779302c3
e3c100f7
7693e1bd
8a3dff06
e30c96ba
0741e70c
fed76de3
8082e211
40c306b3
0297068a
96960000
00a68067
00b70723
00b706a3
00b70623
00b705a3
00b70523
00b704a3
00b70423
00b703a3
00b70323
00b702a3
00b70223
00b701a3
00b70123
00b700a3
00b70023
f5938082
96930ff5
8dd50085
01059693
96938dd5
8dd50205
9693b759
02970027
96960000
80e78286
8096fa26
8f1d17c1
71e3963e
b79df8c3
f0227159
842af406
e0b2fc2e
e8bae4b6
f0c2ecbe
4517f4c6
35030000
c5199865
e789591c
00efe42a
65220d20
1834690c
ec368622
39a000ef
740270a2
80826165
e0221141
842ae406
00b51823
00c51923
00053023
00053423
0a052623
00053c23
02052023
02052423
45814621
0a450513
ee7ff0ef
00000797
63678793
0797e03c
87930000
e43c65e7
00000797
6a478793
0797e83c
87930000
60a26d27
ec3cfc00
01416402
15978082
85930000
aab9a345
e4261101
0b000793
fff5849b
02f484b3
892ee04a
ec06e822
0c848593
1ac000ef
cd01842a
00053023
01252423
e8080561
0b048613
f0ef4581
60e2e71f
64428522
690264a2
80826105
ebad591c
e0221141
0797e406
87930000
e53cfa47
08053023
08052423
08053823
ffffe797
8e47b783
1463842a
478500f5
8522d91c
042000ef
8522e408
03a000ef
8522e808
032000ef
6408ec08
45914601
ef9ff0ef
46056808
f0ef45a5
6c08eeff
45c94609
ee5ff0ef
60a24785
6402d81c
80820141
11018082
e497e426
b483ffff
589c88a4
ec06e04a
892ae822
8526e781
f71ff0ef
08048493
449c6880
d66337fd
609c0007
6084cfa9
1703bfc5
e7290104
078577c1
0a042623
00043023
00043423
3c23c81c
20230004
24230204
46210204
05134581
f0ef0a44
3023d89f
24230604
30230604
24230804
60e20804
64428522
690264a2
80826105
0b040413
4591b745
f0ef854a
e088eb7f
fd51842a
202347b1
bfe100f9
e0a2715d
f44efc26
e85af052
e486e45e
ec56f84a
8a2e89aa
08050493
4b054401
b9035bfd
aa830104
3afd0084
020ad063
f8e56084
852260a6
74e26406
79a27942
6ae27a02
6ba26b42
80826161
01095783
00fb7b63
01291783
01778763
854e85ca
8c499a02
09132401
b7c10b09
00758793
9be17179
80000737
e84aec26
494107a1
f022f406
4713e44e
84aafff7
0b27f933
00f76463
00b97c63
c09c47b1
70a24501
64e27402
69a26942
80826145
1d7000ef
00003697
74868693
843a6298
3417e80d
04130000
601c7424
4581e791
00ef8526
e0083a00
852685ca
396000ef
1e6359fd
47b10535
8526c09c
19d000ef
601cbf45
412787bb
0407c063
5763463d
e01c00f6
3023943e
a0290124
1363641c
e29c0287
00ef8526
05131730
079300f4
99610084
40f507bb
943edfad
40f007bb
bf85e01c
bff9e71c
64008722
0413b751
98610075
fc8501e3
40a405b3
00ef8526
1ae33240
bf41fb35
871b465c
c658fff7
00075963
4563561c
47a900f7
00f59363
621caecd
8713852e
e2180017
00b78023
71798082
ec26f022
e44ee84a
f406e052
89ae892a
04b38432
5a7d00d6
00941463
a8114501
00044583
854a864e
fadff0ef
15e30405
70a2ff45
64e27402
69a26942
61456a02
71558082
fd26e1a2
f54ef94a
e586f152
e95aed56
e162e55e
f8eafce6
84ae89aa
84368932
c5094a01
e399591c
d01ff0ef
ffffd797
27078793
0cf49e63
0089b483
0104d783
cbed8ba1
c7fd6c9c
02000793
02f104a3
07935afd
d2020300
02f10523
0b93e422
9c130250
db17020a
0b13ffff
4c852a6b
4783844a
c3990004
0f779263
41240d3b
000d0e63
864a86ea
854e85a6
f2fff0ef
1f550a63
87bb5792
d23e01a7
00044783
1e078263
00140913
ec02e862
040109a3
4583d482
46150009
00ef855a
47c27ea0
00190413
f713ed51
c7090107
02000713
04e109a3
0087f713
0713c709
09a302b0
468304e1
07130009
836302a0
47f208e6
4681844a
48294625
00044703
00140513
fd07059b
7a63872e
cabd0ab6
a88dce3e
ffffd797
1c478793
00f49563
0109b483
d797bf31
8793ffff
99e31427
b483f0f4
b7290189
854e85a6
35c000ef
557dd511
640e60ae
794a74ea
7a0a79aa
6b4a6aea
6c0a6baa
7d467ce6
80826169
bf110405
41650533
00ac953b
c83e8fc9
b7918922
06936722
43180087
4963e436
ce3a0207
00044703
02e00793
04f71063
00144703
02a00793
0af71063
040967a2
00878713
e43a439c
0207c163
a839ca3e
40e0073b
0027e793
c83ece3a
07bbb7e1
842a02f8
9fb94685
ca56bf15
00044583
d517460d
0513ffff
00ef1465
cd116ce0
ffffd797
13878793
47c28d1d
04000713
00a7173b
04058fd9
4583c83e
46190004
ffffd517
12050513
00140913
02b10423
698000ef
0793c151
eba10000
67a24742
10077713
07bdc329
07c19bc1
5792e43e
014787bb
bd3dd23e
ca020405
47814681
48294625
00044703
00140513
fd07059b
7463872e
fab900b6
07bbbf95
842a02f8
9fb94685
07a1b7c5
0038b7d1
00000697
d5268693
080c8626
0097854e
00e70000
8a2a0000
fb5515e3
0104d783
0407f793
ea0799e3
b57d5512
06970038
86930000
8626d246
854e080c
7d2000ef
1141bfd9
842ae022
3797852e
a9230000
e4063807
5e0020ef
186357fd
379700f5
a7830000
c39137e7
60a2c01c
01416402
11418082
842ee022
01259583
00efe406
496320d0
6c5c0005
ec5c97aa
640260a2
80820141
01045783
177d777d
18238ff9
b7ed00f4
0105d783
f0227179
e84aec26
f406e44e
1007f793
842e84aa
89b68932
9583c799
46890125
00ef4601
578343e0
777d0104
8ff9177d
01241583
00f41823
70a27402
864a86ce
694269a2
64e28526
a2196145
e0221141
9583842e
e4060125
408000ef
5783577d
1b630104
777d00e5
8ff9177d
00f41823
640260a2
80820141
8fd96705
00f41823
b7fdec48
01259583
7179a421
ec26f022
f406e84a
84aae44e
8432892e
591cc509
f0efe399
d797977f
8793ffff
1a63ee67
648006f4
c45c541c
01045783
c3d18ba1
c3c16c1c
60086c1c
0ff97993
9d1d894e
4763501c
85a200f5
00ef8526
e53d3200
2505445c
c45c37fd
8713601c
e0180017
01378023
8963501c
578300a7
8b850104
47a9cb89
00f91763
852685a2
2ee000ef
70a2ed15
64e27402
854a69a2
61456942
d7978082
8793ffff
1463ea27
688000f4
d797b751
8793ffff
1de3e227
6c80f6f4
85a2bf95
00ef8526
dd2d03e0
b7d1597d
e0221141
852e842a
863685b2
00003797
1c07ac23
20efe406
57fd4660
00f51863
00003797
1c47a783
c01cc391
640260a2
80820141
e8221101
e04ae426
3497ec06
b4830000
892a12e4
c491842e
e781589c
f0ef8526
d797877f
8793ffff
1663de67
648002f4
01041783
0087f693
0807c73b
7693eab5
ea950107
20234725
e79300e9
18230407
557d00f4
d797a879
8793ffff
1463dea7
688000f4
d797b7f1
8793ffff
11e3d6a7
6c80fcf4
8b11bf75
702cc715
0793c991
856307c4
854a00f5
3a6000ef
06043023
01045783
00042423
fdb7f793
00f41823
e01c6c1c
01045783
0087e793
00f41823
ef896c1c
01045783
20000713
2807f793
00e78663
854a85a2
2a6000ef
01041783
0017f693
0807c73b
5014c29d
00042623
40d006bb
6c14d414
e6814501
08077713
60e2ff29
64a26442
61056902
76938082
46010027
5010e291
bff1c450
e0221141
852e842a
00003797
0807ae23
20efe406
57fd2820
00f51863
00003797
0887a783
c01cc391
640260a2
80820141
0105d783
f0227179
f406ec26
e44ee84a
0087f713
842e84aa
4598ef69
00e04d63
4a635db8
450100e0
740270a2
694264e2
614569a2
68388082
6685d77d
0004a903
a0238ff5
7c0c0004
6c50cfa5
01045783
c7998b91
8e1d441c
c399703c
8e1d5c3c
7c0c683c
85264681
57fd9782
01045703
00f51d63
47f54094
06d7e763
dfc007b7
d7b317f9
8b8540d7
6c1cefb9
00042423
6785e01c
c7198f7d
146357fd
409c00f5
ec48e391
a023702c
ddb50124
07c40793
00f58563
00ef8526
302323c0
b7a50604
46854601
97028526
862a57fd
f8f510e3
dfad409c
85634775
475900e7
04e79463
0124a023
6713b789
18230407
557d00e4
b983bf25
88e30185
b903f209
8b8d0005
0135b023
4139093b
e3914701
c4585198
f1205be3
7c0c643c
864e86ca
97828526
00a04963
01045783
0407e793
00f41823
99aabf7d
40a9093b
6d9cbfe1
1101c3a5
ec06e822
c519842a
e789591c
f0efe42e
65a2e0af
ffffd797
b7878793
00f59b63
9783640c
c7950105
64428522
610560e2
d797bd41
8793ffff
9463b927
680c00f5
d797b7cd
8793ffff
9ce3b127
6c0cfcf5
60e2bfc9
45016442
80826105
80824501
e0221141
852e842a
863685b2
00003797
ec07a423
20efe406
57fd0ea0
00f51863
00003797
eb47a783
c01cc391
640260a2
80820141
e1227175
9583842e
fca60125
e506f8ca
893684b2
0205d463
01045783
0807f793
4781cf8d
04000713
640a60aa
00f92023
7946e098
450174e6
80826149
00ef0030
4be35440
47b2fc05
8ff9673d
8f996709
0017b793
40000713
4781bfc1
d783bfe5
71790105
f406f022
e84aec26
842e8b89
0793cf89
e01c07f4
4785ec1c
70a2d01c
64e27402
61456942
00548082
84aa0030
f71ff0ef
892a65a2
f0ef8526
ed01e6af
01041783
2007f713
9bf1fb79
0027e793
00f41823
f797bf7d
8793ffff
e4bc47c7
01045783
ec08e008
0807e793
00f41823
d01c67a2
cf914792
01241583
00ef8526
c9014d60
01045783
e7939bf1
18230017
578300f4
e5330104
18230127
b74100a4
0ff5f593
1463962a
450100c5
47838082
8de30005
0505feb7
8082b7fd
c1cd8082
ff85b783
e8221101
8413ec06
d363ff85
943e0007
f0efe42a
3717fe5f
07130000
631cd567
eb816522
00043423
6442e300
610560e2
7d63b7e1
601000f4
00c406b3
00d79663
679c6394
e01496b2
bff9e41c
679c873e
7de3c399
6314fef4
00d70633
00861f63
96b26010
0633e314
90e300d7
6390fcc7
96b2679c
e71ce314
7563bf4d
47b100c4
b765c11c
06b36010
966300c4
639400d7
96b2679c
e41ce014
bf41e700
715d8082
499cf052
45988a3a
fc26e0a2
ec56f44e
f84ae486
e45ee85a
0ae7e7b3
c703c21c
89aa0435
84b2842e
c3198ab6
c21c2785
f793401c
c7810207
2789409c
2903c09c
79130004
1a630069
0b130009
5bfd0194
4098445c
4d639f99
478304f9
36330434
36b300f0
401c00f0
0207f793
0613e7bd
85d60434
9a02854e
026357fd
401c04f5
49014711
97638b99
445c00e7
9f994098
0b27e933
4818441c
00f75563
893b9f99
44810127
5b7d0469
04991a63
a8094501
865a4685
854e85d6
1e639a02
557d0175
640660a6
794274e2
7a0279a2
6b426ae2
61616ba2
29058082
07b3bfa5
069300d4
81a30300
071b04d7
069b0016
46030026
07b30454
81a300e4
bf9504c7
86224685
854e85d6
0ce39a02
2485fb65
715dbf71
f84ae0a2
f052f44e
fc26e486
e85aec56
0185c803
07800793
842e892a
8a3689b2
0307e263
06200793
04358693
0307e163
1c080363
05800793
ffffd617
87460613
14f80863
04240493
05040123
079ba815
f793f9d8
46550ff7
fef666e3
ffffd617
87c60613
20c7c7b3
97b2439c
631c8782
04258493
00878693
e314439c
04f58123
a2754785
6308419c
0807f613
00850593
611cc20d
d863e30c
07130007
07b302d0
01a340f0
d61704e4
0613ffff
48298066
f613a82d
411c0407
de71e30c
60579793
4190bfd9
7513631c
85930806
cd410087
e30c639c
06f00713
ffffc617
7d460613
0ee80d63
01a34829
40580404
4563c418
400c0007
c00c99ed
84b6e399
84b6cf19
0307f733
973214fd
00074703
00e48023
d7b3873e
75e30307
47a1ff07
00f81e63
8b85401c
4058cb91
c763481c
079300e7
8fa30300
14fdfef4
c8148e85
86ce8752
85a20070
f0ef854a
5afdda9f
0f551563
60a6557d
74e26406
79a27942
6ae27a02
61616b42
439c8082
04067613
c601e30c
0807c7bb
87bbb785
bfa90807
e793419c
c19c0a07
07800813
ffffc617
73c60613
050402a3
631c400c
0805f813
00878513
02080163
e308639c
0015f713
e593c701
c00c0205
fb854841
77134018
c018fdf7
439cb71d
0405f813
0563e308
c7bb0008
bfd90807
080787bb
4821bfc1
4190b729
49cc631c
08067813
00878513
00080963
639ce308
2823e38c
84b60004
e308b781
04067613
c601639c
00b79023
c38cb7ed
631cb7dd
458141d0
00878693
6384e314
f0ef8526
c119c0bf
c0488d05
c81c405c
040401a3
4814b721
85ce8626
9a02854a
f15508e3
8b89401c
4448e785
653347b2
b7010af5
86564685
854a85ce
09e39a02
2485ef65
4732445c
c5e39f99
bff1fef4
0a934481
5b7d0194
1141b7f5
842ae022
85b2852e
37978636
a3230000
e4069407
37f010ef
186357fd
379700f5
a7830000
c3919327
60a2c01c
01416402
11418082
842ae022
85b2852e
00003797
9007aa23
10efe406
57fd3190
00f51863
00003797
9007a783
c01cc391
640260a2
80820141
e0221141
852e842a
00003797
8e07a223
10efe406
57fd2ff0
00f51863
00003797
8d07a783
c01cc391
640260a2
80820141
00002797
1b478793
40f507b3
0017b793
959b6691
07e60035
871397ae
973e0046
c30c55fd
069b97b6
c3940006
c3109601
80824501
e84a7179
00852903
f022f406
e44eec26
02091563
00002417
16c40413
40850433
00143413
141b84aa
29970014
89930000
1b6317e9
47850089
70a2c49c
64e27402
69a26942
80826145
0363458d
459d0009
0009b783
460186a6
25177f9c
05130000
290514e5
b7f19782
8082557d
6140106f
e4061141
f1402573
10ef2501
60a20230
106f0141
71390150
f822fc06
842af426
e832ec2e
10efe436
049b5ea0
f0ef0005
2797fd3f
87930000
8c1d0de7
e0634785
66a20297
65e26642
00143413
0014141b
28174781
08130000
18630e68
70e200f4
74a27442
6121557d
470d8082
471dc391
01051463
00e58463
b7c52785
7442611c
74a270e2
61217f9c
11018782
e42eec06
f71ff0ef
65a2c911
67634705
611c00b7
679c60e2
87826105
557d60e2
80826105
ec061101
e42ee822
842ac58d
f45ff0ef
00002797
05078793
65a28c1d
00143413
0014141b
26974781
86930000
17630626
60e200f4
557d6442
80826105
c391470d
1463471d
846300d5
278500e5
611cb7cd
60e26442
610567bc
11018782
e822ec06
c58de42e
f0ef842a
2797eebf
87930000
8c1dff67
341365a2
141b0014
47810014
00002697
00868693
00f41763
644260e2
6105557d
470d8082
471dc391
00d51463
00e58463
b7cd2785
6442611c
6bbc60e2
87826105
00002797
fac78793
35138d1d
67b10015
87130566
17e1ffc7
953e972a
411c430c
27814310
0006069b
feb61ae3
02069513
080787bb
80828d5d
00002797
f7478793
07331141
e02240f5
00173713
478de406
07668432
04f58b63
00b7ce63
86634785
478902f5
02f58a63
60a257fd
853e6402
80820141
99e34791
4781fef5
421cd67d
0027979b
439c97ba
57fdb7cd
f0efde79
e008f73f
bfd14781
da6157fd
979b421c
97ba0027
0007a023
57fdb7f5
421cde5d
0027979b
470597ba
000fc398
439c0480
1101bfd1
e822ec06
10ef842a
c62a60e0
85220070
f0ef4589
60e2f63f
61056442
11018082
e822ec06
10ef842a
c62a5ee0
85220070
f0ef458d
60e2f43f
61056442
45018082
85aa8082
f14027f3
00002717
e9870713
20e7e7b3
27f36388
c5153420
3ff7f793
00002717
e9870713
0a678793
00e51a63
00002717
ea070713
20e7e7b3
8782639c
639c078e
80829002
00008082
00000000
00000000
00000000
00000000
00000000
00000000
00000000
00000000
00000000
00000000
00000000
00000000
00000000
00000000
00000000
00000000
00000000
00000000
00000000
00000000
00000000
ee06712d
e61aea16
fdaae21e
f5b2f9ae
edbaf1b6
e5c2e9be
fd72e1c6
f57af976
ad02f17e
a50aa906
bc92a10e
b49ab896
acaab09e
a4b2a8ae
bc3aa0b6
b442b83e
ac72b046
a47aa876
27f3a07e
2717f140
07130000
e7b3db27
639420e7
34202673
341027f3
343027f3
30502773
2597cea9
85930000
2797daa5
87930000
8363dba7
478100b6
3ff67513
08065f63
08000693
00d51a63
5187b703
5287b583
08000513
a0159702
d56346ad
771300a6
e33d03f7
00950713
16930716
973e0055
b78397b6
670c1187
60f29782
633262d2
756e6392
762e75ce
676e768e
682e67ce
7e6a688e
7f2a7eca
206a7f8a
212a20ca
3266218a
332632c6
25663386
262625c6
37622686
382237c2
2e623882
2f222ec2
61152f82
30200073
18e34689
2773fad7
63183070
1807b583
67b3bfb5
b78320f5
85aa5307
97828536
0000bf49
00000000
00000000
00000000
00000000
00000000
00000000
00000000
00000000
00000000
00000000
00000000
00000000
00000000
00000000
00000000
00000000
00000000
00000000
45010000
25738082
8082b000
cd0987aa
00002717
c8870713
98634501
453700e7
0513000f
80822405
80824501
ec061101
2797e402
87930000
9c63c667
251700a7
35030000
c511e725
0030611c
6fdc4585
60e29782
61056522
bf4d8082
00002517
c2c50513
451d8082
450d8082
11018082
c62eec06
00002797
c2478793
02a79163
00002797
db07b783
c799557d
00706398
6f58458d
9702853e
610560e2
557d8082
1101bfe5
c62eec06
00002797
bf078793
02a79163
00002797
d7c7b783
c799557d
00706398
6f584589
9702853e
610560e2
557d8082
1101bfe5
c62eec06
00002797
bbc78793
02a79163
00002797
d487b783
c7994501
00706398
6f584591
9702853e
610560e2
45018082
2797bfe5
87930000
8463b8e7
450100a7
25178082
05130000
8082b965
0005d783
4511470d
83638b8d
450900e7
25738082
80823410
34159073
80824501
00002797
b5478793
00a78463
80824501
aa018513
65088082
11418082
06400513
10efe406
11412600
0c800513
10efe406
27972540
87930000
862eb227
00a79b63
00002517
d2c53503
611cc509
73dc4581
557d8782
451c8082
0793efb1
07131185
b0235185
b4230007
b8230007
87930007
98e30207
0793fee7
07135305
06975b05
86930000
e394f9c6
1ee307a1
2773fef7
c7973050
8793ffff
1b63afe7
27f300f7
07973050
87930000
9bf1c9a7
30579073
c51c4785
25178082
05130000
8082a8e5
27f3ed81
07973050
87930000
9bf1c767
30579073
80824501
557d4785
fef59de3
305027f3
00001797
25878793
0017e793
4a63b7c5
279700a0
87930000
6533a467
610820f5
45018082
11418082
e022e406
f1402573
f0ef2501
842afddf
dcdff0ef
00a50593
64028522
014160a2
712db719
ee06fdaa
e61aea16
f9aee21e
f1b6f5b2
e9beedba
e1c6e5c2
f976fd72
f17ef57a
a906ad02
a10ea50a
b896bc92
b09eb49a
a8aeacaa
a0b6a4b2
b83ebc3a
b046b442
12c00513
a876ac72
a07ea47a
106010ef
ee06712d
e61aea16
fdaae21e
f5b2f9ae
edbaf1b6
e5c2e9be
fd72e1c6
f57af976
ad02f17e
a50aa906
bc92a10e
b49ab896
acaab09e
a4b2a8ae
bc3aa0b6
b442b83e
ac72b046
a47aa876
27f3a07e
2717f140
07130000
e7b396e7
639c20e7
2717c38d
07130000
93639767
279706e7
87930000
b7039827
b5831787
450d1887
60f29702
633262d2
756e6392
762e75ce
676e768e
682e67ce
7e6a688e
7f2a7eca
206a7f8a
212a20ca
3266218a
332632c6
25663386
262625c6
37622686
382237c2
2e623882
2f222ec2
61152f82
30200073
18803783
712d9002
ea16ee06
e21ee61a
f9aefdaa
f1b6f5b2
e9beedba
e1c6e5c2
f976fd72
f17ef57a
a906ad02
a10ea50a
b896bc92
b09eb49a
a8aeacaa
a0b6a4b2
b83ebc3a
b046b442
a876ac72
a07ea47a
f14027f3
00002717
89c70713
20e7e7b3
c38d639c
00002717
8a470713
06e79363
00002797
8b078793
1f87b703
2087b583
9702451d
62d260f2
63926332
75ce756e
768e762e
67ce676e
688e682e
7eca7e6a
7f8a7f2a
20ca206a
218a212a
32c63266
33863326
25c62566
26862626
37c23762
38823822
2ec22e62
2f822f22
00736115
37833020
90022080
ee06712d
e61aea16
fdaae21e
f5b2f9ae
edbaf1b6
e5c2e9be
fd72e1c6
f57af976
ad02f17e
a50aa906
bc92a10e
b49ab896
acaab09e
a4b2a8ae
bc3aa0b6
b442b83e
ac72b046
a47aa876
27f3a07e
1717f140
07130000
e7b37ca7
639c20e7
1717c38d
07130000
93637d27
179706e7
87930000
b7037de7
b5833187
45413287
60f29702
633262d2
756e6392
762e75ce
676e768e
682e67ce
7e6a688e
7f2a7eca
206a7f8a
212a20ca
3266218a
332632c6
25663386
262625c6
37622686
382237c2
2e623882
2f222ec2
61152f82
30200073
32803783
712d9002
ea16ee06
e21ee61a
f9aefdaa
f1b6f5b2
e9beedba
e1c6e5c2
f976fd72
f17ef57a
a906ad02
a10ea50a
b896bc92
b09eb49a
a8aeacaa
a0b6a4b2
b83ebc3a
b046b442
a876ac72
a07ea47a
f14027f3
00001717
6f870713
20e7e7b3
c38d639c
00001717
70070713
06e79363
00001797
70c78793
3387b703
3487b583
97024545
62d260f2
63926332
75ce756e
768e762e
67ce676e
688e682e
7eca7e6a
7f8a7f2a
20ca206a
218a212a
32c63266
33863326
25c62566
26862626
37c23762
38823822
2ec22e62
2f822f22
00736115
37833020
90023480
ee06712d
e61aea16
fdaae21e
f5b2f9ae
edbaf1b6
e5c2e9be
fd72e1c6
f57af976
ad02f17e
a50aa906
bc92a10e
b49ab896
acaab09e
a4b2a8ae
bc3aa0b6
b442b83e
ac72b046
a47aa876
27f3a07e
1717f140
07130000
e7b36267
639c20e7
1717c38d
07130000
936362e7
179706e7
87930000
b70363a7
b5833587
45493687
60f29702
633262d2
756e6392
762e75ce
676e768e
682e67ce
7e6a688e
7f2a7eca
206a7f8a
212a20ca
3266218a
332632c6
25663386
262625c6
37622686
382237c2
2e623882
2f222ec2
61152f82
30200073
36803783
712d9002
ea16ee06
e21ee61a
f9aefdaa
f1b6f5b2
e9beedba
e1c6e5c2
f976fd72
f17ef57a
a906ad02
a10ea50a
b896bc92
b09eb49a
a8aeacaa
a0b6a4b2
b83ebc3a
b046b442
a876ac72
a07ea47a
f14027f3
00001717
55470713
20e7e7b3
c38d639c
00001717
55c70713
06e79363
00001797
56878793
3787b703
3887b583
9702454d
62d260f2
63926332
75ce756e
768e762e
67ce676e
688e682e
7eca7e6a
7f8a7f2a
20ca206a
218a212a
32c63266
33863326
25c62566
26862626
37c23762
38823822
2ec22e62
2f822f22
00736115
37833020
90023880
ee06712d
e61aea16
fdaae21e
f5b2f9ae
edbaf1b6
e5c2e9be
fd72e1c6
f57af976
ad02f17e
a50aa906
bc92a10e
b49ab896
acaab09e
a4b2a8ae
bc3aa0b6
b442b83e
ac72b046
a47aa876
27f3a07e
1717f140
07130000
e7b34827
639c20e7
1717c38d
07130000
936348a7
179706e7
87930000
b7034967
b5833987
45513a87
60f29702
633262d2
756e6392
762e75ce
676e768e
682e67ce
7e6a688e
7f2a7eca
206a7f8a
212a20ca
3266218a
332632c6
25663386
262625c6
37622686
382237c2
2e623882
2f222ec2
61152f82
30200073
3a803783
712d9002
ea16ee06
e21ee61a
f9aefdaa
f1b6f5b2
e9beedba
e1c6e5c2
f976fd72
f17ef57a
a906ad02
a10ea50a
b896bc92
b09eb49a
a8aeacaa
a0b6a4b2
b83ebc3a
b046b442
a876ac72
a07ea47a
f14027f3
00001717
3b070713
20e7e7b3
c38d639c
00001717
3b870713
06e79363
00001797
3c478793
3b87b703
3c87b583
97024555
62d260f2
63926332
75ce756e
768e762e
67ce676e
688e682e
7eca7e6a
7f8a7f2a
20ca206a
218a212a
32c63266
33863326
25c62566
26862626
37c23762
38823822
2ec22e62
2f822f22
00736115
37833020
90023c80
ee06712d
e61aea16
fdaae21e
f5b2f9ae
edbaf1b6
e5c2e9be
fd72e1c6
f57af976
ad02f17e
a50aa906
bc92a10e
b49ab896
acaab09e
a4b2a8ae
bc3aa0b6
b442b83e
ac72b046
a47aa876
27f3a07e
1717f140
07130000
e7b32de7
639c20e7
1717c38d
07130000
93632e67
179706e7
87930000
b7032f27
b5833d87
45593e87
60f29702
633262d2
756e6392
762e75ce
676e768e
682e67ce
7e6a688e
7f2a7eca
206a7f8a
212a20ca
3266218a
332632c6
25663386
262625c6
37622686
382237c2
2e623882
2f222ec2
61152f82
30200073
3e803783
712d9002
ea16ee06
e21ee61a
f9aefdaa
f1b6f5b2
e9beedba
e1c6e5c2
f976fd72
f17ef57a
a906ad02
a10ea50a
b896bc92
b09eb49a
a8aeacaa
a0b6a4b2
b83ebc3a
b046b442
a876ac72
a07ea47a
f14027f3
00001717
20c70713
20e7e7b3
c38d639c
00001717
21470713
06e79363
00001797
22078793
3f87b703
4087b583
9702455d
62d260f2
63926332
75ce756e
768e762e
67ce676e
688e682e
7eca7e6a
7f8a7f2a
20ca206a
218a212a
32c63266
33863326
25c62566
26862626
37c23762
38823822
2ec22e62
2f822f22
00736115
37833020
90024080
ee06712d
e61aea16
fdaae21e
f5b2f9ae
edbaf1b6
e5c2e9be
fd72e1c6
f57af976
ad02f17e
a50aa906
bc92a10e
b49ab896
acaab09e
a4b2a8ae
bc3aa0b6
b442b83e
ac72b046
a47aa876
27f3a07e
1717f140
07130000
e7b313a7
639c20e7
1717c38d
07130000
93631427
179706e7
87930000
b70314e7
b5834187
45614287
60f29702
633262d2
756e6392
762e75ce
676e768e
682e67ce
7e6a688e
7f2a7eca
206a7f8a
212a20ca
3266218a
332632c6
25663386
262625c6
37622686
382237c2
2e623882
2f222ec2
61152f82
30200073
42803783
712d9002
ea16ee06
e21ee61a
f9aefdaa
f1b6f5b2
e9beedba
e1c6e5c2
f976fd72
f17ef57a
a906ad02
a10ea50a
b896bc92
b09eb49a
a8aeacaa
a0b6a4b2
b83ebc3a
b046b442
a876ac72
a07ea47a
f14027f3
00001717
06870713
20e7e7b3
c38d639c
00001717
07070713
06e79363
00001797
07c78793
4387b703
4487b583
97024565
62d260f2
63926332
75ce756e
768e762e
67ce676e
688e682e
7eca7e6a
7f8a7f2a
20ca206a
218a212a
32c63266
33863326
25c62566
26862626
37c23762
38823822
2ec22e62
2f822f22
00736115
37833020
90024480
ee06712d
e61aea16
fdaae21e
f5b2f9ae
edbaf1b6
e5c2e9be
fd72e1c6
f57af976
ad02f17e
a50aa906
bc92a10e
b49ab896
acaab09e
a4b2a8ae
bc3aa0b6
b442b83e
ac72b046
a47aa876
27f3a07e
1717f140
07130000
e7b3f967
639c20e7
1717c38d
07130000
9363f9e7
179706e7
87930000
b703faa7
b5834587
45694687
60f29702
633262d2
756e6392
762e75ce
676e768e
682e67ce
7e6a688e
7f2a7eca
206a7f8a
212a20ca
3266218a
332632c6
25663386
262625c6
37622686
382237c2
2e623882
2f222ec2
61152f82
30200073
46803783
712d9002
ea16ee06
e21ee61a
f9aefdaa
f1b6f5b2
e9beedba
e1c6e5c2
f976fd72
f17ef57a
a906ad02
a10ea50a
b896bc92
b09eb49a
a8aeacaa
a0b6a4b2
b83ebc3a
b046b442
a876ac72
a07ea47a
f14027f3
00001717
ec470713
20e7e7b3
c38d639c
00001717
ecc70713
06e79363
00001797
ed878793
4787b703
4887b583
9702456d
62d260f2
63926332
75ce756e
768e762e
67ce676e
688e682e
7eca7e6a
7f8a7f2a
20ca206a
218a212a
32c63266
33863326
25c62566
26862626
37c23762
38823822
2ec22e62
2f822f22
00736115
37833020
90024880
ee06712d
e61aea16
fdaae21e
f5b2f9ae
edbaf1b6
e5c2e9be
fd72e1c6
f57af976
ad02f17e
a50aa906
bc92a10e
b49ab896
acaab09e
a4b2a8ae
bc3aa0b6
b442b83e
ac72b046
a47aa876
27f3a07e
1717f140
07130000
e7b3df27
639c20e7
1717c38d
07130000
9363dfa7
179706e7
87930000
b703e067
b5834987
45714a87
60f29702
633262d2
756e6392
762e75ce
676e768e
682e67ce
7e6a688e
7f2a7eca
206a7f8a
212a20ca
3266218a
332632c6
25663386
262625c6
37622686
382237c2
2e623882
2f222ec2
61152f82
30200073
4a803783
712d9002
ea16ee06
e21ee61a
f9aefdaa
f1b6f5b2
e9beedba
e1c6e5c2
f976fd72
f17ef57a
a906ad02
a10ea50a
b896bc92
b09eb49a
a8aeacaa
a0b6a4b2
b83ebc3a
b046b442
a876ac72
a07ea47a
f14027f3
00001717
d2070713
20e7e7b3
c38d639c
00001717
d2870713
06e79363
00001797
d3478793
4b87b703
4c87b583
97024575
62d260f2
63926332
75ce756e
768e762e
67ce676e
688e682e
7eca7e6a
7f8a7f2a
20ca206a
218a212a
32c63266
33863326
25c62566
26862626
37c23762
38823822
2ec22e62
2f822f22
00736115
37833020
90024c80
ee06712d
e61aea16
fdaae21e
f5b2f9ae
edbaf1b6
e5c2e9be
fd72e1c6
f57af976
ad02f17e
a50aa906
bc92a10e
b49ab896
acaab09e
a4b2a8ae
bc3aa0b6
b442b83e
ac72b046
a47aa876
27f3a07e
1717f140
07130000
e7b3c4e7
639c20e7
1717c38d
07130000
9363c567
179706e7
87930000
b703c627
b5834d87
45794e87
60f29702
633262d2
756e6392
762e75ce
676e768e
682e67ce
7e6a688e
7f2a7eca
206a7f8a
212a20ca
3266218a
332632c6
25663386
262625c6
37622686
382237c2
2e623882
2f222ec2
61152f82
30200073
4e803783
712d9002
ea16ee06
e21ee61a
f9aefdaa
f1b6f5b2
e9beedba
e1c6e5c2
f976fd72
f17ef57a
a906ad02
a10ea50a
b896bc92
b09eb49a
a8aeacaa
a0b6a4b2
b83ebc3a
b046b442
a876ac72
a07ea47a
f14027f3
00001717
b7c70713
20e7e7b3
c38d639c
00001717
b8470713
06e79363
00001797
b9078793
4f87b703
5087b583
9702457d
62d260f2
63926332
75ce756e
768e762e
67ce676e
688e682e
7eca7e6a
7f8a7f2a
20ca206a
218a212a
32c63266
33863326
25c62566
26862626
37c23762
38823822
2ec22e62
2f822f22
00736115
37833020
90025080
305027f3
03f7f793
470917fd
69634501
b71700f7
0713ffff
97ba1e67
0007c503
bff98082
872a47fd
00a7cf63
45014789
00e7df63
1fffe7b7
11178793
d533078e
890500e7
07138082
3513f805
80820017
ec267179
852e84aa
e84af022
f406e44e
89b2842e
f0ef8936
c541fbff
08000793
08f41c63
f8dff0ef
0005079b
cfa5554d
740270a2
694264e2
614569a2
bc238082
b4235134
a8215324
00541793
97a60425
bc230416
85331137
34230084
45010125
47fdbfc1
c5e35551
47bdfc87
fc87d2e3
00541793
97a60425
fffff717
f1a70713
bc230416
853310e7
30230084
bfc10125
fffff797
b7a78793
16f4bc23
1924b023
5555bf7d
9ce3b771
f797f809
8793ffff
bc23ba67
b77150f4
f80998e3
09e347ad
c0e3faf4
478dfa87
fcf404e3
5551479d
f6f410e3
fffff797
fa278793
1ef4bc23
2124b023
c911bfad
8863479d
e86304f5
c58d00b7
8d63478d
567d02f5
47ada805
04f58063
ff05879b
68e3473d
4785fef7
00b797bb
b7f3ee0d
a8093047
c60947a1
3007a7f3
a0194601
3007b7f3
80828532
ca1947a1
3047a7f3
0793b7f5
bfd50800
879b6785
b7f58007
3047b7f3
a7f3b7c5
bfc93047
bf414605
b7714601
87aa473d
4963557d
c61900b7
20f5e5b3
b8234501
808252c5
17978082
87930000
976394a7
151700a7
05130000
bfc99565
8082557d
00001797
ef878793
35138d1d
053a0015
0105971b
678dc599
33378793
c11c9fb9
6795bffd
55578793
611cbfd5
8782639c
779c611c
611c8782
878273bc
1517e511
35030000
80828da5
80824501
f1402573
80822501
1141611c
639ce406
11419782
151785aa
05130000
e406e965
fe9ff0ef
e0221141
842ee406
fc5ff0ef
f0efc909
e008fadf
60a24501
01416402
557d8082
0000bfdd
00000000
00000000
00000000
00000000
00000000
00000000
00000000
00000000
00000000
00000000
00000000
00000000
00000000
00000000
00000000
00000000
00000000
00000000
00000000
00000000
00000000
00000000
00000000
00000000
00000000
00000000
00000000
00000000
00000000
00000000
00000000
00000000
00000000
df3fe06f
deffe06f
debfe06f
e39fe06f
de3fe06f
ddffe06f
ddbfe06f
efbfe06f
dd3fe06f
dcffe06f
dcbfe06f
dc7fe06f
dc3fe06f
dbffe06f
dbbfe06f
db7fe06f
fa9fe06f
876ff06f
944ff06f
a12ff06f
ae0ff06f
baeff06f
c7cff06f
d4aff06f
e18ff06f
ee6ff06f
fb4ff06f
883ff06f
951ff06f
a1fff06f
aedff06f
bbbff06f
00000000
00000000
00000000
00000000
00000000
00000000
00000000
00000000
00000000
00000000
00000000
00000000
00000000
00000000
00000000
00000000
00000000
00000000
00000000
00000000
00000000
00000000
00000000
00000000
00000000
00000000
00000000
00000000
00000000
00000000
00000000
00000000
e4061141
0f2000ef
079360a2
c11c0580
0141557d
11418082
f0efe406
1141e2df
00efe406
60a20d40
fa800793
557dc11c
80820141
3513157d
80820015
e4061141
0b6000ef
079360a2
c11c0580
0141557d
11418082
00efe406
60a20a00
05800793
557dc11c
80820141
00009797
0f878793
0000a717
0f070713
02e78663
80818793
638885aa
00b506b3
00e6fd63
ec061101
e42a2581
a0efe394
60e2dfef
61056522
e3988082
8082557d
ec061101
e426e822
4785e04a
00f51a63
84b2842e
00c58933
03241063
a0398526
02e000ef
05800793
557dc11c
644260e2
690264a2
80826105
00044503
00ef0405
bfd92d00
468185aa
45014601
1517a879
35030000
8082ca25
e8221101
a417e426
0413ffff
a4977e24
8493ffff
8c057da4
840dec06
60e2e411
64a26442
80826105
67b3147d
639c2094
b7ed9782
e8221101
a417e426
0413ffff
a4977a64
8493ffff
8c8179e4
ec06e04a
4901848d
02991563
ffffa417
78840413
ffffa497
78048493
848d8c81
1d634901
60e20099
64a26442
61056902
601c8082
04210905
b7f99782
0905601c
97820421
88aabff9
00001517
c8450513
ef016118
aa818793
0513e11c
873e0000
6118c509
10e7b823
471c873e
557d487d
04f84563
02088c63
11073803
02080f63
2107e333
00c33023
20082503
163b4605
8d5100f6
20a82023
10d33023
97634689
268300d8
8ed12048
20d82223
0017869b
e7b3c714
450120e7
8082eb8c
f852711d
f05af456
ec86ec5e
e4a6e8a2
fc4ee0ca
e466e862
8a2e8aaa
00001b17
bf4b0b13
34834b85
cc81000b
b9834480
091b1104
040efff4
00898cb3
5f639426
60e60009
64a66446
79e26906
7aa27a42
6be27b02
6ca26c42
80826125
000a0c63
00099663
1ce1397d
bfd11461
0f8cb783
ff479ae3
6418449c
996337fd
a4230327
d36d0124
0084ac03
00098963
2009a783
012b96bb
27818ff5
9702ef89
37834498
12e3000b
8fe3f987
bfb5faf4
00043423
a783bfc9
b5832049
8ff5ff8c
e7812781
97028556
852ebfe1
bfc99702
00001797
b5478793
ef054398
e8221101
ec06e426
c3984705
ffffa417
5f440413
ffffa497
5f448493
00947463
00941763
644260e2
610564a2
601c8082
97820421
8082b7f5
00001797
b0878793
ef054398
e8221101
ec06e426
c3984705
ffffa417
5b840413
ffffa497
5b048493
00947463
00941763
644260e2
610564a2
601c8082
97820421
8082b7f5
e0221141
00001417
ac440413
e406401c
00efe789
47850d40
00efc01c
f0ef2340
2501abbf
aa5ff0ef
cd11842a
a97ff0ef
00efc919
85220220
a85ff0ef
6402c509
014160a2
60a2a801
01416402
b72d8082
b7adbf45
639c611c
852a8782
01151013
8082557d
07b7c91d
439c0201
f7134689
c1180ff7
0087d71b
0ff77713
d71bc158
77130107
d79b0ff7
377d0187
973b37fd
96bb00e6
c51800f6
8082c554
020107b7
75134788
05050ff5
11418082
e406e022
f0ef842a
2501febf
02a46563
fff4079b
0ff7f793
02010737
f0efc71c
079bfd3f
45010005
00878363
60a25579
01416402
557d8082
1101bfdd
ec06850a
f79ff0ef
020117b7
b6974398
8693ffff
9b799be6
4398c398
c3989b75
ffffb717
9ac70713
43329e99
488247a2
ce89883a
026785bb
45014612
031585bb
fff60e1b
02d04f63
c232c111
16974512
86930000
87bb96e6
87bb0267
87bb0317
e66302a7
06330106
e06300f7
869302c6
e563bc01
973e0106
00e6e963
610560e2
9e8db789
45058672
60e2bf65
6105557d
050e8082
81018793
639497aa
8793c6e1
97aa8201
4705639c
10000637
00f7173b
0095c783
20000537
979b377d
8ff101c7
00a5c603
01d6161b
8fd18e69
0005c603
8fd18a05
0015c603
161b8e79
8fd10026
8e7941d0
0086161b
c6038fd1
8f710085
00e7171b
27818fd9
c783c29c
c70300c5
660900d5
e0060613
0047979b
0097171b
f7938f71
8fd91f07
00b5c703
0007e637
8fd98b3d
00e5c703
00d7171b
8fd98f71
00f5c703
00080637
0137171b
8fd98f71
0105c703
00100637
0147171b
8fd98f71
0115c703
00200637
0157171b
8fd98f71
c2dc2781
b7038082
47858201
00e797bb
37fd7139
04234705
f71300e1
04a30047
f71300e1
8b951587
00f10823
87936785
1923e007
07b700f1
87930106
ca3e4047
10100793
f426f822
c63afc06
000108a3
00f11c23
84934401
409c8181
00f44763
744270e2
612174a2
85228082
f0ef002c
2405ec5f
0000b7dd
00000000
002a0f05
00000003
0200010a
40000000
00000001
00000000
1e021007
000000fa
00000000
00000000
127c60b8
00000000
00000001
00000000
127c60c0
00000000
00000002
00000000
127c60d8
00000000
00000003
00000000
127c60f0
00000000
00000000
00000000
00000000
00000000
0003100a
0a01000f
000007ff
00000000
000a1014
00000001
00001100
000a4030
000a40b0
00000000
00000409
00000000
0069004b
0061006e
00610072
00490020
0063006e
0000002e
00630041
00650063
0065006c
00610072
006f0074
002e0072
00310031
00310031
00320032
00320032
127c6118
00000000
127c0578
00000000
00000000
00000000
127c0658
00000000
00000000
00000000
00000000
00000000
127c06f8
00000000
00000000
00000000
00000000
00000000
00000000
00000000
00000000
00000000
00000000
00000000
00000000
00000000
00000000
00000000
00000000
00000000
00000000
00000000
00000000
00000000
00000000
00000000
00000000
00000000
00000000
00000000
00000000
00000000
00000000
00000000
00000000
00000000
00000000
00000000
00000000
00000000
00000000
00000000
00000000
00000000
00000000
00000000
00000000
00000000
00000000
00000000
00000000
00000000
00000000
00000000
00000000
00000000
00000000
00000000
00000000
00000000
00000000
00000000
00000000
00000000
00000000
00000000
00000000
00000000
00000000
00000000
00000000
00000000
00000000
00000000
00000000
00000000
00000000
00000000
00000000
00000000
00000000
00000000
00000000
00000000
00000000
00000000
00000000
00000000
00000000
00000000
00000000
00000000
00000000
00000000
00000000
00000000
00000000
00000000
00000000
00000000
00000000
00000000
00000000
00000000
00000000
00000000
00000000
00000000
00000000
00000000
00000000
00000000
00000000
00000000
00000000
00000000
00000000
00000000
00000000
00000000
00000000
00000000
00000000
00000000
00000000
00000000
00000000
00000000
00000000
00000000
00000000
00000000
00000000
00000000
00000000
00000000
00000000
00000000
00000000
00000000
00000000
00000000
00000000
00000000
00000000
00000000
00000000
00000000
00000000
00000000
00000000
00000000
00000000
00000000
00000000
00000000
00000000
00000000
00000000
00000000
00000000
00000000
00000000
00000000
00000000
00000000
00000000
00000000
00000000
00000000
00000000
00000000
00000000
00000000
00000000
00000000
00000000
00000000
00000000
00000000
00000000
00000000
00000000
00000000
00000000
00000000
00000000
00000000
00000000
00000000
00000000
00000000
00000000
00000000
00000000
00000000
00000000
00000000
00000000
00000000
00000000
00000000
00000000
00000000
00000000
00000000
00000000
00000000
00000000
00000000
00000000
00000000
00000000
00000000
00000000
00000000
00000000
00000000
00000000
00000000
00000000
00000000
00000000
00000000
00000000
00000000
00000000
00000000
00000000
00000000
00000000
00000000
00000000
00000000
00000000
00000000
00000000
00000000
00000000
00000000
00000000
00000000
00000000
00000000
00000000
00000000
00000000
00000000
00000000
00000000
00000000
00000000
00000000
00000000
00000000
00000000
00000000
00000000
00000000
00000000
00000000
00000000
00000000
00000000
00000000
00000000
00000000
00000000
00000000
00000000
00000000
00000000
00000000
00000000
00000000
00000000
00000000
00000000
00000000
00000000
00000000
00000000
00000000
00000000
00000000
00000000
00000000
00000000
00000000
00000000
00000000
00000000
00000000
00000000
00000000
00000000
00000000
00000000
00000000
00000000
00000000
00000000
00000000
00000000
00000000
00000000
00000000
00000000
00000000
00000000
00000000
00000000
00000000
00000000
00000000
00000000
00000000
00000000
00000000
00000000
00000000
00000000
00000000
00000000
00000000
00000000
00000000
00000000
00000000
00000000
00000000
00000000
00000000
00000000
00000000
00000000
00000000
00000000
00000000
00000000
00000000
00000000
00000000
00000000
00000000
00000000
00000000
00000000
00000000
00000000
00000000
00000000
00000000
00000000
00000000
00000000
00000000
00000000
00000000
00000000
00000000
00000000
00000000
00000000
00000000
00000000
127c0808
00000000
00000000
00000000
127c0468
00000000
127c04a0
00000000
127c0430
00000000
00000000
00000000
00000000
00000000
00000000
00000000
00000000
00000000
00000000
00000000
00000000
00000000
00000000
00000000
00000000
00000000
00000000
00000000
00000000
00000000
00000000
00000000
00000000
00000000
00000000
00000000
00000000
00000000
00000000
00000000
00000000
00000000
00000000
00000000
00000000
00000000
127c66e8
00000000
127ceb60
00000000
02030000
00000000
00000001
00000000
00000006
00000000
00000000
00000000
127c1d1a
00000000
127c1f00
00000000
127c6838
00000000
127c1c44
00000000
127c1c72
00000000
ffffffff
ffffffff
00000000
00000000
138a728e
db962eac
1decefa6
42038b0b
c42af37b
4a81e3cd
d0a814d9
7a05cf1d
533452db
b78d821e
2da6cea6
2f976ae1
40207092
9e9ee894
1a1374cd
f0a9f153
a2000010
00001720
0002db7c
00000000
00000000
00000000
00000000
00000000
852496cf
5ef2c78c
e469090b
4b8b1566
bce364ec
bcbbd98e
7914ec81
7dcfe435
3e7134e5
b7885198
5cd64e9e
f12394b2
4ae2df65
3df20aad
121a042b
f2a544ca
00000000
00000000
000000ff
00040000
0009f000
00000960
00000d80
00000000
00000000
00000000
00000000
00000000
00000000
00000000
00000000
00000000
00000b06
00000000
00040400
22222222
e0000000
00040073
00000000
00000000
00000000
0009fca8
00000000
00000000
8cfff521
0002c012
e400000c
fff22113
2013e720
f1210061
fff151ff
0cfff261
50027d03
06461066
00000000
00000000
00506340
f03d0020
3350f03d
14b3b6c0
70417470
13673440
506340e6
f6c03350
2000edb3
ffe25100
027d030c
40344070
335050e3
417470c0
30f0b3f6
61200020
ffdd3103
20202230
dc211361
008216ff
020002c0
f25600a0
01a012ff
00134910
20101348
41000c00
d240ffd6
ffd55113
63c50549
00000000
00000000
00000000
00000000
00000000
00000000
00000000
00000000
00000000
00000000
00000000
00000000
00000000
00000000
00000000
00000000
00000000
00000000
00000000
00000000
00000000
00000000
00000000
00000000
00000000
00000000
00000000
00000000
00000000
00000000
00000000
00000000
00000000
00000000
00000000
00000000
00000000
00000000
00000000
00000000
00000000
00000000
00000000
00000000
00000000
00000000
00000000
00000000
00000000
00000000
00000000
00000000
00000000
00000000
00000000
00000000
00000000
00000000
00000000
00000000
00000000
00000000
00000000
00000000
00000000
00000000
00000000
00000000
00000000
00000000
00000000
00000000
00000000
00000000
00000000
00000000
00000000
00000000
00000000
00000000
00000000
00000000
00000000
00000000
00000000
00000000
00000000
00000000
00000000
00000000
00000000
00000000
00000000
00000000
00000000
00000000
00000000
00000000
00000000
00000000
00000000
00000000
00000000
00000000
00000000
00000000
00000000
00000000
00000000
00000000
00000000
00000000
00000000
00000000
00000000
00000000
00000000
00000000
00000000
00000000
00000000
00000000
00000000
00000000
00000000
00000000
00000000
00000000
00000000
00000000
00000000
00000000
00000000
00000000
00000000
00000000
00000000
00000000
00000000
00000000
00000000
00000000
00000000
00000000
00000000
00000000
00000000
00000000
00000000
00000000
00000000
00000000
00000000
00000000
00000000
00000000
00000000
00000000
00000000
00000000
00000000
00000000
00000000
00000000
00000000
00000000
00000000
00000000
00000000
00000000
00000000
00000000
00000000
00000000
00000000
00000000
00000000
00000000
00000000
00000000
00000000
00000000
00000000
00000000
00000000
00000000
00000000
00000000
00000000
00000000
00000000
00000000
00000000
00000000
00000000
00000000
00000000
00000000
00000000
00000000
00000000
00000000
00000000
2c13d130
13e83083
30008e86
932c13d1
c613e830
d130008b
30a32c13
890613e8
13d13000
e830b32c
00864613
2c13d130
13e830c3
30008386
d32c13d1
c613e830
00000080
00000000
00000000
00000000
00000000
00000000
00000000
00000000
00000000
00000000
00000000
00000000
00000000
00000000
00000000
00000000
00000000
00000000
00000000
00000000
00000000
00000000
00000000
00000000
00000000
00000000
00000000
00000000
00000000
00000000
00000000
00000000
00000000
00000000
00000000
00000000
00000000
00000000
00000000
00000000
00000000
00000000
00000000
00000000
00000000
00000000
00000000
00000000
00000000
00000000
00000000
00000000
00000000
00000000
00000000
00000000
00000000
00000000
00000000
00000000
00000000
00000000
00000000
00000000
00000000
00000000
00000000
00000000
00000000
00000000
00000000
00000000
00000000
00000000
00000000
00000000
00000000
00000000
00000000
00000000
00000000
00000000
00000000
00000000
00000000
00000000
00000000
00000000
00000000
00000000
00000000
00000000
00000000
00000000
00000000
00000000
00000000
00000000
00000000
00000000
00000000
00000000
00000000
00000000
00000000
00000000
00000000
00000000
00000000
00000000
00000000
00000000
00003000
0009fd60
00000000
00000000
00000000
00000000
00000000
00000000
00000000
00000000
00000000
00000000
00000000
00000000
00000000
00000000
3013d130
ef3103e8
090338ff
29131903
59434923
79636953
99838973
b9a3a993
d9c3c9b3
f9e3e9d3
03e820f3
20106322
632203ee
03b12011
20126322
332903d1
d1302328
00411003
00003000
00000000
00000000
00000000
00000000
00000000
00000000
00000000
00000000
00000000
00000000
00000000
00000000
00000000
00000000
00000000
00000000
00000000
00000000
00000000
00000000
00000000
00000000
00000000
00000000
00000000
00000000
00000000
00000000
00000000
000a0400
00040020
0009fd60
0009fd68
1100a002
fb31fffb
13e630ff
61002010
fa71fffa
77f03dff
060906b6
3677664b
000315f8
5100120c
0041f000
00fffd06
00040908
fabfab00
00040878
0009fcc0
0009fd60
deadbeef
00040930
12780200
12780210
21008136
304efff6
b4804101
a4408150
3d140c88
0002e0f0
4006b24e
8150d442
0c8c8442
ffee2114
4003ad4e
84701480
0c4ea408
92c14e14
70148042
4ea40244
fb2a140c
f2ffe821
02e00661
ffe62100
e6514148
900228ff
262a1164
20c00529
f76f4e00
5214826e
4ea41e84
b56e140c
148ac2a0
a40e8470
4e140c4e
805336a9
0c837074
140c4ba5
da41c56a
ffd821ff
2231dfc0
04e00561
51412800
0d0cffd7
4237a44e
84701480
0c4ea404
07504e14
50548041
48a48083
04e0140c
ffcf6100
c0d00724
51590020
0d0c4178
a54e12e8
148042b7
a40e8470
6a140c4e
0004e0c7
10907c4e
d2082031
0e4b4488
13003014
300007e0
20c01301
24512800
ef86e007
000000ff
100070cc
0004093c
1000724c
100072cc
6e004136
8b6e9127
da875424
140dbf94
71fff821
0d0cfff8
10942c6e
d2126036
0e4b7588
0007e014
6efff481
895152a8
80825464
140c4b95
e0a0c380
2c4e0007
a83f90f4
7488d516
47140e4b
2c4e3737
48301080
6508d010
f1140e20
a071ffe8
f0020cff
e84ea033
64405126
85808250
4e140c4b
0f802249
ca035634
140c4b94
560007e0
f01dfdf4
10007aa0
0009fce0
c1004136
d741fffd
02284eff
50248051
4ba48082
04e0140c
fff8f100
48a04af0
1d034904
000000f0
c0004136
04690020
0000f01d
c0004136
04280020
0000f01d
00000000
00000000
00000000
00000000
00000000
00000000
00000000
00000000
00000000
00000000
00000000
00000000
00000000
00000000
00000000
00000000
00000000
00000000
00000000
00000000
00000000
00000000
00000000
00000000
00000000
00000000
00000000
00000000
00000000
00000000
00000000
00000000
00000000
00000000
00000000
00000000
00000000
00000000
00000000
00000000
00000000
00000000
00000000
00000000
00000000
00000000
00000000
00000000
00000000
00000000
00000000
00000000
00000000
00000000
00000000
00000000
00000000
00000000
00000000
00000000
00000000
00000000
00000000
00000000
00000000
00000000
00000000
00000000
00000000
00000000
00000000
00000000
00000000
00000000
00000000
00000000
00000000
00000000
00000000
00000000
00000000
00000000
00000000
00000000
00000000
00000000
00000000
00000000
00000000
00000000
00000000
00000000
00000000
00000000
00000000
00000000
00000000
00000000
00000000
00000000
00000000
00000000
00000000
00000000
00000000
00000000
00000000
00000000
00000000
00000000
00000000
00000000
00000000
00000000
00000000
00000000
00000000
00000000
00000000
00000000
00000000
00000000
00000000
00000000
00000000
00000000
00000000
00000000
00000000
00000000
00000000
00000000
00000000
00000000
00000000
00000000
00000000
00000000
00000000
00000000
00000000
00000000
00000000
00000000
00000000
00000000
00000000
00000000
00000000
00000000
00000000
00000000
00000000
00000000
00000000
00000000
00000000
00000000
00000000
00000000
00000000
00000000
00000000
00000000
00000000
00000000
00000000
00000000
00000000
00000000
00000000
00000000
00000000
00000000
00000000
00000000
00000000
00000000
00000000
00000000
00000000
00000000
00000000
00000000
00000000
00000000
00000000
00000000
00000000
00000000
00000000
00000000
00000000
00000000
00000000
00000000
00000000
00000000
00000000
00000000
00000000
00000000
00000000
00000000
00000000
00000000
00000000
00000000
00000000
00000000
00000000
00000000
00000000
00000000
00000000
00000000
00000000
00000000
00000000
00000000
00000000
00000000
00000000
00000000
00000000
00000000
00000000
00000000
00000000
00000000
00000000
00000000
00000000
00000000
00000000
00000000
00000000
00000000
00000000
00000000
00000000
00000000
00000000
00000000
00000000
00000000
00000000
00000000
00000000
00000000
00000000
00000000
00000000
00000000
00000000
00000000
00000000
00000000
00000000
00000000
00000000
00000000
00000000
00000000
00000000
00000000
00000000
00000000
00000000
00000000
00000000
00000000
00000000
00000000
00000000
00000000
00000000
00000000
00000000
00000000
00000000
00000000
00000000
00000000
00000000
00000000
00000000
00000000
00000000
00000000
00000000
00000000
00000000
00000000
00000000
00000000
00000000
00000000
00000000
00000000
00000000
00000000
00000000
00000000
00000000
00000000
00000000
00000000
00000000
00000000
00000000
00000000
00000000
00000000
00000000
00000000
00000000
00000000
00000000
00000000
00000000
00000000
00000000
00000000
00000000
00000000
00000000
00000000
00000000
00000000
00000000
00000000
00000000
00000000
00000000
00000000
00000000
00000000
00000000
00000000
00000000
00000000
00000000
00000000
00000000
00000000
00000000
00000000
00000000
00000000
00000000
00000000
00000000
00000000
00000000
00000000
00000000
00000000
00000000
00000000
00000000
00000000
00000000
00000000
00000000
00000000
00000000
00000000
00000000
00000000
00000000
00000000
00000000
00000000
00000000
00000000
00000000
00000000
00000000
00000000
00000000
00000000
00000000
00000000
00000000
00000000
00000000
00000000
00000000
00000000
00000000
00000000
00000000
00000000
00000000
00000000
00000000
00000000
00000000
00000000
00000000
00000000
00000000
00000000
00000000
00000000
00000000
00000000
00000000
00000000
00000000
00000000
00000000
00000000
00000000
00000000
00000000
00000000
00000000
00000000
00000000
00000000
00000000
00000000
00000000
00000000
00000000
00000000
00000000
00000000
00000000
00000000
00000000
00000000
00000000
00000000
00000000
00000000
00000000
00000000
00000000
00000000
00000000
00000000
00000000
00000000
00000000
00000000
00000000
00000000
00000000
00000000
00000000
00000000
00000000
00000000
00000000
00000000
00000000
00000000
00000000
00000000
00000000
00000000
00000000
00000000
00000000
00000000
00000000
00000000
00000000
00000000
00000000
00000000
00000000
00000000
00000000
00000000
00000000
00000000
00000000
00000000
00000000
00000000
00000000
00000000
00000000
00000000
00000000
00000000
00000000
00000000
00000000
00000000
00000000
00000000
00000000
00000000
00000000
00000000
00000000
00000000
00000000
00000000
00000000
00000000
00000000
00000000
00000000
00000000
00000000
00000000
00000000
00000000
00000000
00000000
00000000
00000000
00000000
00000000
00000000
00000000
00000000
00000000
00000000
00000000
00000000
00000000
00000000
00000000
00000000
00000000
00000000
00000000
00000000
00000000
00000000
00000000
00000000
00000000
00000000
00000000
00000000
00000000
00000000
00000000
00000000
00000000
00000000
00000000
00000000
00000000
00000000
00000000
00000000
00000000
00000000
00000000
00000000
00000000
00000000
00000000
00000000
00000000
00000000
00000000
00000000
00000000
00000000
00000000
00000000
00000000
00000000
00000000
00000000
00000000
00000000
00000000
00000000
00000000
00000000
00000000
00000000
00000000
00000000
00000000
00000000
00000000
00000000
00000000
00000000
00000000
00000000
00000000
00000000
00000000
00000000
00000000
00000000
00000000
00000000
00000000
00000000
00000000
00000000
00000000
00000000
00000000
00000000
00000000
00000000
00000000
00000000
00000000
00000000
00000000
00000000
00000000
00000000
00000000
00000000
00000000
00000000
00000000
00000000
00000000
00000000
00000000
00000000
00000000
00000000
00000000
00000000
00000000
00000000
00000000
00000000
00000000
00000000
00000000
00000000
00000000
00000000
00000000
00000000
00000000
00000000
00000000
00000000
00000000
00000000
00000000
00000000
00000000
00000000
00000000
00000000
00000000
00000000
00000000
00000000
00000000
00000000
00000000
00000000
00000000
00000000
00000000
00000000
00000000
00000000
00000000
00000000
00000000
00000000
00000000
00000000
00000000
00000000
00000000
00000000
00000000
00000000
00000000
00000000
00000000
00000000
00000000
00000000
00000000
00000000
00000000
00000000
00000000
00000000
00000000
00000000
00000000
00000000
00000000
00000000
00000000
00000000
00000000
00000000
00000000
00000000
00000000
00000000
00000000
00000000
00000000
00000000
00000000
00000000
00000000
00000000
00000000
00000000
00000000
00000000
00000000
00000000
00000000
00000000
00000000
00000000
00000000
00000000
00000000
00000000
00000000
00000000
00000000
00000000
00000000
00000000
00000000
00000000
00000000
00000000
00000000
00000000
00000000
00000000
00000000
00000000
00000000
00000000
00000000
00000000
00000000
00000000
00000000
00000000
00000000
00000000
00000000
00000000
00000000
00000000
00000000
00000000
00000000
00000000
00000000
00000000
00000000
00000000
00000000
00000000
00000000
00000000
00000000
00000000
00000000
00000000
00000000
00000000
00000000
00000000
00000000
00000000
00000000
00000000
00000000
00000000
00000000
00000000
00000000
00000000
00000000
00000000
00000000
00000000
00000000
00000000
00000000
00000000
00000000
00000000
00000000
00000000
00000000
00000000
00000000
00000000
00000000
00000000
00000000
00000000
00000000
00000000
00000000
0009fd60
0009fd68
00000000
00000000
00000000
00000000
00000000
00000000
127ff000
00000000
00000000
00000000
00000000
00000000
00000000
00000000
00000016
00000012
00000013
00000014
00000015
0000000d
0000000e
00000011
00000002
00000003
00000004
00000005
00000006
00000007
00000008
00000009
00000000
00000000
00000001
00000001
0000000c
0000000c
0000000f
00000010
0000000a
0000000a
0000000b
0000000b
00000000
00000000
00000000
00000000
00000000
00000000
00000000
00000000
00000000
00000000
00000000
00000000
9a94f1e2
1fd9ab13
b738e8fe
55d71c32
1e7a77d3
0eae2678
a68a64a3
dcaca81d
1ff2af8a
e5f35dd1
60e0e95f
5f76ec44
89278115
5696025b
2ee52201
caff2aec
a2000011
0000c040
00039c5c
00000000
00000000
00000000
00000000
00000000
9deb9c9a
04269a45
2efea97e
7e01db88
e8ba2a2c
e8026bef
fadd528c
f16f0fe4
58eaceb9
2d5dcca7
07b5723e
e729905f
455e5ffe
89f3c54e
19e14c16
19523d3d
10050000
10058000
00008000
00004000
00000000
00000000
00000000
00000000
00000000
00000000
00000000
00000000
00000000
00000000
00000000
00000000
00000000
00000000
00000000
00000000
00000000
00000000
00000000
00000000
00000000
00000000
00000000
00000000
00000000
00000000
00000000
00000000
00000000
00000000
00000000
00000000
00000000
00000000
00000000
00000000
00000000
00000000
00000000
00000000
00000000
00000000
00000000
00000000
00000000
00000000
00000000
00000000
00000000
00000000
00000000
00000000
00000000
00000000
00000000
00000000
00000000
00000000
00000000
00000000
00000000
00000000
00000000
00000000
00000000
00000000
00000000
00000000
00000000
00000000
00000000
00000000
00000000
00000000
00000000
00000000
00000000
00000000
00000000
00000000
00000000
00000000
00000000
00000000
00000000
00000000
00000000
00000000
00000000
00000000
00000000
00000000
00000000
00000000
00000000
00000000
00000000
00000000
00000000
00000000
00000000
00000000
00000000
00000000
00000000
00000000
00000000
00000000
00000000
00000000
00000000
00000000
00000000
00000000
00000000
00000000
00000000
00000000
00000000
00000000
00000000
00000000
00000000
00000000
00000000
00000000
00000000
00000000
00000000
00000000
00000000
00000000
00000000
00000000
00000000
00000000
00000000
00000000
00000000
00000000
00000000
00000000
00000000
00000000
00000000
00000000
00000000
00000000
00000000
00000000
00000000
00000000
00000000
00000000
00000000
00000000
00000000
00000000
00000000
00000000
00000000
00000000
00000000
00000000
00000000
00000000
00000000
00000000
00000000
00000000
00000000
00000000
00000000
00000000
00000000
00000000
00000000
00000000
00000000
00000000
00000000
00000000
00000000
00000000
00000000
00000000
00000000
00000000
00000000
00000000
00000000
00000000
00000000
00000000
00000000
00000000
00000000
00000000
00000000
00000000
00000000
00000000
00000000
00000000
00000000
00000000
00000000
00000000
00000000
00000000
00000000
00000000
00000000
00000000
00000000
00000000
00000000
00000000
00000000
00000000
00000000
00000000
00000000
00000000
00000000
00000000
00000000
00000000
00000000
00000000
00000000
00000000
00000000
00000000
00000000
00000000
00000000
00000000
00000000
00000000
00000000
00000000
00000000
00000000
00000000
00000000
00000000
00000000
00000000
00000000
00000000
00000000
00000000
00000000
00000000
00000000
00000000
00000000
00000000
00000000
00000000
00000000
00000000
00000000
00000000
00000000
00000000
00000000
1049c500
e52049d5
49f53049
00003400
51384128
c1126148
13d10060
f0034800
e6204080
34382003
46303340
00000008
00000000
00000000
00000000
00000000
1009c500
e52009d5
09f53009
00003500
8003d140
22301133
13e62030
f7002010
80f0dd74
5778e740
464080f0
00000034
00000000
00000000
00000000
00000000
0049c900
d91009d1
49e92049
4049f930
90504980
49a06049
0049b070
00000034
00000000
00000000
00000000
00000000
00000000
00000000
00000000
00000000
1009c900
e92009d9
09d17009
4009f930
97500987
09a76009
0009b770
00000035
00000000
00000000
00000000
00000000
00000000
00000000
00000000
00000000
0049cd00
dd1009d1
49ed2049
4049fd30
50504940
49606049
80497070
90904980
49a0a049
0049b0b0
00000034
00000000
00000000
00000000
00000000
00000000
1009cd00
ed2009dd
09d1b009
4009fd30
5b50094b
096b6009
80097b70
9b90098b
09aba009
0009bbb0
00000035
00000000
00000000
00000000
00000000
00000000
a061d220
00000002
00000000
00000000
00000000
00000000
00000000
00000000
00000000
00000000
00000000
00000000
00000000
00000000
00000000
00000000
7c13d320
00510082
00ffff06
00000000
00000000
00000000
00000000
00000000
00000000
00000000
00000000
00000000
00000000
00000000
00000000
00000000
46004100
0000fffe
00000000
00000000
00000000
00000000
00000000
00000000
00000000
00000000
00000000
00000000
00000000
00000000
00080ef4
00040140
3113d130
03a0fffd
00000000
29a0c112
31513941
e820fffa
a0323003
61490338
000003a0
00000000
00000000
00000000
00000000
00000000
00000000
00000000
00000000
00000000
00000000
00000000
00000000
00000000
00000000
00000000
00000000
00000000
00000000
00000000
00000000
00000000
00000000
00000000
46004140
0000fffe
00000000
00000000
00000000
00000000
00000000
00000000
00000000
00000000
00000000
00000000
00000000
00000000
00000000
00000000
00000b06
00000000
00080400
11112222
e0000000
00080774
00000001
00000000
0008190c
00040240
00000000
00000000
8cfff521
0002c012
e400000c
fff22113
2013e720
f1210061
fff151ff
0cfff261
50027d03
06861066
00000000
00000000
00506340
f03d0020
500020f0
b3b6c033
41747014
67344070
6340e513
c0335050
00edb3f6
e2510020
7d030cff
34407002
5050e340
7470c033
f0b3f641
20002030
dd310361
202230ff
21136120
f03dffdc
02c0628c
56000c00
a012fff2
13491001
10134800
a0020020
ffd54100
5113d240
6542ffd5
00340500
00000000
00000000
00000000
00000000
00000000
00000000
00000000
00000000
00000000
00000000
00000000
00000000
00000000
00000000
00000000
00000000
00000000
00000000
00000000
00000000
00000000
00000000
00000000
00000000
00000000
00000000
00000000
00000000
00000000
00000000
00000000
00000000
00000000
00000000
00000000
00000000
00000000
00000000
00000000
00000000
00000000
00000000
00000000
00000000
00000000
00000000
00000000
00000000
00000000
00000000
00000000
00000000
00000000
00000000
00000000
00000000
00000000
00000000
00000000
00000000
00000000
00000000
00000000
00000000
00000000
00000000
00000000
00000000
00000000
00000000
00000000
00000000
00000000
00000000
00000000
00000000
00000000
00000000
00000000
00000000
00000000
00000000
00000000
00000000
00000000
00000000
00000000
00000000
00000000
00000000
00000000
00000000
00000000
00000000
00000000
00000000
00000000
00000000
00000000
00000000
00000000
00000000
00000000
00000000
00000000
00000000
00000000
00000000
00000000
00000000
00000000
00000000
00000000
00000000
00000000
00000000
00000000
00000000
00000000
00000000
00000000
00000000
00000000
00000000
00000000
00000000
00000000
00000000
00000000
00000000
00000000
00000000
00000000
00000000
00000000
00000000
00000000
00000000
00080c0c
00081ad4
00000000
00044000
00040020
00000000
00040118
00040128
00000000
00040320
00040324
00000000
00040328
00080b00
00081d8c
00040348
00000000
00040104
00000000
00040330
00040358
0004035c
00042360
00040350
ffffe022
00040000
00080c2c
fffbfff0
000423f4
00040128
0004242c
00042400
00081460
000426e8
0004241c
00040134
00042420
0004012c
00081280
000425f0
00040100
00040130
00040138
00042424
00081308
00042428
00042440
00042540
000423f0
00042c40
0004013c
00000000
00050021
c0000000
00040248
80000000
000401b8
00081d74
00042af0
00040240
00050022
80000007
0004010c
00080bd8
81008136
f03dffbf
810008e0
f03dffbe
1d0008e0
000000f0
bb21000c
ffbb11ff
c0004216
000c0002
30ffba31
201013e6
ffb84100
d0004416
000c0004
71ffb761
b677ffb7
ffb64142
6100d416
b371ffb3
0004d0ff
0b86000c
98068800
80668b16
6a27c0a9
4b080903
076a3788
68020809
08c88201
7641a4a0
08090a9a
28091809
c8823809
d0367710
61011ad5
a671ffa6
002662ff
16ffa641
eb5000e4
34505003
a995558c
00030600
ffa18100
a1ffa291
9fd5ffa2
ff9b6100
68ff9c71
ff9c8106
41000d15
a416ff9a
03eb5000
8c345050
0116d515
00009f55
21004136
0232ff98
4823ec00
4b043812
49738c44
0003e012
00fffbc6
a1ff9331
438cff93
e0ff9181
130c0008
1d004232
000000f0
21004136
8ca1ff8e
ff8db1ff
8b81428c
0008e0ff
0000f01d
0000dead
1011010c
4b006136
0c0a0cc1
25c20ccb
11380057
51fffa41
330bfffa
54300a0c
59cb0c93
00582521
e330034c
0cd18b13
0ccb0c0a
2531292c
f01d005a
fabfab0c
00044404
9000000c
deaddead
90000018
00043004
90000004
00040000
90000008
faabfaab
90000020
deadfaab
32016136
f2f101a1
113380ff
0c78c1d2
0ccb0c0a
1e61f22c
0c1f6132
0054e502
4c13e320
13e42002
b1ffeb81
191cffeb
f219c1e2
61e214c1
11992022
2280a0a2
61f218c1
0020c023
460c0838
a052097d
34403000
57401500
64c602d4
00130c00
20c0a133
ffdd8100
07880b89
17886189
81992798
37887189
a1994798
57889189
c1996798
7788b189
e1998798
9788d189
6192a798
88f18910
92c798b7
61821261
98d78811
146192e7
88136182
102792f7
82166192
27821561
12279211
82186192
27821761
14279213
821a6192
27821961
16279215
921b6182
21a21c61
17278223
618202bd
00d9251d
20c05188
40997c00
c1a20199
8902bd10
004ce509
90806188
fec9a274
c0654af6
b5f10020
f5a080ff
0f993d4c
77759880
b2f1266a
44a0a0ff
d011dd40
aaf0b0da
a8c1b8b0
d8b1c80a
c0aba00d
d062ecd0
aae0c0fc
a9b1f9c0
286977c1
4cffa8d1
4490903c
c011cc40
99d0b0c9
98e1a8b0
c8d1b809
c09a900c
c062ebc0
99e0c0fb
99d1f9c0
0020c0e1
c0270192
41920020
0020c084
c0840192
99a10020
c00a99ff
0a0c0020
922741a2
21c20421
06495622
b10020c0
6ba2ff95
0020c000
a7840182
20c07698
ff8ab100
8141a290
6b82ff90
915a9c00
c182ff8f
0d8a7618
a80020c0
0020c008
884b09a9
8030994b
11888034
c0ca3380
a1320020
11336011
7b810389
20191cff
a0a21199
1b660b80
1677aa55
9586e4a6
0cb90bff
1780760a
a0ff7af1
80803088
a28f8a74
2b160008
000c82f8
bb0bcc1b
00fff846
41329000
420020c0
20c08401
ff6e5100
20c00549
c00ba900
67510020
ff6f41ff
63160549
ff6c4101
580020c0
0020c002
0459330b
c442224b
feb35604
000020c0
2603e830
d1300543
00411003
0984c132
29131903
59434923
79636953
99838973
b9a3a993
d9c3c9b3
f9e3e9d3
03d120f3
00203329
10632203
22030120
02201163
12632203
22030320
e6201363
14632203
2203b120
020c1563
00130220
bf210020
210239fe
0239febf
11f0c122
0208febe
12080109
22081109
32082109
c1123109
feb90110
63220028
03e22016
3003e430
72161022
6030200a
31102320
220bfeb4
1b203320
08003922
10330010
0113e430
0008feab
ae310008
13e630fe
20002010
24206040
1fa04210
2040f220
a941c044
0004d0fe
38fea231
14234203
1013e640
a1510020
162322fe
15580529
20102250
9c2113e4
020208fe
12081b63
081c6302
1d630222
63023208
5843481e
78636853
98838873
b8a3a893
d8c3c8b3
f8e3e8d3
fe8e21f3
08fe8f11
17011802
02190e10
04051318
fe893100
f2c60338
142322ff
1013e620
23020020
13b10015
00132302
23021303
13000010
00112302
23021301
13020012
08002000
28131803
00333823
00000030
1b034820
40020022
30034930
33009120
0bf3d6a1
30753830
30202022
10332060
0040f330
20204013
13492091
22034820
32301fc2
134830c0
20002010
a2160349
08e20707
2719e217
22c63ae2
f0c93200
13590349
33792369
10416120
f7064080
f0cd32ff
13590349
33792369
38f4c532
e0c33203
13990389
33b923a9
2041a220
ee064080
408010ff
09f0cdd2
291d190d
323d392d
0338f4c1
3210cdd2
0349d0c3
23691359
43893379
63a95399
80f073b9
41e32040
c6408030
0000ffe0
20408010
12000348
00120c40
4920a122
00201013
f00d020c
f00d120c
1122f000
3001c222
e2770348
f0330b0a
62771122
243030f7
80401300
22300132
74202081
30134920
022c0303
30c03230
20101348
0d220c00
000000f0
61002136
e650fe3b
60004d03
221b1025
1013e620
ed450020
50040dff
201013e6
00f01d00
00081b00
10007380
ad004136
f6d27c02
fb5117c3
fffbc1ff
020c0d0c
000005e0
30a04003
04303091
f01d0439
00081af4
ad004136
f6d27c02
130014c3
311f0c40
f0c1fffb
a1ef00ff
020c0d0c
1d0003e0
000000f0
100070cc
1000724c
100072cc
6d004136
f6d27c02
fa2147c3
ffe471ff
c3200d0c
e006ada0
f7810007
0c0a2dff
a0c3800d
07e006ad
c072a000
3747f27c
9c020c20
fff1f1b4
0cffe571
a033f002
0d0c05e8
03cd06ad
0b0007e0
56554b44
f01dfed4
4010473c
00042370
32004136
e51c0003
d27c024d
51113537
fa61fffa
085537ff
38a0f360
39020c0f
00f01d04
16004136
c23205f2
002342f8
b601a0a2
404053b4
04d45624
41002865
2452fdf5
0020f001
3357059c
0880760e
2558056d
b53765ac
fffc0624
14390259
03582328
b29c060c
9527535a
48046917
4a035802
f8034945
8623f922
06780001
b387867a
a51a0c06
f01d0029
8c101837
7a037855
ec357773
26390259
00fff006
063d0328
0629227a
00ffed06
0c006136
fb837c1a
10443042
470020a5
33860232
fdd43100
1cfdd551
73442002
0378634b
0788a79c
288028bc
0d807620
39470298
002dc602
2228728b
fac6e29c
132800ff
ac207660
0d8076f2
39470298
0026c602
2228728b
fac6e29c
132800ff
1287734b
0e807614
39470298
001fc602
2228728b
86021287
0578fffa
ad732740
000ae502
7704aa56
712007b4
fffac641
13880000
056d3169
4b048816
09807693
288808ad
9a8b097d
fbc6188c
002a82ff
0c805a80
001de50a
582895a7
50055807
06e5c0a2
58ba9c00
5d05f807
f0316806
6a22c022
08caa200
72ffe9e5
47560023
ffd746f4
e501a0a2
a0220018
00009000
47f0c952
22480fb5
04ac0749
f48b2458
46935f50
524a0006
22680759
02582569
55400768
490659c0
56074802
050cfdd4
5201a0a2
14e50063
08c22200
0000f01d
20004136
a02220a2
191aa600
26001565
fa7b130a
3f30837c
a70a2d10
a3a00713
001425c0
f01d032d
21004136
030cfd85
e29c0228
a2fd8421
8ae518c2
3202ad00
8a651042
25a24b00
a28b008a
cb0089a5
008965a2
0000f01d
21004136
2222fd79
02721600
a2fd7821
876518c2
2502ad00
a24b0087
8b0086a5
008665a2
8625a2cb
fd71a100
4232130c
00192510
0000f01d
21004136
6a41fd6c
140232fd
a2002452
935618c2
02151602
ad008365
00832502
82e5a24b
a5a28b00
a2cb0082
a1008225
130cfd62
65104232
130c0015
a2144232
81e518c2
00f01d00
21004136
c2a2fd5a
00816518
0000f01d
31004136
5451fd56
140342fd
a2002562
945618c3
02161602
ad007de5
007da503
7d65a34b
25a38b00
a3cb007d
a1007ca5
140cfd4c
e5104342
140c000f
52144342
440c1003
7516060c
07224700
0000f01d
f7a26700
25a0a230
f01d007b
31004136
440cfd3f
0352060c
47458c10
f01d0522
f9a26700
a5a0a230
f01d0079
31004136
b220fd39
0023a220
a00021a5
f01d202a
8c004136
fd342153
02390338
49fd3421
0007a502
05e0158c
00f01d00
31004136
2316fd1a
007b6500
41fd2e31
2352fd2e
01246201
a5160478
a0565004
582cb677
f9f61b05
0005e014
04681458
f51b1378
f918b567
a0657014
06e00668
fff9c600
0349440b
58a05450
0005e005
52002342
a4560123
022342fe
a8fd1c51
8c348c13
ffc4e515
052502ad
00000000
21004136
1631fd11
51140cfd
0239fd16
591c6342
00f01d13
51004136
1231fd0e
420558fd
35470023
0003a506
03488a9c
0bfd0f51
fd0ee144
03490568
29a06460
f905f806
00f01d0e
000000a5
ad004136
006b2502
0c004136
000d656a
fee51a0c
000000ff
31004136
020cfd03
16fcfb41
04380733
5130f03d
e0353a41
c4e511a3
061a16ff
fc710468
5a120cfc
11c6e066
0a3d0b0c
5fa50729
fcee7100
adfcf461
b8077803
11c7e006
71004ca5
0698fcef
820024e2
f8300027
a0b890a0
f0c08e80
c8e0a0a5
004ae511
ec8106a8
fce391fc
8c041a87
ffb6e519
04980788
e85a0639
07e9f95a
f01d04f9
a2004136
322001a0
ffdf2520
f1fcdd21
dc41fcd7
002252fc
36570f68
fff5e506
02582a9c
550b0468
55600259
39020ca0
0000c605
f27c0000
48fcd431
491a0c04
ffe16503
0000f01d
0c004136
3d02ad1b
00022502
0a260a2d
0d122612
0b0ce28c
012503ad
e003ad00
020c0002
1a0cf01d
00ffef25
52004136
c2622aa0
7c024dff
173567f2
0c140326
ffd7251a
0cfcc321
a044201a
64320428
ffdbe500
0000f01d
51004136
0548fcbe
41004456
0549fcbd
3afcbd61
fc8ca134
b9710668
fcba81fc
0c16b367
6267a009
89801f0c
3066f062
cc206860
37016dd6
c30c09b6
0239f47c
f01d042d
042d0539
0000f01d
af217159
03b130fc
3961e620
12112901
201060c1
fcab4100
30203430
c1369044
fca9e100
c003e2f0
1ed803e4
c010ffc0
31d90303
c9080f16
7c812921
40ffc0f2
00fca3f1
f0f0400c
3022f091
f0fca1d1
ccd013e3
1a2cd2b0
f80063f0
d01ed90e
e4f010ff
00201013
d00060f0
00f00302
d091d903
a1f90301
2cd2b1d9
20f11000
0df01ce8
e891d800
d0b1f8a1
00e01302
1301f013
f0fc8de1
63d003e2
c80ed800
10ddc031
5610ffd0
8128021f
c2016ec2
e4d00221
0061d013
d1fc8701
03c0fc82
2000d013
d0900d00
f01d0061
c140ffd0
cdc0fc80
1b2ce2b0
e010ff20
7ae110ff
f58f56fc
00fc7af1
d0f0400d
1b2cf291
f013e3d0
22d02022
ffd60630
09fc7721
fc7601b2
0008c219
d200e239
09f24961
03b130d2
3903e840
30424932
523903ee
4903d140
52801c62
62621062
12627211
92136282
62a21462
1662b215
d21762c2
62e21862
1a62f219
a2f8c082
802020c2
fdb05640
30408020
48400349
49123903
0c130c22
13493004
10134840
5a110020
21000cfc
e620fc5b
00201013
e90303e0
0302e001
00e081e9
e091e903
a1e90301
c003e2f0
2d2c03e4
d010ffc0
bf1610ff
60e0f002
e010eef0
49c113e3
40fee0fc
d2b0cec0
2c62002c
000dd001
c003e2f0
2d2c03e4
d010ffc0
3f5610ff
e881d8fd
d0a1f891
00e01302
1301f013
03f001f8
20223c13
201013e6
32112800
49200221
13483013
11002010
a062fc38
e0c17218
f2f8c6e2
ff4820c7
62102f52
2f72112f
132f8212
a2142f92
2fb2152f
40802016
42fdc656
27521727
19276218
201a2772
31284080
b1204138
13e83013
ee205128
30613813
b10813d1
e138d128
3210c118
00000000
2003b130
333b0301
200c9237
628c0302
0220220b
03003013
b1304128
56513813
61320442
12614211
31136152
e620fc10
13e63003
1203b130
201060c1
36040c00
01f50081
fc12e100
f01d0cea
0c13e620
10a54802
b1300020
58953813
003000b5
fd006136
7cf01d0f
60c112f2
00003000
31004136
c322fc08
320228fc
0226f8c3
0002e00a
c3320328
f40266fc
0000f01d
c0004136
04690020
0000f01d
c0004136
04280020
0000f01d
52004136
860c0003
d27c024d
a60e2657
45262245
2d552630
862a8526
d60c0011
0c1aa657
1d1567e6
1567461c
67e61c18
0bc61315
0d252600
860a3526
960c0009
66021567
03221e95
07035206
e20503d2
75200803
1122008a
208a7d20
7ef041f8
f9020c8b
00f01d04
09947600
1b000362
00456233
f01d551b
62ed74b6
331b0003
4562440b
17551b00
64b62565
000362db
2b010372
fec44233
72004562
552b0145
00000306
20002136
e2072052
d9e217ca
20417440
a8560183
15977605
13780368
23680569
33781579
c3322569
52357910
643710c5
7803680b
69338b13
8b157905
07e42755
0714e417
f01d20e4
334b0368
554b0569
0704e417
f01d10e4
2b001362
00556233
e407552b
62f01d01
45620003
00f01d00
00ff9416
be804023
c033b015
97760368
88137821
81676023
33980569
79817870
80436815
25898189
9010c332
35998196
3710c552
13781364
338b2388
69816760
81787005
1579086d
6427558b
4b13780c
81676033
554b0569
33ba076d
0704e417
f01d16e4
72000362
332b0103
72004562
552b0145
1d01e407
000362f0
1d004562
000000f0
04947600
1b004532
00f01d55
32f184b6
551b0045
6517440b
e484b628
2b005532
fec44255
00000686
30002136
73807430
20337011
70117300
025d2033
17cce207
7440d6e2
0a977641
15390539
35392539
3710c552
05390564
558b1539
39036427
17554b05
55320464
07552b00
45320264
00f01d00
1d004136
000000f0
1d004136
000000f0
1d004136
000000f0
1d004136
000000f0
1d004136
000000f0
d0002136
023d0020
120c034d
2d005100
0041f004
c6007f00
0000fffa
51384128
1060c112
30000041
00000000
f0002136
f01d0041
05381528
2813e620
10654845
b1300020
58553813
00300075
81008136
f03dfb5b
1d0008e0
000000f0
00000000
00000000
00000000
00000000
00000000
00000000
00000000
00000000
00000000
00000000
00000000
00000000
00000000
00000000
00000000
00000000
00000000
00000000
00000000
00000000
00000000
00000000
00000000
00000000
00000000
00000000
00000000
00000000
00000000
00000000
00000000
00000000
00000000
00000000
00000000
00000000
00000000
00000000
00000000
00000000
00000000
00000000
00000000
00000000
00000000
00000000
00000000
00000000
00000000
00000000
00000000
00000000
00000000
00000000
00000000
00000000
00000000
00000000
00000000
00000000
00000000
00000000
00000000
00000000
00000000
00000000
00000000
00000000
00000000
00000000
00000000
00000000
00000000
00000000
00000000
00000000
00000000
00000000
00000000
00000000
00000000
00000000
00000000
00000000
00000000
00000000
00000000
00000000
00000000
00000000
00000000
00000000
00000000
00000000
00000000
00000000
00000000
00000000
00000000
00000000
00000000
00000000
00000000
00000000
00000000
00000000
00000000
00000000
00000000
00000000
00000000
00000000
00000000
00000000
00000000
00000000
00000000
00000000
00000000
00000000
00000000
00000000
00000000
00000000
00000000
00000000
00000000
00000000
00000000
00000000
00000000
00000000
00000000
00000000
00000000
00000000
00000000
00000000
00000000
00000000
00000000
00000000
00000000
00000000
00000000
00000000
00000000
00000000
00000000
00000000
00000000
00000000
00000000
00000000
00000000
00000000
00000000
00000000
00000000
00000000
00000000
00000000
00000000
00000000
00000000
00000000
00000000
00000000
00000000
00000000
00000000
00000000
00000000
00000000
00000000
00000000
00000000
00000000
00000000
00000000
00000000
00000000
00000000
00000000
00000000
00000000
00000000
00000000
00000000
00000000
00000000
00000000
00000000
00000000
00000000
00000000
00000000
00000000
00000000
00000000
00000000
00000000
00000000
00000000
00000000
00000000
00000000
00000000
00000000
00000000
00000000
00000000
00000000
00000000
00000000
00000000
00000000
00000000
00000000
00000000
00000000
00000000
00000000
00000000
00000000
00000000
00000000
00000000
00000000
00000000
00000000
00000000
00000000
00000000
00000000
00000000
00000000
00000000
00000000
00000000
00000000
00000000
00000000
00000000
00000000
00000000
00000000
00000000
00000000
00000000
00000000
00000000
00000000
00000000
00000000
00000000
00000000
00000000
00000000
00000000
00000000
00000000
00000000
00000000
00000000
00000000
00000000
00000000
00000000
00000000
00000000
00000000
00000000
00000000
00000000
00000000
00000000
00000000
00000000
00000000
00000000
00000000
00000000
00000000
00000000
00000000
00000000
00000000
00000000
00000000
00000000
00000000
00000000
00000000
00000000
00000000
00000000
00000000
00000000
00000000
00000000
00000000
00000000
00000000
00000000
00000000
00000000
00000000
00000000
00000000
00000000
00000000
00000000
00000000
00000000
00000000
00000000
00000000
00000000
00000000
00000000
00000000
00000000
00000000
00000000
00000000
00000000
00000000
00000000
00000000
00000000
00000000
00000000
00000000
00000000
00000000
00000000
00000000
00000000
00000000
00000000
00000000
00000000
00000000
00000000
00000000
00000000
00000000
00000000
00000000
00000000
00000000
00000000
00000000
00000000
00000000
00000000
00000000
00000000
00000000
00000000
00000000
00000000
00000000
00000000
00000000
00000000
00000000
00000000
00000000
00000000
00000000
00000000
00000000
00000000
00000000
00000000
00000000
00000000
00000000
00000000
00000000
00000000
00000000
00000000
00000000
00000000
00000000
00000000
00000000
00000000
00000000
00000000
00000000
00000000
00000000
00000000
00000000
00000000
00000000
00000000
00000000
00000000
00000000
00000000
00000000
00000000
00000000
00000000
00000000
00000000
00000000
00000000
00000000
00000000
00000000
00000000
00000000
00000000
00000000
00000000
00000000
00000000
00000000
00000000
00000000
00000000
00000000
00000000
00000000
00000000
00000000
00000000
00000000
00000000
00000000
00000000
00000000
00000000
00000000
00000000
00000000
00000000
00000000
00000000
00000000
00000000
00000000
00000000
00000000
00000000
00000000
00000000
00000000
00000000
00000000
00000000
00000000
00000000
00000000
00000000
00000000
00000000
00000000
00000000
00000000
00000000
00000000
00000000
00000000
00000000
00000000
00000000
00000000
00000000
00000000
00000000
00000000
00000000
00000000
00000000
00000000
00000000
00000000
00000000
00000000
00000000
00000000
00000000
00000000
00000000
00000000
00000000
00000000
00000000
00000000
00000000
00000000
00000000
00000000
00000000
00000000
00000000
00000000
00000000
00000000
00000000
00000000
00000000
00000000
00000000
00000000
00000000
00000000
00000000
00000000
00000000
00000000
00000000
00000000
00000000
00000000
00000000
00000000
00000000
00000000
00000000
00000000
00000000
00000000
00000000
00000000
00000000
00000000
00000000
00000000
00000000
00000000
00000000
00000000
00000000
00000000
00000000
00000000
00000000
00000000
00000000
00000000
00000000
00000000
00000000
00000000
00000000
00000000
00000000
00000000
00000000
00000000
00000000
00000000
00000000
00000000
00000000
00000000
00000000
00000000
00000000
00000000
00000000
00000000
00000000
00000000
00000000
00000000
00000000
00000000
00000000
00000000
00000000
00000000
00000000
00000000
00000000
00000000
00000000
00000000
00000000
00000000
00000000
00000000
00000000
00000000
00000000
00000000
00000000
00000000
00000000
00000000
00000000
00000000
00000000
00000000
00000000
00000000
00000000
00000000
00000000
00000000
00000000
00000000
00000000
00000000
00000000
00000000
00000000
00000000
00000000
00000000
00000000
00000000
00000000
00000000
00000000
00000000
00000000
00000000
00000000
00000000
00000000
00000000
00000000
00000000
00000000
00000000
00000000
00000000
00000000
00000000
00000000
00000000
00000000
00000000
00000000
00000000
00000000
00000000
00000000
00000000
00000000
00000000
00000000
00000000
00000000
00000000
00000000
00000000
00000000
00000000
00000000
00000000
00000000
00000000
00000000
00000000
00000000
00000000
00000000
00000000
00000000
00000000
00000000
00000000
00000000
00000000
00000000
00000000
00000000
00000000
00000000
00000000
00000000
00000000
00000000
00000000
00000000
00000000
00000000
00000000
00000000
00000000
00000000
00000000
00000000
00000000
00000000
00000000
00000000
00000000
00000000
00000000
00000000
00000000
00000000
00000000
00000000
00000000
00000000
00000000
00000000
00000000
00000000
00000000
00000000
00000000
00000000
00000000
00000000
00000000
00000000
00000000
00000000
00000000
00000000
00000000
00000000
00000000
00000000
00000000
00000000
00000000
00000000
00000000
00000000
00000000
00000000
00000000
00000000
00000000
00000000
00000000
00000000
00000000
00000000
00000000
00000000
00000000
00000000
00000000
00000000
00000000
00000000
00000000
00000000
00000000
00000000
00000000
00000000
00000000
00000000
00000000
00000000
00000000
00000000
00000000
00000000
00000000
00000000
00000000
00000000
00000000
00000000
00000000
00000000
00000000
00000000
00000000
00000000
00000000
00000000
00000000
00000000
00000000
00000000
00000000
00000000
00000000
00000000
00000000
00000000
00000000
00000000
00000000
00000000
00000000
00000000
00000000
00000000
00000000
00000000
00000000
00000000
00000000
00000000
00000000
00000000
00000000
00000000
00000000
00000000
00000000
00000000
00000000
00000000
00000000
00000000
00000000
00000000
00000000
00000000
00000000
00000000
00000000
00000000
00000000
00000000
00000000
00000000
00000000
00000000
00000000
00000000
00000000
00000000
00000000
00000000
00000000
00000000
00000000
00000000
00000000
00000000
00000000
00000000
00000000
00000000
00000000
00000000
00000000
00000000
00000000
00000000
00000000
00000000
00000000
00000000
00000000
00000000
00000000
00000000
00000000
00000000
00000000
00000000
00000000
00000000
00000000
00000000
00000000
00000000
00000000
00000000
00000000
00000000
00000000
00000000
00000000
00000000
00000000
00000000
00000000
00000000
00000000
00000000
00000000
00000000
00000000
00000000
00000000
00000000
00000000
00000000
00000000
00000000
00000000
00000000
00000000
00000000
00000000
00000000
00000000
00000000
00000000
00000000
00000000
00000000
00000000
00000000
00000000
00000000
00000000
00000000
00000000
00000000
00000000
00000000
00000000
00000000
00000000
00000000
00000000
00000000
00000000
00000000
00000000
00000000
00000000
00000000
00000000
00000000
00000000
00000000
00000000
00000000
00000000
00000000
00000000
00000000
00000000
00000000
00000000
00000000
00000000
00000000
00000000
00000000
00000000
00000000
00000000
00000000
00000000
00000000
00000000
00000000
00000000
00000000
00000000
00000000
00000000
00000000
00000000
00000000
00000000
00000000
00000000
00000000
00000000
00000000
00000000
00000000
00000000
00000000
00000000
00000000
00000000
00000000
00000000
00000000
00000000
00000000
00000000
00000000
00000000
00000000
00000000
00000000
00000000
00000000
00000000
00000000
00000000
00000000
00000000
00000000
00000000
00000000
00000000
00000000
00000000
00000000
00000000
00000000
00000000
00000000
00000000
00000000
00000000
00000000
00000000
00000000
00000000
00000000
00000000
00000000
00000000
00000000
00000000
00000000
00000000
00000000
00000000
00000000
00000000
00000000
00000000
00000000
00000000
00000000
00000000
00000000
00000000
00000000
00000000
00000000
00000000
00000000
00000000
00000000
00000000
00000000
00000000
00000000
00000000
00000000
00000000
00000000
00000000
00000000
00000000
00000000
00000000
00000000
00000000
00000000
00000000
00000000
00000000
00000000
00000000
00000000
00000000
00000000
00000000
00000000
00000000
00000000
00000000
00000000
00000000
00000000
00000000
00000000
00000000
00000000
00000000
00000000
00000000
00000000
00000000
00000000
00000000
00000000
00000000
00000000
00000000
00000000
00000000
00000000
00000000
00000000
00000000
00000000
00000000
00000000
00000000
00000000
00000000
00000000
00000000
00000000
00000000
00000000
00000000
00000000
00000000
00000000
00000000
00000000
00000000
00000000
00000000
00000000
00000000
00000000
00000000
00000000
00000000
00000000
00000000
00000000
00000000
00000000
00000000
00000000
00000000
00000000
00000000
00000000
00000000
00000000
00000000
00000000
00000000
00000000
00000000
00000000
00000000
00000000
00000000
00000000
00000000
00000000
00000000
00000000
00000000
00000000
00000000
00000000
00000000
00000000
00000000
00000000
00000000
00000000
00000000
00000000
00000000
00000000
00000000
00000000
00000000
00000000
00000000
00000000
00000000
00000000
00000000
00000000
00000000
00000000
00000000
00000000
00000000
00000000
00000000
00000000
00000000
00000000
00000000
00000000
00000000
00000000
00000000
00000000
00000000
00000000
00000000
00000000
00000000
00000000
00000000
00000000
00000000
00000000
00000000
00000000
00000000
00000000
00000000
00000000
00000000
00000000
00000000
00000000
00000000
00000000
00000000
00000000
00000000
00000000
00000000
00000000
00000000
00000000
00000000
00000000
00000000
00000000
00000000
00000000
00000000
00000000
00000000
00000000
00000000
00000000
00000000
00000000
00000000
00000000
00000000
00000000
00000000
00000000
00000000
00000000
00000000
00000000
00000000
00000000
00000000
00000000
00000000
00000000
00000000
00000000
00000000
00000000
00000000
00000000
00000000
00000000
00000000
00000000
00000000
00000000
00000000
00000000
00000000
00000000
00000000
00000000
00000000
00000000
00000000
00000000
00000000
00000000
00000000
00000000
00000000
00000000
00000000
00000000
00000000
00000000
00000000
00000000
00000000
00000000
00000000
00000000
00000000
00000000
00000000
00000000
00000000
00000000
00000000
00000000
00000000
00000000
00000000
00000000
00000000
00000000
00000000
00000000
00000000
00000000
00000000
00000000
00000000
00000000
00000000
00000000
00000000
00000000
00000000
00000000
00000000
00000000
00000000
00000000
00000000
00000000
00000000
00000000
00000000
00000000
00000000
00000000
00000000
00000000
00000000
00000000
00000000
00000000
00000000
00000000
00000000
00000000
00000000
00000000
00000000
00000000
00000000
00000000
00000000
00000000
00000000
00000000
00000000
00000000
00000000
00000000
00000000
00000000
00000000
00000000
00000000
00000000
00000000
00000000
00000000
00000000
00000000
00000000
00000000
00000000
00000000
00000000
00000000
00000000
00000000
00000000
00000000
00000000
00000000
00000000
00000000
00000000
00000000
00000000
00000000
00000000
00000000
00000000
00000000
00000000
00000000
00000000
00000000
00000000
00000000
00000000
00000000
00000000
00000000
00000000
00000000
00000000
00000000
00000000
00000000
00000000
00000000
00000000
00000000
00000000
00000000
00000000
00000000
00000000
00000000
00000000
00000000
00000000
00000000
00000000
00000000
00000000
00000000
00000000
00000000
00000000
00000000
00000000
00000000
00000000
00000000
00000000
00000000
00000000
00000000
00000000
00000000
00000000
00000000
00000000
00000000
00000000
00000000
00000000
00000000
00000000
00000000
00000000
00000000
00000000
00000000
00000000
00000000
00000000
00000000
00000000
00000000
00000000
00000000
00000000
00000000
00000000
00000000
00000000
00000000
00000000
00000000
00000000
00000000
00000000
00000000
00000000
00000000
00000000
00000000
00000000
00000000
00000000
00000000
00000000
00000000
00000000
00000000
00000000
00000000
00000000
00000000
00000000
00000000
00000000
00000000
00000000
00000000
00000000
00000000
00000000
00000000
00000000
00000000
00000000
00000000
00000000
00000000
00000000
00000000
00000000
00000000
00000000
00000000
00000000
00000000
00000000
00000000
00000000
00000000
00000000
00000000
00000000
00000000
00000000
00000000
00000000
00000000
00000000
00000000
00000000
00000000
00000000
00000000
00000000
00000000
00000000
00000000
00000000
00000000
00000000
00000000
00000000
00000000
00000000
00000000
00000000
00000000
00000000
00000000
00000000
00000000
00000000
00000000
00000000
00000000
00000000
00000000
00000000
00000000
00000000
00000000
00000000
00000000
00000000
00000000
00000000
00000000
00000000
00000000
00000000
00000000
00000000
00000000
00000000
00000000
00000000
00000000
00000000
00000000
00000000
00000000
00000000
00000000
00000000
00000000
00000000
00000000
00000000
00000000
00000000
00000000
00000000
00000000
00000000
00000000
00000000
00000000
00000000
00000000
00000000
00000000
00000000
00000000
00000000
00000000
00000000
00000000
00000000
00000000
00000000
00000000
00000000
00000000
00000000
00000000
00000000
00000000
00000000
00000000
00000000
00000000
00000000
00000000
00000000
00000000
00000000
00000000
00000000
00000000
00000000
00000000
00000000
00000000
00000000
00000000
00000000
00000000
00000000
00000000
00000000
00000000
00000000
00000000
00000000
00000000
00000000
00000000
00000000
00000000
00000000
00000000
00000000
00000000
00000000
00000000
00000000
00000000
00000000
00000000
00000000
00000000
00000000
00000000
00000000
00000000
00000000
00000000
00000000
00000000
00000000
00000000
00000000
00000000
00000000
00000000
00000000
00000000
00000000
00000000
00000000
00000000
00000000
00000000
00000000
00000000
00000000
00000000
00000000
00000000
00000000
00000000
00000000
00000000
00000000
00000000
00000000
00000000
00000000
00000000
00000000
00000000
00000000
00000000
00000000
00000000
00000000
00000000
00000000
00000000
00000000
00000000
00000000
00000000
00000000
00000000
00000000
00000000
00000000
00000000
00000000
00000000
00000000
00000000
00000000
00000000
00000000
00000000
00000000
00000000
00000000
00000000
00000000
00000000
00000000
00000000
00000000
00000000
00000000
00000000
00000000
00000000
00000000
00000000
00000000
00000000
00000000
00000000
00000000
00000000
00000000
00000000
00000000
00000000
00000000
00000000
00000000
00000000
00000000
00000000
00000000
00000000
00000000
00000000
00000000
00000000
00000000
00000000
00000000
00000000
00000000
00000000
00000000
00000000
00000000
00000000
00000000
00000000
00000000
00000000
00000000
00000000
00000000
00000000
00000000
00000000
00000000
00000000
00000000
00000000
00000000
00000000
00000000
00000000
00000000
00000000
00000000
00000000
00000000
00000000
00000000
00000000
00000000
00000000
00000000
00000000
00000000
00000000
00000000
00000000
00000000
00000000
00000000
00000000
00000000
00000000
00000000
00000000
00000000
00000000
00000000
00000000
00000000
00000000
00000000
00000000
00000000
00000000
00000000
00000000
00000000
00000000
00000000
00000000
00000000
00000000
00000000
00000000
00000000
00000000
00000000
00000000
00000000
00000000
00000000
00000000
00000000
00000000
00000000
00000000
00000000
00000000
00000000
00000000
00000000
00000000
00000000
00000000
00000000
00000000
00000000
00000000
00000000
00000000
00000000
00000000
00000000
00000000
00000000
00000000
00000000
00000000
00000000
00000000
00000000
00000000
00000000
00000000
00000000
00000000
00000000
00000000
00000000
00000000
00000000
00000000
00000000
00000000
00000000
00000000
00000000
00000000
00000000
00000000
00000000
00000000
00000000
00000000
00000000
00000000
00000000
00000000
00000000
00000000
00000000
00000000
00000000
00000000
00000000
00000000
00000000
00000000
00000000
00000000
00000000
00000000
00000000
00000000
00000000
00000000
00000000
00000000
00000000
00000000
00000000
00000000
00000000
00000000
00000000
00000000
00000000
00000000
00000000
00000000
00000000
00000000
00000000
00000000
00000000
00000000
00000000
00000000
00000000
00000000
00000000
00000000
00000000
00000000
00000000
00000000
00000000
00000000
00000000
00000000
00000000
00000000
00000000
00000000
00000000
00000000
00000000
00000000
00000000
00000000
00000000
00000000
00000000
00000000
00000000
00000000
00000000
00000000
00000000
00000000
00000000
00000000
00000000
00000000
00000000
00000000
00000000
00000000
00000000
00000000
00000000
00000000
00000000
00000000
00000000
00000000
00000000
00000000
00000000
00000000
00000000
00000000
00000000
00000000
00000000
00000000
00000000
00000000
00000000
00000000
00000000
00000000
00000000
00000000
00000000
00000000
00000000
00000000
00000000
00000000
00000000
00000000
00000000
00000000
00000000
00000000
00000000
00000000
00000000
00000000
00000000
00000000
00000000
00000000
00000000
00000000
00000000
00000000
00000000
00000000
00000000
00000000
00000000
00000000
00000000
00000000
00000000
00000000
00000000
00000000
00000000
00000000
00000000
00000000
00000000
00000000
00000000
00000000
00000000
00000000
00000000
00000000
00000000
00000000
00000000
00000000
00000000
00000000
00000000
00000000
00000000
00000000
00000000
00000000
00000000
00000000
00000000
00000000
00000000
00000000
00000000
00000000
00000000
00000000
00000000
00000000
00000000
00000000
00000000
00000000
00000000
00000000
00000000
00000000
00000000
00000000
00000000
00000000
00000000
00000000
00000000
00000000
00000000
00000000
00000000
00000000
00000000
00000000
00000000
00000000
00000000
00000000
00000000
00000000
00000000
00000000
00000000
00000000
00000000
00000000
00000000
00000000
00000000
00000000
00000000
00000000
00000000
00000000
00000000
00000000
00000000
00000000
00000000
00000000
00000000
00000000
00000000
00000000
00000000
00000000
00000000
00000000
00000000
00000000
00000000
00000000
00000000
00000000
00000000
00000000
00000000
00000000
00000000
00000000
00000000
00000000
00000000
00000000
00000000
00000000
00000000
00000000
00000000
00000000
00000000
00000000
00000000
00000000
00000000
00000000
00000000
00000000
00000000
00000000
00000000
00000000
00000000
00000000
00000000
00000000
00000000
00000000
00000000
00000000
00000000
00000000
00000000
00000000
00000000
00000000
00000000
00000000
00000000
00000000
00000000
00000000
00000000
00000000
00000000
00000000
00000000
00000000
00000000
00000000
00000000
00000000
00000000
00000000
00000000
00000000
00000000
00000000
00000000
00000000
00000000
00000000
00000000
00000000
00000000
00000000
00000000
00000000
00000000
00000000
00000000
00000000
00000000
00000000
00000000
00000000
00000000
00000000
00000000
00000000
00000000
00000000
00000000
00000000
00000000
00000000
00000000
00000000
00000000
00000000
00000000
00000000
00000000
00000000
00000000
00000000
00000000
00000000
00000000
00000000
00000000
00000000
00000000
00000000
00000000
00000000
00000000
00000000
00000000
00000000
00000000
00000000
00000000
00000000
00000000
00000000
00000000
00000000
00000000
00000000
00000000
00000000
00000000
00000000
00000000
00000000
00000000
00000000
00000000
00000000
00000000
00000000
00000000
00000000
00000000
00000000
00000000
00000000
00000000
00000000
00000000
00000000
00000000
00000000
00000000
00000000
00000000
00000000
00000000
00000000
00000000
00000000
00000000
00000000
00000000
00000000
00000000
00000000
00000000
00000000
00000000
00000000
00000000
00000000
00000000
00000000
00000000
00000000
00000000
00000000
00000000
00000000
00000000
00000000
00000000
00000000
00000000
00000000
00000000
00000000
00000000
00000000
00000000
00000000
00000000
00000000
00000000
00000000
00000000
00000000
00000000
00000000
00000000
00000000
00000000
00000000
00000000
00000000
00000000
00000000
00000000
00000000
00000000
00000000
00000000
00000000
00000000
00000000
00000000
00000000
00000000
00000000
00000000
00000000
00000000
00000000
00000000
00000000
00000000
00000000
00000000
00000000
00000000
00000000
00000000
00000000
00000000
00000000
00000000
00000000
00000000
00000000
00000000
00000000
00000000
00000000
00000000
00000000
00000000
00000000
00000000
00000000
00000000
00000000
00000000
00000000
00000000
00000000
00000000
00000000
00000000
00000000
00000000
00000000
00000000
00000000
00000000
00000000
00000000
00000000
00000000
00000000
00000000
00000000
00000000
00000000
00000000
00000000
00000000
00000000
00000000
00000000
00000000
00000000
00000000
00000000
00000000
00000000
00000000
00000000
00000000
00000000
00000000
00000000
00000000
00000000
00000000
00000000
00000000
00000000
00000000
00000000
00000000
00000000
00000000
00000000
00000000
00000000
00000000
00000000
00000000
00000000
00000000
00000000
00000000
00000000
00000000
00000000
00000000
00000000
00000000
00000000
00000000
00000000
00000000
00000000
00000000
00000000
00000000
00000000
00000000
00000000
00000000
00000000
00000000
00000000
00000000
00000000
00000000
00000000
00000000
00000000
00000000
00000000
00000000
00000000
00000000
00000000
00000000
00000000
00000000
00000000
00000000
00000000
00000000
00000000
00000000
00000000
00000000
00000000
00000000
00000000
00000000
00000000
00000000
00000000
00000000
00000000
00000000
00000000
00000000
00000000
00000000
00000000
00000000
00000000
00000000
00000000
00000000
00000000
00000000
00000000
00000000
00000000
00000000
00000000
00000000
00000000
00000000
00000000
00000000
00000000
00000000
00000000
00000000
00000000
00000000
00000000
00000000
00000000
00000000
00000000
00000000
00000000
00000000
00000000
00000000
00000000
00000000
00000000
00000000
00000000
00000000
00000000
00000000
00000000
00000000
00000000
00000000
00000000
00000000
00000000
00000000
00000000
00000000
00000000
00000000
00000000
00000000
00000000
00000000
00000000
00000000
00000000
00000000
00000000
00000000
00000000
00000000
00000000
00000000
00000000
00000000
00000000
00000000
00000000
00000000
00000000
00000000
00000000
00000000
00000000
00000000
00000000
00000000
00000000
00000000
00000000
00000000
00000000
00000000
00000000
00000000
00000000
00000000
00000000
00000000
00000000
00000000
00000000
00000000
00000000
00000000
00000000
00000000
00000000
00000000
00000000
00000000
00000000
00000000
00000000
00000000
00000000
00000000
00000000
00000000
00000000
00000000
00000000
00000000
00000000
00000000
00000000
00000000
00000000
00000000
00000000
00000000
00000000
00000000
00000000
00000000
00000000
00000000
00000000
00000000
00000000
00000000
00000000
00000000
00000000
00000000
00000000
00000000
00000000
00000000
00000000
00000000
00000000
00000000
00000000
00000000
00000000
00000000
00000000
00000000
00000000
00000000
00000000
00000000
00000000
00000000
00000000
00000000
00000000
00000000
00000000
00000000
00000000
00000000
00000000
00000000
00000000
00000000
00000000
00000000
00000000
00000000
00000000
00000000
00000000
00000000
00000000
00000000
00000000
00000000
00000000
00000000
00000000
00000000
00000000
00000000
00000000
00000000
00000000
00000000
00000000
00000000
00000000
00000000
00000000
00000000
00000000
00000000
00000000
00000000
00000000
00000000
00000000
00000000
00000000
00000000
00000000
00000000
00000000
00000000
00000000
00000000
00000000
00000000
00000000
00000000
00000000
00000000
00000000
00000000
00000000
00000000
00000000
00000000
00000000
00000000
00000000
00000000
00000000
00000000
00000000
00000000
00000000
00000000
00000000
00000000
00000000
00000000
00000000
00000000
00000000
00000000
00000000
00000000
00000000
00000000
00000000
00000000
00000000
00000000
00000000
00000000
00000000
00000000
00000000
00000000
00000000
00000000
00000000
00000000
00000000
00000000
00000000
00000000
00000000
00000000
00000000
00000000
00000000
00000000
00000000
00000000
00000000
00000000
00000000
00000000
00000000
00000000
00000000
00000000
00000000
00000000
00000000
00000000
00000000
00000000
00000000
00000000
00000000
00000000
00000000
00000000
00000000
00000000
00000000
00000000
00000000
00000000
00000000
00000000
00000000
00000000
00000000
00000000
00000000
00000000
00000000
00000000
00000000
00000000
00000000
00000000
00000000
00000000
00000000
00000000
00000000
00000000
00000000
00000000
00000000
00000000
00000000
00000000
00000000
00000000
00000000
00000000
00000000
00000000
00000000
00000000
00000000
00000000
00000000
00000000
00000000
00000000
00000000
00000000
00000000
00000000
00000000
00000000
00000000
00000000
00000000
00000000
00000000
00000000
00000000
00000000
00000000
00000000
00000000
00000000
00000000
00000000
00000000
00000000
00000000
00000000
00000000
00000000
00000000
00000000
00000000
00000000
00000000
00000000
00000000
00000000
00000000
00000000
00000000
00000000
00000000
00000000
00000000
00000000
00000000
00000000
00000000
00000000
00000000
00000000
00000000
00000000
00000000
00000000
00000000
00000000
00000000
00000000
00000000
00000000
00000000
00000000
00000000
00000000
00000000
00000000
00000000
00000000
00000000
00000000
00000000
00000000
00000000
00000000
00000000
00000000
00000000
00000000
00000000
00000000
00000000
00000000
00000000
00000000
00000000
00000000
00000000
00000000
00000000
00000000
00000000
00000000
00000000
00000000
00000000
00000000
00000000
00000000
00000000
00000000
00000000
00000000
00000000
00000000
00000000
00000000
00000000
00000000
00000000
00000000
00000000
00000000
00000000
00000000
00000000
00000000
00000000
00000000
00000000
00000000
00000000
00000000
00000000
00000000
00000000
00000000
00000000
00000000
00000000
00000000
00000000
00000000
00000000
00000000
00000000
00000000
00000000
00000000
00000000
00000000
00000000
00000000
00000000
00000000
00000000
00000000
00000000
00000000
00000000
00000000
00000000
00000000
00000000
00000000
00000000
00000000
00000000
00000000
00000000
00000000
00000000
00000000
00000000
00000000
00000000
00000000
00000000
00000000
00000000
00000000
00000000
00000000
00000000
00000000
00000000
00000000
00000000
00000000
00000000
00000000
00000000
00000000
00000000
00000000
00000000
00000000
00000000
00000000
00000000
00000000
00000000
00000000
00000000
00000000
00000000
00000000
00000000
00000000
00000000
00000000
00000000
00000000
00000000
00000000
00000000
00000000
00000000
00000000
00000000
00000000
00000000
00000000
00000000
00000000
00000000
00000000
00000000
00000000
00000000
00000000
00000000
00000000
00000000
00000000
00000000
00000000
00000000
00000000
00000000
00000000
00000000
00000000
00000000
00000000
00000000
00000000
00000000
00000000
00000000
00000000
00000000
00000000
00000000
00000000
00000000
00000000
00000000
00000000
00000000
00000000
00000000
00000000
00000000
00000000
00000000
00000000
00000000
00000000
00000000
00000000
00000000
00000000
00000000
00000000
00000000
00000000
00000000
00000000
00000000
00000000
00000000
00000000
00000000
00000000
00000000
00000000
00000000
00000000
00000000
00000000
00000000
00000000
00000000
00000000
00000000
00000000
00000000
00000000
00000000
00000000
00000000
00000000
00000000
00000000
00000000
00000000
00000000
00000000
00000000
00000000
00000000
00000000
00000000
00000000
00000000
00000000
00000000
00000000
00000000
00000000
00000000
00000000
00000000
00000000
00000000
00000000
00000000
00000000
00000000
00000000
00000000
00000000
00000000
00000000
00000000
00000000
00000000
00000000
00000000
00000000
00000000
00000000
00000000
00000000
00000000
00000000
00000000
00000000
00000000
00000000
00000000
00000000
00000000
00000000
00000000
00000000
00000000
00000000
00000000
00000000
00000000
00000000
00000000
00000000
00000000
00000000
00000000
00000000
00000000
00000000
00000000
00000000
00000000
00000000
00000000
00000000
00000000
00000000
00000000
00000000
00000000
00000000
00000000
00000000
00000000
00000000
00000000
00000000
00000000
00000000
00000000
00000000
00000000
00000000
00000000
00000000
00000000
00000000
00000000
00000000
00000000
00000000
00000000
00000000
00000000
00000000
00000000
00000000
00000000
00000000
00000000
00000000
00000000
00000000
00000000
00000000
00000000
00000000
00000000
00000000
00000000
00000000
00000000
00000000
00000000
00000000
00000000
00000000
00000000
00000000
00000000
00000000
00000000
00000000
00000000
00000000
00000000
00000000
00000000
00000000
00000000
00000000
00000000
00000000
00000000
00000000
00000000
00000000
00000000
00000000
00000000
00000000
00000000
00000000
00000000
00000000
00000000
00000000
00000000
00000000
00000000
00000000
00000000
00000000
00000000
00000000
00000000
00000000
00000000
00000000
00000000
00000000
00000000
00000000
00000000
00000000
00000000
00000000
00000000
00000000
00000000
00000000
00000000
00000000
00000000
00000000
00000000
00000000
00000000
00000000
00000000
00000000
00000000
00000000
00000000
00000000
00000000
00000000
00000000
00000000
00000000
00000000
00000000
00000000
00000000
00000000
00000000
00000000
00000000
00000000
00000000
00000000
00000000
00000000
00000000
00000000
00000000
00000000
00000000
00000000
00000000
00000000
00000000
00000000
00000000
00000000
00000000
00000000
00000000
00000000
00000000
00000000
00000000
00000000
00000000
00000000
00000000
00000000
00000000
00000000
00000000
00000000
00000000
00000000
00000000
00000000
00000000
00000000
00000000
00000000
00000000
00000000
00000000
00000000
00000000
00000000
00000000
00000000
00000000
00000000
00000000
00000000
00000000
00000000
00000000
00000000
00000000
00000000
00000000
00000000
00000000
00000000
00000000
00000000
00000000
00000000
00000000
00000000
00000000
00000000
00000000
00000000
00000000
00000000
00000000
00000000
00000000
00000000
00000000
00000000
00000000
00000000
00000000
00000000
00000000
00000000
00000000
00000000
00000000
00000000
00000000
00000000
00000000
00000000
00000000
00000000
00000000
00000000
00000000
00000000
00000000
00000000
00000000
00000000
00000000
00000000
00000000
00000000
00000000
00000000
00000000
00000000
00000000
00000000
00000000
00000000
00000000
00000000
00000000
00000000
00000000
00000000
00000000
00000000
00000000
00000000
00000000
00000000
00000000
00000000
00000000
00000000
00000000
00000000
00000000
00000000
00000000
00000000
00000000
00000000
00000000
00000000
00000000
00000000
00000000
00000000
00000000
00000000
00000000
00000000
00000000
00000000
00000000
00000000
00000000
00000000
00000000
00000000
00000000
00000000
00000000
00000000
00000000
00000000
00000000
00000000
00000000
00000000
00000000
00000000
00000000
00000000
00000000
00000000
00000000
00000000
00000000
00000000
00000000
00000000
00000000
00000000
00000000
00000000
00000000
00000000
00000000
00000000
00000000
00000000
00000000
00000000
00000000
00000000
00000000
00000000
00000000
00000000
00000000
00000000
00000000
00000000
00000000
00000000
00000000
00000000
00000000
00000000
00000000
00000000
00000000
00000000
00000000
00000000
00000000
00000000
00000000
00000000
00000000
00000000
00000000
00000000
00000000
00000000
00000000
00000000
00000000
00000000
00000000
00000000
00000000
00000000
00000000
00000000
00000000
00000000
00000000
00000000
00000000
00000000
00000000
00000000
00000000
00000000
00000000
00000000
00000000
00000000
00000000
00000000
00000000
00000000
00000000
00000000
00000000
00000000
00000000
00000000
00000000
00000000
00000000
00000000
00000000
00000000
00000000
00000000
00000000
00000000
00000000
00000000
00000000
00000000
00000000
00000000
00000000
00000000
00000000
00000000
00000000
00000000
00000000
00000000
00000000
00000000
00000000
00000000
00000000
00000000
00000000
00000000
00000000
00000000
00000000
00000000
00000000
00000000
00000000
00000000
00000000
00000000
00000000
00000000
00000000
00000000
00000000
00000000
00000000
00000000
00000000
00000000
00000000
00000000
00000000
00000000
00000000
00000000
00000000
00000000
00000000
00000000
00000000
00000000
00000000
00000000
00000000
00000000
00000000
00000000
00000000
00000000
00000000
00000000
00000000
00000000
00000000
00000000
00000000
00000000
00000000
00000000
00000000
00000000
00000000
00000000
00000000
00000000
00000000
00000000
00000000
00000000
00000000
00000000
00000000
00000000
00000000
00000000
00000000
00000000
00000000
00000000
00000000
00000000
00000000
00000000
00000000
00000000
00000000
00000000
00000000
00000000
00000000
00000000
00000000
00000000
00000000
00000000
00000000
00000000
00000000
00000000
00000000
00000000
00000000
00000000
00000000
00000000
00000000
00000000
00000000
00000000
00000000
00000000
00000000
00000000
00000000
00000000
00000000
00000000
00000000
00000000
00000000
00000000
00000000
00000000
00000000
00000000
00000000
00000000
00000000
00000000
00000000
00000000
00000000
00000000
00000000
00000000
00000000
00000000
00000000
00000000
00000000
00000000
00000000
00000000
00000000
00000000
00000000
00000000
00000000
00000000
00000000
00000000
00000000
00000000
00000000
00000000
00000000
00000000
00000000
00000000
00000000
00000000
00000000
00000000
00000000
00000000
00000000
00000000
00000000
00000000
00000000
00000000
00000000
00000000
00000000
00000000
00000000
00000000
00000000
00000000
00000000
00000000
00000000
00000000
00000000
00000000
00000000
00000000
00000000
00000000
00000000
00000000
00000000
00000000
00000000
00000000
00000000
00000000
00000000
00000000
00000000
00000000
00000000
00000000
00000000
00000000
00000000
00000000
00000000
00000000
00000000
00000000
00000000
00000000
00000000
00000000
00000000
00000000
00000000
00000000
00000000
00000000
00000000
00000000
00000000
00000000
00000000
00000000
00000000
00000000
00000000
00000000
00000000
00000000
00000000
00000000
00000000
00000000
00000000
00000000
00000000
00000000
00000000
00000000
00000000
00000000
00000000
00000000
00000000
00000000
00000000
00000000
00000000
00000000
00000000
00000000
00000000
00000000
00000000
00000000
00000000
00000000
00000000
00000000
00000000
00000000
00000000
00000000
00000000
00000000
00000000
00000000
00000000
00000000
00000000
00000000
00000000
00000000
00000000
00000000
00000000
00000000
00000000
00000000
00000000
00000000
00000000
00000000
00000000
00000000
00000000
00000000
00000000
00000000
00000000
00000000
00000000
00000000
00000000
00000000
00000000
00000000
00000000
00000000
00000000
00000000
00000000
00000000
00000000
00000000
00000000
00000000
00000000
00000000
00000000
00000000
00000000
00000000
00000000
00000000
00000000
00000000
00000000
00000000
00000000
00000000
00000000
00000000
00000000
00000000
00000000
00000000
00000000
00000000
00000000
00000000
00000000
00000000
00000000
00000000
00000000
00000000
00000000
00000000
00000000
00000000
00000000
00000000
00000000
00000000
00000000
00000000
00000000
00000000
00000000
00000000
00000000
00000000
00000000
00000000
00000000
00000000
00000000
00000000
00000000
00000000
00000000
00000000
00000000
00000000
00000000
00000000
00000000
00000000
00000000
00000000
00000000
00000000
00000000
00000000
00000000
00000000
00000000
00000000
00000000
00000000
00000000
00000000
00000000
00000000
00000000
00000000
00000000
00000000
00000000
00000000
00000000
00000000
00000000
00000000
00000000
00000000
00000000
00000000
00000000
00000000
00000000
00000000
00000000
00000000
00000000
00000000
00000000
00000000
00000000
00000000
00000000
00000000
00000000
00000000
00000000
00000000
00000000
00000000
00000000
00000000
00000000
00000000
00000000
00000000
00000000
00000000
00000000
00000000
00000000
00000000
00000000
00000000
00000000
00000000
00000000
00000000
00000000
00000000
00000000
00000000
00000000
00000000
00000000
00000000
00000000
00000000
00000000
00000000
00000000
00000000
00000000
00000000
00000000
00000000
00000000
00000000
00000000
00000000
00000000
00000000
00000000
00000000
00000000
00000000
00000000
00000000
00000000
00000000
00000000
00000000
00000000
00000000
00000000
00000000
00000000
00000000
00000000
00000000
00000000
00000000
00000000
00000000
00000000
00000000
00000000
00000000
00000000
00000000
00000000
00000000
00000000
00000000
00000000
00000000
00000000
00000000
00000000
00000000
00000000
00000000
00000000
00000000
00000000
00000000
00000000
00000000
00000000
00000000
00000000
00000000
00000000
00000000
00000000
00000000
00000000
00000000
00000000
00000000
00000000
00000000
00000000
00000000
00000000
00000000
00000000
00000000
00000000
00000000
00000000
00000000
00000000
00000000
00000000
00000000
00000000
00000000
00000000
00000000
00000000
00000000
00000000
00000000
00000000
00000000
00000000
00000000
00000000
00000000
00000000
00000000
00000000
00000000
00000000
00000000
00000000
00000000
00000000
00000000
00000000
00000000
00000000
00000000
00000000
00000000
00000000
00000000
00000000
00000000
00000000
00000000
00000000
00000000
00000000
00000000
00000000
00000000
00000000
00000000
00000000
00000000
00000000
00000000
00000000
00000000
00000000
00000000
00000000
00000000
00000000
00000000
00000000
00000000
00000000
00000000
00000000
00000000
00000000
00000000
00000000
00000000
00000000
00000000
00000000
00000000
00000000
00000000
00000000
00000000
00000000
00000000
00000000
00000000
00000000
00000000
00000000
00000000
00000000
00000000
00000000
00000000
00000000
00000000
00000000
00000000
00000000
00000000
00000000
00000000
00000000
00000000
00000000
00000000
00000000
00000000
00000000
00000000
00000000
00000000
00000000
00000000
00000000
00000000
00000000
00000000
00000000
00000000
00000000
00000000
00000000
00000000
00000000
00000000
00000000
00000000
00000000
00000000
00000000
00000000
00000000
00000000
00000000
00000000
00000000
00000000
00000000
00000000
00000000
00000000
00000000
00000000
00000000
00000000
00000000
00000000
00000000
00000000
00000000
00000000
00000000
00000000
00000000
00000000
00000000
00000000
00000000
00000000
00000000
00000000
00000000
00000000
00000000
00000000
00000000
00000000
00000000
00000000
00000000
00000000
00000000
00000000
00000000
00000000
00000000
00000000
00000000
00000000
00000000
00000000
00000000
00000000
00000000
00000000
00000000
00000000
00000000
00000000
00000000
00000000
00000000
00000000
00000000
00000000
00000000
00000000
00000000
00000000
00000000
00000000
00000000
00000000
00000000
00000000
00000000
00000000
00000000
00000000
00000000
00000000
00000000
00000000
00000000
00000000
00000000
00000000
00000000
00000000
00000000
00000000
00000000
00000000
00000000
00000000
00000000
00000000
00000000
00000000
00000000
00000000
00000000
00000000
00000000
00000000
00000000
00000000
00000000
00000000
00000000
00000000
00000000
00000000
00000000
00000000
00000000
00000000
00000000
00000000
00000000
00000000
00000000
00000000
00000000
00000000
00000000
00000000
00000000
00000000
00000000
00000000
00000000
00000000
00000000
00000000
00000000
00000000
00000000
00000000
00000000
00000000
00000000
00000000
00000000
00000000
00000000
00000000
00000000
00000000
00000000
00000000
00000000
00000000
00000000
00000000
00000000
00000000
00000000
00000000
00000000
00000000
00000000
00000000
00000000
00000000
00000000
00000000
00000000
00000000
00000000
00000000
00000000
00000000
00000000
00000000
00000000
00000000
00000000
00000000
00000000
00000000
00000000
00000000
00000000
00000000
00000000
00000000
00000000
00000000
00000000
00000000
00000000
00000000
00000000
00000000
00000000
00000000
00000000
00000000
00000000
00000000
00000000
00000000
00000000
00000000
00000000
00000000
00000000
00000000
00000000
00000000
00000000
00000000
00000000
00000000
00000000
00000000
00000000
00000000
00000000
00000000
00000000
00000000
00000000
00000000
00000000
00000000
00000000
00000000
00000000
00000000
00000000
00000000
00000000
00000000
00000000
00000000
00000000
00000000
00000000
00000000
00000000
00000000
00000000
00000000
00000000
00000000
00000000
00000000
00000000
00000000
00000000
00000000
00000000
00000000
00000000
00000000
00000000
00000000
00000000
00000000
00000000
00000000
00000000
00000000
00000000
00000000
00000000
00000000
00000000
00000000
00000000
00000000
00000000
00000000
00000000
00000000
00000000
00000000
00000000
00000000
00000000
00000000
00000000
00000000
00000000
00000000
00000000
00000000
00000000
00000000
00000000
00000000
00000000
00000000
00000000
00000000
00000000
00000000
00000000
00000000
00000000
00000000
00000000
00000000
00000000
00000000
00000000
00000000
00000000
00000000
00000000
00000000
00000000
00000000
00000000
00000000
00000000
00000000
00000000
00000000
00000000
00000000
00000000
00000000
00000000
00000000
00000000
00000000
00000000
00000000
00000000
00000000
00000000
00000000
00000000
00000000
00000000
00000000
00000000
00000000
00000000
00000000
00000000
00000000
00000000
00000000
00000000
00000000
00000000
00000000
00000000
00000000
00000000
00000000
00000000
00000000
00000000
00000000
00000000
00000000
00000000
00000000
00000000
00000000
00000000
00000000
00000000
00000000
00000000
00000000
00000000
00000000
00000000
00000000
00000000
00000000
00000000
00000000
00000000
00000000
00000000
00000000
00000000
00000000
00000000
00000000
00000000
00000000
00000000
00000000
00000000
00000000
00000000
00000000
00000000
00000000
00000000
00000000
00000000
00000000
00000000
00000000
00000000
00000000
00000000
00000000
00000000
00000000
00000000
00000000
00000000
00000000
00000000
00000000
00000000
00000000
00000000
00000000
00000000
00000000
00000000
00000000
00000000
00000000
00000000
00000000
00000000
00000000
00000000
00000000
00000000
00000000
00000000
00000000
00000000
00000000
00000000
00000000
00000000
00000000
00000000
00000000
00000000
00000000
00000000
00000000
00000000
00000000
00000000
00000000
00000000
00000000
00000000
00000000
00000000
00000000
00000000
00000000
00000000
00000000
00000000
00000000
00000000
00000000
00000000
00000000
00000000
00000000
00000000
00000000
00000000
00000000
00000000
00000000
00000000
00000000
00000000
00000000
00000000
00000000
00000000
00000000
00000000
00000000
00000000
00000000
00000000
00000000
00000000
00000000
00000000
00000000
00000000
00000000
00000000
00000000
00000000
00000000
00000000
00000000
00000000
00000000
00000000
00000000
00000000
00000000
00000000
00000000
00000000
00000000
00000000
00000000
00000000
00000000
00000000
00000000
00000000
00000000
00000000
00000000
00000000
00000000
00000000
00000000
00000000
00000000
00000000
00000000
00000000
00000000
00000000
00000000
00000000
00000000
00000000
00000000
00000000
00000000
00000000
00000000
00000000
00000000
00000000
00000000
00000000
00000000
00000000
00000000
00000000
00000000
00000000
00000000
00000000
00000000
00000000
00000000
00000000
00000000
00000000
00000000
00000000
00000000
00000000
00000000
00000000
00000000
00000000
00000000
00000000
00000000
00000000
00000000
00000000
00000000
00000000
00000000
00000000
00000000
00000000
00000000
00000000
00000000
00000000
00000000
00000000
00000000
00000000
00000000
00000000
00000000
00000000
00000000
00000000
00000000
00000000
00000000
00000000
00000000
00000000
00000000
00000000
00000000
00000000
00000000
00000000
00000000
00000000
00000000
00000000
00000000
00000000
00000000
00000000
00000000
00000000
00000000
00000000
00000000
00000000
00000000
00000000
00000000
00000000
00000000
00000000
00000000
00000000
00000000
00000000
00000000
00000000
00000000
00000000
00000000
00000000
00000000
00000000
00000000
00000000
00000000
00000000
00000000
00000000
00000000
00000000
00000000
00000000
00000000
00000000
00000000
00000000
00000000
00000000
00000000
00000000
00000000
00000000
00000000
00000000
00000000
00000000
00000000
00000000
00000000
00000000
00000000
00000000
00000000
00000000
00000000
00000000
00000000
00000000
00000000
00000000
00000000
00000000
00000000
00000000
00000000
00000000
00000000
00000000
00000000
00000000
00000000
00000000
00000000
00000000
00000000
00000000
00000000
00000000
00000000
00000000
00000000
00000000
00000000
00000000
00000000
00000000
00000000
00000000
00000000
00000000
00000000
00000000
00000000
00000000
00000000
00000000
00000000
00000000
00000000
00000000
00000000
00000000
00000000
00000000
00000000
00000000
00000000
00000000
00000000
00000000
00000000
00000000
00000000
00000000
00000000
00000000
00000000
00000000
00000000
00000000
00000000
00000000
00000000
00000000
00000000
00000000
00000000
00000000
00000000
00000000
00000000
00000000
00000000
00000000
00000000
00000000
00000000
00000000
00000000
00000000
00000000
00000000
00000000
00000000
00000000
00000000
00000000
00000000
00000000
00000000
00000000
00000000
00000000
00000000
00000000
00000000
00000000
00000000
00000000
00000000
00000000
00000000
00000000
00000000
00000000
00000000
00000000
00000000
00000000
00000000
00000000
00000000
00000000
00000000
00000000
00000000
00000000
00000000
00000000
00000000
00000000
00000000
00000000
00000000
00000000
00000000
00000000
00000000
00000000
00000000
00000000
00000000
00000000
00000000
00000000
00000000
00000000
00000000
00000000
00000000
00000000
00000000
00000000
00000000
00000000
00000000
00000000
00000000
00000000
00000000
00000000
00000000
00000000
00000000
00000000
00000000
00000000
00000000
00000000
00000000
00000000
00000000
00000000
00000000
00000000
00000000
00000000
00000000
00000000
00000000
00000000
00000000
00000000
00000000
00000000
00000000
00000000
00000000
00000000
00000000
00000000
00000000
00000000
00000000
00000000
00000000
00000000
00000000
00000000
00000000
00000000
00000000
00000000
00000000
00000000
00000000
00000000
00000000
00000000
00000000
00000000
00000000
00000000
00000000
00000000
00000000
00000000
00000000
00000000
00000000
00000000
00000000
00000000
00000000
00000000
00000000
00000000
00000000
00000000
00000000
00000000
00000000
00000000
00000000
00000000
00000000
00000000
00000000
00000000
00000000
00000000
00000000
00000000
00000000
00000000
00000000
00000000
00000000
00000000
00000000
00000000
00000000
00000000
00000000
00000000
00000000
00000000
00000000
00000000
00000000
00000000
00000000
00000000
00000000
00000000
00000000
00000000
00000000
00000000
00000000
00000000
00000000
00000000
00000000
00000000
00000000
00000000
00000000
00000000
00000000
00000000
00000000
00000000
00000000
00000000
00000000
00000000
00000000
00000000
00000000
00000000
00000000
00000000
00000000
00000000
00000000
00000000
00000000
00000000
00000000
00000000
00000000
00000000
00000000
00000000
00000000
00000000
00000000
00000000
00000000
00000000
00000000
00000000
00000000
00000000
00000000
00000000
00000000
00000000
00000000
00000000
00000000
00000000
00000000
00000000
00000000
00000000
00000000
00000000
00000000
00000000
00000000
00000000
00000000
00000000
00000000
00000000
00000000
00000000
00000000
00000000
00000000
00000000
00000000
00000000
00000000
00000000
00000000
00000000
00000000
00000000
00000000
00000000
00000000
00000000
00000000
00000000
00000000
00000000
00000000
00000000
00000000
00000000
00000000
00000000
00000000
00000000
00000000
00000000
00000000
00000000
00000000
00000000
00000000
00000000
00000000
00000000
00000000
00000000
00000000
00000000
00000000
00000000
00000000
00000000
00000000
00000000
00000000
00000000
00000000
00000000
00000000
00000000
00000000
00000000
00000000
00000000
00000000
00000000
00000000
00000000
00000000
00000000
00000000
00000000
00000000
00000000
00000000
00000000
00000000
00000000
00000000
00000000
00000000
00000000
00000000
00000000
00000000
00000000
00000000
00000000
00000000
00000000
00000000
00000000
00000000
00000000
00000000
00000000
00000000
00000000
00000000
00000000
00000000
00000000
00000000
00000000
00000000
00000000
00000000
00000000
00000000
00000000
00000000
00000000
00000000
00000000
00000000
00000000
00000000
00000000
00000000
00000000
00000000
00000000
00000000
00000000
00000000
00000000
00000000
00000000
00000000
00000000
00000000
00000000
00000000
00000000
00000000
00000000
00000000
00000000
00000000
00000000
00000000
00000000
00000000
00000000
00000000
00000000
00000000
00000000
00000000
00000000
00000000
00000000
00000000
00000000
00000000
00000000
00000000
00000000
00000000
00000000
00000000
00000000
00000000
00000000
00000000
00000000
00000000
00000000
00000000
00000000
00000000
00000000
00000000
00000000
00000000
00000000
00000000
00000000
00000000
00000000
00000000
00000000
00000000
00000000
00000000
00000000
00000000
00000000
00000000
00000000
00000000
00000000
00000000
00000000
00000000
00000000
00000000
00000000
00000000
00000000
00000000
00000000
00000000
00000000
00000000
00000000
00000000
00000000
00000000
00000000
00000000
00000000
00000000
00000000
00000000
00000000
00000000
00000000
00000000
00000000
00000000
00000000
00000000
00000000
00000000
00000000
00000000
00000000
00000000
00000000
00000000
00000000
00000000
00000000
00000000
00000000
00000000
00000000
00000000
00000000
00000000
00000000
00000000
00000000
00000000
00000000
00000000
00000000
00000000
00000000
00000000
00000000
00000000
00000000
00000000
00000000
00000000
00000000
00000000
00000000
00000000
00000000
00000000
00000000
00000000
00000000
00000000
00000000
00000000
00000000
00000000
00000000
00000000
00000000
00000000
00000000
00000000
00000000
00000000
00000000
00000000
00000000
00000000
00000000
00000000
00000000
00000000
00000000
00000000
00000000
00000000
00000000
00000000
00000000
00000000
00000000
00000000
00000000
00000000
00000000
00000000
00000000
00000000
00000000
00000000
00000000
00000000
00000000
00000000
00000000
00000000
00000000
00000000
00000000
00000000
00000000
00000000
00000000
00000000
00000000
00000000
00000000
00000000
00000000
00000000
00000000
00000000
00000000
00000000
00000000
00000000
00000000
00000000
00000000
00000000
00000000
00000000
00000000
00000000
00000000
00000000
00000000
00000000
00000000
00000000
00000000
00000000
00000000
00000000
00000000
00000000
00000000
00000000
00000000
00000000
00000000
00000000
00000000
00000000
00000000
00000000
00000000
00000000
00000000
00000000
00000000
00000000
00000000
00000000
00000000
00000000
00000000
00000000
00000000
00000000
00000000
00000000
00000000
00000000
00000000
00000000
00000000
00000000
00000000
00000000
00000000
00000000
00000000
00000000
00000000
00000000
00000000
00000000
00000000
00000000
00000000
00000000
00000000
00000000
00000000
00000000
00000000
00000000
00000000
00000000
00000000
00000000
00000000
00000000
00000000
00000000
00000000
00000000
00000000
00000000
00000000
00000000
00000000
00000000
00000000
00000000
00000000
00000000
00000000
00000000
00000000
00000000
00000000
00000000
00000000
00000000
00000000
00000000
00000000
00000000
00000000
00000000
00000000
00000000
00000000
00000000
00000000
00000000
00000000
00000000
00000000
00000000
00000000
00000000
00000000
00000000
00000000
00000000
00000000
00000000
00000000
00000000
00000000
00000000
00000000
00000000
00000000
00000000
00000000
00000000
00000000
00000000
00000000
00000000
00000000
00000000
00000000
00000000
00000000
00000000
00000000
00000000
00000000
00000000
00000000
00000000
00000000
00000000
00000000
00000000
00000000
00000000
00000000
00000000
00000000
00000000
00000000
00000000
00000000
00000000
00000000
00000000
00000000
00000000
00000000
00000000
00000000
00000000
00000000
00000000
00000000
00000000
00000000
00000000
00000000
00000000
00000000
00000000
00000000
00000000
00000000
00000000
00000000
00000000
00000000
00000000
00000000
00000000
00000000
00000000
00000000
00000000
00000000
00000000
00000000
00000000
00000000
00000000
00000000
00000000
00000000
00000000
00000000
00000000
00000000
00000000
00000000
00000000
00000000
00000000
00000000
00000000
00000000
00000000
00000000
00000000
00000000
00000000
00000000
00000000
00000000
00000000
00000000
00000000
00000000
00000000
00000000
00000000
00000000
00000000
00000000
00000000
00000000
00000000
00000000
00000000
00000000
00000000
00000000
00000000
00000000
00000000
00000000
00000000
00000000
00000000
00000000
00000000
00000000
00000000
00000000
00000000
00000000
00000000
00000000
00000000
00000000
00000000
00000000
00000000
00000000
00000000
00000000
00000000
00000000
00000000
00000000
00000000
00000000
00000000
00000000
00000000
00000000
00000000
00000000
00000000
00000000
00000000
00000000
00000000
00000000
00000000
00000000
00000000
00000000
00000000
00000000
00000000
00000000
00000000
00000000
00000000
00000000
00000000
00000000
00000000
00000000
00000000
00000000
00000000
00000000
00000000
00000000
00000000
00000000
00000000
00000000
00000000
00000000
00000000
00000000
00000000
00000000
00000000
00000000
00000000
00000000
00000000
00000000
00000000
00000000
00000000
00000000
00000000
00000000
00000000
00000000
00000000
00000000
00000000
00000000
00000000
00000000
00000000
00000000
00000000
00000000
00000000
00000000
00000000
00000000
00000000
00000000
00000000
00000000
00000000
00000000
00000000
00000000
00000000
00000000
00000000
00000000
00000000
00000000
00000000
00000000
00000000
00000000
00000000
00000000
00000000
00000000
00000000
00000000
00000000
00000000
00000000
00000000
00000000
00000000
00000000
00000000
00000000
00000000
00000000
00000000
00000000
00000000
00000000
00000000
00000000
00000000
00000000
00000000
00000000
00000000
00000000
00000000
00000000
00000000
00000000
00000000
00000000
00000000
00000000
00000000
00000000
00000000
00000000
00000000
00000000
00000000
00000000
00000000
00000000
00000000
00000000
00000000
00000000
00000000
00000000
00000000
00000000
00000000
00000000
00000000
00000000
00000000
00000000
00000000
00000000
00000000
00000000
00000000
00000000
00000000
00000000
00000000
00000000
00000000
00000000
00000000
00000000
00000000
00000000
00000000
00000000
00000000
00000000
00000000
00000000
00000000
00000000
00000000
00000000
00000000
00000000
00000000
00000000
00000000
00000000
00000000
00000000
00000000
00000000
00000000
00000000
00000000
00000000
00000000
00000000
00000000
00000000
00000000
00000000
00000000
00000000
00000000
00000000
00000000
00000000
00000000
00000000
00000000
00000000
00000000
00000000
00000000
00000000
00000000
00000000
00000000
00000000
00000000
00000000
00000000
00000000
00000000
00000000
00000000
00000000
00000000
00000000
00000000
00000000
00000000
00000000
00000000
00000000
00000000
00000000
00000000
00000000
00000000
00000000
00000000
00000000
00000000
00000000
00000000
00000000
00000000
00000000
00000000
00000000
00000000
00000000
00000000
00000000
00000000
00000000
00000000
00000000
00000000
00000000
00000000
00000000
00000000
00000000
00000000
00000000
00000000
00000000
00000000
00000000
00000000
00000000
00000000
00000000
00000000
00000000
00000000
00000000
00000000
00000000
00000000
00000000
00000000
00000000
00000000
00000000
00000000
00000000
00000000
00000000
00000000
00000000
00000000
00000000
00000000
00000000
00000000
00000000
00000000
00000000
00000000
00000000
00000000
00000000
00000000
00000000
00000000
00000000
00000000
00000000
00000000
00000000
00000000
00000000
00000000
00000000
00000000
00000000
00000000
00000000
00000000
00000000
00000000
00000000
00000000
00000000
00000000
00000000
00000000
00000000
00000000
00000000
00000000
00000000
00000000
00000000
00000000
00000000
00000000
00000000
00000000
00000000
00000000
00000000
00000000
00000000
00000000
00000000
00000000
00000000
00000000
00000000
00000000
00000000
00000000
00000000
00000000
00000000
00000000
00000000
00000000
00000000
00000000
00000000
00000000
00000000
00000000
00000000
00000000
00000000
00000000
00000000
00000000
00000000
00000000
00000000
00000000
00000000
00000000
00000000
00000000
00000000
00000000
00000000
00000000
00000000
00000000
00000000
00000000
00000000
00000000
00000000
00000000
00000000
00000000
00000000
00000000
00000000
00000000
00000000
00000000
00000000
00000000
00000000
00000000
00000000
00000000
00000000
00000000
00000000
00000000
00000000
00000000
00000000
00000000
00000000
00000000
00000000
00000000
53623100
97a6f5c4
eadb88b9
2e1f4c7d
10217243
d4e5b687
a998cbfa
6d5c0f3e
d5e4b786
11207342
6c5d0e3f
a899cafb
96a7f4c5
52633001
2f1e4d7c
ebda89b8
6e5f0c3d
aa9bc8f9
d7e6b584
13227140
2d1c4f7e
e9d88bba
94a5f6c7
50613203
e8d98abb
2c1d4e7f
51603302
95a4f7c6
ab9ac9f8
6f5e0d3c
12237041
d6e7b485
29184b7a
eddc8fbe
90a1f2c3
54653607
6a5b0839
ae9fccfd
d3e2b180
17267544
af9ecdfc
6b5a0938
16277445
d2e3b081
ecdd8ebf
28194a7b
55643706
91a0f3c2
14257647
d0e1b283
ad9ccffe
69580b3a
57663504
93a2f1c0
eedf8cbd
2a1b4879
92a3f0c1
56673405
2b1a4978
efde8dbc
d1e0b382
15247746
68590a3b
ac9dceff
00000000
00000000
ffffffff
00000000
ffffffff
00000000
000423f0
00042c40
80000000
80000000
00000200
00000040
00000040
00042430
00042440
00044000
00081d5c
00081a64
00081d5c
00081d5c
00081810
00080410
00081d5c
00081d5c
00081d5c
00081d5c
00081d5c
00081d5c
00081d5c
00081d5c
00081d5c
00081d5c
00081d5c
00081d5c
00081d5c
00081d5c
00081d5c
00081d5c
00081d5c
00081d5c
00081d5c
00081d5c
00081d5c
00081d5c
00081d5c
00081d5c
00081d5c
00081d5c
00081d5c
00081d5c
00081d5c
00081d5c
00081d5c
00081d5c
00081d5c
00081d5c
00081d5c
00081d5c
00081d5c
00081d5c
00081d5c
00081d5c
00081d5c
00081d5c
00081d5c
00081d5c
00081d5c
00081d5c
00081d5c
00081d5c
00081d5c
00081d5c
00081d5c
00081d5c
00081d5c
00081d5c
00081d5c
00081d5c
00081d5c
00081d5c
00000000
00000000
00000000
ffffffff
00081d6c
0000000c
00081d6c
0000000b
00081d6c
0000000a
00081d6c
00000009
00081d6c
00000008
00081d6c
00000007
00081d6c
00000006
00081d6c
00000005
00081d6c
00000004
00081d6c
00000003
00081d6c
00000002
00081d6c
00000001
00081d6c
00000000
ffffe022
00001000
fffff022
00000800
fffff822
00000400
fffffc22
00000200
fffffe22
00000100
ffffff22
00000080
ffffffa2
00000040
ffffffe2
00000020
ffffffe2
00000010
fffffff2
00000008
fffffffa
00000004
fffffffe
00000002
fffffffe
00000001
00000001
00040328
00000000
00000000
00000000
00000000
00000000
00000000
00000000
00000000
00000000
00040114
ffffffff
00000040
00000000
00000000
00000000
00000000
00000000
00000000
00000000
00000000
00000000
00000000
00000000
00000000
00000000
00000000
00000000
00000000
00000000
00000000
00000000
00000000
00000000
00000000
00000000
00000000
00000000
00000000
00000000
00000000
00000000
00000000
00000000
00000000
00000000
00000000
00000000
00000000
00000000
00000000
00000000
00000000
00000000
00000000
00000000
00000000
00000000
00000000
00000000
00000000
00000000
00000000
00000000
00000000
00000000
00000000
00000000
00000000
00000000
00000000
00000000
00000000
00000000
00000000
00000000
00000000
00000000
00000000
00000000
00000000
00000000
00000000
00000000
00000000
00000000
00000000
00000000
00000000
00000000
00000000
00000000
00000000
00000000
00000000
00000000
00000000
00000000
00000000
00000000
00000000
00000000
00000000
00000000
00000000
00000000
00000000
00000000
00000000
00000000
00000000
00000000
00000000
00000000
00000000
00000000
00000000
00000000
00000000
00000000
00000000
00000000
00000000
00000000
00000000
00000000
00000000
00000000
00000000
00000000
00000000
00000000
00000000
00000000
00000000
00000000
00000000
00000000
00000000
00000000
00000000
00000000
00000000
00000000
00000000
00000000
00000000
00000000
00000000
00000000
00000000
00000000
00000000
00000000
00000000
00000000
00000000
00000000
00000000
00000000
00000000
00000000
00000000
00000000
00000000
00000000
00000000
00000000
00000000
00000000
00000000
00000000
00000000
00000000
00000000
00000000
00000000
00000000
00000000
00000000
00000000
00000000
00000000
00000000
00000000
00000000
00000000
00000000
00000000
00000000
00000000
00000000
00000000
00000000
00000000
00000000
00000000
00000000
00000000
00000000
00000000
00000000
00000000
00000000
00000000
00000000
00000000
00000000
00000000
00000000
00000000
00000000
00000000
00000000
00000000
00000000
00000000
00000000
00000000
00000000
00000000
00000000
00000000
00000000
00000000
00000000
00000000
00000000
00000000
00000000
00000000
00000000
00000000
00000000
00000000
00000000
00000000
00000000
00000000
00000000
00000000
00000000
00000000
00000000
00000000
00000000
00000000
00000000
00000000
00000000
00000000
00000000
00000000
00000000
00000000
00000000
00000000
00000000
00000000
00000000
00000000
00000000
00000000
00000000
00000000
00000000
00000000
00000000
00000000
00000000
00000000
00000000
00000000
00000000
00000000
00000000
00000000
00000000
00000000
00000000
00000000
00000000
00000000
00000000
00000000
00000000
00000000
00000000
00000000
00000000
00000000
00000000
00000000
00000000
00000000
00000000
00000000
00000000
00000000
00000000
00000000
00000000
00000000
00000000
00000000
00000000
00000000
00000000
00000000
00000000
00000000
00000000
00000000
00000000
00000000
00000000
00000000
00000000
00000000
00000000
00000000
00000000
00000000
00000000
00000000
00000000
00000000
00000000
00000000
00000000
00000000
00000000
00000000
00000000
00000000
00000000
00000000
00000000
00000000
00000000
00000000
00000000
00000000
00000000
00000000
00000000
00000000
00000000
00000000
00000000
00000000
00000000
00000000
00000000
00000000
00000000
00000000
00000000
00000000
00000000
00000000
00000000
00000000
00000000
00000000
00000000
00000000
00000000
00000000
00000000
00000000
00000000
00000000
00000000
00000000
00000000
00000000
00000000
00000000
00000000
00000000
00000000
00000000
00000000
00000000
00000000
00000000
00000000
00000000
00000000
00000000
00000000
00000000
00000000
00000000
00000000
00000000
00000000
00000000
00000000
00000000
00000000
00000000
00000000
00000000
00000000
00000000
00000000
00000000
00000000
00000000
00000000
00000000
00000000
00000000
00000000
00000000
00000000
00000000
00000000
00000000
00000000
00000000
00000000
00000000
00000000
00000000
00000000
00000000
00000000
00000000
00000000
00000000
00000000
00000000
00000000
00000000
00000000
00000000
00000000
00000000
00000000
00000000
00000000
00000000
00000000
00000000
00000000
00000000
00000000
00000000
00000000
00000000
00000000
00000000
00000000
00000000
00000000
00000000
00000000
00000000
00000000
00000000
00000000
00000000
00000000
00000000
00000000
00000000
00000000
00000000
00000000
00000000
00000000
00000000
00000000
00000000
00000000
00000000
00000000
00000000
00000000
00000000
00000000
00000000
00000000
00000000
00000000
00000000
00000000
00000000
00000000
00000000
00000000
00000000
00000000
00000000
00000000
00000000
00000000
00000000
00000000
00000000
00000000
00000000
00000000
00000000
00000000
00000000
00000000
00000000
00000000
00000000
00000000
00000000
00000000
00000000
00000000
00000000
00000000
00000000
00000000
00000000
00000000
00000000
00000000
00000000
00000000
00000000
00000000
00000000
00000000
00000000
00000000
00000000
00000000
00000000
00000000
00000000
00000000
00000000
00000000
00000000
00000000
00000000
00000000
00000000
00000000
00000000
00000000
00000000
00000000
00000000
00000000
00000000
00000000
00000000
00000000
00000000
00000000
00000000
00000000
00000000
00000000
00000000
00000000
00000000
00000000
00000000
00000000
00000000
00000000
00000000
00000000
00000000
00000000
00000000
00000000
00000000
00000000
00000000
00000000
00000000
00000000
00000000
00000000
00000000
00000000
00000000
00000000
00000000
00000000
00000000
00000000
00000000
00000000
00000000
00000000
00000000
00000000
00000000
00000000
00000000
00000000
00000000
00000000
00000000
00000000
00000000
00000000
00000000
00000000
00000000
00000000
00000000
00000000
00000000
00000000
00000000
00000000
00000000
00000000
00000000
00000000
00000000
00000000
00000000
00000000
00000000
00000000
00000000
00000000
00000000
00000000
00000000
00000000
00000000
00000000
00000000
00000000
00000000
00000000
00000000
00000000
00000000
00000000
00000000
00000000
00000000
00000000
00000000
00000000
00000000
00000000
00000000
00000000
00000000
00000000
00000000
00000000
00000000
00000000
00000000
00000000
00000000
00000000
00000000
00000000
00000000
00000000
00000000
00000000
00000000
00000000
00000000
00000000
00000000
00000000
00000000
00000000
00000000
00000000
00000000
00000000
00000000
00000000
00000000
00000000
00000000
00000000
00000000
00000000
00000000
00000000
00000000
00000000
00000000
00000000
00000000
00000000
00000000
00000000
00000000
00000000
00000000
00000000
00000000
00000000
00000000
00000000
00000000
00000000
00000000
00000000
00000000
00000000
00000000
00000000
00000000
00000000
00000000
00000000
00000000
00000000
00000000
00000000
00000000
00000000
00000000
00000000
00000000
00000000
00000000
00000000
00000000
00000000
00000000
00000000
00000000
00000000
00000000
00000000
00000000
00000000
00000000
00000000
00000000
00000000
00000000
00000000
00000000
00000000
00000000
00000000
00000000
00000000
00000000
00000000
00000000
00000000
00000000
00000000
00000000
00000000
00000000
00000000
00000000
00000000
00000000
00000000
00000000
00000000
00000000
00000000
00000000
00000000
00000000
00000000
00000000
00000000
00000000
00000000
00000000
00000000
00000000
00000000
00000000
00000000
00000000
00000000
00000000
00000000
00000000
00000000
00000000
00000000
00000000
00000000
00000000
00000000
00000000
00000000
00000000
00000000
00000000
00000000
00000000
00000000
00000000
00000000
00000000
00000000
00000000
00000000
00000000
00000000
00000000
00000000
00000000
00000000
00000000
00000000
00000000
00000000
00000000
00000000
00000000
00000000
00000000
00000000
00000000
00000000
00000000
00000000
00000000
00000000
00000000
00000000
00000000
00000000
00000000
00000000
00000000
00000000
00000000
00000000
00000000
00000000
00000000
00000000
00000000
00000000
00000000
00000000
00000000
00000000
00000000
00000000
00000000
00000000
00000000
00000000
00000000
00000000
00000000
00000000
00000000
00000000
00000000
00000000
00000000
00000000
00000000
00000000
00000000
00000000
00000000
00000000
00000000
00000000
00000000
00000000
00000000
00000000
00000000
00000000
00000000
00000000
00000000
00000000
00000000
00000000
00000000
00000000
00000000
00000000
00000000
00000000
00000000
00000000
00000000
00000000
00000000
00000000
00000000
00000000
00000000
00000000
00000000
00000000
00000000
00000000
00000000
00000000
00000000
00000000
00000000
00000000
00000000
00000000
00000000
00000000
00000000
00000000
00000000
00000000
00000000
00000000
00000000
00000000
00000000
00000000
00000000
00000000
00000000
00000000
00000000
00000000
00000000
00000000
00000000
00000000
00000000
00000000
00000000
00000000
00000000
00000000
00000000
00000000
00000000
00000000
00000000
00000000
00000000
00000000
00000000
00000000
00000000
00000000
00000000
00000000
00000000
00000000
00000000
00000000
00000000
00000000
00000000
00000000
00000000
00000000
00000000
00000000
00000000
00000000
00000000
00000000
00000000
00000000
00000000
00000000
00000000
00000000
00000000
00000000
00000000
00000000
00000000
00000000
00000000
00000000
00000000
00000000
00000000
00000000
00000000
00000000
00000000
00000000
00000000
00000000
00000000
00000000
00000000
00000000
00000000
00000000
00000000
00000000
00000000
00000000
00000000
00000000
00000000
00000000
00000000
00000000
00000000
00000000
00000000
00000000
00000000
00000000
00000000
00000000
00000000
00000000
00000000
00000000
00000000
00000000
00000000
00000000
00000000
00000000
00000000
00000000
00000000
00000000
00000000
00000000
00000000
00000000
00000000
00000000
00000000
00000000
00000000
00000000
00000000
00000000
00000000
00000000
00000000
00000000
00000000
00000000
00000000
00000000
00000000
00000000
00000000
00000000
00000000
00000000
00000000
00000000
00000000
00000000
00000000
00000000
00000000
00000000
00000000
00000000
00000000
00000000
00000000
00000000
00000000
00000000
00000000
00000000
00000000
00000000
00000000
00000000
00000000
00000000
00000000
00000000
00000000
00000000
00000000
00000000
00000000
00000000
00000000
00000000
00000000
00000000
00000000
00000000
00000000
00000000
00000000
00000000
00000000
00000000
00000000
00000000
00000000
00000000
00000000
00000000
00000000
00000000
00000000
00000000
00000000
00000000
00000000
00000000
00000000
00000000
00000000
00000000
00000000
00000000
00000000
00000000
00000000
00000000
00000000
00000000
00000000
00000000
00000000
00000000
00000000
00000000
00000000
00000000
00000000
00000000
00000000
00000000
00000000
00000000
00000000
00000000
00000000
00000000
00000000
00000000
00000000
00000000
00000000
00000000
00000000
00000000
00000000
00000000
00000000
00000000
00000000
00000000
00000000
00000000
00000000
00000000
00000000
00000000
00000000
00000000
00000000
00000000
00000000
00000000
00000000
00000000
00000000
00000000
00000000
00000000
00000000
00000000
00000000
00000000
00000000
00000000
00000000
00000000
00000000
00000000
00000000
00000000
00000000
00000000
00000000
00000000
00000000
00000000
00000000
00000000
00000000
00000000
00000000
00000000
00000000
00000000
00000000
00000000
00000000
00000000
00000000
00000000
00000000
00000000
00000000
00000000
00000000
00000000
00000000
00000000
00000000
00000000
00000000
00000000
00000000
00000000
00000000
00000000
00000000
00000000
00000000
00000000
00000000
00000000
00000000
00000000
00000000
00000000
00000000
00000000
00000000
00000000
00000000
00000000
00000000
00000000
00000000
00000000
00000000
00000000
00000000
00000000
00000000
00000000
00000000
00000000
00000000
00000000
00000000
00000000
00000000
00000000
00000000
00000000
00000000
00000000
00000000
00000000
00000000
00000000
00000000
00000000
00000000
00000000
00000000
00000000
00000000
00000000
00000000
00000000
00000000
00000000
00000000
00000000
00000000
00000000
00000000
00000000
00000000
00000000
00000000
00000000
00000000
00000000
00000000
00000000
00000000
00000000
00000000
00000000
00000000
00000000
00000000
00000000
00000000
00000000
00000000
00000000
00000000
00000000
00000000
00000000
00000000
00000000
00000000
00000000
00000000
00000000
00000000
00000000
00000000
00000000
00000000
00000000
00000000
00000000
00000000
00000000
00000000
00000000
00000000
00000000
00000000
00000000
00000000
00000000
00000000
00000000
00000000
00000000
00000000
00000000
00000000
00000000
00000000
00000000
00000000
00000000
00000000
00000000
00000000
00000000
00000000
00000000
00000000
00000000
00000000
00000000
00000000
00000000
00000000
00000000
00000000
00000000
00000000
00000000
00000000
00000000
00000000
00000000
00000000
00000000
00000000
00000000
00000000
00000000
00000000
00000000
00000000
00000000
00000000
00000000
00000000
00000000
00000000
00000000
00000000
00000000
00000000
00000000
00000000
00000000
00000000
00000000
00000000
00000000
00000000
00000000
00000000
00000000
00000000
00000000
00000000
00000000
00000000
00000000
00000000
00000000
00000000
00000000
00000000
00000000
00000000
00000000
00000000
00000000
00000000
00000000
00000000
00000000
00000000
00000000
00000000
00000000
00000000
00000000
00000000
00000000
00000000
00000000
00000000
00000000
00000000
00000000
00000000
00000000
00000000
00000000
00000000
00000000
00000000
00000000
00000000
00000000
00000000
00000000
00000000
00000000
00000000
00000000
00000000
00000000
00000000
00000000
00000000
00000000
00000000
00000000
00000000
00000000
00000000
00000000
00000000
00000000
00000000
00000000
00000000
00000000
00000000
00000000
00000000
00000000
00000000
00000000
00000000
00000000
00000000
00000000
00000000
00000000
00000000
00000000
00000000
00000000
00000000
00000000
00000000
00000000
00000000
00000000
00000000
00000000
00000000
00000000
00000000
00000000
00000000
00000000
00000000
00000000
00000000
00000000
00000000
00000000
00000000
00000000
00000000
00000000
00000000
00000000
00000000
00000000
00000000
00000000
00000000
00000000
00000000
00000000
00000000
00000000
00000000
00000000
00000000
00000000
00000000
00000000
00000000
00000000
00000000
00000000
00000000
00000000
00000000
00000000
00000000
00000000
00000000
00000000
00000000
00000000
00000000
00000000
00000000
00000000
00000000
00000000
00000000
00000000
00000000
00000000
00000000
00000000
00000000
00000000
00000000
00000000
00000000
00000000
00000000
00000000
00000000
00000000
00000000
00000000
00000000
00000000
00000000
00000000
00000000
00000000
00000000
00000000
00000000
00000000
00000000
00000000
00000000
00000000
00000000
00000000
00000000
00000000
00000000
00000000
00000000
00000000
00000000
00000000
00000000
00000000
00000000
00000000
00000000
00000000
00000000
00000000
00000000
00000000
00000000
00000000
00000000
00000000
00000000
00000000
00000000
00000000
00000000
00000000
00000000
00000000
00000000
00000000
00000000
00000000
00000000
00000000
00000000
00000000
00000000
00000000
00000000
00000000
00000000
00000000
00000000
00000000
00000000
00000000
00000000
00000000
00000000
00000000
00000000
00000000
00000000
00000000
00000000
00000000
00000000
00000000
00000000
00000000
00000000
00000000
00000000
00000000
00000000
00000000
00000000
00000000
00000000
00000000
00000000
00000000
00000000
00000000
00000000
00000000
00000000
00000000
00000000
00000000
00000000
00000000
00000000
00000000
00000000
00000000
00000000
00000000
00000000
00000000
00000000
00000000
00000000
00000000
00000000
00000000
00000000
00000000
00000000
00000000
00000000
00000000
00000000
00000000
00000000
00000000
00000000
00000000
00000000
00000000
00000000
00000000
00000000
00000000
00000000
00000000
00000000
00000000
00000000
00000000
00000000
00000000
00000000
00000000
00000000
00000000
00000000
00000000
00000000
00000000
00000000
00000000
00000000
00000000
00000000
00000000
00000000
00000000
00000000
00000000
00000000
00000000
00000000
00000000
00000000
00000000
00000000
00000000
00000000
00000000
00000000
00000000
00000000
00000000
00000000
00000000
00000000
00000000
00000000
00000000
00000000
00000000
00000000
00000000
00000000
00000000
00000000
00000000
00000000
00000000
00000000
00000000
00000000
00000000
00000000
00000000
00000000
00000000
00000000
00000000
00000000
00000000
00000000
00000000
00000000
00000000
00000000
00000000
00000000
00000000
00000000
00000000
00000000
00000000
00000000
00000000
00000000
00000000
00000000
00000000
00000000
00000000
00000000
00000000
00000000
00000000
00000000
00000000
00000000
00000000
00000000
00000000
00000000
00000000
00000000
00000000
00000000
00000000
00000000
00000000
00000000
00000000
00000000
00000000
00000000
00000000
00000000
00000000
00000000
00000000
00000000
00000000
00000000
00000000
00000000
00000000
00000000
00000000
00000000
00000000
00000000
00000000
00000000
00000000
00000000
00000000
00000000
00000000
00000000
00000000
00000000
00000000
00000000
00000000
00000000
00000000
00000000
00000000
00000000
00000000
00000000
00000000
00000000
00000000
00000000
00000000
00000000
00000000
00000000
00000000
00000000
00000000
00000000
00000000
00000000
00000000
00000000
00000000
00000000
00000000
00000000
00000000
00000000
00000000
00000000
00000000
00000000
00000000
00000000
00000000
00000000
00000000
00000000
00000000
00000000
00000000
00000000
00000000
00000000
00000000
00000000
00000000
00000000
00000000
00000000
00000000
00000000
00000000
00000000
00000000
00000000
00000000
00000000
00000000
00000000
00000000
00000000
00000000
00000000
00000000
00000000
00000000
00000000
00000000
00000000
00000000
00000000
00000000
00000000
00000000
00000000
00000000
00000000
00000000
00000000
00000000
00000000
00000000
00000000
00000000
00000000
00000000
00000000
00000000
00000000
00000000
00000000
00000000
00000000
00000000
00000000
00000000
00000000
00000000
00000000
00000000
00000000
00000000
00000000
00000000
00000000
00000000
00000000
00000000
00000000
00000000
00000000
00000000
00000000
00000000
00000000
00000000
00000000
00000000
00000000
00000000
00000000
00000000
00000000
00000000
00000000
00000000
00000000
00000000
00000000
00000000
00000000
00000000
00000000
00000000
00000000
00000000
00000000
00000000
00000000
00000000
00000000
00000000
00000000
00000000
00000000
00000000
00000000
00000000
00000000
00000000
00000000
00000000
00000000
00000000
00000000
00000000
00000000
00000000
00000000
00000000
00000000
00000000
00000000
00000000
00000000
00000000
00000000
00000000
00000000
00000000
00000000
00000000
00000000
00000000
00000000
00000000
00000000
00000000
00000000
00000000
00000000
00000000
00000000
00000000
00000000
00000000
00000000
00000000
00000000
00000000
00000000
00000000
00000000
00000000
00000000
00000000
00000000
00000000
00000000
00000000
00000000
00000000
00000000
00000000
00000000
00000000
00000000
00000000
00000000
00000000
00000000
00000000
00000000
00000000
00000000
00000000
00000000
00000000
00000000
00000000
00000000
00000000
00000000
00000000
00000000
00000040
00000040
00000060
00000060
00000000
00000000
00000020
00000040
00000020
00000000
00000000
00000000
00000020
00000000
00000000
00000000
00000000
00000000
00000020
00000000
00000000
00000000
00000000
00000000
00000000
00000000
00000000
00000000
00000040
00000000
00000000
00000000
00000000
00000000
00000000
00000000
00000000
00000000
00000000
00000000
00000000
00000000
00000000
00000000
00000000
00000000
00000000
00000000
00000000
00000000
00000000
00000000
00000000
00000000
00000000
00000000
00000000
00000000
00000000
00000000
00000000
00000000
00000000
00000000
00000000
00000000
00000000
00000000
00000000
00000000
00000000
00000000
00000000
00000000
00000000
00000000
00000000
00000000
00000000
00000000
00000000
00000000
00000000
00000000
00000000
00000000
00000000
00000000
00000000
00000000
00000000
00000000
00000000
00000000
00000000
00000000
00000000
00000000
00000000
00000000
00000000
00000000
00000000
00000000
00000000
00000000
00000000
00000000
00000000
00000000
00000000
00000000
00000000
00000000
00000000
00000000
00000000
00000000
00000000
00000000
00000000
00000000
00000000
00000000
00000000
00000000
00000000
00000000
00000000
00000000
00000000
00000000
00000000
00000000
00000000
00000000
00000000
00000000
00000000
00000000
00000000
00000000
00000000
00000000
00000000
00000000
00000000
00000000
00000000
00000000
00000000
00000000
00000000
00000000
00000000
00000000
00000000
00000000
00000000
00000000
00000000
00000000
00000000
00000000
00000000
00000000
00000000
00000000
00000000
00000000
00000000
00000000
00000000
00000000
00000000
00000000
00000000
00000000
00000000
00000000
00000000
00000000
00000000
00000000
00000000
00000000
00000000
00000000
00000000
00000000
00000000
00000000
00000000
00000000
00000000
00000000
00000000
00000000
00000000
00000000
00000000
00000000
00000000
00000000
00000000
00000000
00000000
00000000
00000000
00000000
00000000
00000000
00000000
00000000
00000000
00000000
00000000
00000000
00000000
00000000
00000000
00000000
00000000
00000000
00000000
00000000
00000000
00000000
00000000
00000000
00000000
00000000
00000000
00000000
00000000
00000000
00000000
00000000
00000000
00000000
00000000
00000000
00000000
00000000
00000000
00000000
00000000
00000000
00000000
00000000
00000000
00000000
00000000
00000000
00000000
00000000
00000000
00000000
00000000
00000000
00000000
00000000
00000000
00000000
00000000
00000000
00000000
00000000
00000000
00000000
00000000
00000000
00000000
00000000
00000000
00000000
00000000
00000000
00000000
00000000
00000000
00000000
00000000
00000000
00000000
00000000
00000000
00000000
00000000
00000000
00000000
00000000
00000000
00000000
00000000
00000000
00000000
00000000
00000000
00000000
00000000
00000000
00000000
00000000
00000000
00000000
00000000
00000000
00000000
00000000
00000000
00000000
00000000
00000000
00000000
00000000
00000000
00000000
00000000
00000000
00000000
00000000
00000000
00000000
00000000
00000000
00000000
00000000
00000000
00000000
00000000
00000000
00000000
00000000
00000000
00000000
00000000
00000000
00000000
00000000
00000000
00000000
00000000
00000000
00000000
00000000
00000000
00000000
00000000
00000000
00000000
00000000
00000000
00000000
00000000
00000000
00000000
00000000
00000000
00000000
00000000
00000000
00000000
00000000
00000000
00000000
00000000
00000000
00000000
00000000
00000000
00000000
00000000
00000000
00000000
00000000
00000000
00000000
00000000
00000000
00000000
00000000
00000000
00000000
00000000
00000000
00000000
00000000
00000000
00000000
00000000
00000000
00000000
00000000
00000000
00000000
00000000
00000000
00000000
00000000
00000000
00000000
00000000
00000000
00000000
00000000
00000000
00000000
00000000
00000000
00000000
00000000
00000000
00000000
00000000
00000000
00000000
00000000
00000000
00000000
00000000
00000000
00000000
00000000
00000000
00000000
00000000
00000000
00000000
00000000
00000000
00000000
00000000
00000000
00000000
00000000
00000000
00000000
00000000
00000000
00000000
00000000
00000000
00000000
00000000
00000000
00000000
00000000
00000000
00000000
00000000
00000000
00000000
00000000
00000000
00000000
00000000
00000000
00000000
00000000
00000000
00000000
00000000
00000000
00000000
00000000
00000000
00000000
00000000
00000000
00000000
00000000
00000000
00000000
00000000
00000000
00000000
00000000
00000000
00000000
00000000
00000000
00000000
00000000
00000000
00000000
00000000
00000000
00000000
00000000
00000000
00000000
00000000
00000000
00000000
00000000
00000000
00000000
00000000
00000000
00000000
00000000
00000000
00000000
00000000
00000000
00000000
00000000
00000000
00000000
00000000
00000000
00000000
00000000
00000000
00000000
00000000
00000000
00000000
00000000
00000000
00000000
00000000
00000000
00000000
00000000
00000000
00000000
00000000
00000000
00000000
00000000
00000000
00000000
00000000
00000000
00000000
00000000
00000000
00000000
00000000
00000000
00000000
00000000
00000000
00000000
00000000
00000000
00000000
00000000
00000000
00000000
00000000
00000000
00000000
00000000
00000000
00000000
00000000
00000000
00000000
00000000
00000000
00000000
00000000
00000000
00000000
00000000
00000000
00000000
00000000
00000000
00000000
00000000
00000000
00000000
00000000
00000000
00000000
00000000
00000000
00000000
00000000
00000000
00000000
00000000
00000000
00000000
00000000
00000000
00000000
00000000
00000000
00000000
00000000
00000000
00000000
00000000
00000000
00000000
00000000
00000000
00000000
00000000
00000000
00000000
00000000
00000000
00000000
00000000
00000000
00000000
00000000
00000000
00000000
00000000
00000000
00000000
00000000
00000000
00000000
00000000
00000000
00000000
00000000
00000000
00000000
00000000
00000000
00000000
00000000
00000000
00000000
00000000
00000000
00000000
00000000
00000000
00000000
00000000
00000000
00000000
00000000
00000000
00000000
00000000
00000000
00000000
00000000
00000000
00000000
00000000
00000000
00000000
00000000
00000000
00000000
00000000
00000000
00000000
00000000
00000000
00000000
00000000
00000000
00000000
00000000
00000000
00000000
00000000
00000000
00000000
00000000
00000000
00000000
00000000
00000000
00000000
00000000
00000000
00000000
00000000
00000000
00000000
00000000
00000000
00000000
00000000
00000000
00000000
00000000
00000000
00000000
00000000
00000000
00000000
00000000
00000000
00000000
00000000
00000000
00000000
00000000
00000000
00000000
00000000
00000000
00000000
00000000
00000000
00000000
00000000
00000000
00000000
00000000
00000000
00000000
00000000
00000000
00000000
00000000
00000000
00000000
00000000
00000000
00000000
00000000
00000000
00000000
00000000
00000000
00000000
00000000
00000000
00000000
00000000
00000000
00000000
00000000
00000000
00000000
00000000
00000000
00000000
00000000
00000000
00000000
00000000
00000000
00000000
00000000
00000000
00000000
00000000
00000000
00000000
00000000
00000000
00000000
00000000
00000000
00000000
00000000
00000000
00000000
00000000
00000000
00000000
00000000
00000000
00000000
00000000
00000000
00000000
00000000
00000000
00000000
00000000
00000000
00000000
00000000
00000000
00000000
00000000
00000000
00000000
00000000
00000000
00000000
00000000
00000000
00000000
00000000
00000000
00000000
00000000
00000000
00000000
00000000
00000000
00000000
00000000
00000000
00000000
00000000
00000000
00000000
00000000
00000000
00000000
00000000
00000000
00000000
00000000
00000000
00000000
00000000
00000000
00000000
00000000
00000000
00000000
00000000
00000000
00000000
00000000
00000000
00000000
00000000
00000000
00000000
00000000
00000000
00000000
00000000
00000000
00000000
00000000
00000000
00000000
00000000
00000000
00000000
00000000
00000000
00000000
00000000
00000000
00000000
00000000
00000000
00000000
00000000
00000000
00000000
00000000
00000000
00000000
00000000
00000000
00000000
00000000
00000000
00000000
00000000
00000000
00000000
00000000
00000000
00000000
00000000
00000000
00000000
00000000
00000000
00000000
00000000
00000000
00000000
00000000
00000000
00000000
00000000
00000000
00000000
00000000
00000000
00000000
00000000
00000000
00000000
00000000
00000000
00000000
00000000
00000000
00000000
00000000
00000000
00000000
00000000
00000000
00000000
00000000
00000000
00000000
00000000
00000000
00000000
00000000
00000000
00000000
00000000
00000000
00000000
00000000
00000000
00000000
00000000
00000000
00000000
00000000
00000000
00000000
00000000
00000000
00000000
00000000
00000000
00000000
00000000
00000000
00000000
00000000
00000000
00000000
00000000
00000000
00000000
00000000
00000000
00000000
00000000
00000000
00000000
00000000
00000000
00000000
00000000
00000000
00000000
00000000
00000000
00000000
00000000
00000000
00000000
00000000
00000000
00000000
00000000
00000000
00000000
00000000
00000000
00000000
00000000
00000000
00000000
00000000
00000000
00000000
00000000
00000000
00000000
00000000
00000000
00000000
00000000
00000000
00000000
00000000
00000000
00000000
00000000
00000000
00000000
00000000
00000000
00000000
00000000
00000000
00000000
00000000
00000000
00000000
00000000
00000000
00000000
00000000
00000000
00000000
00000000
00000000
00000000
00000000
00000000
00000000
00000000
00000000
00000000
00000000
00000000
00000000
00000000
00000000
00000000
00000000
00000000
00000000
00000000
00000000
00000000
00000000
00000000
00000000
00000000
00000000
00000000
00000000
00000000
00000000
00000000
00000000
00000000
00000000
00000000
00000000
00000000
00000000
00000000
00000000
00000000
00000000
00000000
00000000
00000000
00000000
00000000
00000000
00000000
00000000
00000000
00000000
00000000
00000000
00000000
00000000
00000000
00000000
00000000
00000000
00000000
00000000
00000000
00000000
00000000
00000000
00000000
00000000
00000000
00000000
00000000
00000000
00000000
00000000
00000000
00000000
00000000
00000000
00000000
00000000
00000000
00000000
00000000
00000000
00000000
00000000
00000000
00000000
00000000
00000000
00000000
00000000
00000000
00000000
00000000
00000000
00000000
00000000
00000000
00000000
00000000
00000000
00000000
00000000
00000000
00000000
00000000
00000000
00000000
00000000
00000000
00000000
00000000
00000000
00000000
00000000
00000000
00000000
00000000
00000000
00000000
00000000
00000000
00000000
00000000
00000000
00000000
00000000
00000000
00000000
00000000
00000000
00000000
00000000
00000000
00000000
00000000
00000000
00000000
00000000
00000000
00000000
00000000
00000000
00000000
00000000
00000000
00000000
00000000
00000000
00000000
00000000
00000000
00000000
00000000
00000000
00000000
00000000
00000000
00000000
00000000
00000000
00000000
00000000
00000000
00000000
00000000
00000000
00000000
00000000
00000000
00000000
00000000
00000000
00000000
00000000
00000000
00000000
00000000
00000000
00000000
00000000
00000000
00000000
00000000
00000000
00000000
00000000
00000000
00000000
00000000
00000000
00000000
00000000
00000000
00000000
00000000
00000000
00000000
00000000
00000000
00000000
00000000
00000000
00000000
00000000
00000000
00000000
00000000
00000000
00000000
00000000
00000000
00000000
00000000
00000000
00000000
00000000
00000000
00000000
00000000
00000000
00000000
00000000
00000000
00000000
00000000
00000000
00000000
00000000
00000000
00000000
00000000
00000000
00000000
00000000
00000000
00000000
00000000
00000000
00000000
00000000
00000000
00000000
00000000
00000000
00000000
00000000
00000000
00000000
00000000
00000000
00000000
00000000
00000000
00000000
00000000
00000000
00000000
00000000
00000000
00000000
00000000
00000000
00000000
00000000
00000000
00000000
00000000
00000000
00000000
00000000
00000000
00000000
00000000
00000000
00000000
00000000
00000000
00000000
00000000
00000000
00000000
00000000
00000000
00000000
00000000
00000000
00000000
00000000
00000000
00000000
00000000
00000000
00000000
00000000
00000000
00000000
00000000
00000000
00000000
00000000
00000000
00000000
00000000
00000000
00000000
00000000
00000000
00000000
00000000
00000000
00000000
00000000
00000000
00000000
00000000
00000000
00000000
00000000
00000000
00000000
00000000
00000000
00000000
00000000
00000000
00000000
00000000
00000000
00000000
00000000
00000000
00000000
00000000
00000000
00000000
00000000
00000000
00000000
00000000
00000000
00000000
00000000
00000000
00000000
00000000
00000000
00000000
00000000
00000000
00000000
00000000
00000000
00000000
00000000
00000000
00000000
00000000
00000000
00000000
00000000
00000000
00000000
00000000
00000000
00000000
00000000
00000000
00000000
00000000
00000000
00000000
00000000
00000000
00000000
00000000
00000000
00000000
00000000
00000000
00000000
00000000
00000000
00000000
00000000
00000000
00000000
00000000
00000000
00000000
00000000
00000000
00000000
00000000
00000000
00000000
00000000
00000000
00000000
00000000
00000000
00000000
00000000
00000000
00000000
00000000
00000000
00000000
00000000
00000000
00000000
00000000
00000000
00000000
00000000
00000000
00000000
00000000
00000000
00000000
00000000
00000000
00000000
00000000
00000000
00000000
00000000
00000000
00000000
00000000
00000000
00000000
00000000
00000000
00000000
00000000
00000000
00000000
00000000
00000000
00000000
00000000
00000000
00000000
00000000
00000000
00000000
00000000
00000000
00000000
00000000
00000000
00000000
00000000
00000000
00000000
00000000
00000000
00000000
00000000
00000000
00000000
00000000
00000000
00000000
00000000
00000000
00000000
00000000
00000000
00000000
00000000
00000000
00000000
00000000
00000000
00000000
00000000
00000000
00000000
00000000
00000000
00000000
00000000
00000000
00000000
00000000
00000000
00000000
00000000
00000000
00000000
00000000
00000000
00000000
00000000
00000000
00000000
00000000
00000000
00000000
00000000
00000000
00000000
00000000
00000000
00000000
00000000
00000000
00000000
00000000
00000000
00000000
00000000
00000000
00000000
00000000
00000000
00000000
00000000
00000000
00000000
00000000
00000000
00000000
00000000
00000000
00000000
00000000
00000000
00000000
00000000
00000000
00000000
00000000
00000000
00000000
00000000
00000000
00000000
00000000
00000000
00000000
00000000
00000000
00000000
00000000
00000000
00000000
00000000
00000000
00000000
00000000
00000000
00000000
00000000
00000000
00000000
00000000
00000000
00000000
00000000
00000000
00000000
00000000
00000000
00000000
00000000
00000000
00000000
00000000
00000000
00000000
00000000
00000000
00000000
00000000
00000000
00000000
00000000
00000000
00000000
00000000
00000000
00000000
00000000
00000000
00000000
00000000
00000000
00000000
00000000
00000000
00000000
00000000
00000000
00000000
00000000
00000000
00000000
00000000
00000000
00000000
00000000
00000000
00000000
00000000
00000000
00000000
00000000
00000000
00000000
00000000
00000000
00000000
00000000
00000000
00000000
00000000
00000000
00000000
00000000
00000000
00000000
00000000
00000000
00000000
00000000
00000000
00000000
00000000
00000000
00000000
00000000
00000000
00000000
00000000
00000000
00000000
00000000
00000000
00000000
00000000
00000000
00000000
00000000
00000000
00000000
00000000
00000000
00000000
00000000
00000000
00000000
00000000
00000000
00000000
00000000
00000000
00000000
00000000
00000000
00000000
00000000
00000000
00000000
00000000
00000000
00000000
00000000
00000000
00000000
00000000
00000000
00000000
00000000
00000000
00000000
00000000
00000000
00000000
00000000
00000000
00000000
00000000
00000000
00000000
00000000
00000000
00000000
00000000
00000000
00000000
00000000
00000000
00000000
00000000
00000000
00000000
00000000
00000000
00000000
00000000
00000000
00000000
00000000
00000000
00000000
00000000
00000000
00000000
00000000
00000000
00000000
00000000
00000000
00000000
00000000
00000000
00000000
00000000
00000000
00000000
00000000
00000000
00000000
00000000
00000000
00000000
00000000
00000000
00000000
00000000
00000000
00000000
00000000
00000000
00000000
00000000
00000000
00000000
00000000
00000000
00000000
00000000
00000000
00000000
00000000
00000000
00000000
00000000
00000000
00000000
00000000
00000000
00000000
00000000
00000000
00000000
00000000
00000000
00000000
00000000
00000000
00000000
00000000
00000000
00000000
00000000
00000000
00000000
00000000
00000000
00000000
00000000
00000000
00000000
00000000
00000000
00000000
00000000
00000000
00000000
00000000
00000000
00000000
00000000
00000000
00000000
00000000
00000000
00000000
00000000
00000000
00000000
00000000
00000000
00000000
00000000
00000000
00000000
00000000
00000000
00000000
00000000
00000000
00000000
00000000
00000000
00000000
00000000
00000000
00000000
00000000
00000000
00000000
00000000
00000000
00000000
00000000
00000000
00000000
00000000
07589d9e
bd1c24db
a5330db9
c5260915
24f5e240
b39eb8c4
64677c01
20935a7c
2cc254fe
1d4af173
81152b5e
7e651651
56ef4414
f473ba21
8fe997e7
1d74e3d3
a2000003
00004a38
0003e734
00000000
00000000
00000000
00000000
00000000
731ae80a
f8e93ab5
d08fe4eb
7f417ed3
ad2e85b2
776bf4d4
0a079f78
0ac1dfb9
857a7b9c
5f79c97f
b6c073f7
056ff292
1018ab1f
75c32f9c
7298fff6
fcd62289
0000000a
00000000
00000000
12700000
000049f8
00000000
00000000
00000000
00000000
00000000
00000000
00000001
00000000
00000000
00000000
00000000
00005197
1b818193
00000297
01828293
30529073
00100293
00028463
7c105073
00000297
13428293
30529073
00000113
00011663
00006117
d4c10113
f1402573
13174281
0313ed90
7113fbe3
8563ff01
911a00a2
bfd50285
00000097
07e08093
00008363
25739082
4581f140
00ef4601
00930f60
83630000
90820000
00000297
00c28293
30529073
00002303
0000bff5
80820000
b37346a1
42a13006
0055c563
00757613
0023ca11
05050005
47e315fd
1073feb0
80823003
00053023
15e10521
fcb04ee3
30031073
30238082
03210003
fe734de3
84068082
ed900297
f2828293
06028763
ed900297
f1c28293
f14027f3
b07346a1
13173006
0313ed90
5397f0a3
83930000
0333c823
53634061
831e0073
0463838a
f0ef0073
9a63fb5f
43170257
03130000
53972123
83930000
04638d23
f0ef0073
0317f99f
03130000
039768a3
83930000
04636823
f0ef0073
80a2f81f
00008082
342022f3
34102373
343023f3
8082bfd5
51978406
81930000
02930521
11630000
42970e55
82930000
43171ba2
03130000
53971b23
83930000
8c638723
5a630062
b5030073
02a10002
00a33023
4ae30321
0297fe73
82930000
031761a2
03130000
03976123
83930000
8c6360a3
5a630062
b5030073
02a10002
00a33023
4ae30321
100ffe73
02970000
82930000
03175e62
03130000
03975de3
83930000
8c635d63
5a630062
b5030073
02a10002
00a33023
4ae30321
100ffe73
43170000
03130000
83937ea3
5763bc01
30230073
03210003
fe734de3
00004217
7d020213
9602c211
00004517
ccc50513
4b1030ef
4f5030ef
00004517
f6a50513
4a1030ef
75b030ef
f0fff0ef
b07356fd
b0733046
27f33446
27373010
8f7d0004
b073c709
b0733036
07373026
8f7d0004
b073c319
67411806
0287071b
cb898ff9
300027f3
8fd96709
30079073
00305073
60000793
3007a073
300027f3
6007f793
7057c789
5073cc00
30ef00f0
45056f70
00000597
4cc58593
00000617
4cc60613
2cd000ef
6b5000ef
808280a2
11418082
22f3e406
0313f140
85630000
00730062
bff51050
510000ef
014160a2
00008082
00000000
65637845
6f697470
6948206e
6d202174
73756163
30203a65
38302578
6d202c78
3a637065
25783020
2c783830
76746d20
203a6c61
30257830
000a7838
00000000
7561634d
45206573
70656378
6e6f6974
646f4320
30203a65
38302578
00000a78
20776f4e
74697845
2e676e69
000a2e2e
20746f4e
61762061
2064696c
65726874
6c6f6873
6f632064
6769666e
74617275
216e6f69
65684320
73206b63
70757465
00000a21
00000000
20746f4e
61762061
2064696c
69616c63
6f632d6d
656c706d
63206574
69666e6f
61727567
6e6f6974
68432021
206b6365
75746573
000a2170
00000000
00000000
00000000
00000000
00000000
00000000
00000000
00000000
00000000
00000000
00000000
00000000
00000000
00000000
00000000
00000000
00000000
00000000
00000000
00000000
00000000
00000000
00000000
00000000
00000000
00000000
00000000
00000000
00000000
00000000
00000000
00000000
00000000
00000000
00000000
00000000
00000000
00000000
00000000
00000000
00000000
00000000
2b302d23
00000020
004c6c68
00000000
45676665
00004746
33323130
37363534
42413938
46454443
00000000
00000000
33323130
37363534
62613938
66656463
00000000
00001c44
00001c5a
00001c1a
00001c1a
00001c1a
00001c1a
00001c5a
00001c1a
00001c1a
00001c1a
00001c1a
00001db4
00001c98
00001d52
00001c1a
00001c1a
00001de8
00001c1a
00001c98
00001c1a
00001c1a
00001d5a
00000000
127023e6
00000000
127024e0
00000000
12702452
00000000
00000000
00000000
00000000
00000000
1270267c
00000000
1270269c
00000000
1270246c
00000000
1270244e
00000000
12702506
00000000
12702560
00000000
00000000
00000000
00000000
00000000
00000000
00000000
00000000
00000000
00000000
00000000
00000000
00000000
00000000
00000000
00000000
00000000
127025f2
00000000
127023b2
00000000
00000000
00000000
00000000
00000000
00000000
00000000
00000000
00000000
00000000
00000000
00000000
00000000
00000000
00000000
12702906
00000000
1270290c
00000000
1270292c
00000000
1270295a
00000000
12702a7a
00000000
1270295c
00000000
12702966
00000000
12702afe
00000000
1270296a
00000000
1270296e
00000000
127029a2
00000000
127029d6
00000000
12702a0a
00000000
12703c52
00000000
12702a24
00000000
12702a36
00000000
12702a3c
00000000
12702a44
00000000
12702a5e
00000000
127026bc
00000000
12702a9e
00000000
12702b08
00000000
12703aae
00000000
00000000
00000000
00000000
00000000
00000000
00000000
00000000
00000000
12703adc
00000000
00000000
00000000
12703c30
00000000
12703c34
00000000
00000000
00000000
00000000
00000000
00000000
00000000
00000000
00000000
00000000
00000000
00000000
00000000
00000000
00000000
00000000
00000000
12702902
00000000
00000000
00000000
00000000
00000000
00000000
00000000
00000000
00000000
00000000
00000000
00000000
00000000
00000000
00000000
00000000
00000000
12700798
00000000
00000000
00000000
6762696c
73736f6c
00000000
00000000
12704330
00000000
00040301
00000000
12703c6c
00000000
00000000
00000000
00000000
00000000
00000000
00000000
00000000
00000000
00000000
00000000
00000000
00000000
00000000
00000000
00000000
00000000
006c7179
f4064501
c602f026
065000ef
49e030ef
00ef84aa
85263500
376000ef
e9052501
22c000ef
234000ef
0c0027b7
c398577d
b7b745b2
879bfabf
9fadb007
0814c83e
46094785
ca3e4501
72a000ef
70a2a001
25017482
80826145
00000000
00000000
00000000
00000000
00000000
00000000
00000000
00000000
00000000
00000000
00000000
00000000
00000000
00000000
00000000
00000000
00000000
00000000
00000000
00000000
00000000
00000000
00000000
00000000
00000000
00000000
00000000
00000000
00000000
00000000
00000000
00000000
00000000
00000000
00000000
00000000
00000000
00000000
00000000
00000000
00000000
1060006f
0fc0006f
0f80006f
0f60006f
0f00006f
0ec0006f
0e80006f
0e80006f
0e00006f
0dc0006f
0d80006f
2f40006f
0d00006f
0cc0006f
0c80006f
0c40006f
0c00006f
0bc0006f
0b80006f
0b40006f
0b00006f
0ac0006f
0a80006f
0a40006f
0a00006f
09c0006f
0980006f
0940006f
0900006f
08c0006f
0880006f
0840006f
0800006f
07c0006f
0780006f
0740006f
0700006f
06c0006f
0680006f
0640006f
0600006f
05c0006f
0580006f
0540006f
0500006f
04c0006f
0480006f
0440006f
00000000
00000000
00000000
00000000
00000000
00000000
00000000
00000000
00000000
00000000
00000000
00000000
00000000
00000000
00000000
00000000
a001a001
1141a001
e022e406
34202473
26732401
26f33410
05173430
05130000
26818e65
85a22601
033000ef
3ff47593
00000517
91050513
023000ef
00000517
92450513
017000ef
0ee00513
738000ef
879b6785
a7f38007
80823047
a7f347a1
80823007
b7f347a1
80823007
0025151b
020007b7
a02397aa
000f0007
80820ff0
03100793
00f59963
00d5151b
0c2007b7
08f5053b
07938082
97630510
151b00f5
17b700d5
b7ed0c20
05171141
05130000
e4068c65
7a6000ef
450160a2
80820141
03100793
00f59a63
00d5151b
0c2007b7
053b0791
808208f5
05100793
00f59763
00d5151b
0c2017b7
1141b7e5
00000517
8bc50513
00efe406
60a27640
01414501
07938082
81630310
079304f6
9c630510
26b702f6
86930c00
571b0806
171b0055
073b0027
179b0807
87bb0086
470508e7
153b97b6
470500a7
9a634394
8ec900e5
0006871b
8082c398
0c0026b7
f733b7f9
270140a6
151bbfc5
07b70025
053b0c00
c10c08f5
11018082
e44ae826
4481ec06
ef5ff0ef
02200913
45898526
f0ef2485
9be3fd9f
60e2ff24
692264c2
61054501
71798082
f406f026
e84eec4a
84aae452
ec5ff0ef
00000797
d5c78793
0017e793
30579073
a2018913
f0ef8526
8a13eb3f
89caaa41
a5032481
06930009
86260310
f0ef4581
a503f31f
06930009
86260510
09914581
f1fff0ef
fd499fe3
00092503
03100693
45858626
f0ef0911
17e3f09f
8526ff49
03100593
e79ff0ef
478570a2
7482c11c
69c26962
45016a22
80826145
f6867149
ee9af296
e6a6ea9e
fe2ee2aa
f636fa32
ee3ef23a
e646ea42
fdcee24a
f5d6f9d2
edf6f1f2
e5fee9fa
b906bd02
b10eb50a
a916ad12
a11ea51a
b8aebcaa
b0b6b4b2
a8beacba
a0c6a4c2
b876bc72
b07eb47a
f14024f3
00048a9b
03100593
f0ef8556
2983e3ff
892a0005
4501006c
3e0000ef
00004a17
d70a0a13
000a2783
00249693
20232785
8e6300fa
87930c09
863b9101
47b30809
439820f6
053b6505
073b0155
861308c7
47339981
061320c7
84b30210
c30802c4
00004717
d2070713
43149736
00004617
d5c60613
450145b2
089684bb
20c4c4b3
26854390
0134a023
c3902605
00efc314
20230f80
27830139
cf91000a
07b745b2
879b1011
9fad1007
46090814
c83e4501
00efca2e
70b624c0
63767296
64b663d6
75f26516
76b27652
67f27712
68b26852
79ee6912
7aae7a4e
6eee7e0e
6fae6f4e
30ca306a
318a312a
22ca226a
238a232a
35c63566
36863626
27c62766
28862826
3ec23e62
3f823f22
00736175
47973020
87930000
97b6c7a7
27054398
bfa5c398
4785b4a5
95be179a
8082c190
179a4785
418895be
11018082
1000ec22
262387aa
2783fef4
871bfec4
47fd0007
00e7f463
a01157f5
853e4781
61056462
11018082
1000ec22
262387aa
2783fef4
871bfec4
47fd0007
00e7f463
a01157f5
853e4781
61056462
71798082
f022f406
3c231800
87aefca4
fcf42a23
fe042623
fd442783
f0ef853e
87aaf95f
2783873e
8fd9fec4
fef42623
fec42783
c3992781
a82d57f5
100077b7
38078793
fef42423
fe042223
fd442783
4785873e
00e797bb
22232781
6783fef4
2703fe84
863afe44
350385be
f0effd84
4781f31f
70a2853e
61457402
71398082
f822fc06
3c230080
87aefca4
fcc43423
fcf42a23
fe042623
fd442783
f0ef853e
87aaf3df
2783873e
8fd9fec4
fef42623
fec42783
c3992781
a82557f5
fd442783
27b7873e
879b0400
9fb9c937
979b2781
24230027
6783fef4
85befe84
fd843503
ec9ff0ef
871b87aa
37830007
c398fc84
853e4781
744270e2
80826121
fc067139
0080f822
fca43c23
342387ae
2a23fcc4
2623fcf4
2783fe04
853efd44
ebfff0ef
873e87aa
fec42783
26238fd9
2783fef4
2781fec4
57f5c399
2783a825
873efd44
040027b7
c337879b
27819fb9
0027979b
fef42423
fe846783
350385be
f0effd84
87aae4bf
0007871b
fc843783
4781c398
70e2853e
61217442
715d8082
e0a2e486
34230880
87aefca4
3c238732
2223fad4
87bafcf4
fcf42023
fe042423
fc442783
f0ef853e
87aae39f
2783873e
8fd9fe84
fef42423
fe842783
c3992781
a07557f5
fdc40713
fc442783
85be863a
fc843503
f2dff0ef
fd840713
fc442783
85be863a
fc843503
e9bff0ef
fdc42703
fd842783
40f707bb
fef42223
fc442783
27b7873e
879b0400
9fb9cb37
979b2781
20230027
2783fef4
873efc04
fe442783
27812701
00e7f463
a09157fd
fe042623
6683a02d
6783fe04
078afec4
fb843703
439c97ba
85b6863e
fc843503
d57ff0ef
fec42783
26232785
2783fef4
873efec4
fc042783
27812701
fcf765e3
853e4781
640660a6
80826161
f5067171
1900f122
f4a43c23
f4b43823
fe042623
f6840793
08000713
4581863a
00ef853e
47b111e0
f6f42423
0ff00793
f6f42623
0ff00793
f6f42823
0ff00793
f6f42a23
0ff00793
f6f42c23
0ff00793
f6f42e23
0ff00793
f8f42023
0ff00793
f8f42223
24234789
478df8f4
f8f42623
28234791
4795f8f4
f8f42a23
2c234799
479df8f4
f8f42e23
202347a1
47a5faf4
faf42223
28234785
4785faf4
faf42a23
2c2347b5
47b5faf4
faf42e23
0ff00793
fcf42023
0ff00793
fcf42223
242347a9
47a9fcf4
fcf42623
282347ad
47adfcf4
fcf42a23
100087b7
aa078793
fef42423
fe846783
350385be
f0eff584
87aac4bf
fef42623
fec46783
17c1078a
a70397a2
3783f787
c398f504
853e4781
740a70aa
8082614d
e0221141
3797e406
87930000
842ae7e7
4581c781
671020ef
fffff517
60c53503
c391653c
85229782
46b020ef
872a433d
02c37163
00f77793
e1bde3c1
ff067693
96ba8a3d
e70ce30c
6de30741
e211fed7
06b38082
068a40c3
00000297
80679696
072300a6
06a300b7
062300b7
05a300b7
052300b7
04a300b7
042300b7
03a300b7
032300b7
02a300b7
022300b7
01a300b7
012300b7
00a300b7
002300b7
808200b7
0ff5f593
00859693
96938dd5
8dd50105
02059693
b7598dd5
00279693
00000297
82869696
fa2680e7
17c18096
963e8f1d
f8c371e3
7159b79d
f406f022
fc2e842a
e4b6e0b2
ecbee8ba
f4c6f0c2
00003517
75053503
591cc519
e42ae789
0d2000ef
690c6522
86221834
00efec36
70a239a0
61657402
11418082
e406e022
1823842a
192300b5
302300c5
34230005
26230005
3c230a05
20230005
24230205
46210205
05134581
f0ef0a45
0797ee7f
87930000
e03c6367
00000797
65e78793
0797e43c
87930000
e83c6a47
00000797
6d278793
fc0060a2
6402ec3c
80820141
00001597
a3458593
1101aab9
0793e426
849b0b00
84b3fff5
e04a02f4
e822892e
8593ec06
00ef0c84
842a1ac0
3023cd01
24230005
05610125
8613e808
45810b04
e71ff0ef
852260e2
64a26442
61056902
591c8082
1141ebad
e406e022
00000797
fa478793
3023e53c
24230805
38230805
f7970805
b783ffff
842a4367
00f51463
d91c4785
00ef8522
e4080420
00ef8522
e80803a0
00ef8522
ec080320
46016408
f0ef4591
6808ef9f
45a54605
eefff0ef
46096c08
f0ef45c9
4785ee5f
d81c60a2
01416402
80828082
e4261101
fffff497
3dc4b483
e04a589c
e822ec06
e781892a
f0ef8526
8493f71f
68800804
37fd449c
0007d663
cfa9609c
bfc56084
01041703
77c1e729
26230785
30230a04
34230004
c81c0004
00043c23
02042023
02042423
45814621
0a440513
d89ff0ef
06043023
06042423
08043023
08042423
852260e2
64a26442
61056902
04138082
b7450b04
854a4591
eb7ff0ef
842ae088
47b1fd51
00f92023
715dbfe1
fc26e0a2
f052f44e
e45ee85a
f84ae486
89aaec56
04938a2e
44010805
5bfd4b05
0104b903
0084aa83
d0633afd
6084020a
60a6f8e5
64068522
794274e2
7a0279a2
6b426ae2
61616ba2
57838082
7b630109
178300fb
87630129
85ca0177
9a02854e
24018c49
0b090913
8793b7c1
71790075
07379be1
ec268000
07a1e84a
f4064941
e44ef022
fff74713
f93384aa
64630b27
7c6300f7
47b100b9
4501c09c
740270a2
694264e2
614569a2
00ef8082
36971d70
86930000
62984f26
e80d843a
00003417
4ec40413
e791601c
85264581
3a0000ef
85cae008
00ef8526
59fd3960
05351e63
c09c47b1
00ef8526
bf4519d0
87bb601c
c0634127
463d0407
00f65763
943ee01c
01243023
641ca029
02871363
8526e29c
173000ef
00f40513
00840793
07bb9961
dfad40f5
07bb943e
e01c40f0
e71cbf85
8722bff9
b7516400
00750413
01e39861
05b3fc85
852640a4
324000ef
fb351ae3
465cbf41
fff7871b
5963c658
561c0007
00f74563
936347a9
aecd00f5
852e621c
00178713
8023e218
808200b7
f0227179
e84aec26
e052e44e
892af406
843289ae
00d604b3
14635a7d
45010094
4583a811
864e0004
f0ef854a
0405fadf
ff4515e3
740270a2
694264e2
6a0269a2
80826145
e1a27155
f94afd26
f152f54e
ed56e586
e55ee95a
fce6e162
89aaf8ea
893284ae
4a018436
591cc509
f0efe399
f797d01f
8793ffff
9e63dc27
b4830cf4
d7830089
8ba10104
6c9ccbed
0793c7fd
04a30200
5afd02f1
03000793
0523d202
e42202f1
02500b93
020a9c13
fffffb17
df8b0b13
844a4c85
00044783
9263c399
0d3b0f77
0e634124
86ea000d
85a6864a
f0ef854e
0a63f2ff
57921f55
01a787bb
4783d23e
82630004
09131e07
e8620014
09a3ec02
d4820401
00094583
855a4615
7ea000ef
041347c2
ed510019
0107f713
0713c709
09a30200
f71304e1
c7090087
02b00713
04e109a3
00094683
02a00713
08e68363
844a47f2
46254681
47034829
05130004
059b0014
872efd07
0ab67a63
ce3ecabd
f797a88d
8793ffff
9563d167
b48300f4
bf310109
fffff797
c9478793
f0f499e3
0189b483
85a6b729
00ef854e
d51135c0
60ae557d
74ea640e
79aa794a
6aea7a0a
6baa6b4a
7ce66c0a
61697d46
04058082
0533bf11
953b4165
8fc900ac
8922c83e
6722b791
00870693
e4364318
02074963
4703ce3a
07930004
106302e0
470304f7
07930014
106302a0
67a20af7
87130409
439c0087
c163e43a
ca3e0207
073ba839
e79340e0
ce3a0027
b7e1c83e
02f807bb
4685842a
bf159fb9
4583ca56
460d0004
fffff517
c9850513
6ce000ef
f797cd11
8793ffff
8d1dc8a7
071347c2
173b0400
8fd900a7
c83e0405
00044583
f5174619
0513ffff
0913c725
04230014
00ef02b1
c1516980
00000793
4742eba1
771367a2
c3291007
9bc107bd
e43e07c1
87bb5792
d23e0147
0405bd3d
4681ca02
46254781
47034829
05130004
059b0014
872efd07
00b67463
bf95fab9
02f807bb
4685842a
b7c59fb9
b7d107a1
06970038
86930000
8626d526
854e080c
00000097
000000e7
15e38a2a
d783fb55
f7930104
99e30407
5512ea07
0038b57d
00000697
d2468693
080c8626
00ef854e
bfd97d20
e0221141
852e842a
00003797
1207ae23
20efe406
57fd5820
00f51863
00003797
1287a783
c01cc391
640260a2
80820141
e0221141
9583842e
e4060125
20d000ef
00054963
97aa6c5c
60a2ec5c
01416402
57838082
777d0104
8ff9177d
00f41823
d783b7ed
71790105
ec26f022
e44ee84a
f793f406
84aa1007
8932842e
c79989b6
01259583
46014689
43e000ef
01045783
177d777d
15838ff9
18230124
740200f4
86ce70a2
69a2864a
85266942
614564e2
1141a219
842ee022
01259583
00efe406
577d4080
01045783
00e51b63
177d777d
18238ff9
60a200f4
01416402
67058082
18238fd9
ec4800f4
9583b7fd
a4210125
f0227179
e84aec26
e44ef406
892e84aa
c5098432
e399591c
977ff0ef
fffff797
a3878793
06f41a63
541c6480
5783c45c
8ba10104
6c1cc3d1
6c1cc3c1
79936008
894e0ff9
501c9d1d
00f54763
852685a2
320000ef
445ce53d
37fd2505
601cc45c
00178713
8023e018
501c0137
00a78963
01045783
cb898b85
176347a9
85a200f9
00ef8526
ed152ee0
740270a2
69a264e2
6942854a
80826145
fffff797
9f478793
00f41463
b7516880
fffff797
97478793
f6f41de3
bf956c80
852685a2
03e000ef
597ddd2d
1141b7d1
842ae022
85b2852e
37978636
a1230000
e406f807
408020ef
186357fd
379700f5
a7830000
c391f6e7
60a2c01c
01416402
11018082
e426e822
ec06e04a
00003497
ef84b483
842e892a
589cc491
8526e781
877ff0ef
fffff797
93878793
02f41663
17836480
f6930104
c73b0087
eab50807
01077693
4725ea95
00e92023
0407e793
00f41823
a879557d
fffff797
93c78793
00f41463
b7f16880
fffff797
8bc78793
fcf411e3
bf756c80
c7158b11
c991702c
07c40793
00f58563
00ef854a
30233a60
57830604
24230104
f7930004
1823fdb7
6c1c00f4
5783e01c
e7930104
18230087
6c1c00f4
5783ef89
07130104
f7932000
86632807
85a200e7
00ef854a
17832a60
f6930104
c73b0017
c29d0807
26235014
06bb0004
d41440d0
45016c14
7713e681
ff290807
644260e2
690264a2
80826105
00277693
e2914601
c4505010
1141bff1
842ae022
3797852e
a3230000
e406e407
224020ef
186357fd
379700f5
a7830000
c391e327
60a2c01c
01416402
d7838082
71790105
ec26f022
e84af406
f713e44e
84aa0087
ef69842e
4d634598
5db800e0
00e04a63
70a24501
64e27402
69a26942
80826145
d77d6838
a9036685
8ff50004
0004a023
cfa57c0c
57836c50
8b910104
441cc799
703c8e1d
5c3cc399
683c8e1d
46817c0c
97828526
570357fd
1d630104
409400f5
e76347f5
07b706d7
17f9dfc0
40d7d7b3
efb98b85
24236c1c
e01c0004
8f7d6785
57fdc719
00f51463
e391409c
702cec48
0124a023
0793ddb5
856307c4
852600f5
23c000ef
06043023
4601b7a5
85264685
57fd9702
10e3862a
409cf8f5
4775dfad
00e78563
94634759
a02304e7
b7890124
04076713
00e41823
bf25557d
0185b983
f20988e3
0005b903
b0238b8d
093b0135
47014139
5198e391
5be3c458
643cf120
86ca7c0c
8526864e
49639782
578300a0
e7930104
18230407
bf7d00f4
093b99aa
bfe140a9
c3a56d9c
e8221101
842aec06
591cc519
e42ee789
e0aff0ef
e79765a2
8793ffff
9b636ca7
640c00f5
01059783
8522c795
60e26442
bd416105
ffffe797
6e478793
00f59463
b7cd680c
ffffe797
66478793
fcf59ce3
bfc96c0c
644260e2
61054501
45018082
11418082
842ae022
85b2852e
37978636
a9230000
e406c607
08c020ef
186357fd
379700f5
a7830000
c391c5e7
60a2c01c
01416402
71758082
842ee122
01259583
f8cafca6
84b2e506
d4638936
57830205
f7930104
cf8d0807
07134781
60aa0400
2023640a
e09800f9
74e67946
61494501
00308082
544000ef
fc054be3
673d47b2
67098ff9
b7938f99
07130017
bfc14000
bfe54781
0105d783
f0227179
ec26f406
8b89e84a
cf89842e
07f40793
ec1ce01c
d01c4785
740270a2
694264e2
80826145
00300054
f0ef84aa
65a2f71f
8526892a
e6aff0ef
1783ed01
f7130104
fb792007
e7939bf1
18230027
bf7d00f4
fffff797
47c78793
5783e4bc
e0080104
e793ec08
18230807
67a200f4
4792d01c
1583cf91
85260124
4d6000ef
5783c901
9bf10104
0017e793
00f41823
01045783
0127e533
00a41823
f593b741
962a0ff5
00c51463
80824501
00054783
feb78de3
b7fd0505
80828082
b783c1cd
1101ff85
ec06e822
ff858413
0007d363
e42a943e
fe5ff0ef
00003717
b0070713
6522631c
3423eb81
e3000004
60e26442
b7e16105
00f47d63
06b36010
966300c4
639400d7
96b2679c
e41ce014
873ebff9
c399679c
fef47de3
06336314
1f6300d7
60100086
e31496b2
00d70633
fcc790e3
679c6390
e31496b2
bf4de71c
00c47563
c11c47b1
6010b765
00c406b3
00d79663
679c6394
e01496b2
e700e41c
8082bf41
f052715d
8a3a499c
e0a24598
f44efc26
e486ec56
e85af84a
e7b3e45e
c21c0ae7
0435c703
842e89aa
8ab684b2
2785c319
401cc21c
0207f793
409cc781
c09c2789
00042903
00697913
00091a63
01940b13
445c5bfd
9f994098
04f94d63
04344783
00f03633
00f036b3
f793401c
e7bd0207
04340613
854e85d6
57fd9a02
04f50263
4711401c
8b994901
00e79763
4098445c
e9339f99
441c0b27
55634818
9f9900f7
0127893b
04694481
1a635b7d
45010499
4685a809
85d6865a
9a02854e
01751e63
60a6557d
74e26406
79a27942
6ae27a02
6ba26b42
80826161
bfa52905
00d407b3
03000693
04d781a3
0016071b
0026069b
04544603
00e407b3
04c781a3
4685bf95
85d68622
9a02854e
fb650ce3
bf712485
e0a2715d
f44ef84a
e486f052
ec56fc26
c803e85a
07930185
892a0780
89b2842e
e2638a36
07930307
86930620
e1630435
03630307
07931c08
e6170580
0613ffff
08633c66
049314f8
01230424
a8150504
f9d8079b
0ff7f793
66e34655
e617fef6
0613ffff
c7b33ce6
439c20c7
878297b2
8493631c
86930425
439c0087
8123e314
478504f5
419ca275
f6136308
05930807
c20d0085
e30c611c
0007d863
02d00713
40f007b3
04e401a3
ffffe617
35860613
a82d4829
0407f613
e30c411c
9793de71
bfd96057
631c4190
08067513
00878593
639ccd41
0713e30c
e61706f0
0613ffff
0d633266
48290ee8
040401a3
c4184058
00074563
99ed400c
e399c00c
cf1984b6
f73384b6
14fd0307
47039732
80230007
873e00e4
0307d7b3
ff0775e3
1e6347a1
401c00f8
cb918b85
481c4058
00e7c763
03000793
fef48fa3
8e8514fd
8752c814
007086ce
854a85a2
da9ff0ef
15635afd
557d0f55
640660a6
794274e2
7a0279a2
6b426ae2
80826161
7613439c
e30c0406
c7bbc601
b7850807
080787bb
419cbfa9
0a07e793
0813c19c
e6170780
0613ffff
02a328e6
400c0504
f813631c
85130805
01630087
639c0208
f713e308
c7010015
0205e593
4841c00c
4018fb85
fdf77713
b71dc018
f813439c
e3080405
00080563
0807c7bb
87bbbfd9
bfc10807
b7294821
631c4190
781349cc
85130806
09630087
e3080008
e38c639c
00042823
b78184b6
7613e308
639c0406
9023c601
b7ed00b7
b7ddc38c
41d0631c
86934581
e3140087
85266384
c0bff0ef
8d05c119
405cc048
01a3c81c
b7210404
86264814
854a85ce
08e39a02
401cf155
e7858b89
47b24448
0af56533
4685b701
85ce8656
9a02854a
ef6509e3
445c2485
9f994732
fef4c5e3
4481bff1
01940a93
b7f55b7d
e0221141
852e842a
863685b2
00002797
6e07a823
10efe406
57fd3210
00f51863
00002797
6dc7a783
c01cc391
640260a2
80820141
e0221141
852e842a
279785b2
af230000
e4066a07
2bb010ef
186357fd
279700f5
a7830000
c3916aa7
60a2c01c
01416402
11418082
842ae022
2797852e
a7230000
e4066807
2a1010ef
186357fd
279700f5
a7830000
c39167a7
60a2c01c
01416402
27978082
87930000
07b302e7
b79340f5
66910017
0035959b
97ae07e6
00468713
55fd973e
97b6c30c
0006069b
9601c394
4501c310
71798082
2903e84a
f4060085
ec26f022
1563e44e
24170209
04130000
0433fe64
34134085
84aa0014
0014141b
00002997
ff898993
00891b63
c49c4785
740270a2
694264e2
614569a2
458d8082
00090363
b783459d
86a60009
7f9c4601
00002517
fc850513
97822905
557db7f1
106f8082
114163a0
2573e406
2501f140
03f010ef
014160a2
0310106f
fc067139
f426f822
ec2e842a
e436e832
610010ef
0005049b
fd3ff0ef
00002797
f5878793
47858c1d
0297e063
664266a2
341365e2
141b0014
47810014
00002817
f6080813
00f41863
744270e2
557d74a2
80826121
c391470d
1463471d
84630105
278500e5
611cb7c5
70e27442
7f9c74a2
87826121
ec061101
f0efe42e
c911f71f
470565a2
00b76763
60e2611c
6105679c
60e28782
6105557d
11018082
e822ec06
c58de42e
f0ef842a
2797f45f
87930000
8c1deca7
341365a2
141b0014
47810014
00002697
edc68693
00f41763
644260e2
6105557d
470d8082
471dc391
00d51463
00e58463
b7cd2785
6442611c
67bc60e2
87826105
ec061101
e42ee822
842ac58d
eebff0ef
00002797
e7078793
65a28c1d
00143413
0014141b
26974781
86930000
1763e826
60e200f4
557d6442
80826105
c391470d
1463471d
846300d5
278500e5
611cb7cd
60e26442
61056bbc
27978782
87930000
8d1de267
00153513
056667b1
ffc78713
972a17e1
430c953e
4310411c
069b2781
1ae30006
9513feb6
87bb0206
8d5d0807
27978082
87930000
1141dee7
40f50733
3713e022
e4060017
8432478d
8b630766
ce6304f5
478500b7
02f58663
8a634789
57fd02f5
640260a2
0141853e
47918082
fef599e3
d67d4781
979b421c
97ba0027
b7cd439c
de7957fd
f73ff0ef
4781e008
57fdbfd1
421cda61
0027979b
a02397ba
b7f50007
de5d57fd
979b421c
97ba0027
c3984705
0480000f
bfd1439c
ec061101
842ae822
62a010ef
0070c62a
45898522
f63ff0ef
644260e2
80826105
ec061101
842ae822
60a010ef
0070c62a
458d8522
f43ff0ef
644260e2
80826105
80824501
27f385aa
2717f140
07130000
e7b32f27
638820e7
342027f3
f793c515
27173ff7
07130000
8793d127
1a630a67
271700e5
07130000
e7b3d1a7
639c20e7
078e8782
9002639c
80828082
00000000
00000000
00000000
00000000
00000000
00000000
00000000
00000000
00000000
00000000
00000000
00000000
00000000
00000000
00000000
00000000
00000000
00000000
00000000
00000000
00000000
00000000
00000000
00000000
00000000
00000000
00000000
00000000
00000000
00000000
ee06712d
e61aea16
fdaae21e
f5b2f9ae
edbaf1b6
e5c2e9be
fd72e1c6
f57af976
ad02f17e
a50aa906
bc92a10e
b49ab896
acaab09e
a4b2a8ae
bc3aa0b6
b442b83e
ac72b046
a47aa876
27f3a07e
2717f140
07130000
e7b31ea7
639420e7
34202673
341027f3
343027f3
30502773
2597cea9
85930000
2797c025
87930000
8363c127
478100b6
3ff67513
08065f63
08000693
00d51a63
5187b703
5287b583
08000513
a0159702
d56346ad
771300a6
e33d03f7
00950713
16930716
973e0055
b78397b6
670c1187
60f29782
633262d2
756e6392
762e75ce
676e768e
682e67ce
7e6a688e
7f2a7eca
206a7f8a
212a20ca
3266218a
332632c6
25663386
262625c6
37622686
382237c2
2e623882
2f222ec2
61152f82
30200073
18e34689
2773fad7
63183070
1807b583
67b3bfb5
b78320f5
85aa5307
97828536
0000bf49
00000000
00000000
00000000
00000000
00000000
00000000
00000000
00000000
00000000
00000000
00000000
00000000
00000000
00000000
00000000
00000000
00000000
00000000
45010000
25738082
8082b000
cd0987aa
00002717
ae070713
98634501
453700e7
0513000f
80822405
80824501
ec061101
2797e402
87930000
9c63abe7
251700a7
35030000
c511cca5
0030611c
6fdc4585
60e29782
61056522
bf4d8082
00002517
a8450513
451d8082
450d8082
11018082
c62eec06
00002797
a7c78793
02a79163
00002797
c087b783
c799557d
00706398
6f58458d
9702853e
610560e2
557d8082
1101bfe5
c62eec06
00002797
a4878793
02a79163
00002797
bd47b783
c799557d
00706398
6f584589
9702853e
610560e2
557d8082
1101bfe5
c62eec06
00002797
a1478793
02a79163
00002797
ba07b783
c7994501
00706398
6f584591
9702853e
610560e2
45018082
2797bfe5
87930000
84639e67
450100a7
25178082
05130000
80829ee5
0005d783
4511470d
83638b8d
450900e7
25738082
80823410
34159073
80824501
00002797
9ac78793
00a78463
80824501
00002517
fcc50513
65088082
11418082
06400513
10efe406
11412560
0c800513
10efe406
279724a0
87930000
862e9767
00a79b63
00002517
b8053503
611cc509
73dc4581
557d8782
451c8082
0793efb1
07131185
b0235185
b4230007
b8230007
87930007
98e30207
0793fee7
07135305
06975b05
86930000
e394f9c6
1ee307a1
2773fef7
d7973050
8793ffff
1b6367a7
27f300f7
07973050
87930000
9bf1c967
30579073
c51c4785
25178082
05130000
80828e25
27f3ed81
07973050
87930000
9bf1c727
30579073
80824501
557d4785
fef59de3
305027f3
00001797
1d478793
0017e793
4a63b7c5
279700a0
87930000
6533e7a7
610820f5
45018082
11418082
e022e406
f1402573
f0ef2501
842afddf
dc9ff0ef
00a50593
64028522
014160a2
712db719
ee06fdaa
e61aea16
f9aee21e
f1b6f5b2
e9beedba
e1c6e5c2
f976fd72
f17ef57a
a906ad02
a10ea50a
b896bc92
b09eb49a
a8aeacaa
a0b6a4b2
b83ebc3a
b046b442
12c00513
a876ac72
a07ea47a
0fc010ef
ee06712d
e61aea16
fdaae21e
f5b2f9ae
edbaf1b6
e5c2e9be
fd72e1c6
f57af976
ad02f17e
a50aa906
bc92a10e
b49ab896
acaab09e
a4b2a8ae
bc3aa0b6
b442b83e
ac72b046
a47aa876
27f3a07e
2717f140
07130000
e7b3da27
639c20e7
1717c38d
07130000
93637ca7
179706e7
87930000
b7037d67
b5831787
450d1887
60f29702
633262d2
756e6392
762e75ce
676e768e
682e67ce
7e6a688e
7f2a7eca
206a7f8a
212a20ca
3266218a
332632c6
25663386
262625c6
37622686
382237c2
2e623882
2f222ec2
61152f82
30200073
18803783
712d9002
ea16ee06
e21ee61a
f9aefdaa
f1b6f5b2
e9beedba
e1c6e5c2
f976fd72
f17ef57a
a906ad02
a10ea50a
b896bc92
b09eb49a
a8aeacaa
a0b6a4b2
b83ebc3a
b046b442
a876ac72
a07ea47a
f14027f3
00002717
cd070713
20e7e7b3
c38d639c
00001717
6f870713
06e79363
00001797
70478793
1f87b703
2087b583
9702451d
62d260f2
63926332
75ce756e
768e762e
67ce676e
688e682e
7eca7e6a
7f8a7f2a
20ca206a
218a212a
32c63266
33863326
25c62566
26862626
37c23762
38823822
2ec22e62
2f822f22
00736115
37833020
90022080
ee06712d
e61aea16
fdaae21e
f5b2f9ae
edbaf1b6
e5c2e9be
fd72e1c6
f57af976
ad02f17e
a50aa906
bc92a10e
b49ab896
acaab09e
a4b2a8ae
bc3aa0b6
b442b83e
ac72b046
a47aa876
27f3a07e
2717f140
07130000
e7b3bfe7
639c20e7
1717c38d
07130000
93636267
179706e7
87930000
b7036327
b5833187
45413287
60f29702
633262d2
756e6392
762e75ce
676e768e
682e67ce
7e6a688e
7f2a7eca
206a7f8a
212a20ca
3266218a
332632c6
25663386
262625c6
37622686
382237c2
2e623882
2f222ec2
61152f82
30200073
32803783
712d9002
ea16ee06
e21ee61a
f9aefdaa
f1b6f5b2
e9beedba
e1c6e5c2
f976fd72
f17ef57a
a906ad02
a10ea50a
b896bc92
b09eb49a
a8aeacaa
a0b6a4b2
b83ebc3a
b046b442
a876ac72
a07ea47a
f14027f3
00002717
b2c70713
20e7e7b3
c38d639c
00001717
55470713
06e79363
00001797
56078793
3387b703
3487b583
97024545
62d260f2
63926332
75ce756e
768e762e
67ce676e
688e682e
7eca7e6a
7f8a7f2a
20ca206a
218a212a
32c63266
33863326
25c62566
26862626
37c23762
38823822
2ec22e62
2f822f22
00736115
37833020
90023480
ee06712d
e61aea16
fdaae21e
f5b2f9ae
edbaf1b6
e5c2e9be
fd72e1c6
f57af976
ad02f17e
a50aa906
bc92a10e
b49ab896
acaab09e
a4b2a8ae
bc3aa0b6
b442b83e
ac72b046
a47aa876
27f3a07e
2717f140
07130000
e7b3a5a7
639c20e7
1717c38d
07130000
93634827
179706e7
87930000
b70348e7
b5833587
45493687
60f29702
633262d2
756e6392
762e75ce
676e768e
682e67ce
7e6a688e
7f2a7eca
206a7f8a
212a20ca
3266218a
332632c6
25663386
262625c6
37622686
382237c2
2e623882
2f222ec2
61152f82
30200073
36803783
712d9002
ea16ee06
e21ee61a
f9aefdaa
f1b6f5b2
e9beedba
e1c6e5c2
f976fd72
f17ef57a
a906ad02
a10ea50a
b896bc92
b09eb49a
a8aeacaa
a0b6a4b2
b83ebc3a
b046b442
a876ac72
a07ea47a
f14027f3
00002717
98870713
20e7e7b3
c38d639c
00001717
3b070713
06e79363
00001797
3bc78793
3787b703
3887b583
9702454d
62d260f2
63926332
75ce756e
768e762e
67ce676e
688e682e
7eca7e6a
7f8a7f2a
20ca206a
218a212a
32c63266
33863326
25c62566
26862626
37c23762
38823822
2ec22e62
2f822f22
00736115
37833020
90023880
ee06712d
e61aea16
fdaae21e
f5b2f9ae
edbaf1b6
e5c2e9be
fd72e1c6
f57af976
ad02f17e
a50aa906
bc92a10e
b49ab896
acaab09e
a4b2a8ae
bc3aa0b6
b442b83e
ac72b046
a47aa876
27f3a07e
2717f140
07130000
e7b38b67
639c20e7
1717c38d
07130000
93632de7
179706e7
87930000
b7032ea7
b5833987
45513a87
60f29702
633262d2
756e6392
762e75ce
676e768e
682e67ce
7e6a688e
7f2a7eca
206a7f8a
212a20ca
3266218a
332632c6
25663386
262625c6
37622686
382237c2
2e623882
2f222ec2
61152f82
30200073
3a803783
712d9002
ea16ee06
e21ee61a
f9aefdaa
f1b6f5b2
e9beedba
e1c6e5c2
f976fd72
f17ef57a
a906ad02
a10ea50a
b896bc92
b09eb49a
a8aeacaa
a0b6a4b2
b83ebc3a
b046b442
a876ac72
a07ea47a
f14027f3
00001717
7e470713
20e7e7b3
c38d639c
00001717
20c70713
06e79363
00001797
21878793
3b87b703
3c87b583
97024555
62d260f2
63926332
75ce756e
768e762e
67ce676e
688e682e
7eca7e6a
7f8a7f2a
20ca206a
218a212a
32c63266
33863326
25c62566
26862626
37c23762
38823822
2ec22e62
2f822f22
00736115
37833020
90023c80
ee06712d
e61aea16
fdaae21e
f5b2f9ae
edbaf1b6
e5c2e9be
fd72e1c6
f57af976
ad02f17e
a50aa906
bc92a10e
b49ab896
acaab09e
a4b2a8ae
bc3aa0b6
b442b83e
ac72b046
a47aa876
27f3a07e
1717f140
07130000
e7b37127
639c20e7
1717c38d
07130000
936313a7
179706e7
87930000
b7031467
b5833d87
45593e87
60f29702
633262d2
756e6392
762e75ce
676e768e
682e67ce
7e6a688e
7f2a7eca
206a7f8a
212a20ca
3266218a
332632c6
25663386
262625c6
37622686
382237c2
2e623882
2f222ec2
61152f82
30200073
3e803783
712d9002
ea16ee06
e21ee61a
f9aefdaa
f1b6f5b2
e9beedba
e1c6e5c2
f976fd72
f17ef57a
a906ad02
a10ea50a
b896bc92
b09eb49a
a8aeacaa
a0b6a4b2
b83ebc3a
b046b442
a876ac72
a07ea47a
f14027f3
00001717
64070713
20e7e7b3
c38d639c
00001717
06870713
06e79363
00001797
07478793
3f87b703
4087b583
9702455d
62d260f2
63926332
75ce756e
768e762e
67ce676e
688e682e
7eca7e6a
7f8a7f2a
20ca206a
218a212a
32c63266
33863326
25c62566
26862626
37c23762
38823822
2ec22e62
2f822f22
00736115
37833020
90024080
ee06712d
e61aea16
fdaae21e
f5b2f9ae
edbaf1b6
e5c2e9be
fd72e1c6
f57af976
ad02f17e
a50aa906
bc92a10e
b49ab896
acaab09e
a4b2a8ae
bc3aa0b6
b442b83e
ac72b046
a47aa876
27f3a07e
1717f140
07130000
e7b356e7
639c20e7
1717c38d
07130000
9363f967
179706e7
87930000
b703fa27
b5834187
45614287
60f29702
633262d2
756e6392
762e75ce
676e768e
682e67ce
7e6a688e
7f2a7eca
206a7f8a
212a20ca
3266218a
332632c6
25663386
262625c6
37622686
382237c2
2e623882
2f222ec2
61152f82
30200073
42803783
712d9002
ea16ee06
e21ee61a
f9aefdaa
f1b6f5b2
e9beedba
e1c6e5c2
f976fd72
f17ef57a
a906ad02
a10ea50a
b896bc92
b09eb49a
a8aeacaa
a0b6a4b2
b83ebc3a
b046b442
a876ac72
a07ea47a
f14027f3
00001717
49c70713
20e7e7b3
c38d639c
00001717
ec470713
06e79363
00001797
ed078793
4387b703
4487b583
97024565
62d260f2
63926332
75ce756e
768e762e
67ce676e
688e682e
7eca7e6a
7f8a7f2a
20ca206a
218a212a
32c63266
33863326
25c62566
26862626
37c23762
38823822
2ec22e62
2f822f22
00736115
37833020
90024480
ee06712d
e61aea16
fdaae21e
f5b2f9ae
edbaf1b6
e5c2e9be
fd72e1c6
f57af976
ad02f17e
a50aa906
bc92a10e
b49ab896
acaab09e
a4b2a8ae
bc3aa0b6
b442b83e
ac72b046
a47aa876
27f3a07e
1717f140
07130000
e7b33ca7
639c20e7
1717c38d
07130000
9363df27
179706e7
87930000
b703dfe7
b5834587
45694687
60f29702
633262d2
756e6392
762e75ce
676e768e
682e67ce
7e6a688e
7f2a7eca
206a7f8a
212a20ca
3266218a
332632c6
25663386
262625c6
37622686
382237c2
2e623882
2f222ec2
61152f82
30200073
46803783
712d9002
ea16ee06
e21ee61a
f9aefdaa
f1b6f5b2
e9beedba
e1c6e5c2
f976fd72
f17ef57a
a906ad02
a10ea50a
b896bc92
b09eb49a
a8aeacaa
a0b6a4b2
b83ebc3a
b046b442
a876ac72
a07ea47a
f14027f3
00001717
2f870713
20e7e7b3
c38d639c
00001717
d2070713
06e79363
00001797
d2c78793
4787b703
4887b583
9702456d
62d260f2
63926332
75ce756e
768e762e
67ce676e
688e682e
7eca7e6a
7f8a7f2a
20ca206a
218a212a
32c63266
33863326
25c62566
26862626
37c23762
38823822
2ec22e62
2f822f22
00736115
37833020
90024880
ee06712d
e61aea16
fdaae21e
f5b2f9ae
edbaf1b6
e5c2e9be
fd72e1c6
f57af976
ad02f17e
a50aa906
bc92a10e
b49ab896
acaab09e
a4b2a8ae
bc3aa0b6
b442b83e
ac72b046
a47aa876
27f3a07e
1717f140
07130000
e7b32267
639c20e7
1717c38d
07130000
9363c4e7
179706e7
87930000
b703c5a7
b5834987
45714a87
60f29702
633262d2
756e6392
762e75ce
676e768e
682e67ce
7e6a688e
7f2a7eca
206a7f8a
212a20ca
3266218a
332632c6
25663386
262625c6
37622686
382237c2
2e623882
2f222ec2
61152f82
30200073
4a803783
712d9002
ea16ee06
e21ee61a
f9aefdaa
f1b6f5b2
e9beedba
e1c6e5c2
f976fd72
f17ef57a
a906ad02
a10ea50a
b896bc92
b09eb49a
a8aeacaa
a0b6a4b2
b83ebc3a
b046b442
a876ac72
a07ea47a
f14027f3
00001717
15470713
20e7e7b3
c38d639c
00001717
b7c70713
06e79363
00001797
b8878793
4b87b703
4c87b583
97024575
62d260f2
63926332
75ce756e
768e762e
67ce676e
688e682e
7eca7e6a
7f8a7f2a
20ca206a
218a212a
32c63266
33863326
25c62566
26862626
37c23762
38823822
2ec22e62
2f822f22
00736115
37833020
90024c80
ee06712d
e61aea16
fdaae21e
f5b2f9ae
edbaf1b6
e5c2e9be
fd72e1c6
f57af976
ad02f17e
a50aa906
bc92a10e
b49ab896
acaab09e
a4b2a8ae
bc3aa0b6
b442b83e
ac72b046
a47aa876
27f3a07e
1717f140
07130000
e7b30827
639c20e7
1717c38d
07130000
9363aaa7
179706e7
87930000
b703ab67
b5834d87
45794e87
60f29702
633262d2
756e6392
762e75ce
676e768e
682e67ce
7e6a688e
7f2a7eca
206a7f8a
212a20ca
3266218a
332632c6
25663386
262625c6
37622686
382237c2
2e623882
2f222ec2
61152f82
30200073
4e803783
712d9002
ea16ee06
e21ee61a
f9aefdaa
f1b6f5b2
e9beedba
e1c6e5c2
f976fd72
f17ef57a
a906ad02
a10ea50a
b896bc92
b09eb49a
a8aeacaa
a0b6a4b2
b83ebc3a
b046b442
a876ac72
a07ea47a
f14027f3
00001717
fb070713
20e7e7b3
c38d639c
00001717
9d870713
06e79363
00001797
9e478793
4f87b703
5087b583
9702457d
62d260f2
63926332
75ce756e
768e762e
67ce676e
688e682e
7eca7e6a
7f8a7f2a
20ca206a
218a212a
32c63266
33863326
25c62566
26862626
37c23762
38823822
2ec22e62
2f822f22
00736115
37833020
90025080
305027f3
03f7f793
470917fd
69634501
d71700f7
0713ffff
97bad127
0007c503
bff98082
872a47fd
00a7cf63
45014789
00e7df63
1fffe7b7
11178793
d533078e
890500e7
07138082
3513f805
80820017
ec267179
852e84aa
e84af022
f406e44e
89b2842e
f0ef8936
c541fbff
08000793
08f41c63
f8dff0ef
0005079b
cfa5554d
740270a2
694264e2
614569a2
bc238082
b4235134
a8215324
00541793
97a60425
bc230416
85331137
34230084
45010125
47fdbfc1
c5e35551
47bdfc87
fc87d2e3
00541793
97a60425
fffff717
f1a70713
bc230416
853310e7
30230084
bfc10125
fffff797
b5478793
16f4bc23
1924b023
5555bf7d
9ce3b771
f797f809
8793ffff
bc23b807
b77150f4
f80998e3
09e347ad
c0e3faf4
478dfa87
fcf404e3
5551479d
f6f410e3
fffff797
fa278793
1ef4bc23
2124b023
c911bfad
8863479d
e86304f5
c58d00b7
8d63478d
567d02f5
47ada805
04f58063
ff05879b
68e3473d
4785fef7
00b797bb
b7f3ee0d
a8093047
c60947a1
3007a7f3
a0194601
3007b7f3
80828532
ca1947a1
3047a7f3
0793b7f5
bfd50800
879b6785
b7f58007
3047b7f3
a7f3b7c5
bfc93047
bf414605
b7714601
87aa473d
4963557d
c61900b7
20f5e5b3
b8234501
808252c5
07978082
87930000
976379e7
051700a7
05130000
bfc97aa5
8082557d
81018793
35138d1d
053a0015
0105971b
678dc599
33378793
c11c9fb9
6795bffd
55578793
611cbfd5
8782779c
73bc611c
e5118782
00001517
d1853503
45018082
25738082
2501f140
611c8082
e4061141
9782639c
85aa1141
81018513
f0efe406
0000fedf
00000000
00000000
00000000
00000000
00000000
00000000
00000000
00000000
00000000
00000000
00000000
00000000
e77fe06f
e73fe06f
e6ffe06f
ebdfe06f
e67fe06f
e63fe06f
e5ffe06f
f7ffe06f
e57fe06f
e53fe06f
e4ffe06f
e4bfe06f
e47fe06f
e43fe06f
e3ffe06f
e3bfe06f
82cff06f
8faff06f
9c8ff06f
a96ff06f
b64ff06f
c32ff06f
d00ff06f
dceff06f
e9cff06f
f6aff06f
839ff06f
907ff06f
9d5ff06f
aa3ff06f
b71ff06f
c3fff06f
00000000
00000000
00000000
00000000
00000000
00000000
00000000
00000000
00000000
00000000
00000000
00000000
00000000
00000000
00000000
00000000
00000000
00000000
00000000
00000000
00000000
00000000
00000000
00000000
00000000
00000000
00000000
00000000
00000000
00000000
00000000
00000000
e4061141
0f2000ef
079360a2
c11c0580
0141557d
11418082
f0efe406
1141ea7f
00efe406
60a20d40
fa800793
557dc11c
80820141
3513157d
80820015
e4061141
0b6000ef
079360a2
c11c0580
0141557d
11418082
00efe406
60a20a00
05800793
557dc11c
80820141
00002797
f1878793
00003717
f1070713
02e78663
81818793
638885aa
00b506b3
00e6fd63
ec061101
e42a2581
c0efe394
60e29fef
61056522
e3988082
8082557d
ec061101
e426e822
4785e04a
00f51a63
84b2842e
00c58933
03241063
a0398526
02e000ef
05800793
557dc11c
644260e2
690264a2
80826105
00044503
00ef0405
bfd92d00
468185aa
45014601
1517a879
35030000
8082aca5
e8221101
c417e426
0413ffff
c4973fa4
8493ffff
8c053f24
840dec06
60e2e411
64a26442
80826105
67b3147d
639c2094
b7ed9782
e8221101
c417e426
0413ffff
c4973c64
8493ffff
8c813be4
ec06e04a
4901848d
02991563
ffffc417
3a840413
ffffc497
3a048493
848d8c81
1d634901
60e20099
64a26442
61056902
601c8082
04210905
b7f99782
0905601c
97820421
88aabff9
00001517
a9450513
ef016118
aa818793
0513e11c
873e0000
6118c509
10e7b823
471c873e
557d487d
04f84563
02088c63
11073803
02080f63
2107e333
00c33023
20082503
163b4605
8d5100f6
20a82023
10d33023
97634689
268300d8
8ed12048
20d82223
0017869b
e7b3c714
450120e7
8082eb8c
f852711d
f05af456
ec86ec5e
e4a6e8a2
fc4ee0ca
e466e862
8a2e8aaa
00001b17
a04b0b13
34834b85
cc81000b
b9834480
091b1104
040efff4
00898cb3
5f639426
60e60009
64a66446
79e26906
7aa27a42
6be27b02
6ca26c42
80826125
000a0c63
00099663
1ce1397d
bfd11461
0f8cb783
ff479ae3
6418449c
996337fd
a4230327
d36d0124
0084ac03
00098963
2009a783
012b96bb
27818ff5
9702ef89
37834498
12e3000b
8fe3f987
bfb5faf4
00043423
a783bfc9
b5832049
8ff5ff8c
e7812781
97028556
852ebfe1
bfc99702
00001797
96478793
ef054398
e8221101
ec06e426
c3984705
ffffc417
21440413
ffffc497
20c48493
00947463
00941763
644260e2
610564a2
601c8082
97820421
8082b7f5
00001797
91878793
ef054398
e8221101
ec06e426
c3984705
ffffc417
1d040413
ffffc497
1c848493
00947463
00941763
644260e2
610564a2
601c8082
97820421
8082b7f5
e4061141
00efe022
17971c80
87930000
43988ce7
4705e319
00efc398
f0ef11e0
2501b35f
b1fff0ef
cd11842a
b11ff0ef
00efc919
85220220
affff0ef
6402c509
014160a2
60a2a801
01416402
b72d8082
b7adbf45
639c611c
852a8782
01151013
8082557d
8793050e
97aa8201
c6e16394
83018793
639c97aa
06374705
173b1000
c78300f7
05370095
377d2000
01c7979b
c6038ff1
161b00a5
8e6901d6
c6038fd1
8a050005
c6038fd1
8e790015
0026161b
41d08fd1
161b8e79
8fd10086
0085c603
171b8f71
8fd900e7
c29c2781
00c5c783
00d5c703
06136609
979be006
171b0047
8f710097
1f07f793
c7038fd9
e63700b5
8b3d0007
c7038fd9
171b00e5
8f7100d7
c7038fd9
063700f5
171b0008
8f710137
c7038fd9
06370105
171b0010
8f710147
c7038fd9
06370115
171b0020
8f710157
27818fd9
8082c2dc
8301b703
97bb4785
713900e7
470537fd
00e10423
0047f713
00e104a3
1587f713
08238b95
678500f1
e0078793
00f11923
010607b7
40478793
0793ca3e
f8221010
fc06f426
08a3c63a
1c230001
440100f1
82818493
4763409c
70e200f4
74a27442
80826121
002c8522
ec5ff0ef
b7dd2405
f14027f3
83818713
e7b32781
639820e7
07a16785
4314973e
00157793
9add078e
c31c8fd5
45018082
0000bfe1
00000000
00000000
12700418
00000000
12700450
00000000
127003e0
00000000
00000000
00000000
00000000
00000000
00000000
00000000
00000000
00000000
00000000
00000000
00000000
00000000
00000000
00000000
00000000
00000000
00000000
00000000
00000000
00000000
00000000
00000000
00000000
00000000
00000000
00000000
00000000
00000000
00000000
00000000
00000000
00000000
00000000
00000000
00000000
00000000
12700528
00000000
00000000
00000000
12700608
00000000
00000000
00000000
00000000
00000000
127006a8
00000000
00000000
00000000
00000000
00000000
00000000
00000000
00000000
00000000
00000000
00000000
00000000
00000000
00000000
00000000
00000000
00000000
00000000
00000000
00000000
00000000
00000000
00000000
00000000
00000000
00000000
00000000
00000000
00000000
00000000
00000000
00000000
00000000
00000000
00000000
00000000
00000000
00000000
00000000
00000000
00000000
00000000
00000000
00000000
00000000
00000000
00000000
00000000
00000000
00000000
00000000
00000000
00000000
00000000
00000000
00000000
00000000
00000000
00000000
00000000
00000000
00000000
00000000
00000000
00000000
00000000
00000000
00000000
00000000
00000000
00000000
00000000
00000000
00000000
00000000
00000000
00000000
00000000
00000000
00000000
00000000
00000000
00000000
00000000
00000000
00000000
00000000
00000000
00000000
00000000
00000000
00000000
00000000
00000000
00000000
00000000
00000000
00000000
00000000
00000000
00000000
00000000
00000000
00000000
00000000
00000000
00000000
00000000
00000000
00000000
00000000
00000000
00000000
00000000
00000000
00000000
00000000
00000000
00000000
00000000
00000000
00000000
00000000
00000000
00000000
00000000
00000000
00000000
00000000
00000000
00000000
00000000
00000000
00000000
00000000
00000000
00000000
00000000
00000000
00000000
00000000
00000000
00000000
00000000
00000000
00000000
00000000
00000000
00000000
00000000
00000000
00000000
00000000
00000000
00000000
00000000
00000000
00000000
00000000
00000000
00000000
00000000
00000000
00000000
00000000
00000000
00000000
00000000
00000000
00000000
00000000
00000000
00000000
00000000
00000000
00000000
00000000
00000000
00000000
00000000
00000000
00000000
00000000
00000000
00000000
00000000
00000000
00000000
00000000
00000000
00000000
00000000
00000000
00000000
00000000
00000000
00000000
00000000
00000000
00000000
00000000
00000000
00000000
00000000
00000000
00000000
00000000
00000000
00000000
00000000
00000000
00000000
00000000
00000000
00000000
00000000
00000000
00000000
00000000
00000000
00000000
00000000
00000000
00000000
00000000
00000000
00000000
00000000
00000000
00000000
00000000
00000000
00000000
00000000
00000000
00000000
00000000
00000000
00000000
00000000
00000000
00000000
00000000
00000000
00000000
00000000
00000000
00000000
00000000
00000000
00000000
00000000
00000000
00000000
00000000
00000000
00000000
00000000
00000000
00000000
00000000
00000000
00000000
00000000
00000000
00000000
00000000
00000000
00000000
00000000
00000000
00000000
00000000
00000000
00000000
00000000
00000000
00000000
00000000
00000000
00000000
00000000
00000000
00000000
00000000
00000000
00000000
00000000
00000000
00000000
00000000
00000000
00000000
00000000
00000000
00000000
00000000
00000000
00000000
00000000
00000000
00000000
00000000
00000000
00000000
00000000
00000000
00000000
00000000
00000000
00000000
00000000
00000000
00000000
00000000
00000000
00000000
00000000
00000000
00000000
00000000
00000000
00000000
00000000
00000000
00000000
00000000
00000000
00000000
00000000
00000000
00000000
00000000
00000000
00000000
00000000
00000000
00000000
00000000
00000000
00000000
00000000
00000000
00000000
00000000
00000000
00000000
00000000
00000000
00000000
00000000
00000000
00000000
00000000
00000000
00000000
00000000
00000000
00000000
00000000
00000000
00000000
00000000
127043f0
00000000
12704330
00000000
127007b8
00000000
12705d80
00000000
02030000
00000000
00000001
00000000
00000006
00000000
04000000
00000000
4785466c
89e17b6c
63d4baef
fc5adffc
9c214070
081f86be
f9b35ee4
30d5f1ee
03daa85e
f325a52c
98732db0
d656f571
67e74489
198929f9
6e980e6a
73d6c3d8
a2000003
00004a38
0004320c
00000000
00000000
00000000
00000000
00000000
3a13f0de
84ed1982
87cc5f56
f4a2699f
b515c23c
beb41199
52778552
b4b28602
8a9426f7
ccdacd71
e3187d59
93534e22
413c3ee2
8492de35
d749e32e
7e944e83
0000000b
00000000
00000000
12760000
000049f8
00000000
00000000
00000000
00000000
00000000
00000000
00000001
00000000
00000000
00000000
00000000
00005197
1b818193
00000297
01828293
30529073
00100293
00028463
7c105073
00000297
13428293
30529073
00000113
00011663
00006117
d4c10113
f1402573
13174281
0313ed90
7113fbe3
8563ff01
911a00a2
bfd50285
00000097
07e08093
00008363
25739082
4581f140
00ef4601
00930f60
83630000
90820000
00000297
00c28293
30529073
00002303
0000bff5
80820000
b37346a1
42a13006
0055c563
00757613
0023ca11
05050005
47e315fd
1073feb0
80823003
00053023
15e10521
fcb04ee3
30031073
30238082
03210003
fe734de3
84068082
ed900297
f2828293
06028763
ed900297
f1c28293
f14027f3
b07346a1
13173006
0313ed90
5397f0a3
83930000
0333c823
53634061
831e0073
0463838a
f0ef0073
9a63fb5f
43170257
03130000
53972123
83930000
04638d23
f0ef0073
0317f99f
03130000
039768a3
83930000
04636823
f0ef0073
80a2f81f
00008082
342022f3
34102373
343023f3
8082bfd5
51978406
81930000
02930521
11630000
42970e55
82930000
43171ba2
03130000
53971b23
83930000
8c638723
5a630062
b5030073
02a10002
00a33023
4ae30321
0297fe73
82930000
031761a2
03130000
03976123
83930000
8c6360a3
5a630062
b5030073
02a10002
00a33023
4ae30321
100ffe73
02970000
82930000
03175e62
03130000
03975de3
83930000
8c635d63
5a630062
b5030073
02a10002
00a33023
4ae30321
100ffe73
43170000
03130000
83937ea3
5763bc01
30230073
03210003
fe734de3
00004217
7d020213
9602c211
00004517
ccc50513
4b1030ef
4f5030ef
00004517
f6a50513
4a1030ef
75b030ef
f0fff0ef
b07356fd
b0733046
27f33446
27373010
8f7d0004
b073c709
b0733036
07373026
8f7d0004
b073c319
67411806
0287071b
cb898ff9
300027f3
8fd96709
30079073
00305073
60000793
3007a073
300027f3
6007f793
7057c789
5073cc00
30ef00f0
45056f70
00000597
4cc58593
00000617
4cc60613
2cd000ef
6b5000ef
808280a2
11418082
22f3e406
0313f140
85630000
00730062
bff51050
510000ef
014160a2
00008082
00000000
65637845
6f697470
6948206e
6d202174
73756163
30203a65
38302578
6d202c78
3a637065
25783020
2c783830
76746d20
203a6c61
30257830
000a7838
00000000
7561634d
45206573
70656378
6e6f6974
646f4320
30203a65
38302578
00000a78
20776f4e
74697845
2e676e69
000a2e2e
20746f4e
61762061
2064696c
65726874
6c6f6873
6f632064
6769666e
74617275
216e6f69
65684320
73206b63
70757465
00000a21
00000000
20746f4e
61762061
2064696c
69616c63
6f632d6d
656c706d
63206574
69666e6f
61727567
6e6f6974
68432021
206b6365
75746573
000a2170
00000000
00000000
00000000
00000000
00000000
00000000
00000000
00000000
00000000
00000000
00000000
00000000
00000000
00000000
00000000
00000000
00000000
00000000
00000000
00000000
00000000
00000000
00000000
00000000
00000000
00000000
00000000
00000000
00000000
00000000
00000000
00000000
00000000
00000000
00000000
00000000
00000000
00000000
00000000
00000000
00000000
00000000
2b302d23
00000020
004c6c68
00000000
45676665
00004746
33323130
37363534
42413938
46454443
00000000
00000000
33323130
37363534
62613938
66656463
00000000
00001c44
00001c5a
00001c1a
00001c1a
00001c1a
00001c1a
00001c5a
00001c1a
00001c1a
00001c1a
00001c1a
00001db4
00001c98
00001d52
00001c1a
00001c1a
00001de8
00001c1a
00001c98
00001c1a
00001c1a
00001d5a
00000000
127023e6
00000000
127024e0
00000000
12702452
00000000
00000000
00000000
00000000
00000000
1270267c
00000000
1270269c
00000000
1270246c
00000000
1270244e
00000000
12702506
00000000
12702560
00000000
00000000
00000000
00000000
00000000
00000000
00000000
00000000
00000000
00000000
00000000
00000000
00000000
00000000
00000000
00000000
00000000
127025f2
00000000
127023b2
00000000
00000000
00000000
00000000
00000000
00000000
00000000
00000000
00000000
00000000
00000000
00000000
00000000
00000000
00000000
12702906
00000000
1270290c
00000000
1270292c
00000000
1270295a
00000000
12702a7a
00000000
1270295c
00000000
12702966
00000000
12702afe
00000000
1270296a
00000000
1270296e
00000000
127029a2
00000000
127029d6
00000000
12702a0a
00000000
12703c52
00000000
12702a24
00000000
12702a36
00000000
12702a3c
00000000
12702a44
00000000
12702a5e
00000000
127026bc
00000000
12702a9e
00000000
12702b08
00000000
12703aae
00000000
00000000
00000000
00000000
00000000
00000000
00000000
00000000
00000000
12703adc
00000000
00000000
00000000
12703c30
00000000
12703c34
00000000
00000000
00000000
00000000
00000000
00000000
00000000
00000000
00000000
00000000
00000000
00000000
00000000
00000000
00000000
00000000
00000000
12702902
00000000
00000000
00000000
00000000
00000000
00000000
00000000
00000000
00000000
00000000
00000000
00000000
00000000
00000000
00000000
00000000
00000000
12700798
00000000
00000000
00000000
6762696c
73736f6c
00000000
00000000
12704330
00000000
00040301
00000000
12703c6c
00000000
00000000
00000000
00000000
00000000
00000000
00000000
00000000
00000000
00000000
00000000
00000000
00000000
00000000
00000000
00000000
00000000
006c7179
f4064501
c602f026
065000ef
49e030ef
00ef84aa
85263500
376000ef
e9052501
22c000ef
234000ef
0c0027b7
c398577d
b7b745b2
879bfabf
9fadb007
0814c83e
46094785
ca3e4501
72a000ef
70a2a001
25017482
80826145
00000000
00000000
00000000
00000000
00000000
00000000
00000000
00000000
00000000
00000000
00000000
00000000
00000000
00000000
00000000
00000000
00000000
00000000
00000000
00000000
00000000
00000000
00000000
00000000
00000000
00000000
00000000
00000000
00000000
00000000
00000000
00000000
00000000
00000000
00000000
00000000
00000000
00000000
00000000
00000000
00000000
1060006f
0fc0006f
0f80006f
0f60006f
0f00006f
0ec0006f
0e80006f
0e80006f
0e00006f
0dc0006f
0d80006f
2f40006f
0d00006f
0cc0006f
0c80006f
0c40006f
0c00006f
0bc0006f
0b80006f
0b40006f
0b00006f
0ac0006f
0a80006f
0a40006f
0a00006f
09c0006f
0980006f
0940006f
0900006f
08c0006f
0880006f
0840006f
0800006f
07c0006f
0780006f
0740006f
0700006f
06c0006f
0680006f
0640006f
0600006f
05c0006f
0580006f
0540006f
0500006f
04c0006f
0480006f
0440006f
00000000
00000000
00000000
00000000
00000000
00000000
00000000
00000000
00000000
00000000
00000000
00000000
00000000
00000000
00000000
00000000
a001a001
1141a001
e022e406
34202473
26732401
26f33410
05173430
05130000
26818e65
85a22601
033000ef
3ff47593
00000517
91050513
023000ef
00000517
92450513
017000ef
0ee00513
738000ef
879b6785
a7f38007
80823047
a7f347a1
80823007
b7f347a1
80823007
0025151b
020007b7
a02397aa
000f0007
80820ff0
03100793
00f59963
00d5151b
0c2007b7
08f5053b
07938082
97630510
151b00f5
17b700d5
b7ed0c20
05171141
05130000
e4068c65
7a6000ef
450160a2
80820141
03100793
00f59a63
00d5151b
0c2007b7
053b0791
808208f5
05100793
00f59763
00d5151b
0c2017b7
1141b7e5
00000517
8bc50513
00efe406
60a27640
01414501
07938082
81630310
079304f6
9c630510
26b702f6
86930c00
571b0806
171b0055
073b0027
179b0807
87bb0086
470508e7
153b97b6
470500a7
9a634394
8ec900e5
0006871b
8082c398
0c0026b7
f733b7f9
270140a6
151bbfc5
07b70025
053b0c00
c10c08f5
11018082
e44ae826
4481ec06
ef5ff0ef
02200913
45898526
f0ef2485
9be3fd9f
60e2ff24
692264c2
61054501
71798082
f406f026
e84eec4a
84aae452
ec5ff0ef
00000797
d5c78793
0017e793
30579073
a2018913
f0ef8526
8a13eb3f
89caaa41
a5032481
06930009
86260310
f0ef4581
a503f31f
06930009
86260510
09914581
f1fff0ef
fd499fe3
00092503
03100693
45858626
f0ef0911
17e3f09f
8526ff49
03100593
e79ff0ef
478570a2
7482c11c
69c26962
45016a22
80826145
f6867149
ee9af296
e6a6ea9e
fe2ee2aa
f636fa32
ee3ef23a
e646ea42
fdcee24a
f5d6f9d2
edf6f1f2
e5fee9fa
b906bd02
b10eb50a
a916ad12
a11ea51a
b8aebcaa
b0b6b4b2
a8beacba
a0c6a4c2
b876bc72
b07eb47a
f14024f3
00048a9b
03100593
f0ef8556
2983e3ff
892a0005
4501006c
3e0000ef
00004a17
d70a0a13
000a2783
00249693
20232785
8e6300fa
87930c09
863b9101
47b30809
439820f6
053b6505
073b0155
861308c7
47339981
061320c7
84b30210
c30802c4
00004717
d2070713
43149736
00004617
d5c60613
450145b2
089684bb
20c4c4b3
26854390
0134a023
c3902605
00efc314
20230f80
27830139
cf91000a
07b745b2
879b1011
9fad1007
46090814
c83e4501
00efca2e
70b624c0
63767296
64b663d6
75f26516
76b27652
67f27712
68b26852
79ee6912
7aae7a4e
6eee7e0e
6fae6f4e
30ca306a
318a312a
22ca226a
238a232a
35c63566
36863626
27c62766
28862826
3ec23e62
3f823f22
00736175
47973020
87930000
97b6c7a7
27054398
bfa5c398
4785b4a5
95be179a
8082c190
179a4785
418895be
11018082
1000ec22
262387aa
2783fef4
871bfec4
47fd0007
00e7f463
a01157f5
853e4781
61056462
11018082
1000ec22
262387aa
2783fef4
871bfec4
47fd0007
00e7f463
a01157f5
853e4781
61056462
71798082
f022f406
3c231800
87aefca4
fcf42a23
fe042623
fd442783
f0ef853e
87aaf95f
2783873e
8fd9fec4
fef42623
fec42783
c3992781
a82d57f5
100077b7
38078793
fef42423
fe042223
fd442783
4785873e
00e797bb
22232781
6783fef4
2703fe84
863afe44
350385be
f0effd84
4781f31f
70a2853e
61457402
71398082
f822fc06
3c230080
87aefca4
fcc43423
fcf42a23
fe042623
fd442783
f0ef853e
87aaf3df
2783873e
8fd9fec4
fef42623
fec42783
c3992781
a82557f5
fd442783
27b7873e
879b0400
9fb9c937
979b2781
24230027
6783fef4
85befe84
fd843503
ec9ff0ef
871b87aa
37830007
c398fc84
853e4781
744270e2
80826121
fc067139
0080f822
fca43c23
342387ae
2a23fcc4
2623fcf4
2783fe04
853efd44
ebfff0ef
873e87aa
fec42783
26238fd9
2783fef4
2781fec4
57f5c399
2783a825
873efd44
040027b7
c337879b
27819fb9
0027979b
fef42423
fe846783
350385be
f0effd84
87aae4bf
0007871b
fc843783
4781c398
70e2853e
61217442
715d8082
e0a2e486
34230880
87aefca4
3c238732
2223fad4
87bafcf4
fcf42023
fe042423
fc442783
f0ef853e
87aae39f
2783873e
8fd9fe84
fef42423
fe842783
c3992781
a07557f5
fdc40713
fc442783
85be863a
fc843503
f2dff0ef
fd840713
fc442783
85be863a
fc843503
e9bff0ef
fdc42703
fd842783
40f707bb
fef42223
fc442783
27b7873e
879b0400
9fb9cb37
979b2781
20230027
2783fef4
873efc04
fe442783
27812701
00e7f463
a09157fd
fe042623
6683a02d
6783fe04
078afec4
fb843703
439c97ba
85b6863e
fc843503
d57ff0ef
fec42783
26232785
2783fef4
873efec4
fc042783
27812701
fcf765e3
853e4781
640660a6
80826161
f5067171
1900f122
f4a43c23
f4b43823
fe042623
f6840793
08000713
4581863a
00ef853e
47b111e0
f6f42423
0ff00793
f6f42623
0ff00793
f6f42823
0ff00793
f6f42a23
0ff00793
f6f42c23
0ff00793
f6f42e23
0ff00793
f8f42023
0ff00793
f8f42223
24234789
478df8f4
f8f42623
28234791
4795f8f4
f8f42a23
2c234799
479df8f4
f8f42e23
202347a1
47a5faf4
faf42223
28234785
4785faf4
faf42a23
2c2347b5
47b5faf4
faf42e23
0ff00793
fcf42023
0ff00793
fcf42223
242347a9
47a9fcf4
fcf42623
282347ad
47adfcf4
fcf42a23
100087b7
aa078793
fef42423
fe846783
350385be
f0eff584
87aac4bf
fef42623
fec46783
17c1078a
a70397a2
3783f787
c398f504
853e4781
740a70aa
8082614d
e0221141
3797e406
87930000
842ae7e7
4581c781
671020ef
fffff517
60c53503
c391653c
85229782
46b020ef
872a433d
02c37163
00f77793
e1bde3c1
ff067693
96ba8a3d
e70ce30c
6de30741
e211fed7
06b38082
068a40c3
00000297
80679696
072300a6
06a300b7
062300b7
05a300b7
052300b7
04a300b7
042300b7
03a300b7
032300b7
02a300b7
022300b7
01a300b7
012300b7
00a300b7
002300b7
808200b7
0ff5f593
00859693
96938dd5
8dd50105
02059693
b7598dd5
00279693
00000297
82869696
fa2680e7
17c18096
963e8f1d
f8c371e3
7159b79d
f406f022
fc2e842a
e4b6e0b2
ecbee8ba
f4c6f0c2
00003517
75053503
591cc519
e42ae789
0d2000ef
690c6522
86221834
00efec36
70a239a0
61657402
11418082
e406e022
1823842a
192300b5
302300c5
34230005
26230005
3c230a05
20230005
24230205
46210205
05134581
f0ef0a45
0797ee7f
87930000
e03c6367
00000797
65e78793
0797e43c
87930000
e83c6a47
00000797
6d278793
fc0060a2
6402ec3c
80820141
00001597
a3458593
1101aab9
0793e426
849b0b00
84b3fff5
e04a02f4
e822892e
8593ec06
00ef0c84
842a1ac0
3023cd01
24230005
05610125
8613e808
45810b04
e71ff0ef
852260e2
64a26442
61056902
591c8082
1141ebad
e406e022
00000797
fa478793
3023e53c
24230805
38230805
f7970805
b783ffff
842a4367
00f51463
d91c4785
00ef8522
e4080420
00ef8522
e80803a0
00ef8522
ec080320
46016408
f0ef4591
6808ef9f
45a54605
eefff0ef
46096c08
f0ef45c9
4785ee5f
d81c60a2
01416402
80828082
e4261101
fffff497
3dc4b483
e04a589c
e822ec06
e781892a
f0ef8526
8493f71f
68800804
37fd449c
0007d663
cfa9609c
bfc56084
01041703
77c1e729
26230785
30230a04
34230004
c81c0004
00043c23
02042023
02042423
45814621
0a440513
d89ff0ef
06043023
06042423
08043023
08042423
852260e2
64a26442
61056902
04138082
b7450b04
854a4591
eb7ff0ef
842ae088
47b1fd51
00f92023
715dbfe1
fc26e0a2
f052f44e
e45ee85a
f84ae486
89aaec56
04938a2e
44010805
5bfd4b05
0104b903
0084aa83
d0633afd
6084020a
60a6f8e5
64068522
794274e2
7a0279a2
6b426ae2
61616ba2
57838082
7b630109
178300fb
87630129
85ca0177
9a02854e
24018c49
0b090913
8793b7c1
71790075
07379be1
ec268000
07a1e84a
f4064941
e44ef022
fff74713
f93384aa
64630b27
7c6300f7
47b100b9
4501c09c
740270a2
694264e2
614569a2
00ef8082
36971d70
86930000
62984f26
e80d843a
00003417
4ec40413
e791601c
85264581
3a0000ef
85cae008
00ef8526
59fd3960
05351e63
c09c47b1
00ef8526
bf4519d0
87bb601c
c0634127
463d0407
00f65763
943ee01c
01243023
641ca029
02871363
8526e29c
173000ef
00f40513
00840793
07bb9961
dfad40f5
07bb943e
e01c40f0
e71cbf85
8722bff9
b7516400
00750413
01e39861
05b3fc85
852640a4
324000ef
fb351ae3
465cbf41
fff7871b
5963c658
561c0007
00f74563
936347a9
aecd00f5
852e621c
00178713
8023e218
808200b7
f0227179
e84aec26
e052e44e
892af406
843289ae
00d604b3
14635a7d
45010094
4583a811
864e0004
f0ef854a
0405fadf
ff4515e3
740270a2
694264e2
6a0269a2
80826145
e1a27155
f94afd26
f152f54e
ed56e586
e55ee95a
fce6e162
89aaf8ea
893284ae
4a018436
591cc509
f0efe399
f797d01f
8793ffff
9e63dc27
b4830cf4
d7830089
8ba10104
6c9ccbed
0793c7fd
04a30200
5afd02f1
03000793
0523d202
e42202f1
02500b93
020a9c13
fffffb17
df8b0b13
844a4c85
00044783
9263c399
0d3b0f77
0e634124
86ea000d
85a6864a
f0ef854e
0a63f2ff
57921f55
01a787bb
4783d23e
82630004
09131e07
e8620014
09a3ec02
d4820401
00094583
855a4615
7ea000ef
041347c2
ed510019
0107f713
0713c709
09a30200
f71304e1
c7090087
02b00713
04e109a3
00094683
02a00713
08e68363
844a47f2
46254681
47034829
05130004
059b0014
872efd07
0ab67a63
ce3ecabd
f797a88d
8793ffff
9563d167
b48300f4
bf310109
fffff797
c9478793
f0f499e3
0189b483
85a6b729
00ef854e
d51135c0
60ae557d
74ea640e
79aa794a
6aea7a0a
6baa6b4a
7ce66c0a
61697d46
04058082
0533bf11
953b4165
8fc900ac
8922c83e
6722b791
00870693
e4364318
02074963
4703ce3a
07930004
106302e0
470304f7
07930014
106302a0
67a20af7
87130409
439c0087
c163e43a
ca3e0207
073ba839
e79340e0
ce3a0027
b7e1c83e
02f807bb
4685842a
bf159fb9
4583ca56
460d0004
fffff517
c9850513
6ce000ef
f797cd11
8793ffff
8d1dc8a7
071347c2
173b0400
8fd900a7
c83e0405
00044583
f5174619
0513ffff
0913c725
04230014
00ef02b1
c1516980
00000793
4742eba1
771367a2
c3291007
9bc107bd
e43e07c1
87bb5792
d23e0147
0405bd3d
4681ca02
46254781
47034829
05130004
059b0014
872efd07
00b67463
bf95fab9
02f807bb
4685842a
b7c59fb9
b7d107a1
06970038
86930000
8626d526
854e080c
00000097
000000e7
15e38a2a
d783fb55
f7930104
99e30407
5512ea07
0038b57d
00000697
d2468693
080c8626
00ef854e
bfd97d20
e0221141
852e842a
00003797
1207ae23
20efe406
57fd5820
00f51863
00003797
1287a783
c01cc391
640260a2
80820141
e0221141
9583842e
e4060125
20d000ef
00054963
97aa6c5c
60a2ec5c
01416402
57838082
777d0104
8ff9177d
00f41823
d783b7ed
71790105
ec26f022
e44ee84a
f793f406
84aa1007
8932842e
c79989b6
01259583
46014689
43e000ef
01045783
177d777d
15838ff9
18230124
740200f4
86ce70a2
69a2864a
85266942
614564e2
1141a219
842ee022
01259583
00efe406
577d4080
01045783
00e51b63
177d777d
18238ff9
60a200f4
01416402
67058082
18238fd9
ec4800f4
9583b7fd
a4210125
f0227179
e84aec26
e44ef406
892e84aa
c5098432
e399591c
977ff0ef
fffff797
a3878793
06f41a63
541c6480
5783c45c
8ba10104
6c1cc3d1
6c1cc3c1
79936008
894e0ff9
501c9d1d
00f54763
852685a2
320000ef
445ce53d
37fd2505
601cc45c
00178713
8023e018
501c0137
00a78963
01045783
cb898b85
176347a9
85a200f9
00ef8526
ed152ee0
740270a2
69a264e2
6942854a
80826145
fffff797
9f478793
00f41463
b7516880
fffff797
97478793
f6f41de3
bf956c80
852685a2
03e000ef
597ddd2d
1141b7d1
842ae022
85b2852e
37978636
a1230000
e406f807
408020ef
186357fd
379700f5
a7830000
c391f6e7
60a2c01c
01416402
11018082
e426e822
ec06e04a
00003497
ef84b483
842e892a
589cc491
8526e781
877ff0ef
fffff797
93878793
02f41663
17836480
f6930104
c73b0087
eab50807
01077693
4725ea95
00e92023
0407e793
00f41823
a879557d
fffff797
93c78793
00f41463
b7f16880
fffff797
8bc78793
fcf411e3
bf756c80
c7158b11
c991702c
07c40793
00f58563
00ef854a
30233a60
57830604
24230104
f7930004
1823fdb7
6c1c00f4
5783e01c
e7930104
18230087
6c1c00f4
5783ef89
07130104
f7932000
86632807
85a200e7
00ef854a
17832a60
f6930104
c73b0017
c29d0807
26235014
06bb0004
d41440d0
45016c14
7713e681
ff290807
644260e2
690264a2
80826105
00277693
e2914601
c4505010
1141bff1
842ae022
3797852e
a3230000
e406e407
224020ef
186357fd
379700f5
a7830000
c391e327
60a2c01c
01416402
d7838082
71790105
ec26f022
e84af406
f713e44e
84aa0087
ef69842e
4d634598
5db800e0
00e04a63
70a24501
64e27402
69a26942
80826145
d77d6838
a9036685
8ff50004
0004a023
cfa57c0c
57836c50
8b910104
441cc799
703c8e1d
5c3cc399
683c8e1d
46817c0c
97828526
570357fd
1d630104
409400f5
e76347f5
07b706d7
17f9dfc0
40d7d7b3
efb98b85
24236c1c
e01c0004
8f7d6785
57fdc719
00f51463
e391409c
702cec48
0124a023
0793ddb5
856307c4
852600f5
23c000ef
06043023
4601b7a5
85264685
57fd9702
10e3862a
409cf8f5
4775dfad
00e78563
94634759
a02304e7
b7890124
04076713
00e41823
bf25557d
0185b983
f20988e3
0005b903
b0238b8d
093b0135
47014139
5198e391
5be3c458
643cf120
86ca7c0c
8526864e
49639782
578300a0
e7930104
18230407
bf7d00f4
093b99aa
bfe140a9
c3a56d9c
e8221101
842aec06
591cc519
e42ee789
e0aff0ef
e79765a2
8793ffff
9b636ca7
640c00f5
01059783
8522c795
60e26442
bd416105
ffffe797
6e478793
00f59463
b7cd680c
ffffe797
66478793
fcf59ce3
bfc96c0c
644260e2
61054501
45018082
11418082
842ae022
85b2852e
37978636
a9230000
e406c607
08c020ef
186357fd
379700f5
a7830000
c391c5e7
60a2c01c
01416402
71758082
842ee122
01259583
f8cafca6
84b2e506
d4638936
57830205
f7930104
cf8d0807
07134781
60aa0400
2023640a
e09800f9
74e67946
61494501
00308082
544000ef
fc054be3
673d47b2
67098ff9
b7938f99
07130017
bfc14000
bfe54781
0105d783
f0227179
ec26f406
8b89e84a
cf89842e
07f40793
ec1ce01c
d01c4785
740270a2
694264e2
80826145
00300054
f0ef84aa
65a2f71f
8526892a
e6aff0ef
1783ed01
f7130104
fb792007
e7939bf1
18230027
bf7d00f4
fffff797
47c78793
5783e4bc
e0080104
e793ec08
18230807
67a200f4
4792d01c
1583cf91
85260124
4d6000ef
5783c901
9bf10104
0017e793
00f41823
01045783
0127e533
00a41823
f593b741
962a0ff5
00c51463
80824501
00054783
feb78de3
b7fd0505
80828082
b783c1cd
1101ff85
ec06e822
ff858413
0007d363
e42a943e
fe5ff0ef
00003717
b0070713
6522631c
3423eb81
e3000004
60e26442
b7e16105
00f47d63
06b36010
966300c4
639400d7
96b2679c
e41ce014
873ebff9
c399679c
fef47de3
06336314
1f6300d7
60100086
e31496b2
00d70633
fcc790e3
679c6390
e31496b2
bf4de71c
00c47563
c11c47b1
6010b765
00c406b3
00d79663
679c6394
e01496b2
e700e41c
8082bf41
f052715d
8a3a499c
e0a24598
f44efc26
e486ec56
e85af84a
e7b3e45e
c21c0ae7
0435c703
842e89aa
8ab684b2
2785c319
401cc21c
0207f793
409cc781
c09c2789
00042903
00697913
00091a63
01940b13
445c5bfd
9f994098
04f94d63
04344783
00f03633
00f036b3
f793401c
e7bd0207
04340613
854e85d6
57fd9a02
04f50263
4711401c
8b994901
00e79763
4098445c
e9339f99
441c0b27
55634818
9f9900f7
0127893b
04694481
1a635b7d
45010499
4685a809
85d6865a
9a02854e
01751e63
60a6557d
74e26406
79a27942
6ae27a02
6ba26b42
80826161
bfa52905
00d407b3
03000693
04d781a3
0016071b
0026069b
04544603
00e407b3
04c781a3
4685bf95
85d68622
9a02854e
fb650ce3
bf712485
e0a2715d
f44ef84a
e486f052
ec56fc26
c803e85a
07930185
892a0780
89b2842e
e2638a36
07930307
86930620
e1630435
03630307
07931c08
e6170580
0613ffff
08633c66
049314f8
01230424
a8150504
f9d8079b
0ff7f793
66e34655
e617fef6
0613ffff
c7b33ce6
439c20c7
878297b2
8493631c
86930425
439c0087
8123e314
478504f5
419ca275
f6136308
05930807
c20d0085
e30c611c
0007d863
02d00713
40f007b3
04e401a3
ffffe617
35860613
a82d4829
0407f613
e30c411c
9793de71
bfd96057
631c4190
08067513
00878593
639ccd41
0713e30c
e61706f0
0613ffff
0d633266
48290ee8
040401a3
c4184058
00074563
99ed400c
e399c00c
cf1984b6
f73384b6
14fd0307
47039732
80230007
873e00e4
0307d7b3
ff0775e3
1e6347a1
401c00f8
cb918b85
481c4058
00e7c763
03000793
fef48fa3
8e8514fd
8752c814
007086ce
854a85a2
da9ff0ef
15635afd
557d0f55
640660a6
794274e2
7a0279a2
6b426ae2
80826161
7613439c
e30c0406
c7bbc601
b7850807
080787bb
419cbfa9
0a07e793
0813c19c
e6170780
0613ffff
02a328e6
400c0504
f813631c
85130805
01630087
639c0208
f713e308
c7010015
0205e593
4841c00c
4018fb85
fdf77713
b71dc018
f813439c
e3080405
00080563
0807c7bb
87bbbfd9
bfc10807
b7294821
631c4190
781349cc
85130806
09630087
e3080008
e38c639c
00042823
b78184b6
7613e308
639c0406
9023c601
b7ed00b7
b7ddc38c
41d0631c
86934581
e3140087
85266384
c0bff0ef
8d05c119
405cc048
01a3c81c
b7210404
86264814
854a85ce
08e39a02
401cf155
e7858b89
47b24448
0af56533
4685b701
85ce8656
9a02854a
ef6509e3
445c2485
9f994732
fef4c5e3
4481bff1
01940a93
b7f55b7d
e0221141
852e842a
863685b2
00002797
6e07a823
10efe406
57fd3210
00f51863
00002797
6dc7a783
c01cc391
640260a2
80820141
e0221141
852e842a
279785b2
af230000
e4066a07
2bb010ef
186357fd
279700f5
a7830000
c3916aa7
60a2c01c
01416402
11418082
842ae022
2797852e
a7230000
e4066807
2a1010ef
186357fd
279700f5
a7830000
c39167a7
60a2c01c
01416402
27978082
87930000
07b302e7
b79340f5
66910017
0035959b
97ae07e6
00468713
55fd973e
97b6c30c
0006069b
9601c394
4501c310
71798082
2903e84a
f4060085
ec26f022
1563e44e
24170209
04130000
0433fe64
34134085
84aa0014
0014141b
00002997
ff898993
00891b63
c49c4785
740270a2
694264e2
614569a2
458d8082
00090363
b783459d
86a60009
7f9c4601
00002517
fc850513
97822905
557db7f1
106f8082
114163a0
2573e406
2501f140
03f010ef
014160a2
0310106f
fc067139
f426f822
ec2e842a
e436e832
610010ef
0005049b
fd3ff0ef
00002797
f5878793
47858c1d
0297e063
664266a2
341365e2
141b0014
47810014
00002817
f6080813
00f41863
744270e2
557d74a2
80826121
c391470d
1463471d
84630105
278500e5
611cb7c5
70e27442
7f9c74a2
87826121
ec061101
f0efe42e
c911f71f
470565a2
00b76763
60e2611c
6105679c
60e28782
6105557d
11018082
e822ec06
c58de42e
f0ef842a
2797f45f
87930000
8c1deca7
341365a2
141b0014
47810014
00002697
edc68693
00f41763
644260e2
6105557d
470d8082
471dc391
00d51463
00e58463
b7cd2785
6442611c
67bc60e2
87826105
ec061101
e42ee822
842ac58d
eebff0ef
00002797
e7078793
65a28c1d
00143413
0014141b
26974781
86930000
1763e826
60e200f4
557d6442
80826105
c391470d
1463471d
846300d5
278500e5
611cb7cd
60e26442
61056bbc
27978782
87930000
8d1de267
00153513
056667b1
ffc78713
972a17e1
430c953e
4310411c
069b2781
1ae30006
9513feb6
87bb0206
8d5d0807
27978082
87930000
1141dee7
40f50733
3713e022
e4060017
8432478d
8b630766
ce6304f5
478500b7
02f58663
8a634789
57fd02f5
640260a2
0141853e
47918082
fef599e3
d67d4781
979b421c
97ba0027
b7cd439c
de7957fd
f73ff0ef
4781e008
57fdbfd1
421cda61
0027979b
a02397ba
b7f50007
de5d57fd
979b421c
97ba0027
c3984705
0480000f
bfd1439c
ec061101
842ae822
62a010ef
0070c62a
45898522
f63ff0ef
644260e2
80826105
ec061101
842ae822
60a010ef
0070c62a
458d8522
f43ff0ef
644260e2
80826105
80824501
27f385aa
2717f140
07130000
e7b32f27
638820e7
342027f3
f793c515
27173ff7
07130000
8793d127
1a630a67
271700e5
07130000
e7b3d1a7
639c20e7
078e8782
9002639c
80828082
00000000
00000000
00000000
00000000
00000000
00000000
00000000
00000000
00000000
00000000
00000000
00000000
00000000
00000000
00000000
00000000
00000000
00000000
00000000
00000000
00000000
00000000
00000000
00000000
00000000
00000000
00000000
00000000
00000000
00000000
ee06712d
e61aea16
fdaae21e
f5b2f9ae
edbaf1b6
e5c2e9be
fd72e1c6
f57af976
ad02f17e
a50aa906
bc92a10e
b49ab896
acaab09e
a4b2a8ae
bc3aa0b6
b442b83e
ac72b046
a47aa876
27f3a07e
2717f140
07130000
e7b31ea7
639420e7
34202673
341027f3
343027f3
30502773
2597cea9
85930000
2797c025
87930000
8363c127
478100b6
3ff67513
08065f63
08000693
00d51a63
5187b703
5287b583
08000513
a0159702
d56346ad
771300a6
e33d03f7
00950713
16930716
973e0055
b78397b6
670c1187
60f29782
633262d2
756e6392
762e75ce
676e768e
682e67ce
7e6a688e
7f2a7eca
206a7f8a
212a20ca
3266218a
332632c6
25663386
262625c6
37622686
382237c2
2e623882
2f222ec2
61152f82
30200073
18e34689
2773fad7
63183070
1807b583
67b3bfb5
b78320f5
85aa5307
97828536
0000bf49
00000000
00000000
00000000
00000000
00000000
00000000
00000000
00000000
00000000
00000000
00000000
00000000
00000000
00000000
00000000
00000000
00000000
00000000
45010000
25738082
8082b000
cd0987aa
00002717
ae070713
98634501
453700e7
0513000f
80822405
80824501
ec061101
2797e402
87930000
9c63abe7
251700a7
35030000
c511cca5
0030611c
6fdc4585
60e29782
61056522
bf4d8082
00002517
a8450513
451d8082
450d8082
11018082
c62eec06
00002797
a7c78793
02a79163
00002797
c087b783
c799557d
00706398
6f58458d
9702853e
610560e2
557d8082
1101bfe5
c62eec06
00002797
a4878793
02a79163
00002797
bd47b783
c799557d
00706398
6f584589
9702853e
610560e2
557d8082
1101bfe5
c62eec06
00002797
a1478793
02a79163
00002797
ba07b783
c7994501
00706398
6f584591
9702853e
610560e2
45018082
2797bfe5
87930000
84639e67
450100a7
25178082
05130000
80829ee5
0005d783
4511470d
83638b8d
450900e7
25738082
80823410
34159073
80824501
00002797
9ac78793
00a78463
80824501
00002517
fcc50513
65088082
11418082
06400513
10efe406
11412560
0c800513
10efe406
279724a0
87930000
862e9767
00a79b63
00002517
b8053503
611cc509
73dc4581
557d8782
451c8082
0793efb1
07131185
b0235185
b4230007
b8230007
87930007
98e30207
0793fee7
07135305
06975b05
86930000
e394f9c6
1ee307a1
2773fef7
d7973050
8793ffff
1b6367a7
27f300f7
07973050
87930000
9bf1c967
30579073
c51c4785
25178082
05130000
80828e25
27f3ed81
07973050
87930000
9bf1c727
30579073
80824501
557d4785
fef59de3
305027f3
00001797
1d478793
0017e793
4a63b7c5
279700a0
87930000
6533e7a7
610820f5
45018082
11418082
e022e406
f1402573
f0ef2501
842afddf
dc9ff0ef
00a50593
64028522
014160a2
712db719
ee06fdaa
e61aea16
f9aee21e
f1b6f5b2
e9beedba
e1c6e5c2
f976fd72
f17ef57a
a906ad02
a10ea50a
b896bc92
b09eb49a
a8aeacaa
a0b6a4b2
b83ebc3a
b046b442
12c00513
a876ac72
a07ea47a
0fc010ef
ee06712d
e61aea16
fdaae21e
f5b2f9ae
edbaf1b6
e5c2e9be
fd72e1c6
f57af976
ad02f17e
a50aa906
bc92a10e
b49ab896
acaab09e
a4b2a8ae
bc3aa0b6
b442b83e
ac72b046
a47aa876
27f3a07e
2717f140
07130000
e7b3da27
639c20e7
1717c38d
07130000
93637ca7
179706e7
87930000
b7037d67
b5831787
450d1887
60f29702
633262d2
756e6392
762e75ce
676e768e
682e67ce
7e6a688e
7f2a7eca
206a7f8a
212a20ca
3266218a
332632c6
25663386
262625c6
37622686
382237c2
2e623882
2f222ec2
61152f82
30200073
18803783
712d9002
ea16ee06
e21ee61a
f9aefdaa
f1b6f5b2
e9beedba
e1c6e5c2
f976fd72
f17ef57a
a906ad02
a10ea50a
b896bc92
b09eb49a
a8aeacaa
a0b6a4b2
b83ebc3a
b046b442
a876ac72
a07ea47a
f14027f3
00002717
cd070713
20e7e7b3
c38d639c
00001717
6f870713
06e79363
00001797
70478793
1f87b703
2087b583
9702451d
62d260f2
63926332
75ce756e
768e762e
67ce676e
688e682e
7eca7e6a
7f8a7f2a
20ca206a
218a212a
32c63266
33863326
25c62566
26862626
37c23762
38823822
2ec22e62
2f822f22
00736115
37833020
90022080
ee06712d
e61aea16
fdaae21e
f5b2f9ae
edbaf1b6
e5c2e9be
fd72e1c6
f57af976
ad02f17e
a50aa906
bc92a10e
b49ab896
acaab09e
a4b2a8ae
bc3aa0b6
b442b83e
ac72b046
a47aa876
27f3a07e
2717f140
07130000
e7b3bfe7
639c20e7
1717c38d
07130000
93636267
179706e7
87930000
b7036327
b5833187
45413287
60f29702
633262d2
756e6392
762e75ce
676e768e
682e67ce
7e6a688e
7f2a7eca
206a7f8a
212a20ca
3266218a
332632c6
25663386
262625c6
37622686
382237c2
2e623882
2f222ec2
61152f82
30200073
32803783
712d9002
ea16ee06
e21ee61a
f9aefdaa
f1b6f5b2
e9beedba
e1c6e5c2
f976fd72
f17ef57a
a906ad02
a10ea50a
b896bc92
b09eb49a
a8aeacaa
a0b6a4b2
b83ebc3a
b046b442
a876ac72
a07ea47a
f14027f3
00002717
b2c70713
20e7e7b3
c38d639c
00001717
55470713
06e79363
00001797
56078793
3387b703
3487b583
97024545
62d260f2
63926332
75ce756e
768e762e
67ce676e
688e682e
7eca7e6a
7f8a7f2a
20ca206a
218a212a
32c63266
33863326
25c62566
26862626
37c23762
38823822
2ec22e62
2f822f22
00736115
37833020
90023480
ee06712d
e61aea16
fdaae21e
f5b2f9ae
edbaf1b6
e5c2e9be
fd72e1c6
f57af976
ad02f17e
a50aa906
bc92a10e
b49ab896
acaab09e
a4b2a8ae
bc3aa0b6
b442b83e
ac72b046
a47aa876
27f3a07e
2717f140
07130000
e7b3a5a7
639c20e7
1717c38d
07130000
93634827
179706e7
87930000
b70348e7
b5833587
45493687
60f29702
633262d2
756e6392
762e75ce
676e768e
682e67ce
7e6a688e
7f2a7eca
206a7f8a
212a20ca
3266218a
332632c6
25663386
262625c6
37622686
382237c2
2e623882
2f222ec2
61152f82
30200073
36803783
712d9002
ea16ee06
e21ee61a
f9aefdaa
f1b6f5b2
e9beedba
e1c6e5c2
f976fd72
f17ef57a
a906ad02
a10ea50a
b896bc92
b09eb49a
a8aeacaa
a0b6a4b2
b83ebc3a
b046b442
a876ac72
a07ea47a
f14027f3
00002717
98870713
20e7e7b3
c38d639c
00001717
3b070713
06e79363
00001797
3bc78793
3787b703
3887b583
9702454d
62d260f2
63926332
75ce756e
768e762e
67ce676e
688e682e
7eca7e6a
7f8a7f2a
20ca206a
218a212a
32c63266
33863326
25c62566
26862626
37c23762
38823822
2ec22e62
2f822f22
00736115
37833020
90023880
ee06712d
e61aea16
fdaae21e
f5b2f9ae
edbaf1b6
e5c2e9be
fd72e1c6
f57af976
ad02f17e
a50aa906
bc92a10e
b49ab896
acaab09e
a4b2a8ae
bc3aa0b6
b442b83e
ac72b046
a47aa876
27f3a07e
2717f140
07130000
e7b38b67
639c20e7
1717c38d
07130000
93632de7
179706e7
87930000
b7032ea7
b5833987
45513a87
60f29702
633262d2
756e6392
762e75ce
676e768e
682e67ce
7e6a688e
7f2a7eca
206a7f8a
212a20ca
3266218a
332632c6
25663386
262625c6
37622686
382237c2
2e623882
2f222ec2
61152f82
30200073
3a803783
712d9002
ea16ee06
e21ee61a
f9aefdaa
f1b6f5b2
e9beedba
e1c6e5c2
f976fd72
f17ef57a
a906ad02
a10ea50a
b896bc92
b09eb49a
a8aeacaa
a0b6a4b2
b83ebc3a
b046b442
a876ac72
a07ea47a
f14027f3
00001717
7e470713
20e7e7b3
c38d639c
00001717
20c70713
06e79363
00001797
21878793
3b87b703
3c87b583
97024555
62d260f2
63926332
75ce756e
768e762e
67ce676e
688e682e
7eca7e6a
7f8a7f2a
20ca206a
218a212a
32c63266
33863326
25c62566
26862626
37c23762
38823822
2ec22e62
2f822f22
00736115
37833020
90023c80
ee06712d
e61aea16
fdaae21e
f5b2f9ae
edbaf1b6
e5c2e9be
fd72e1c6
f57af976
ad02f17e
a50aa906
bc92a10e
b49ab896
acaab09e
a4b2a8ae
bc3aa0b6
b442b83e
ac72b046
a47aa876
27f3a07e
1717f140
07130000
e7b37127
639c20e7
1717c38d
07130000
936313a7
179706e7
87930000
b7031467
b5833d87
45593e87
60f29702
633262d2
756e6392
762e75ce
676e768e
682e67ce
7e6a688e
7f2a7eca
206a7f8a
212a20ca
3266218a
332632c6
25663386
262625c6
37622686
382237c2
2e623882
2f222ec2
61152f82
30200073
3e803783
712d9002
ea16ee06
e21ee61a
f9aefdaa
f1b6f5b2
e9beedba
e1c6e5c2
f976fd72
f17ef57a
a906ad02
a10ea50a
b896bc92
b09eb49a
a8aeacaa
a0b6a4b2
b83ebc3a
b046b442
a876ac72
a07ea47a
f14027f3
00001717
64070713
20e7e7b3
c38d639c
00001717
06870713
06e79363
00001797
07478793
3f87b703
4087b583
9702455d
62d260f2
63926332
75ce756e
768e762e
67ce676e
688e682e
7eca7e6a
7f8a7f2a
20ca206a
218a212a
32c63266
33863326
25c62566
26862626
37c23762
38823822
2ec22e62
2f822f22
00736115
37833020
90024080
ee06712d
e61aea16
fdaae21e
f5b2f9ae
edbaf1b6
e5c2e9be
fd72e1c6
f57af976
ad02f17e
a50aa906
bc92a10e
b49ab896
acaab09e
a4b2a8ae
bc3aa0b6
b442b83e
ac72b046
a47aa876
27f3a07e
1717f140
07130000
e7b356e7
639c20e7
1717c38d
07130000
9363f967
179706e7
87930000
b703fa27
b5834187
45614287
60f29702
633262d2
756e6392
762e75ce
676e768e
682e67ce
7e6a688e
7f2a7eca
206a7f8a
212a20ca
3266218a
332632c6
25663386
262625c6
37622686
382237c2
2e623882
2f222ec2
61152f82
30200073
42803783
712d9002
ea16ee06
e21ee61a
f9aefdaa
f1b6f5b2
e9beedba
e1c6e5c2
f976fd72
f17ef57a
a906ad02
a10ea50a
b896bc92
b09eb49a
a8aeacaa
a0b6a4b2
b83ebc3a
b046b442
a876ac72
a07ea47a
f14027f3
00001717
49c70713
20e7e7b3
c38d639c
00001717
ec470713
06e79363
00001797
ed078793
4387b703
4487b583
97024565
62d260f2
63926332
75ce756e
768e762e
67ce676e
688e682e
7eca7e6a
7f8a7f2a
20ca206a
218a212a
32c63266
33863326
25c62566
26862626
37c23762
38823822
2ec22e62
2f822f22
00736115
37833020
90024480
ee06712d
e61aea16
fdaae21e
f5b2f9ae
edbaf1b6
e5c2e9be
fd72e1c6
f57af976
ad02f17e
a50aa906
bc92a10e
b49ab896
acaab09e
a4b2a8ae
bc3aa0b6
b442b83e
ac72b046
a47aa876
27f3a07e
1717f140
07130000
e7b33ca7
639c20e7
1717c38d
07130000
9363df27
179706e7
87930000
b703dfe7
b5834587
45694687
60f29702
633262d2
756e6392
762e75ce
676e768e
682e67ce
7e6a688e
7f2a7eca
206a7f8a
212a20ca
3266218a
332632c6
25663386
262625c6
37622686
382237c2
2e623882
2f222ec2
61152f82
30200073
46803783
712d9002
ea16ee06
e21ee61a
f9aefdaa
f1b6f5b2
e9beedba
e1c6e5c2
f976fd72
f17ef57a
a906ad02
a10ea50a
b896bc92
b09eb49a
a8aeacaa
a0b6a4b2
b83ebc3a
b046b442
a876ac72
a07ea47a
f14027f3
00001717
2f870713
20e7e7b3
c38d639c
00001717
d2070713
06e79363
00001797
d2c78793
4787b703
4887b583
9702456d
62d260f2
63926332
75ce756e
768e762e
67ce676e
688e682e
7eca7e6a
7f8a7f2a
20ca206a
218a212a
32c63266
33863326
25c62566
26862626
37c23762
38823822
2ec22e62
2f822f22
00736115
37833020
90024880
ee06712d
e61aea16
fdaae21e
f5b2f9ae
edbaf1b6
e5c2e9be
fd72e1c6
f57af976
ad02f17e
a50aa906
bc92a10e
b49ab896
acaab09e
a4b2a8ae
bc3aa0b6
b442b83e
ac72b046
a47aa876
27f3a07e
1717f140
07130000
e7b32267
639c20e7
1717c38d
07130000
9363c4e7
179706e7
87930000
b703c5a7
b5834987
45714a87
60f29702
633262d2
756e6392
762e75ce
676e768e
682e67ce
7e6a688e
7f2a7eca
206a7f8a
212a20ca
3266218a
332632c6
25663386
262625c6
37622686
382237c2
2e623882
2f222ec2
61152f82
30200073
4a803783
712d9002
ea16ee06
e21ee61a
f9aefdaa
f1b6f5b2
e9beedba
e1c6e5c2
f976fd72
f17ef57a
a906ad02
a10ea50a
b896bc92
b09eb49a
a8aeacaa
a0b6a4b2
b83ebc3a
b046b442
a876ac72
a07ea47a
f14027f3
00001717
15470713
20e7e7b3
c38d639c
00001717
b7c70713
06e79363
00001797
b8878793
4b87b703
4c87b583
97024575
62d260f2
63926332
75ce756e
768e762e
67ce676e
688e682e
7eca7e6a
7f8a7f2a
20ca206a
218a212a
32c63266
33863326
25c62566
26862626
37c23762
38823822
2ec22e62
2f822f22
00736115
37833020
90024c80
ee06712d
e61aea16
fdaae21e
f5b2f9ae
edbaf1b6
e5c2e9be
fd72e1c6
f57af976
ad02f17e
a50aa906
bc92a10e
b49ab896
acaab09e
a4b2a8ae
bc3aa0b6
b442b83e
ac72b046
a47aa876
27f3a07e
1717f140
07130000
e7b30827
639c20e7
1717c38d
07130000
9363aaa7
179706e7
87930000
b703ab67
b5834d87
45794e87
60f29702
633262d2
756e6392
762e75ce
676e768e
682e67ce
7e6a688e
7f2a7eca
206a7f8a
212a20ca
3266218a
332632c6
25663386
262625c6
37622686
382237c2
2e623882
2f222ec2
61152f82
30200073
4e803783
712d9002
ea16ee06
e21ee61a
f9aefdaa
f1b6f5b2
e9beedba
e1c6e5c2
f976fd72
f17ef57a
a906ad02
a10ea50a
b896bc92
b09eb49a
a8aeacaa
a0b6a4b2
b83ebc3a
b046b442
a876ac72
a07ea47a
f14027f3
00001717
fb070713
20e7e7b3
c38d639c
00001717
9d870713
06e79363
00001797
9e478793
4f87b703
5087b583
9702457d
62d260f2
63926332
75ce756e
768e762e
67ce676e
688e682e
7eca7e6a
7f8a7f2a
20ca206a
218a212a
32c63266
33863326
25c62566
26862626
37c23762
38823822
2ec22e62
2f822f22
00736115
37833020
90025080
305027f3
03f7f793
470917fd
69634501
d71700f7
0713ffff
97bad127
0007c503
bff98082
872a47fd
00a7cf63
45014789
00e7df63
1fffe7b7
11178793
d533078e
890500e7
07138082
3513f805
80820017
ec267179
852e84aa
e84af022
f406e44e
89b2842e
f0ef8936
c541fbff
08000793
08f41c63
f8dff0ef
0005079b
cfa5554d
740270a2
694264e2
614569a2
bc238082
b4235134
a8215324
00541793
97a60425
bc230416
85331137
34230084
45010125
47fdbfc1
c5e35551
47bdfc87
fc87d2e3
00541793
97a60425
fffff717
f1a70713
bc230416
853310e7
30230084
bfc10125
fffff797
b5478793
16f4bc23
1924b023
5555bf7d
9ce3b771
f797f809
8793ffff
bc23b807
b77150f4
f80998e3
09e347ad
c0e3faf4
478dfa87
fcf404e3
5551479d
f6f410e3
fffff797
fa278793
1ef4bc23
2124b023
c911bfad
8863479d
e86304f5
c58d00b7
8d63478d
567d02f5
47ada805
04f58063
ff05879b
68e3473d
4785fef7
00b797bb
b7f3ee0d
a8093047
c60947a1
3007a7f3
a0194601
3007b7f3
80828532
ca1947a1
3047a7f3
0793b7f5
bfd50800
879b6785
b7f58007
3047b7f3
a7f3b7c5
bfc93047
bf414605
b7714601
87aa473d
4963557d
c61900b7
20f5e5b3
b8234501
808252c5
07978082
87930000
976379e7
051700a7
05130000
bfc97aa5
8082557d
81018793
35138d1d
053a0015
0105971b
678dc599
33378793
c11c9fb9
6795bffd
55578793
611cbfd5
8782779c
73bc611c
e5118782
00001517
d1853503
45018082
25738082
2501f140
611c8082
e4061141
9782639c
85aa1141
81018513
f0efe406
0000fedf
00000000
00000000
00000000
00000000
00000000
00000000
00000000
00000000
00000000
00000000
00000000
00000000
e77fe06f
e73fe06f
e6ffe06f
ebdfe06f
e67fe06f
e63fe06f
e5ffe06f
f7ffe06f
e57fe06f
e53fe06f
e4ffe06f
e4bfe06f
e47fe06f
e43fe06f
e3ffe06f
e3bfe06f
82cff06f
8faff06f
9c8ff06f
a96ff06f
b64ff06f
c32ff06f
d00ff06f
dceff06f
e9cff06f
f6aff06f
839ff06f
907ff06f
9d5ff06f
aa3ff06f
b71ff06f
c3fff06f
00000000
00000000
00000000
00000000
00000000
00000000
00000000
00000000
00000000
00000000
00000000
00000000
00000000
00000000
00000000
00000000
00000000
00000000
00000000
00000000
00000000
00000000
00000000
00000000
00000000
00000000
00000000
00000000
00000000
00000000
00000000
00000000
e4061141
0f2000ef
079360a2
c11c0580
0141557d
11418082
f0efe406
1141ea7f
00efe406
60a20d40
fa800793
557dc11c
80820141
3513157d
80820015
e4061141
0b6000ef
079360a2
c11c0580
0141557d
11418082
00efe406
60a20a00
05800793
557dc11c
80820141
00002797
f1878793
00003717
f1070713
02e78663
81818793
638885aa
00b506b3
00e6fd63
ec061101
e42a2581
c0efe394
60e29fef
61056522
e3988082
8082557d
ec061101
e426e822
4785e04a
00f51a63
84b2842e
00c58933
03241063
a0398526
02e000ef
05800793
557dc11c
644260e2
690264a2
80826105
00044503
00ef0405
bfd92d00
468185aa
45014601
1517a879
35030000
8082aca5
e8221101
c417e426
0413ffff
c4973fa4
8493ffff
8c053f24
840dec06
60e2e411
64a26442
80826105
67b3147d
639c2094
b7ed9782
e8221101
c417e426
0413ffff
c4973c64
8493ffff
8c813be4
ec06e04a
4901848d
02991563
ffffc417
3a840413
ffffc497
3a048493
848d8c81
1d634901
60e20099
64a26442
61056902
601c8082
04210905
b7f99782
0905601c
97820421
88aabff9
00001517
a9450513
ef016118
aa818793
0513e11c
873e0000
6118c509
10e7b823
471c873e
557d487d
04f84563
02088c63
11073803
02080f63
2107e333
00c33023
20082503
163b4605
8d5100f6
20a82023
10d33023
97634689
268300d8
8ed12048
20d82223
0017869b
e7b3c714
450120e7
8082eb8c
f852711d
f05af456
ec86ec5e
e4a6e8a2
fc4ee0ca
e466e862
8a2e8aaa
00001b17
a04b0b13
34834b85
cc81000b
b9834480
091b1104
040efff4
00898cb3
5f639426
60e60009
64a66446
79e26906
7aa27a42
6be27b02
6ca26c42
80826125
000a0c63
00099663
1ce1397d
bfd11461
0f8cb783
ff479ae3
6418449c
996337fd
a4230327
d36d0124
0084ac03
00098963
2009a783
012b96bb
27818ff5
9702ef89
37834498
12e3000b
8fe3f987
bfb5faf4
00043423
a783bfc9
b5832049
8ff5ff8c
e7812781
97028556
852ebfe1
bfc99702
00001797
96478793
ef054398
e8221101
ec06e426
c3984705
ffffc417
21440413
ffffc497
20c48493
00947463
00941763
644260e2
610564a2
601c8082
97820421
8082b7f5
00001797
91878793
ef054398
e8221101
ec06e426
c3984705
ffffc417
1d040413
ffffc497
1c848493
00947463
00941763
644260e2
610564a2
601c8082
97820421
8082b7f5
e4061141
00efe022
17971c80
87930000
43988ce7
4705e319
00efc398
f0ef11e0
2501b35f
b1fff0ef
cd11842a
b11ff0ef
00efc919
85220220
affff0ef
6402c509
014160a2
60a2a801
01416402
b72d8082
b7adbf45
639c611c
852a8782
01151013
8082557d
8793050e
97aa8201
c6e16394
83018793
639c97aa
06374705
173b1000
c78300f7
05370095
377d2000
01c7979b
c6038ff1
161b00a5
8e6901d6
c6038fd1
8a050005
c6038fd1
8e790015
0026161b
41d08fd1
161b8e79
8fd10086
0085c603
171b8f71
8fd900e7
c29c2781
00c5c783
00d5c703
06136609
979be006
171b0047
8f710097
1f07f793
c7038fd9
e63700b5
8b3d0007
c7038fd9
171b00e5
8f7100d7
c7038fd9
063700f5
171b0008
8f710137
c7038fd9
06370105
171b0010
8f710147
c7038fd9
06370115
171b0020
8f710157
27818fd9
8082c2dc
8301b703
97bb4785
713900e7
470537fd
00e10423
0047f713
00e104a3
1587f713
08238b95
678500f1
e0078793
00f11923
010607b7
40478793
0793ca3e
f8221010
fc06f426
08a3c63a
1c230001
440100f1
82818493
4763409c
70e200f4
74a27442
80826121
002c8522
ec5ff0ef
b7dd2405
f14027f3
83818713
e7b32781
639820e7
07a16785
4314973e
00157793
9add078e
c31c8fd5
45018082
0000bfe1
00000000
00000000
12700418
00000000
12700450
00000000
127003e0
00000000
00000000
00000000
00000000
00000000
00000000
00000000
00000000
00000000
00000000
00000000
00000000
00000000
00000000
00000000
00000000
00000000
00000000
00000000
00000000
00000000
00000000
00000000
00000000
00000000
00000000
00000000
00000000
00000000
00000000
00000000
00000000
00000000
00000000
00000000
00000000
00000000
12700528
00000000
00000000
00000000
12700608
00000000
00000000
00000000
00000000
00000000
127006a8
00000000
00000000
00000000
00000000
00000000
00000000
00000000
00000000
00000000
00000000
00000000
00000000
00000000
00000000
00000000
00000000
00000000
00000000
00000000
00000000
00000000
00000000
00000000
00000000
00000000
00000000
00000000
00000000
00000000
00000000
00000000
00000000
00000000
00000000
00000000
00000000
00000000
00000000
00000000
00000000
00000000
00000000
00000000
00000000
00000000
00000000
00000000
00000000
00000000
00000000
00000000
00000000
00000000
00000000
00000000
00000000
00000000
00000000
00000000
00000000
00000000
00000000
00000000
00000000
00000000
00000000
00000000
00000000
00000000
00000000
00000000
00000000
00000000
00000000
00000000
00000000
00000000
00000000
00000000
00000000
00000000
00000000
00000000
00000000
00000000
00000000
00000000
00000000
00000000
00000000
00000000
00000000
00000000
00000000
00000000
00000000
00000000
00000000
00000000
00000000
00000000
00000000
00000000
00000000
00000000
00000000
00000000
00000000
00000000
00000000
00000000
00000000
00000000
00000000
00000000
00000000
00000000
00000000
00000000
00000000
00000000
00000000
00000000
00000000
00000000
00000000
00000000
00000000
00000000
00000000
00000000
00000000
00000000
00000000
00000000
00000000
00000000
00000000
00000000
00000000
00000000
00000000
00000000
00000000
00000000
00000000
00000000
00000000
00000000
00000000
00000000
00000000
00000000
00000000
00000000
00000000
00000000
00000000
00000000
00000000
00000000
00000000
00000000
00000000
00000000
00000000
00000000
00000000
00000000
00000000
00000000
00000000
00000000
00000000
00000000
00000000
00000000
00000000
00000000
00000000
00000000
00000000
00000000
00000000
00000000
00000000
00000000
00000000
00000000
00000000
00000000
00000000
00000000
00000000
00000000
00000000
00000000
00000000
00000000
00000000
00000000
00000000
00000000
00000000
00000000
00000000
00000000
00000000
00000000
00000000
00000000
00000000
00000000
00000000
00000000
00000000
00000000
00000000
00000000
00000000
00000000
00000000
00000000
00000000
00000000
00000000
00000000
00000000
00000000
00000000
00000000
00000000
00000000
00000000
00000000
00000000
00000000
00000000
00000000
00000000
00000000
00000000
00000000
00000000
00000000
00000000
00000000
00000000
00000000
00000000
00000000
00000000
00000000
00000000
00000000
00000000
00000000
00000000
00000000
00000000
00000000
00000000
00000000
00000000
00000000
00000000
00000000
00000000
00000000
00000000
00000000
00000000
00000000
00000000
00000000
00000000
00000000
00000000
00000000
00000000
00000000
00000000
00000000
00000000
00000000
00000000
00000000
00000000
00000000
00000000
00000000
00000000
00000000
00000000
00000000
00000000
00000000
00000000
00000000
00000000
00000000
00000000
00000000
00000000
00000000
00000000
00000000
00000000
00000000
00000000
00000000
00000000
00000000
00000000
00000000
00000000
00000000
00000000
00000000
00000000
00000000
00000000
00000000
00000000
00000000
00000000
00000000
00000000
00000000
00000000
00000000
00000000
00000000
00000000
00000000
00000000
00000000
00000000
00000000
00000000
00000000
00000000
00000000
00000000
00000000
00000000
00000000
00000000
00000000
00000000
00000000
00000000
00000000
00000000
00000000
00000000
00000000
00000000
00000000
00000000
00000000
00000000
00000000
127043f0
00000000
12704330
00000000
127007b8
00000000
12705d80
00000000
02030000
00000000
00000001
00000000
00000006
00000000
04000000
00000000
3f755b2d
8bffbe15
eba45301
503541c1
e73faabf
85a53733
caeadef2
5041b757
8c1456dc
2f8cba51
91f154e5
ce54d0bc
cf101743
701b3a14
54f55d59
615dfb7d
a2000003
00004e78
00048124
00000000
00000000
00000000
00000000
00000000
8cc5e9ef
99eddb34
30ca8778
5c46f00a
cce85872
25e86178
e869e6ad
44f2aaeb
bd4bf09e
694f07f6
7b1bd4c4
f5f2735d
fa9679e6
a8c84138
b1e7f5d6
fd99a088
00000000
00000000
00000000
12790000
00004e38
00000000
00000000
00000000
00000000
00000000
00000000
00000001
00000000
00000000
00000000
00000000
00005197
5b018193
00000297
01828293
30529073
00100293
00028463
7c105073
00000297
13428293
30529073
00000113
00011663
0000d117
77c10113
f1402573
83174281
0313ed87
7113fbe3
8563ff01
911a00a2
bfd50285
00000097
07e08093
00008363
25739082
4581f140
00ef4601
00930f60
83630000
90820000
00000297
00c28293
30529073
00002303
0000bff5
80820000
b37346a1
42a13006
0055c563
00757613
0023ca11
05050005
47e315fd
1073feb0
80823003
00053023
15e10521
fcb04ee3
30031073
30238082
03210003
fe734de3
84068082
ed870297
f2828293
06028763
ed870297
f1c28293
f14027f3
b07346a1
83173006
0313ed87
5397f0a3
83930000
03336b23
53634061
831e0073
0463838a
f0ef0073
9a63fb5f
43170257
03130000
53976023
83930000
0463d123
f0ef0073
0317f99f
03130000
03976823
83930000
046367a3
f0ef0073
80a2f81f
00008082
342022f3
34102373
343023f3
8082bfd5
51978406
81930000
029344a1
11630000
42970e55
82930000
43175aa2
03130000
53975a23
83930000
8c63cb23
5a630062
b5030073
02a10002
00a33023
4ae30321
0297fe73
82930000
03176122
03130000
039760a3
83930000
8c636023
5a630062
b5030073
02a10002
00a33023
4ae30321
100ffe73
02970000
82930000
03175de2
03130000
03975d63
83930000
8c635ce3
5a630062
b5030073
02a10002
00a33023
4ae30321
100ffe73
53170000
03130000
8393c2a3
57631f81
30230073
03210003
fe734de3
00005217
c1020213
9602c211
00004517
fcc50513
7b1030ef
7f5030ef
00004517
26a50513
7a1030ef
25a040ef
f0fff0ef
b07356fd
b0733046
27f33446
27373010
8f7d0004
b073c709
b0733036
07373026
8f7d0004
b073c319
67411806
0287071b
cb898ff9
300027f3
8fd96709
30079073
00305073
210040ef
05974505
85930000
06174de5
06130000
00ef4de6
10ef2ed0
80a21020
80828082
e4061141
f14022f3
00000313
00628563
10500073
00efbff5
60a252a0
80820141
127902e8
00000000
25a0406f
00000000
65637845
6f697470
6948206e
6d202174
73756163
30203a65
38302578
6d202c78
3a637065
25783020
2c783830
76746d20
203a6c61
30257830
000a7838
00000000
7561634d
45206573
70656378
6e6f6974
646f4320
30203a65
38302578
00000a78
20776f4e
74697845
2e676e69
000a2e2e
20746f4e
61762061
2064696c
65726874
6c6f6873
6f632064
6769666e
74617275
216e6f69
65684320
73206b63
70757465
00000a21
00000000
20746f4e
61762061
2064696c
69616c63
6f632d6d
656c706d
63206574
69666e6f
61727567
6e6f6974
68432021
206b6365
75746573
000a2170
2ab74240
fa165731
00000000
00000000
00000000
00000000
00000000
00000000
00000000
00000000
00000000
00000000
00000000
00000000
00000000
00000000
00000000
00000000
00000000
00000000
00000000
00000000
00000000
00000000
00000000
00000000
00000000
00000000
00000000
00000000
00000000
00000000
00000000
00000000
00000000
00000000
00000000
00000000
00000000
00000000
00000000
00000000
00000000
00000000
2b302d23
00000020
004c6c68
00000000
45676665
00004746
33323130
37363534
42413938
46454443
00000000
00000000
33323130
37363534
62613938
66656463
00000000
00001f5c
00001f72
00001f32
00001f32
00001f32
00001f32
00001f72
00001f32
00001f32
00001f32
00001f32
000020cc
00001fb0
0000206a
00001f32
00001f32
00002100
00001f32
00001fb0
00001f32
00001f32
00002072
00000000
127926f6
00000000
127927f0
00000000
12792762
00000000
00000000
00000000
00000000
00000000
1279298c
00000000
127929ac
00000000
1279277c
00000000
1279275e
00000000
12792816
00000000
12792870
00000000
00000000
00000000
00000000
00000000
00000000
00000000
00000000
00000000
00000000
00000000
00000000
00000000
00000000
00000000
00000000
00000000
12792902
00000000
127926c2
00000000
00000000
00000000
00000000
00000000
00000000
00000000
00000000
00000000
00000000
00000000
00000000
00000000
00000000
00000000
12792c06
00000000
12792c0c
00000000
12792c2c
00000000
12792c5a
00000000
12792d7a
00000000
12792c5c
00000000
12792c66
00000000
12792dfe
00000000
12792c6a
00000000
12792c6e
00000000
12792ca2
00000000
12792cd6
00000000
12792d0a
00000000
12793f52
00000000
12792d24
00000000
12792d36
00000000
12792d3c
00000000
12792d44
00000000
12792d5e
00000000
127929cc
00000000
12792d9e
00000000
12792e08
00000000
12793dae
00000000
00000000
00000000
00000000
00000000
00000000
00000000
00000000
00000000
12793ddc
00000000
00000000
00000000
12793f30
00000000
12793f34
00000000
00000000
00000000
00000000
00000000
00000000
00000000
00000000
00000000
00000000
00000000
00000000
00000000
00000000
00000000
00000000
00000000
12792c02
00000000
00000000
00000000
00000000
00000000
00000000
00000000
00000000
00000000
00000000
00000000
00000000
00000000
00000000
00000000
00000000
00000000
12790790
00000000
00000000
00000000
6762696c
73736f6c
00000000
00000000
12794728
00000000
00040301
00000000
12793f6c
00000000
00000000
00000000
00000000
00000000
00000000
00000000
00000000
00000000
00000000
00000000
00000000
00000000
00000000
00000000
00000000
00000000
00000000
00000000
006c7179
f4064501
c602f026
299000ef
00c16883
04b375b7
00000697
bb86b683
87c68846
06138746
85930650
450959b5
6be000ef
784030ef
00ef84aa
852632c0
352000ef
e9152501
208000ef
210000ef
0c0027b7
c398577d
b7b745b2
879bfabf
9fadb007
67c1c83e
20078793
46090814
ca3e4501
137000ef
70a2a001
25017482
80826145
00000000
00000000
00000000
00000000
00000000
00000000
00000000
00000000
00000000
00000000
00000000
00000000
00000000
00000000
00000000
00000000
00000000
00000000
00000000
00000000
00000000
00000000
00000000
00000000
00000000
00000000
00000000
00000000
00000000
00000000
00000000
1060006f
0fc0006f
0f80006f
0f60006f
0f00006f
0ec0006f
0e80006f
0e80006f
0e00006f
0dc0006f
0d80006f
2f80006f
0d00006f
0cc0006f
0c80006f
0c40006f
0c00006f
0bc0006f
0b80006f
0b40006f
0b00006f
0ac0006f
0a80006f
0a40006f
0a00006f
09c0006f
0980006f
0940006f
0900006f
08c0006f
0880006f
0840006f
0800006f
07c0006f
0780006f
0740006f
0700006f
06c0006f
0680006f
0640006f
0600006f
05c0006f
0580006f
0540006f
0500006f
04c0006f
0480006f
0440006f
00000000
00000000
00000000
00000000
00000000
00000000
00000000
00000000
00000000
00000000
00000000
00000000
00000000
00000000
00000000
00000000
a001a001
1141a001
e022e406
34202473
26732401
26f33410
05173430
05130000
26818d65
85a22601
343000ef
3ff47593
00000517
90050513
333000ef
00000517
91450513
327000ef
0ee00513
16d000ef
879b6785
a7f38007
80823047
a7f347a1
80823007
b7f347a1
80823007
0025151b
020007b7
a02397aa
000f0007
80820ff0
03100793
00f59963
00d5151b
0c2007b7
08f5053b
07938082
97630510
151b00f5
17b700d5
b7ed0c20
05171141
05130000
e4068b65
2b7000ef
450160a2
80820141
03100793
00f59a63
00d5151b
0c2007b7
053b0791
808208f5
05100793
00f59763
00d5151b
0c2017b7
1141b7e5
00000517
8ac50513
00efe406
60a22750
01414501
07938082
81630310
079304f6
9c630510
26b702f6
86930c00
571b0806
171b0055
073b0027
179b0807
87bb0086
470508e7
153b97b6
470500a7
9a634394
8ec900e5
0006871b
8082c398
0c0026b7
f733b7f9
270140a6
151bbfc5
07b70025
053b0c00
c10c08f5
11018082
e44ae826
4481ec06
ef5ff0ef
08100913
45898526
f0ef2485
9be3fd9f
60e2ff24
692264c2
61054501
71798082
f406f026
e84eec4a
84aae452
ec5ff0ef
00004797
2547b783
0017e793
30579073
00004917
25c93903
f0ef8526
0a13eaff
89ca2009
a5032481
06930009
86260310
f0ef4581
a503f2df
06930009
86260510
09914581
f1bff0ef
fd499fe3
00092503
03100693
45858626
f0ef0911
17e3f05f
8526ff49
03100593
e75ff0ef
478570a2
7482c11c
69c26962
45016a22
80826145
f6867149
ee9af296
e6a6ea9e
fe2ee2aa
f636fa32
ee3ef23a
e646ea42
fdcee24a
f5d6f9d2
edf6f1f2
e5fee9fa
b906bd02
b10eb50a
a916ad12
a11ea51a
b8aebcaa
b0b6b4b2
a8beacba
a0c6a4c2
b876bc72
b07eb47a
f14024f3
00048a9b
03100593
f0ef8556
2983e3bf
892a0005
4501006c
610000ef
00004a17
188a3a03
000a2783
00249693
20232785
8f6300fa
47970c09
b7830000
863b14e7
47b30809
439820f6
053b6505
073b0155
461708c7
36030000
473313a6
c30820c7
00004717
13c73703
43149736
00004617
10863603
84bb049e
c4b30896
439020c4
268545b2
a0232605
c3900134
4501c314
326000ef
01392023
000a2783
45b2cf91
101107b7
1007879b
08149fad
45014609
ca2ec83e
47a000ef
729670b6
63d66376
651664b6
765275f2
771276b2
685267f2
691268b2
7a4e79ee
7e0e7aae
6f4e6eee
306a6fae
312a30ca
226a318a
232a22ca
3566238a
362635c6
27663686
282627c6
3e622886
3f223ec2
61753f82
30200073
00004797
05c7b783
439897b6
c3982705
b48dbfa5
179a4785
c19095be
47858082
95be179a
80824188
002c1101
ec064501
220030ef
652260e2
80826105
f7b7711d
e8a2127f
e0cae4a6
f852fc4e
0065949b
70078793
892aec86
09934401
0a130081
84bb0280
05b308f4
45010094
fb3ff0ef
008987b3
0411c388
ff4417e3
854a85ce
02800613
5d4000ef
644660e6
79e264a6
854a7a42
61256906
715d8082
004ce0a2
4501842a
e486fc26
470000ef
cd090024
852285a6
02800613
5a0000ef
852260a6
74e26406
80826161
85264592
f71ff0ef
7139b7c5
006cf04a
4501892a
f822fc06
ec4ef426
434000ef
44b2e905
127ff7b7
70078793
0064949b
09934401
84bb0280
07b308f4
43900089
008485b3
04114501
f05ff0ef
ff3417e3
744270e2
790274a2
612169e2
71798082
ec26f022
e44ee84a
84aaf406
4401892e
04000993
008907b3
05b34390
45010094
f0ef0411
17e3ecbf
70a2ff34
64e27402
69a26942
61454501
71698082
0b93f5de
f1e20581
855e8c2a
e43ae836
f222f606
ea4aee26
892ee64e
fdd6e252
ede6f9da
8cc6e9ea
e5ee8d42
8dbeec32
f07ff0ef
666257f6
09211123
0109591b
08f10023
740664e6
5ab65b26
59d65a46
098100a3
09211223
08c11323
f0efe502
66c2e67f
e92a6722
f13aed36
f96af56e
4791fd66
0387e263
020a0063
010c8526
f43ff0ef
77bb2b05
8493034b
e7890404
086a1a1b
414484b3
02098063
010c8522
f23ff0ef
f7bb2a85
0413033a
e7890404
0869999b
41340433
85de101c
02800613
eca6853e
d4daf0a2
00efd6d6
f0ef42a0
70b2ea1f
64f27412
69b26952
7aee6a12
7bae7b4e
6cee7c0e
6dae6d4e
61554501
11018082
1000ec22
262387aa
2783fef4
871bfec4
47fd0007
00e7f463
a01157f5
853e4781
61056462
11018082
1000ec22
262387aa
2783fef4
871bfec4
47fd0007
00e7f463
a01157f5
853e4781
61056462
71798082
f022f406
3c231800
87aefca4
fcf42a23
fe042623
fd442783
f0ef853e
87aaf95f
2783873e
8fd9fec4
fef42623
fec42783
c3992781
a82d57f5
100077b7
38078793
fef42423
fe042223
fd442783
4785873e
00e797bb
22232781
6783fef4
2703fe84
863afe44
350385be
f0effd84
4781d03f
70a2853e
61457402
71398082
f822fc06
3c230080
87aefca4
fcc43423
fcf42a23
fe042623
fd442783
f0ef853e
87aaf3df
2783873e
8fd9fec4
fef42623
fec42783
c3992781
a82557f5
fd442783
27b7873e
879b0400
9fb9c937
979b2781
24230027
6783fef4
85befe84
fd843503
c9bff0ef
871b87aa
37830007
c398fc84
853e4781
744270e2
80826121
fc067139
0080f822
fca43c23
342387ae
2a23fcc4
2623fcf4
2783fe04
853efd44
ebfff0ef
873e87aa
fec42783
26238fd9
2783fef4
2781fec4
57f5c399
2783a825
873efd44
040027b7
c337879b
27819fb9
0027979b
fef42423
fe846783
350385be
f0effd84
87aac1df
0007871b
fc843783
4781c398
70e2853e
61217442
715d8082
e0a2e486
34230880
87aefca4
3c238732
2223fad4
87bafcf4
fcf42023
fe042423
fc442783
f0ef853e
87aae39f
2783873e
8fd9fe84
fef42423
fe842783
c3992781
a07557f5
fdc40713
fc442783
85be863a
fc843503
f2dff0ef
fd840713
fc442783
85be863a
fc843503
e9bff0ef
fdc42703
fd842783
40f707bb
fef42223
fc442783
27b7873e
879b0400
9fb9cb37
979b2781
20230027
2783fef4
873efc04
fe442783
27812701
00e7f463
a09157fd
fe042623
6683a02d
6783fe04
078afec4
fb843703
439c97ba
85b6863e
fc843503
b29ff0ef
fec42783
26232785
2783fef4
873efec4
fc042783
27812701
fcf765e3
853e4781
640660a6
80826161
f5067171
1900f122
f4a43c23
f4b43823
fe042623
f6840793
08000713
4581863a
00ef853e
47b11fa0
f6f42423
0ff00793
f6f42623
0ff00793
f6f42823
0ff00793
f6f42a23
0ff00793
f6f42c23
0ff00793
f6f42e23
0ff00793
f8f42023
0ff00793
f8f42223
24234789
478df8f4
f8f42623
28234791
4795f8f4
f8f42a23
2c234799
479df8f4
f8f42e23
202347a1
47a5faf4
faf42223
28234785
4785faf4
faf42a23
2c2347b5
47b5faf4
faf42e23
0ff00793
fcf42023
0ff00793
fcf42223
242347a9
47a9fcf4
fcf42623
282347ad
47adfcf4
fcf42a23
100087b7
aa078793
fef42423
fe846783
350385be
f0eff584
87aaa1df
fef42623
fec46783
17c1078a
a70397a2
3783f787
c398f504
853e4781
740a70aa
8082614d
e0221141
3797e406
87930000
842af4a7
4581c781
73d020ef
fffff517
3d053503
c391653c
85229782
537020ef
00b547b3
06b38b9d
e78100c5
ee63479d
87aa00c7
06d57163
0005c703
05850785
fee78fa3
fed7eae3
77138082
87aa0075
c703cb11
07850005
8fa30585
f713fee7
b7fd0077
ff86f713
40f70833
04000613
03064463
863e882e
06e66b63
ff978813
66634601
071d0107
76138f1d
97b2ff87
e3e395b2
8082fad7
0005b383
0085b283
0105bf83
0185bf03
0205be83
0285be03
0305b303
0385b883
0077b023
0057b423
0405b803
01f7b823
01e7bc23
03d7b023
03c7b423
0267b823
0317bc23
04878793
04858593
ff07bc23
40f70833
3883b751
06210008
3c230821
bfbdff16
872a433d
02c37163
00f77793
e1bde3c1
ff067693
96ba8a3d
e70ce30c
6de30741
e211fed7
06b38082
068a40c3
00000297
80679696
072300a6
06a300b7
062300b7
05a300b7
052300b7
04a300b7
042300b7
03a300b7
032300b7
02a300b7
022300b7
01a300b7
012300b7
00a300b7
002300b7
808200b7
0ff5f593
00859693
96938dd5
8dd50105
02059693
b7598dd5
00279693
00000297
82869696
fa2680e7
17c18096
963e8f1d
f8c371e3
7159b79d
f406f022
fc2e842a
e4b6e0b2
ecbee8ba
f4c6f0c2
00004517
83053503
591cc519
e42ae789
0d2000ef
690c6522
86221834
00efec36
70a239a0
61657402
11418082
e406e022
1823842a
192300b5
302300c5
34230005
26230005
3c230a05
20230005
24230205
46210205
05134581
f0ef0a45
0797ee7f
87930000
e03c6367
00000797
65e78793
0797e43c
87930000
e83c6a47
00000797
6d278793
fc0060a2
6402ec3c
80820141
00001597
a3458593
1101aab9
0793e426
849b0b00
84b3fff5
e04a02f4
e822892e
8593ec06
00ef0c84
842a1ac0
3023cd01
24230005
05610125
8613e808
45810b04
e71ff0ef
852260e2
64a26442
61056902
591c8082
1141ebad
e406e022
00000797
fa478793
3023e53c
24230805
38230805
f7970805
b783ffff
842a11e7
00f51463
d91c4785
00ef8522
e4080420
00ef8522
e80803a0
00ef8522
ec080320
46016408
f0ef4591
6808ef9f
45a54605
eefff0ef
46096c08
f0ef45c9
4785ee5f
d81c60a2
01416402
80828082
e4261101
fffff497
0c44b483
e04a589c
e822ec06
e781892a
f0ef8526
8493f71f
68800804
37fd449c
0007d663
cfa9609c
bfc56084
01041703
77c1e729
26230785
30230a04
34230004
c81c0004
00043c23
02042023
02042423
45814621
0a440513
d89ff0ef
06043023
06042423
08043023
08042423
852260e2
64a26442
61056902
04138082
b7450b04
854a4591
eb7ff0ef
842ae088
47b1fd51
00f92023
715dbfe1
fc26e0a2
f052f44e
e45ee85a
f84ae486
89aaec56
04938a2e
44010805
5bfd4b05
0104b903
0084aa83
d0633afd
6084020a
60a6f8e5
64068522
794274e2
7a0279a2
6b426ae2
61616ba2
57838082
7b630109
178300fb
87630129
85ca0177
9a02854e
24018c49
0b090913
8793b7c1
71790075
07379be1
ec268000
07a1e84a
f4064941
e44ef022
fff74713
f93384aa
64630b27
7c6300f7
47b100b9
4501c09c
740270a2
694264e2
614569a2
00ef8082
36971d70
86930000
62986126
e80d843a
00003417
60c40413
e791601c
85264581
3a0000ef
85cae008
00ef8526
59fd3960
05351e63
c09c47b1
00ef8526
bf4519d0
87bb601c
c0634127
463d0407
00f65763
943ee01c
01243023
641ca029
02871363
8526e29c
173000ef
00f40513
00840793
07bb9961
dfad40f5
07bb943e
e01c40f0
e71cbf85
8722bff9
b7516400
00750413
01e39861
05b3fc85
852640a4
324000ef
fb351ae3
465cbf41
fff7871b
5963c658
561c0007
00f74563
936347a9
aecd00f5
852e621c
00178713
8023e218
808200b7
f0227179
e84aec26
e052e44e
892af406
843289ae
00d604b3
14635a7d
45010094
4583a811
864e0004
f0ef854a
0405fadf
ff4515e3
740270a2
694264e2
6a0269a2
80826145
e1a27155
f94afd26
f152f54e
ed56e586
e55ee95a
fce6e162
89aaf8ea
893284ae
4a018436
591cc509
f0efe399
f797d01f
8793ffff
9e63aaa7
b4830cf4
d7830089
8ba10104
6c9ccbed
0793c7fd
04a30200
5afd02f1
03000793
0523d202
e42202f1
02500b93
020a9c13
fffffb17
ae0b0b13
844a4c85
00044783
9263c399
0d3b0f77
0e634124
86ea000d
85a6864a
f0ef854e
0a63f2ff
57921f55
01a787bb
4783d23e
82630004
09131e07
e8620014
09a3ec02
d4820401
00094583
855a4615
7ea000ef
041347c2
ed510019
0107f713
0713c709
09a30200
f71304e1
c7090087
02b00713
04e109a3
00094683
02a00713
08e68363
844a47f2
46254681
47034829
05130004
059b0014
872efd07
0ab67a63
ce3ecabd
f797a88d
8793ffff
95639fe7
b48300f4
bf310109
fffff797
97c78793
f0f499e3
0189b483
85a6b729
00ef854e
d51135c0
60ae557d
74ea640e
79aa794a
6aea7a0a
6baa6b4a
7ce66c0a
61697d46
04058082
0533bf11
953b4165
8fc900ac
8922c83e
6722b791
00870693
e4364318
02074963
4703ce3a
07930004
106302e0
470304f7
07930014
106302a0
67a20af7
87130409
439c0087
c163e43a
ca3e0207
073ba839
e79340e0
ce3a0027
b7e1c83e
02f807bb
4685842a
bf159fb9
4583ca56
460d0004
fffff517
98050513
6ce000ef
f797cd11
8793ffff
8d1d9727
071347c2
173b0400
8fd900a7
c83e0405
00044583
f5174619
0513ffff
091395a5
04230014
00ef02b1
c1516980
00000793
4742eba1
771367a2
c3291007
9bc107bd
e43e07c1
87bb5792
d23e0147
0405bd3d
4681ca02
46254781
47034829
05130004
059b0014
872efd07
00b67463
bf95fab9
02f807bb
4685842a
b7c59fb9
b7d107a1
06970038
86930000
8626d526
854e080c
00000097
000000e7
15e38a2a
d783fb55
f7930104
99e30407
5512ea07
0038b57d
00000697
d2468693
080c8626
00ef854e
bfd97d20
e0221141
852e842a
00003797
2407ae23
20efe406
57fd5720
00f51863
00003797
2487a783
c01cc391
640260a2
80820141
e0221141
9583842e
e4060125
20d000ef
00054963
97aa6c5c
60a2ec5c
01416402
57838082
777d0104
8ff9177d
00f41823
d783b7ed
71790105
ec26f022
e44ee84a
f793f406
84aa1007
8932842e
c79989b6
01259583
46014689
43e000ef
01045783
177d777d
15838ff9
18230124
740200f4
86ce70a2
69a2864a
85266942
614564e2
1141a219
842ee022
01259583
00efe406
577d4080
01045783
00e51b63
177d777d
18238ff9
60a200f4
01416402
67058082
18238fd9
ec4800f4
9583b7fd
a4210125
f0227179
e84aec26
e44ef406
892e84aa
c5098432
e399591c
977ff0ef
ffffe797
72078793
06f41a63
541c6480
5783c45c
8ba10104
6c1cc3d1
6c1cc3c1
79936008
894e0ff9
501c9d1d
00f54763
852685a2
320000ef
445ce53d
37fd2505
601cc45c
00178713
8023e018
501c0137
00a78963
01045783
cb898b85
176347a9
85a200f9
00ef8526
ed152ee0
740270a2
69a264e2
6942854a
80826145
ffffe797
6dc78793
00f41463
b7516880
ffffe797
65c78793
f6f41de3
bf956c80
852685a2
03e000ef
597ddd2d
1141b7d1
842ae022
85b2852e
37978636
a1230000
e4060a07
3f8020ef
186357fd
379700f5
a7830000
c39108e7
60a2c01c
01416402
11018082
e426e822
ec06e04a
00003497
fd84b483
842e892a
589cc491
8526e781
877ff0ef
ffffe797
62078793
02f41663
17836480
f6930104
c73b0087
eab50807
01077693
4725ea95
00e92023
0407e793
00f41823
a879557d
ffffe797
62478793
00f41463
b7f16880
ffffe797
5a478793
fcf411e3
bf756c80
c7158b11
c991702c
07c40793
00f58563
00ef854a
30233a60
57830604
24230104
f7930004
1823fdb7
6c1c00f4
5783e01c
e7930104
18230087
6c1c00f4
5783ef89
07130104
f7932000
86632807
85a200e7
00ef854a
17832a60
f6930104
c73b0017
c29d0807
26235014
06bb0004
d41440d0
45016c14
7713e681
ff290807
644260e2
690264a2
80826105
00277693
e2914601
c4505010
1141bff1
842ae022
3797852e
a3230000
e406f607
214020ef
186357fd
379700f5
a7830000
c391f527
60a2c01c
01416402
d7838082
71790105
ec26f022
e84af406
f713e44e
84aa0087
ef69842e
4d634598
5db800e0
00e04a63
70a24501
64e27402
69a26942
80826145
d77d6838
a9036685
8ff50004
0004a023
cfa57c0c
57836c50
8b910104
441cc799
703c8e1d
5c3cc399
683c8e1d
46817c0c
97828526
570357fd
1d630104
409400f5
e76347f5
07b706d7
17f9dfc0
40d7d7b3
efb98b85
24236c1c
e01c0004
8f7d6785
57fdc719
00f51463
e391409c
702cec48
0124a023
0793ddb5
856307c4
852600f5
23c000ef
06043023
4601b7a5
85264685
57fd9702
10e3862a
409cf8f5
4775dfad
00e78563
94634759
a02304e7
b7890124
04076713
00e41823
bf25557d
0185b983
f20988e3
0005b903
b0238b8d
093b0135
47014139
5198e391
5be3c458
643cf120
86ca7c0c
8526864e
49639782
578300a0
e7930104
18230407
bf7d00f4
093b99aa
bfe140a9
c3a56d9c
e8221101
842aec06
591cc519
e42ee789
e0aff0ef
e79765a2
8793ffff
9b633b27
640c00f5
01059783
8522c795
60e26442
bd416105
ffffe797
3cc78793
00f59463
b7cd680c
ffffe797
34c78793
fcf59ce3
bfc96c0c
644260e2
61054501
45018082
11418082
842ae022
85b2852e
37978636
a9230000
e406d807
07c020ef
186357fd
379700f5
a7830000
c391d7e7
60a2c01c
01416402
71758082
842ee122
01259583
f8cafca6
84b2e506
d4638936
57830205
f7930104
cf8d0807
07134781
60aa0400
2023640a
e09800f9
74e67946
61494501
00308082
544000ef
fc054be3
673d47b2
67098ff9
b7938f99
07130017
bfc14000
bfe54781
0105d783
f0227179
ec26f406
8b89e84a
cf89842e
07f40793
ec1ce01c
d01c4785
740270a2
694264e2
80826145
00300054
f0ef84aa
65a2f71f
8526892a
e6aff0ef
1783ed01
f7130104
fb792007
e7939bf1
18230027
bf7d00f4
fffff797
47c78793
5783e4bc
e0080104
e793ec08
18230807
67a200f4
4792d01c
1583cf91
85260124
4d6000ef
5783c901
9bf10104
0017e793
00f41823
01045783
0127e533
00a41823
f593b741
962a0ff5
00c51463
80824501
00054783
feb78de3
b7fd0505
80828082
b783c1cd
1101ff85
ec06e822
ff858413
0007d363
e42a943e
fe5ff0ef
00003717
c2070713
6522631c
3423eb81
e3000004
60e26442
b7e16105
00f47d63
06b36010
966300c4
639400d7
96b2679c
e41ce014
873ebff9
c399679c
fef47de3
06336314
1f6300d7
60100086
e31496b2
00d70633
fcc790e3
679c6390
e31496b2
bf4de71c
00c47563
c11c47b1
6010b765
00c406b3
00d79663
679c6394
e01496b2
e700e41c
8082bf41
f052715d
8a3a499c
e0a24598
f44efc26
e486ec56
e85af84a
e7b3e45e
c21c0ae7
0435c703
842e89aa
8ab684b2
2785c319
401cc21c
0207f793
409cc781
c09c2789
00042903
00697913
00091a63
01940b13
445c5bfd
9f994098
04f94d63
04344783
00f03633
00f036b3
f793401c
e7bd0207
04340613
854e85d6
57fd9a02
04f50263
4711401c
8b994901
00e79763
4098445c
e9339f99
441c0b27
55634818
9f9900f7
0127893b
04694481
1a635b7d
45010499
4685a809
85d6865a
9a02854e
01751e63
60a6557d
74e26406
79a27942
6ae27a02
6ba26b42
80826161
bfa52905
00d407b3
03000693
04d781a3
0016071b
0026069b
04544603
00e407b3
04c781a3
4685bf95
85d68622
9a02854e
fb650ce3
bf712485
e0a2715d
f44ef84a
e486f052
ec56fc26
c803e85a
07930185
892a0780
89b2842e
e2638a36
07930307
86930620
e1630435
03630307
07931c08
e6170580
0613ffff
08630ae6
049314f8
01230424
a8150504
f9d8079b
0ff7f793
66e34655
e617fef6
0613ffff
c7b30b66
439c20c7
878297b2
8493631c
86930425
439c0087
8123e314
478504f5
419ca275
f6136308
05930807
c20d0085
e30c611c
0007d863
02d00713
40f007b3
04e401a3
ffffe617
04060613
a82d4829
0407f613
e30c411c
9793de71
bfd96057
631c4190
08067513
00878593
639ccd41
0713e30c
e61706f0
0613ffff
0d6300e6
48290ee8
040401a3
c4184058
00074563
99ed400c
e399c00c
cf1984b6
f73384b6
14fd0307
47039732
80230007
873e00e4
0307d7b3
ff0775e3
1e6347a1
401c00f8
cb918b85
481c4058
00e7c763
03000793
fef48fa3
8e8514fd
8752c814
007086ce
854a85a2
da9ff0ef
15635afd
557d0f55
640660a6
794274e2
7a0279a2
6b426ae2
80826161
7613439c
e30c0406
c7bbc601
b7850807
080787bb
419cbfa9
0a07e793
0813c19c
e6170780
0613ffff
02a3f766
400c0504
f813631c
85130805
01630087
639c0208
f713e308
c7010015
0205e593
4841c00c
4018fb85
fdf77713
b71dc018
f813439c
e3080405
00080563
0807c7bb
87bbbfd9
bfc10807
b7294821
631c4190
781349cc
85130806
09630087
e3080008
e38c639c
00042823
b78184b6
7613e308
639c0406
9023c601
b7ed00b7
b7ddc38c
41d0631c
86934581
e3140087
85266384
c0bff0ef
8d05c119
405cc048
01a3c81c
b7210404
86264814
854a85ce
08e39a02
401cf155
e7858b89
47b24448
0af56533
4685b701
85ce8656
9a02854a
ef6509e3
445c2485
9f994732
fef4c5e3
4481bff1
01940a93
b7f55b7d
e0221141
852e842a
863685b2
00003797
8007a823
10efe406
57fd3110
00f51863
00002797
7fc7a783
c01cc391
640260a2
80820141
e0221141
852e842a
279785b2
af230000
e4067c07
2ab010ef
186357fd
279700f5
a7830000
c3917ca7
60a2c01c
01416402
11418082
842ae022
2797852e
a7230000
e4067a07
291010ef
186357fd
279700f5
a7830000
c39179a7
60a2c01c
01416402
27978082
87930000
07b31167
b79340f5
66910017
0035959b
97ae07e6
00468713
55fd973e
97b6c30c
0006069b
9601c394
4501c310
71798082
2903e84a
f4060085
ec26f022
1563e44e
24170209
04130000
04330ce4
34134085
84aa0014
0014141b
00002997
0e098993
00891b63
c49c4785
740270a2
694264e2
614569a2
458d8082
00090363
b783459d
86a60009
7f9c4601
00002517
0b050513
97822905
557db7f1
106f8082
114162a0
2573e406
2501f140
039010ef
014160a2
02b0106f
fc067139
f426f822
ec2e842a
e436e832
600010ef
0005049b
fd3ff0ef
00002797
04078793
47858c1d
0297e063
664266a2
341365e2
141b0014
47810014
00002817
04880813
00f41863
744270e2
557d74a2
80826121
c391470d
1463471d
84630105
278500e5
611cb7c5
70e27442
7f9c74a2
87826121
ec061101
f0efe42e
c911f71f
470565a2
00b76763
60e2611c
6105679c
60e28782
6105557d
11018082
e822ec06
c58de42e
f0ef842a
2797f45f
87930000
8c1dfb27
341365a2
141b0014
47810014
00002697
fc468693
00f41763
644260e2
6105557d
470d8082
471dc391
00d51463
00e58463
b7cd2785
6442611c
67bc60e2
87826105
ec061101
e42ee822
842ac58d
eebff0ef
00002797
f5878793
65a28c1d
00143413
0014141b
26974781
86930000
1763f6a6
60e200f4
557d6442
80826105
c391470d
1463471d
846300d5
278500e5
611cb7cd
60e26442
61056bbc
27978782
87930000
8d1df0e7
00153513
056667b1
ffc78713
972a17e1
430c953e
4310411c
069b2781
1ae30006
9513feb6
87bb0206
8d5d0807
27978082
87930000
1141ed67
40f50733
3713e022
e4060017
8432478d
8b630766
ce6304f5
478500b7
02f58663
8a634789
57fd02f5
640260a2
0141853e
47918082
fef599e3
d67d4781
979b421c
97ba0027
b7cd439c
de7957fd
f73ff0ef
4781e008
57fdbfd1
421cda61
0027979b
a02397ba
b7f50007
de5d57fd
979b421c
97ba0027
c3984705
0480000f
bfd1439c
ec061101
842ae822
624010ef
0070c62a
45898522
f63ff0ef
644260e2
80826105
ec061101
842ae822
604010ef
0070c62a
458d8522
f43ff0ef
644260e2
80826105
80824501
27f385aa
2717f140
07130000
e7b3d4a7
638820e7
342027f3
f793c515
27173ff7
07130000
8793dfa7
1a630a67
271700e5
07130000
e7b3e027
639c20e7
078e8782
9002639c
80828082
00000000
00000000
00000000
00000000
00000000
00000000
00000000
00000000
00000000
00000000
00000000
00000000
00000000
00000000
00000000
00000000
00000000
00000000
00000000
00000000
00000000
00000000
00000000
00000000
00000000
00000000
ee06712d
e61aea16
fdaae21e
f5b2f9ae
edbaf1b6
e5c2e9be
fd72e1c6
f57af976
ad02f17e
a50aa906
bc92a10e
b49ab896
acaab09e
a4b2a8ae
bc3aa0b6
b442b83e
ac72b046
a47aa876
27f3a07e
2717f140
07130000
e7b3c527
639420e7
34202673
341027f3
343027f3
30502773
2597cea9
85930000
2797cfa5
87930000
8363d0a7
478100b6
3ff67513
08065f63
08000693
00d51a63
5187b703
5287b583
08000513
a0159702
d56346ad
771300a6
e33d03f7
00950713
16930716
973e0055
b78397b6
670c1187
60f29782
633262d2
756e6392
762e75ce
676e768e
682e67ce
7e6a688e
7f2a7eca
206a7f8a
212a20ca
3266218a
332632c6
25663386
262625c6
37622686
382237c2
2e623882
2f222ec2
61152f82
30200073
18e34689
2773fad7
63183070
1807b583
67b3bfb5
b78320f5
85aa5307
97828536
0000bf49
00000000
00000000
00000000
00000000
00000000
00000000
00000000
00000000
00000000
00000000
00000000
00000000
00000000
00000000
00000000
00000000
00000000
00000000
45010000
25738082
8082b000
cd0987aa
00002717
bd870713
98634501
453700e7
0513000f
80822405
80824501
ec061101
2797e402
87930000
9c63bb67
251700a7
35030000
c511dc25
0030611c
6fdc4585
60e29782
61056522
bf4d8082
00002517
b7c50513
451d8082
450d8082
11018082
c62eec06
00002797
b7478793
02a79163
00002797
d007b783
c799557d
00706398
6f58458d
9702853e
610560e2
557d8082
1101bfe5
c62eec06
00002797
b4078793
02a79163
00002797
ccc7b783
c799557d
00706398
6f584589
9702853e
610560e2
557d8082
1101bfe5
c62eec06
00002797
b0c78793
02a79163
00002797
c987b783
c7994501
00706398
6f584591
9702853e
610560e2
45018082
2797bfe5
87930000
8463ade7
450100a7
25178082
05130000
8082ae65
0005d783
4511470d
83638b8d
450900e7
25738082
80823410
34159073
80824501
00002797
aa478793
00a78463
80824501
00002517
0fc50513
65088082
11418082
06400513
10efe406
11412600
0c800513
10efe406
27972540
87930000
862ea6e7
00a79b63
00002517
c7853503
611cc509
73dc4581
557d8782
451c8082
0793efb1
07131185
b0235185
b4230007
b8230007
87930007
98e30207
0793fee7
07135305
06975b05
86930000
e394f9c6
1ee307a1
2773fef7
d7973050
8793ffff
1b6337a7
27f300f7
07973050
87930000
9bf1c967
30579073
c51c4785
25178082
05130000
80829da5
27f3ed81
07973050
87930000
9bf1c727
30579073
80824501
557d4785
fef59de3
305027f3
00001797
1d478793
0017e793
4a63b7c5
279700a0
87930000
65338e27
610820f5
45018082
11418082
e022e406
f1402573
f0ef2501
842afddf
dc9ff0ef
00a50593
64028522
014160a2
712db719
ee06fdaa
e61aea16
f9aee21e
f1b6f5b2
e9beedba
e1c6e5c2
f976fd72
f17ef57a
a906ad02
a10ea50a
b896bc92
b09eb49a
a8aeacaa
a0b6a4b2
b83ebc3a
b046b442
12c00513
a876ac72
a07ea47a
106010ef
ee06712d
e61aea16
fdaae21e
f5b2f9ae
edbaf1b6
e5c2e9be
fd72e1c6
f57af976
ad02f17e
a50aa906
bc92a10e
b49ab896
acaab09e
a4b2a8ae
bc3aa0b6
b442b83e
ac72b046
a47aa876
27f3a07e
2717f140
07130000
e7b380a7
639c20e7
2717c38d
07130000
93638c27
279706e7
87930000
b7038ce7
b5831787
450d1887
60f29702
633262d2
756e6392
762e75ce
676e768e
682e67ce
7e6a688e
7f2a7eca
206a7f8a
212a20ca
3266218a
332632c6
25663386
262625c6
37622686
382237c2
2e623882
2f222ec2
61152f82
30200073
18803783
712d9002
ea16ee06
e21ee61a
f9aefdaa
f1b6f5b2
e9beedba
e1c6e5c2
f976fd72
f17ef57a
a906ad02
a10ea50a
b896bc92
b09eb49a
a8aeacaa
a0b6a4b2
b83ebc3a
b046b442
a876ac72
a07ea47a
f14027f3
00001717
73870713
20e7e7b3
c38d639c
00001717
7f070713
06e79363
00001797
7fc78793
1f87b703
2087b583
9702451d
62d260f2
63926332
75ce756e
768e762e
67ce676e
688e682e
7eca7e6a
7f8a7f2a
20ca206a
218a212a
32c63266
33863326
25c62566
26862626
37c23762
38823822
2ec22e62
2f822f22
00736115
37833020
90022080
ee06712d
e61aea16
fdaae21e
f5b2f9ae
edbaf1b6
e5c2e9be
fd72e1c6
f57af976
ad02f17e
a50aa906
bc92a10e
b49ab896
acaab09e
a4b2a8ae
bc3aa0b6
b442b83e
ac72b046
a47aa876
27f3a07e
1717f140
07130000
e7b36667
639c20e7
1717c38d
07130000
936371e7
179706e7
87930000
b70372a7
b5833187
45413287
60f29702
633262d2
756e6392
762e75ce
676e768e
682e67ce
7e6a688e
7f2a7eca
206a7f8a
212a20ca
3266218a
332632c6
25663386
262625c6
37622686
382237c2
2e623882
2f222ec2
61152f82
30200073
32803783
712d9002
ea16ee06
e21ee61a
f9aefdaa
f1b6f5b2
e9beedba
e1c6e5c2
f976fd72
f17ef57a
a906ad02
a10ea50a
b896bc92
b09eb49a
a8aeacaa
a0b6a4b2
b83ebc3a
b046b442
a876ac72
a07ea47a
f14027f3
00001717
59470713
20e7e7b3
c38d639c
00001717
64c70713
06e79363
00001797
65878793
3387b703
3487b583
97024545
62d260f2
63926332
75ce756e
768e762e
67ce676e
688e682e
7eca7e6a
7f8a7f2a
20ca206a
218a212a
32c63266
33863326
25c62566
26862626
37c23762
38823822
2ec22e62
2f822f22
00736115
37833020
90023480
ee06712d
e61aea16
fdaae21e
f5b2f9ae
edbaf1b6
e5c2e9be
fd72e1c6
f57af976
ad02f17e
a50aa906
bc92a10e
b49ab896
acaab09e
a4b2a8ae
bc3aa0b6
b442b83e
ac72b046
a47aa876
27f3a07e
1717f140
07130000
e7b34c27
639c20e7
1717c38d
07130000
936357a7
179706e7
87930000
b7035867
b5833587
45493687
60f29702
633262d2
756e6392
762e75ce
676e768e
682e67ce
7e6a688e
7f2a7eca
206a7f8a
212a20ca
3266218a
332632c6
25663386
262625c6
37622686
382237c2
2e623882
2f222ec2
61152f82
30200073
36803783
712d9002
ea16ee06
e21ee61a
f9aefdaa
f1b6f5b2
e9beedba
e1c6e5c2
f976fd72
f17ef57a
a906ad02
a10ea50a
b896bc92
b09eb49a
a8aeacaa
a0b6a4b2
b83ebc3a
b046b442
a876ac72
a07ea47a
f14027f3
00001717
3f070713
20e7e7b3
c38d639c
00001717
4a870713
06e79363
00001797
4b478793
3787b703
3887b583
9702454d
62d260f2
63926332
75ce756e
768e762e
67ce676e
688e682e
7eca7e6a
7f8a7f2a
20ca206a
218a212a
32c63266
33863326
25c62566
26862626
37c23762
38823822
2ec22e62
2f822f22
00736115
37833020
90023880
ee06712d
e61aea16
fdaae21e
f5b2f9ae
edbaf1b6
e5c2e9be
fd72e1c6
f57af976
ad02f17e
a50aa906
bc92a10e
b49ab896
acaab09e
a4b2a8ae
bc3aa0b6
b442b83e
ac72b046
a47aa876
27f3a07e
1717f140
07130000
e7b331e7
639c20e7
1717c38d
07130000
93633d67
179706e7
87930000
b7033e27
b5833987
45513a87
60f29702
633262d2
756e6392
762e75ce
676e768e
682e67ce
7e6a688e
7f2a7eca
206a7f8a
212a20ca
3266218a
332632c6
25663386
262625c6
37622686
382237c2
2e623882
2f222ec2
61152f82
30200073
3a803783
712d9002
ea16ee06
e21ee61a
f9aefdaa
f1b6f5b2
e9beedba
e1c6e5c2
f976fd72
f17ef57a
a906ad02
a10ea50a
b896bc92
b09eb49a
a8aeacaa
a0b6a4b2
b83ebc3a
b046b442
a876ac72
a07ea47a
f14027f3
00001717
24c70713
20e7e7b3
c38d639c
00001717
30470713
06e79363
00001797
31078793
3b87b703
3c87b583
97024555
62d260f2
63926332
75ce756e
768e762e
67ce676e
688e682e
7eca7e6a
7f8a7f2a
20ca206a
218a212a
32c63266
33863326
25c62566
26862626
37c23762
38823822
2ec22e62
2f822f22
00736115
37833020
90023c80
ee06712d
e61aea16
fdaae21e
f5b2f9ae
edbaf1b6
e5c2e9be
fd72e1c6
f57af976
ad02f17e
a50aa906
bc92a10e
b49ab896
acaab09e
a4b2a8ae
bc3aa0b6
b442b83e
ac72b046
a47aa876
27f3a07e
1717f140
07130000
e7b317a7
639c20e7
1717c38d
07130000
93632327
179706e7
87930000
b70323e7
b5833d87
45593e87
60f29702
633262d2
756e6392
762e75ce
676e768e
682e67ce
7e6a688e
7f2a7eca
206a7f8a
212a20ca
3266218a
332632c6
25663386
262625c6
37622686
382237c2
2e623882
2f222ec2
61152f82
30200073
3e803783
712d9002
ea16ee06
e21ee61a
f9aefdaa
f1b6f5b2
e9beedba
e1c6e5c2
f976fd72
f17ef57a
a906ad02
a10ea50a
b896bc92
b09eb49a
a8aeacaa
a0b6a4b2
b83ebc3a
b046b442
a876ac72
a07ea47a
f14027f3
00001717
0a870713
20e7e7b3
c38d639c
00001717
16070713
06e79363
00001797
16c78793
3f87b703
4087b583
9702455d
62d260f2
63926332
75ce756e
768e762e
67ce676e
688e682e
7eca7e6a
7f8a7f2a
20ca206a
218a212a
32c63266
33863326
25c62566
26862626
37c23762
38823822
2ec22e62
2f822f22
00736115
37833020
90024080
ee06712d
e61aea16
fdaae21e
f5b2f9ae
edbaf1b6
e5c2e9be
fd72e1c6
f57af976
ad02f17e
a50aa906
bc92a10e
b49ab896
acaab09e
a4b2a8ae
bc3aa0b6
b442b83e
ac72b046
a47aa876
27f3a07e
1717f140
07130000
e7b3fd67
639c20e7
1717c38d
07130000
936308e7
179706e7
87930000
b70309a7
b5834187
45614287
60f29702
633262d2
756e6392
762e75ce
676e768e
682e67ce
7e6a688e
7f2a7eca
206a7f8a
212a20ca
3266218a
332632c6
25663386
262625c6
37622686
382237c2
2e623882
2f222ec2
61152f82
30200073
42803783
712d9002
ea16ee06
e21ee61a
f9aefdaa
f1b6f5b2
e9beedba
e1c6e5c2
f976fd72
f17ef57a
a906ad02
a10ea50a
b896bc92
b09eb49a
a8aeacaa
a0b6a4b2
b83ebc3a
b046b442
a876ac72
a07ea47a
f14027f3
00001717
f0470713
20e7e7b3
c38d639c
00001717
fbc70713
06e79363
00001797
fc878793
4387b703
4487b583
97024565
62d260f2
63926332
75ce756e
768e762e
67ce676e
688e682e
7eca7e6a
7f8a7f2a
20ca206a
218a212a
32c63266
33863326
25c62566
26862626
37c23762
38823822
2ec22e62
2f822f22
00736115
37833020
90024480
ee06712d
e61aea16
fdaae21e
f5b2f9ae
edbaf1b6
e5c2e9be
fd72e1c6
f57af976
ad02f17e
a50aa906
bc92a10e
b49ab896
acaab09e
a4b2a8ae
bc3aa0b6
b442b83e
ac72b046
a47aa876
27f3a07e
1717f140
07130000
e7b3e327
639c20e7
1717c38d
07130000
9363eea7
179706e7
87930000
b703ef67
b5834587
45694687
60f29702
633262d2
756e6392
762e75ce
676e768e
682e67ce
7e6a688e
7f2a7eca
206a7f8a
212a20ca
3266218a
332632c6
25663386
262625c6
37622686
382237c2
2e623882
2f222ec2
61152f82
30200073
46803783
712d9002
ea16ee06
e21ee61a
f9aefdaa
f1b6f5b2
e9beedba
e1c6e5c2
f976fd72
f17ef57a
a906ad02
a10ea50a
b896bc92
b09eb49a
a8aeacaa
a0b6a4b2
b83ebc3a
b046b442
a876ac72
a07ea47a
f14027f3
00001717
d6070713
20e7e7b3
c38d639c
00001717
e1870713
06e79363
00001797
e2478793
4787b703
4887b583
9702456d
62d260f2
63926332
75ce756e
768e762e
67ce676e
688e682e
7eca7e6a
7f8a7f2a
20ca206a
218a212a
32c63266
33863326
25c62566
26862626
37c23762
38823822
2ec22e62
2f822f22
00736115
37833020
90024880
ee06712d
e61aea16
fdaae21e
f5b2f9ae
edbaf1b6
e5c2e9be
fd72e1c6
f57af976
ad02f17e
a50aa906
bc92a10e
b49ab896
acaab09e
a4b2a8ae
bc3aa0b6
b442b83e
ac72b046
a47aa876
27f3a07e
1717f140
07130000
e7b3c8e7
639c20e7
1717c38d
07130000
9363d467
179706e7
87930000
b703d527
b5834987
45714a87
60f29702
633262d2
756e6392
762e75ce
676e768e
682e67ce
7e6a688e
7f2a7eca
206a7f8a
212a20ca
3266218a
332632c6
25663386
262625c6
37622686
382237c2
2e623882
2f222ec2
61152f82
30200073
4a803783
712d9002
ea16ee06
e21ee61a
f9aefdaa
f1b6f5b2
e9beedba
e1c6e5c2
f976fd72
f17ef57a
a906ad02
a10ea50a
b896bc92
b09eb49a
a8aeacaa
a0b6a4b2
b83ebc3a
b046b442
a876ac72
a07ea47a
f14027f3
00001717
bbc70713
20e7e7b3
c38d639c
00001717
c7470713
06e79363
00001797
c8078793
4b87b703
4c87b583
97024575
62d260f2
63926332
75ce756e
768e762e
67ce676e
688e682e
7eca7e6a
7f8a7f2a
20ca206a
218a212a
32c63266
33863326
25c62566
26862626
37c23762
38823822
2ec22e62
2f822f22
00736115
37833020
90024c80
ee06712d
e61aea16
fdaae21e
f5b2f9ae
edbaf1b6
e5c2e9be
fd72e1c6
f57af976
ad02f17e
a50aa906
bc92a10e
b49ab896
acaab09e
a4b2a8ae
bc3aa0b6
b442b83e
ac72b046
a47aa876
27f3a07e
1717f140
07130000
e7b3aea7
639c20e7
1717c38d
07130000
9363ba27
179706e7
87930000
b703bae7
b5834d87
45794e87
60f29702
633262d2
756e6392
762e75ce
676e768e
682e67ce
7e6a688e
7f2a7eca
206a7f8a
212a20ca
3266218a
332632c6
25663386
262625c6
37622686
382237c2
2e623882
2f222ec2
61152f82
30200073
4e803783
712d9002
ea16ee06
e21ee61a
f9aefdaa
f1b6f5b2
e9beedba
e1c6e5c2
f976fd72
f17ef57a
a906ad02
a10ea50a
b896bc92
b09eb49a
a8aeacaa
a0b6a4b2
b83ebc3a
b046b442
a876ac72
a07ea47a
f14027f3
00001717
a1870713
20e7e7b3
c38d639c
00001717
ad070713
06e79363
00001797
adc78793
4f87b703
5087b583
9702457d
62d260f2
63926332
75ce756e
768e762e
67ce676e
688e682e
7eca7e6a
7f8a7f2a
20ca206a
218a212a
32c63266
33863326
25c62566
26862626
37c23762
38823822
2ec22e62
2f822f22
00736115
37833020
90025080
305027f3
03f7f793
470917fd
69634501
d71700f7
0713ffff
97baa0a7
0007c503
bff98082
872a47fd
00a7cf63
45014789
00e7df63
1fffe7b7
11178793
d533078e
890500e7
07138082
3513f805
80820017
ec267179
852e84aa
e84af022
f406e44e
89b2842e
f0ef8936
c541fbff
08000793
08f41c63
f8dff0ef
0005079b
cfa5554d
740270a2
694264e2
614569a2
bc238082
b4235134
a8215324
00541793
97a60425
bc230416
85331137
34230084
45010125
47fdbfc1
c5e35551
47bdfc87
fc87d2e3
00541793
97a60425
fffff717
f1a70713
bc230416
853310e7
30230084
bfc10125
fffff797
b6478793
16f4bc23
1924b023
5555bf7d
9ce3b771
f797f809
8793ffff
bc23b907
b77150f4
f80998e3
09e347ad
c0e3faf4
478dfa87
fcf404e3
5551479d
f6f410e3
fffff797
fa278793
1ef4bc23
2124b023
c911bfad
8863479d
e86304f5
c58d00b7
8d63478d
567d02f5
47ada805
04f58063
ff05879b
68e3473d
4785fef7
00b797bb
b7f3ee0d
a8093047
c60947a1
3007a7f3
a0194601
3007b7f3
80828532
ca1947a1
3047a7f3
0793b7f5
bfd50800
879b6785
b7f58007
3047b7f3
a7f3b7c5
bfc93047
bf414605
b7714601
87aa473d
4963557d
c61900b7
20f5e5b3
b8234501
808252c5
17978082
87930000
97638967
151700a7
05130000
bfc98a25
8082557d
00001797
e4c78793
35138d1d
053a0015
0105971b
678dc599
33378793
c11c9fb9
6795bffd
55578793
611cbfd5
8782639c
779c611c
611c8782
878273bc
0517e511
35030000
80827765
80824501
f1402573
80822501
1141611c
639ce406
11419782
151785aa
05130000
e406dea5
fe9ff0ef
e0221141
842ee406
fc5ff0ef
f0efc909
e008fadf
60a24501
01416402
557d8082
0000bfdd
e77fe06f
e73fe06f
e6ffe06f
ebdfe06f
e67fe06f
e63fe06f
e5ffe06f
f7ffe06f
e57fe06f
e53fe06f
e4ffe06f
e4bfe06f
e47fe06f
e43fe06f
e3ffe06f
e3bfe06f
82cff06f
8faff06f
9c8ff06f
a96ff06f
b64ff06f
c32ff06f
d00ff06f
dceff06f
e9cff06f
f6aff06f
839ff06f
907ff06f
9d5ff06f
aa3ff06f
b71ff06f
c3fff06f
00000000
00000000
00000000
00000000
00000000
00000000
00000000
00000000
00000000
00000000
00000000
00000000
00000000
00000000
00000000
00000000
00000000
00000000
00000000
00000000
00000000
00000000
00000000
00000000
00000000
00000000
00000000
00000000
00000000
00000000
00000000
00000000
e4061141
0f2000ef
079360a2
c11c0580
0141557d
11418082
f0efe406
1141eb1f
00efe406
60a20d40
fa800793
557dc11c
80820141
3513157d
80820015
e4061141
0b6000ef
079360a2
c11c0580
0141557d
11418082
00efe406
60a20a00
05800793
557dc11c
80820141
00009797
64878793
0000a717
64070713
02e78663
81018793
638885aa
00b506b3
00e6fd63
ec061101
e42a2581
b0efe394
60e2efff
61056522
e3988082
8082557d
ec061101
e426e822
4785e04a
00f51a63
84b2842e
00c58933
03241063
a0398526
02e000ef
05800793
557dc11c
644260e2
690264a2
80826105
00044503
00ef0405
bfd92d00
468185aa
45014601
1517a879
35030000
8082bba5
e8221101
c417e426
0413ffff
c4970e24
8493ffff
8c050da4
840dec06
60e2e411
64a26442
80826105
67b3147d
639c2094
b7ed9782
e8221101
c417e426
0413ffff
c4970a64
8493ffff
8c8109e4
ec06e04a
4901848d
02991563
ffffc417
08840413
ffffc497
08048493
848d8c81
1d634901
60e20099
64a26442
61056902
601c8082
04210905
b7f99782
0905601c
97820421
88aabff9
00001517
bc450513
ef016118
0e018793
0513e11c
873e0000
6118c509
10e7b823
471c873e
557d487d
04f84563
02088c63
11073803
02080f63
2107e333
00c33023
20082503
163b4605
8d5100f6
20a82023
10d33023
97634689
268300d8
8ed12048
20d82223
0017869b
e7b3c714
450120e7
8082eb8c
f852711d
f05af456
ec86ec5e
e4a6e8a2
fc4ee0ca
e466e862
8a2e8aaa
00001b17
b34b0b13
34834b85
cc81000b
b9834480
091b1104
040efff4
00898cb3
5f639426
60e60009
64a66446
79e26906
7aa27a42
6be27b02
6ca26c42
80826125
000a0c63
00099663
1ce1397d
bfd11461
0f8cb783
ff479ae3
6418449c
996337fd
a4230327
d36d0124
0084ac03
00098963
2009a783
012b96bb
27818ff5
9702ef89
37834498
12e3000b
8fe3f987
bfb5faf4
00043423
a783bfc9
b5832049
8ff5ff8c
e7812781
97028556
852ebfe1
bfc99702
00001797
a9478793
ef054398
e8221101
ec06e426
c3984705
ffffc417
ef440413
ffffc497
ef448493
00947463
00941763
644260e2
610564a2
601c8082
97820421
8082b7f5
00001797
a4878793
ef054398
e8221101
ec06e426
c3984705
ffffc417
eb840413
ffffc497
eb048493
00947463
00941763
644260e2
610564a2
601c8082
97820421
8082b7f5
e0221141
00001417
a0440413
e406401c
00efe789
47850d40
00efc01c
f0ef2340
2501b3ff
b29ff0ef
cd11842a
b1bff0ef
00efc919
85220220
b09ff0ef
6402c509
014160a2
60a2a801
01416402
b72d8082
b7adbf45
639c611c
852a8782
01151013
8082557d
07b7c91d
439c0201
f7134689
c1180ff7
0087d71b
0ff77713
d71bc158
77130107
d79b0ff7
377d0187
973b37fd
96bb00e6
c51800f6
8082c554
020107b7
75134788
05050ff5
11418082
e406e022
f0ef842a
2501febf
02a46563
fff4079b
0ff7f793
02010737
f0efc71c
079bfd3f
45010005
00878363
60a25579
01416402
557d8082
1101bfdd
ec06850a
f79ff0ef
020117b7
c6974398
8693ffff
9b792666
4398c398
c3989b75
ffffc717
25470713
43329e99
488247a2
ce89883a
026785bb
45014612
031585bb
fff60e1b
02d04f63
c232c111
16974512
86930000
87bb8a66
87bb0267
87bb0317
e66302a7
06330106
e06300f7
869302c6
e5631f81
973e0106
00e6e963
610560e2
9e8db789
45058672
60e2bf65
6105557d
050e8082
81818793
639497aa
8793c6e1
97aa8281
4705639c
10000637
00f7173b
0095c783
20000537
979b377d
8ff101c7
00a5c603
01d6161b
8fd18e69
0005c603
8fd18a05
0015c603
161b8e79
8fd10026
8e7941d0
0086161b
c6038fd1
8f710085
00e7171b
27818fd9
c783c29c
c70300c5
660900d5
e0060613
0047979b
0097171b
f7938f71
8fd91f07
00b5c703
0007e637
8fd98b3d
00e5c703
00d7171b
8fd98f71
00f5c703
00080637
0137171b
8fd98f71
0105c703
00100637
0147171b
8fd98f71
0115c703
00200637
0157171b
8fd98f71
c2dc2781
b7038082
47858281
00e797bb
37fd7139
04234705
f71300e1
04a30047
f71300e1
8b951587
00f10823
87936785
1923e007
07b700f1
87930106
ca3e4047
10100793
f426f822
c63afc06
000108a3
00f11c23
84934401
409c8201
00f44763
744270e2
612174a2
85228082
f0ef002c
2405ec5f
0000b7dd
00000000
127947e8
00000000
00000000
00000000
12790410
00000000
12790448
00000000
127903d8
00000000
00000000
00000000
00000000
00000000
00000000
00000000
00000000
00000000
00000000
00000000
00000000
00000000
00000000
00000000
00000000
00000000
00000000
00000000
00000000
00000000
00000000
00000000
00000000
00000000
00000000
00000000
00000000
00000000
00000000
00000000
00000000
00000000
00000000
00000000
00000000
00000000
12790520
00000000
00000000
00000000
12790600
00000000
00000000
00000000
00000000
00000000
127906a0
00000000
00000000
00000000
00000000
00000000
00000000
00000000
00000000
00000000
00000000
00000000
00000000
00000000
00000000
00000000
00000000
00000000
00000000
00000000
00000000
00000000
00000000
00000000
00000000
00000000
00000000
00000000
00000000
00000000
00000000
00000000
00000000
00000000
00000000
00000000
00000000
00000000
00000000
00000000
00000000
00000000
00000000
00000000
00000000
00000000
00000000
00000000
00000000
00000000
00000000
00000000
00000000
00000000
00000000
00000000
00000000
00000000
00000000
00000000
00000000
00000000
00000000
00000000
00000000
00000000
00000000
00000000
00000000
00000000
00000000
00000000
00000000
00000000
00000000
00000000
00000000
00000000
00000000
00000000
00000000
00000000
00000000
00000000
00000000
00000000
00000000
00000000
00000000
00000000
00000000
00000000
00000000
00000000
00000000
00000000
00000000
00000000
00000000
00000000
00000000
00000000
00000000
00000000
00000000
00000000
00000000
00000000
00000000
00000000
00000000
00000000
00000000
00000000
00000000
00000000
00000000
00000000
00000000
00000000
00000000
00000000
00000000
00000000
00000000
00000000
00000000
00000000
00000000
00000000
00000000
00000000
00000000
00000000
00000000
00000000
00000000
00000000
00000000
00000000
00000000
00000000
00000000
00000000
00000000
00000000
00000000
00000000
00000000
00000000
00000000
00000000
00000000
00000000
00000000
00000000
00000000
00000000
00000000
00000000
00000000
00000000
00000000
00000000
00000000
00000000
00000000
00000000
00000000
00000000
00000000
00000000
00000000
00000000
00000000
00000000
00000000
00000000
00000000
00000000
00000000
00000000
00000000
00000000
00000000
00000000
00000000
00000000
00000000
00000000
00000000
00000000
00000000
00000000
00000000
00000000
00000000
00000000
00000000
00000000
00000000
00000000
00000000
00000000
00000000
00000000
00000000
00000000
00000000
00000000
00000000
00000000
00000000
00000000
00000000
00000000
00000000
00000000
00000000
00000000
00000000
00000000
00000000
00000000
00000000
00000000
00000000
00000000
00000000
00000000
00000000
00000000
00000000
00000000
00000000
00000000
00000000
00000000
00000000
00000000
00000000
00000000
00000000
00000000
00000000
00000000
00000000
00000000
00000000
00000000
00000000
00000000
00000000
00000000
00000000
00000000
00000000
00000000
00000000
00000000
00000000
00000000
00000000
00000000
00000000
00000000
00000000
00000000
00000000
00000000
00000000
00000000
00000000
00000000
00000000
00000000
00000000
00000000
00000000
00000000
00000000
00000000
00000000
00000000
00000000
00000000
00000000
00000000
00000000
00000000
00000000
00000000
00000000
00000000
00000000
00000000
00000000
00000000
00000000
00000000
00000000
00000000
00000000
00000000
00000000
00000000
00000000
00000000
00000000
00000000
00000000
00000000
00000000
00000000
00000000
00000000
00000000
00000000
00000000
00000000
00000000
00000000
00000000
00000000
00000000
00000000
00000000
00000000
00000000
00000000
00000000
00000000
00000000
00000000
00000000
00000000
00000000
00000000
00000000
00000000
00000000
00000000
00000000
00000000
00000000
00000000
00000000
00000000
00000000
00000000
00000000
00000000
00000000
00000000
00000000
00000000
00000000
00000000
00000000
00000000
00000000
00000000
00000000
00000000
12794728
00000000
127907b0
00000000
1279d7b0
00000000
02030000
00000000
00000001
00000000
00000006
00000000
00000000
00000000
12794e78
00000000
12794e80
00000000
12790900
00000000
12795080
00000000
12795288
00000000
12795490
00000000
12794e70
00000000
1279548c
00000000
ffffffff
ffffffff
00000000
00000000
a2cb8e9a
a23055bd
a8950383
d5153475
a62cc2c8
0efa785a
2306b1bb
f34bc096
85725ee3
1be3f594
58eb14da
7652825e
a8a28721
fc9c7c42
dc1e6ed8
28244ce9
a2000008
00000120
000482e4
00000000
00000000
00000000
00000000
00000000
92815485
3b9dc39f
62350432
34fbcb46
f7db89d4
7afb6f85
0f479200
ce20d6ed
5529fb33
872e29a8
e12ac4f5
7d691293
201822e8
6ce7cbcc
47bfb0c3
7c8fb433
00000000
00000001
00000000
00000000
00000554
00000004
00000004
00000004
00000010
00000010
00000010
0000006e
00000000
00000000
00000000
00000000
00000000
00000000
00000000
00000000
00000000
00000000
00000000
00000000
00000000
00000000
00000000
00000000
00000000
00000000
00000000
00000000
00000000
00000000
00000000
00000000
00000000
00000000
00000000
00000000
00000000
00000000
00000000
00000000
00000000
00000000
00000000
00000000
00000000
00000000
00000000
00000000
00000000
00000000
00000000
00000000
00000000
00000000
00000000
00000000
00000000
00000000
00000000
00000000
00000000
00000000
00000000
00000000
00000000
00000000
00000000
00000000
46aa2f41
dca1b6a7
d10cd5a9
4368a5bf
2aa69cbb
ef6b713a
3961848e
b9bc2ac6
f6820a7d
c62d989a
6e4338b4
bdfba458
1e34bc83
c668df69
a2189cf0
bcf04636
a2000006
00000400
a200dead
00000000
00000000
00000000
00000000
00000000
d5de0752
dc4748dc
1fa08a27
e54318ca
a53fa0c1
9962d5be
52653c78
f48c218b
ecec8cd0
769748fd
03543b66
c7bfe788
ed4b9aab
1f99bfe7
22b1ba09
8042ccd0
00000000
00000001
00000010
00000001
00000244
0000025f
00000206
00000244
00000000
00000001
00000000
00000000
00000000
00000000
00000000
00000000
00000000
00000000
00000001
00000000
00000000
00000000
00000000
00000000
00000000
00000000
00000000
00000000
00000000
00000000
00000000
00000000
00000000
00000000
00000000
00000000
00000000
00000000
00000000
00000000
00000000
00000000
00000000
00000000
00000000
00000000
00000000
00000000
00000000
00000000
00000000
00000000
00000000
00000000
00000000
00000000
00000000
00000000
00000000
00000000
00000000
00000000
00000000
00000000
00000000
00000000
00000000
00000000
00000000
00000000
00000000
00000000
00000000
00000000
00000000
00000000
00000000
00000000
00000000
00000000
00000000
00000000
00000000
00000000
00000000
00000000
00000000
00000000
00000000
00000000
00000000
00000000
00000000
00000000
00000000
00000000
00000000
00000000
00000000
00000000
00000000
00000000
00000000
00000000
00000000
00000000
00000000
00000000
00000000
00000000
00000000
00000000
00000000
00000000
00000000
00000000
00000000
00000000
00000000
00000000
00000000
00000000
00000000
00000000
00000000
00000000
00000000
00000000
00000000
00000000
00000000
00000000
00000000
00000000
00000000
00000000
00000000
00000000
00000000
00000000
00000000
00000000
00000000
00000000
00000000
00000000
00000000
00000000
00000000
00000000
00000000
00000000
00000000
00000000
00000000
00000000
00000000
00000000
00000000
00000000
00000000
00000000
00000000
00000000
00000000
00000000
00000000
00000000
00000000
00000000
00000000
00000000
00000000
00000000
00000000
00000000
00000000
00000000
00000000
00000000
00000000
00000000
00000000
00000000
00000000
00000000
00000000
00000000
00000000
00000000
00000000
00000000
00000000
00000000
00000000
00000000
00000000
00000000
00000000
00000000
00000000
00000000
00000000
00000000
00000000
00000000
00000000
00000000
00000000
00000000
00000000
00000000
00000000
00000000
00000000
00000000
00000000
00000000
00000000
00000000
00000000
00000000
00000000
00000000
00000000
00000000
00000000
00000000
00000000
00000000
00000000
00000000
00000000
00000000
00000000
00000000
00000000
00000000
00000000
00000000
00000000
00000000
00000000
00000001
00000000
00000000
00000000
00000000
00000000
00000000
00000000
00000000
00000000
00000000
00000000
00000000
5bd68511
4f4d9c4e
7c766ad8
d4a25993
6e4bdd2e
3a639146
7492f519
b8a462e6
7115a5ab
69922234
c81d22ff
efcb18f1
c7ddeb39
dd732022
f588fe55
14f462cd
