00019cc0
fffe633f
00000001
00000000
00010102
00000000
00000000
00000000
00000000
00000000
00000000
00000000
00000000
00000000
00000000
00000000
00000000
00000000
00000000
00000000
00000000
00000000
00000000
00019cbc
00001043
5590c0ef
00000000
c006715d
c412c20e
c81ac616
cc72ca1e
d07ace76
d42ad27e
d832d62e
dc3ada36
c0c2de3e
22f3c2c6
c4961410
100022f3
00efc696
03131a20
e9050000
142022f3
800003b7
fff38393
0072f2b3
8a634325
05130062
00970001
80930000
c06f10e0
42a67330
c4960291
0293a885
b3970001
83930001
a1039b23
11410043
ae03c016
0e050003
01c3a023
14202573
800002b7
fff28293
00557533
12c000ef
00017297
62028293
92aa050e
0002a503
0042a303
000300e7
0001b317
96c30313
00032383
202313fd
42820073
00028113
00832383
02032e03
087e0863
0001b297
94828293
0082a303
02832623
02932823
03232a23
03332c23
03432e23
05532023
05632223
05732423
05832623
05932823
05a32a23
05b32c23
02232423
0001a397
92c38393
0003ae03
07c32623
0202a303
0062a423
02832103
02c32403
03032483
03432903
03832983
03c32a03
04032a83
04432b03
04832b83
04c32c03
05032c83
05432d03
05832d83
907342a6
42b61412
10029073
41924082
42b24222
43d24342
4ef24e62
5f925f02
55b25522
56d25642
57f25762
48964806
00736161
00001020
00734881
b2970000
82930001
a30387e2
23830082
890906c3
100522f3
00038513
00008067
00000000
12b34305
b37300a3
80671442
00000000
142022f3
80000337
0062f2b3
00000513
00028363
80670505
00000000
766367c1
079302f5
b7b30ff0
078e00a7
0021c737
02000693
55338e9d
079300f5
953ed407
00054503
40a68533
07378082
47c10100
fce56ee3
bfd947e1
01851713
01855793
8fd966c1
f0068693
40855713
8fd98f75
07370522
8d7900ff
80828d5d
87ae88aa
85368832
99638346
c6b72006
86930021
f063d406
67410cc5
0ae67663
0ff00713
00c73733
5533070e
96aa00e6
0006c683
02000513
06b39736
0c6340e5
97b300e5
d73300d7
183300e8
65b300d6
933300f7
589300d8
d7b30108
16130315
82410108
01035713
0315f6b3
05b3853e
06c202f6
7c638f55
974200b7
fff78513
01076763
00b77563
ffe78513
8f0d9742
031777b3
53130342
57330103
07c20317
0067e333
02e606b3
7b63863a
934200d3
fff70613
01036663
00d37463
ffe70613
8d510542
a85d4581
01000537
6ee34741
4761f4a6
e601bf99
58334705
674102c7
08e87f63
0ff00713
01077363
57334521
96ba00a8
0006c703
02000613
06b3972a
156340e6
87b308e6
45854107
01085893
01081613
57138241
f6b30103
d7b30317
06c20317
0e338f55
853e02f6
01c77c63
85139742
6763fff7
75630107
851301c7
9742ffe7
41c70733
031777b3
53130342
57330103
07c20317
0067e333
02e606b3
7b63863a
934200d3
fff70613
01036663
00d37463
ffe70613
8d510542
07378082
45410100
f6e865e3
b7954561
00d81833
00e7d5b3
00d89333
00d797b3
00e8d733
01085893
00f76633
0315f733
01081793
551383c1
d5b30106
07420315
86b38f49
852e02b7
00d77c63
85139742
6763fff5
75630107
851300d7
9742ffe5
40d706b3
0316f733
82410642
0316d6b3
88b30742
67b302d7
873600c7
0117fc63
871397c2
e763fff6
f5630107
87130117
97c2ffe6
01051593
411787b3
bdcd8dd9
14d5e263
ff636741
071302e6
35b30ff0
058e00d7
0021c737
00b6d533
d4070713
4703972a
05130007
972e0200
40e505b3
02e51163
e5e34505
b533f2f6
451300c8
bf390015
01000737
e5e345c1
45e1fce6
5333b7d1
96b300e6
633300b6
551300d3
1eb30103
d63300b6
76b300e7
97b302a6
d73300b7
683300e8
179300f7
83c10103
01085713
02a65633
8f5506c2
02c78f33
7c638e32
971a01e7
fff60e13
00676763
01e77563
ffe60e13
0733971a
76b341e7
573302a7
06c202a7
02e78633
01081793
8fd583c1
fc6386ba
979a00c7
fff70693
0067e763
00c7f563
ffe70693
1513979a
6e41010e
06938d55
7833fffe
8f9100d5
00def6b3
01055613
010ede93
02d80333
02d606b3
01035713
03d80833
97429836
03d60633
00d77363
56939672
96360107
02c7e063
d8c792e3
17fd67c1
07428f7d
00f37333
00b898b3
4581971a
e2e8f2e3
b39d157d
45014581
711dbd21
cca2ce86
c8cecaca
26231080
2423faa4
2703fab4
07b7fa84
8793004a
97bafdc7
2023079a
2223fef4
0793fe04
2623fb44
2423fef4
a0b1fe04
fe842783
4981893e
fe042603
fe442683
00c90733
b5b385ba
87b30125
86b300d9
87b600f5
863e85ba
10ef4501
872a1fe1
fec42783
2783c398
0791fec4
fef42623
fe842783
24230791
2703fef4
0793fe84
f7e302b0
2783fae7
86befac4
fb440793
02c00713
85be863a
f0ef8536
25035e30
40f6fac4
49564466
612549c6
715d8082
c4a2c686
2e230880
0793faa4
85befec4
30ef4501
87aa0381
2783cf91
86befbc4
fc040793
02c00713
85be863a
f0ef8536
a02559f0
fec42703
fc040793
853e85ba
27833719
86befbc4
fc040793
02c00713
85be863a
f0ef8536
25035770
40b6fbc4
61614426
71398082
dc22de06
d84ada26
0080d64e
079384aa
85befcc4
20ef4501
87aa7cd1
2703e3c1
07b7fcc4
8793004a
97bafdc7
2823079a
2a23fcf4
2e23fc04
2c23fc94
a881fc04
fd842783
4981893e
fd042603
fd442683
00c90733
b5b385ba
87b30125
86b300d9
87b600f5
85be853a
fdc42783
86be439c
85aa862e
10ef4501
27830c01
0791fdc4
fcf42e23
fd842783
2c230791
2703fcf4
0793fd84
f5e302b0
a011fae7
50f20001
54d25462
59b25942
80826121
c686715d
0880c4a2
faa42e23
fab42c23
fc440793
3dd1853e
fbc42783
fef42223
fb842783
fef42423
853e4781
442640b6
80826161
d6067179
d24ad422
1800d04e
fca42c23
fcb42e23
fcc42a23
fd442783
fef42623
fe042423
2783a889
078afe84
4981893e
fd842603
fdc42683
00c90733
b5b385ba
87b30125
86b300d9
87b600f5
85be853a
fec42783
86be439c
85aa862e
00ef4501
27837f91
0791fec4
fef42623
fe842783
24230785
2703fef4
47bdfe84
fae7f5e3
853e4781
542250b2
59825912
80826145
cf867151
cbcacda2
c7d2c9ce
1180c5d6
f6b42423
f6d42023
f6e42223
f4f42c23
f5042e23
01142623
07a387aa
87b2f6f4
f6f41623
fb440793
33f5853e
fdc42783
0ff7f793
f6f40a23
f6f44783
f6f40aa3
f6842703
17fd67c1
00f776b3
f7645783
873e8b81
8fd987b6
f6f41b23
f6842783
0107d693
f7845783
873e8b81
8fd987b6
f6f41c23
f6c45783
f6f41d23
f6042e23
f8042023
0ca110ef
87ae872a
f8e42223
f8f42423
f6042783
f8f42623
f6442783
f8f42823
f5842783
f8f42a23
f5c42783
f8f42c23
2e23445c
481cf8f4
faf42023
22234c1c
4c5cfaf4
faf42423
2623501c
505cfaf4
faf42823
fd442783
0ff7f793
f6f44703
08e7eb63
fcc42783
2703c7d9
2783fb44
0693fb84
8636f744
85be853a
27033585
2783fb44
0513fb84
45810400
00a70633
38338832
86b300e8
07b300b7
86be00d8
87b68732
fae42a23
faf42c23
fc442783
22230785
2703fcf4
2783fc44
77b3fcc4
eb9502f7
fb442703
fb842783
fcc42683
8a36069a
06334a81
85b24147
00b735b3
415786b3
40b687b3
873286be
2a2387b6
2c23fae4
2783faf4
f793fd84
47030ff7
eb63f6f4
278308e7
c7d9fd04
fbc42703
fc042783
f7440693
853a8636
3b7d85be
fbc42703
fc042783
04000513
06334581
883200a7
00e83833
00b786b3
00d807b3
873286be
2e2387b6
2023fae4
2783fcf4
0785fc84
fcf42423
fc842703
fd042783
02f777b3
2703eb95
2783fbc4
2683fc04
069afd04
49818936
41270633
35b385b2
86b300b7
87b34137
86be40b6
87b68732
fae42e23
fcf42023
fb442e83
fb842e03
fbc42303
fc042883
fc442803
fc842503
fcc42583
fd042603
fd442683
fd842703
fdc42783
f3d42023
f3c42223
f2642423
f3142623
f3042823
f2a42a23
f2b42c23
f2c42e23
f4d42023
f4e42223
f4f42423
f2040793
3111853e
853e4781
446e40fe
49ce495e
4aae4a3e
8082616d
ce221101
26231000
2783fea4
37b3fec4
f79300f0
853e0ff7
61054472
11418082
0800c622
003007b7
4432853e
80820141
ce061101
ca4acc22
1000c84e
fea42623
0021e7b7
bac7a783
fec42703
06f70e63
fec42683
100065b7
08458593
45014601
4c7100ef
0021e7b7
bb47a703
0f634785
e7b704f7
a7830021
893ea3c7
26834981
85cafec4
4501864e
49f100ef
0021e7b7
a3c7a783
00478713
0021e7b7
a2e7ae23
0021e7b7
a3c7a703
127ff7b7
00e7e763
0021e7b7
a3c7a783
e7b7a019
e737127f
2e230021
a021a2f7
a0110001
e7b70001
27030021
a623fec4
0001bae7
446240f2
49c24952
80826105
ce061101
1000cc22
fea42623
feb42423
fe842683
100215b7
28458593
25034601
00effec4
478141d1
40f2853e
61054462
71398082
dc22de06
2e230080
2c23fca4
2a23fcb4
2823fcc4
2623fcd4
2423fce4
2223fcf4
2023fd04
2503fd14
30effd84
87aa7a01
57f5c399
2423aa09
2623fe04
0793fe04
86befe84
fd842603
25034581
30effdc4
26230ed1
2703fea4
57f9fec4
00f70763
fec42703
156357fd
278300f7
a8e1fec4
9713401c
27830097
079efcc4
27838f5d
0792fc44
27838f5d
078efc04
27838f5d
078afd04
27838f5d
0786fc84
c7b78f5d
8fd900ab
fef42423
fe842783
fd842683
4581863e
fdc42503
073130ef
fea42623
fec42703
076357f9
270300f7
57fdfec4
00f71563
fec42783
0793a0bd
86befe84
fd842603
25034591
30effdc4
26230511
2703fea4
57f9fec4
00f70763
fec42703
156357fd
278300f7
a835fec4
fd442783
00279713
fe842783
405c8f5d
67a58f5d
20078793
24238fd9
2783fef4
2683fe84
863efd84
25034591
30effdc4
26237f01
2783fea4
853efec4
546250f2
80826121
d6067179
1800d422
fca42e23
fcb42c23
fcc42a23
100045b7
04058593
25034601
00effdc4
26232a31
2783fea4
c385fd44
fd842783
47050791
00f717b3
fff7c793
2783873e
8ff9fec4
fef42623
2783a829
0791fd84
17b34705
873e00f7
fec42783
26238fd9
2683fef4
45b7fec4
85931000
46010405
fdc42503
243100ef
fe042423
fe840793
260386be
4581fd84
fdc42503
75a130ef
fe842703
fd442783
c7b78f5d
8fd900ab
fef42423
853e4781
542250b2
80826145
ce061101
1000cc22
fea42623
feb42423
fe842683
86136789
45a19997
fec42503
706130ef
853e4781
446240f2
80826105
ce221101
26231000
2423fea4
2223feb4
4781fec4
4472853e
80826105
d6867159
d2cad4a2
ced2d0ce
cadaccd6
c6e2c8de
c2eac4e6
1880c0ee
faa42e23
fab42c23
fac42a23
fad42823
fae42623
faf42423
fb042223
fb142023
fc042623
1002e5b7
07458593
25034601
00effbc4
26231771
2783fca4
4705fb84
00f717b3
fff7c793
2783873e
8ff9fcc4
fcf42623
fcc42683
1002e5b7
07458593
25034601
00effbc4
27031391
87bafb84
97ba0786
2c23078e
2e23f8f4
e637f804
06131002
46810786
f9842803
f9c42883
873385c2
85ba00c5
b5b38542
854600a5
00d507b3
00f586b3
268387b6
85bafa04
2503863e
00effbc4
27030e91
87bafb84
97ba0786
8d3e078e
e6374d81
06131002
468107c6
00cd0733
b5b385ba
87b301a5
86b300dd
87b600f5
fa442683
863e85ba
fbc42503
0ab100ef
fb842703
078687ba
078e97ba
4c818c3e
1002e637
08060613
07334681
85ba00cc
0185b5b3
00dc87b3
00f586b3
268387b6
85bafb04
2503863e
00effbc4
270306d1
87bafb84
97ba0786
8b3e078e
e6374b81
06131002
46810846
00cb0733
b5b385ba
87b30165
86b300db
87b600f5
fb442683
863e85ba
fbc42503
02f100ef
fb842703
078687ba
078e97ba
4a818a3e
1002e637
08860613
07334681
85ba00ca
0145b5b3
00da87b3
00f586b3
268387b6
85bafa84
2503863e
00effbc4
27037f01
87bafb84
97ba0786
893e078e
e6374981
06131002
468108c6
00c90733
b5b385ba
87b30125
86b300d9
87b600f5
fac42683
863e85ba
fbc42503
7b2100ef
fb842783
17b34705
873e00f7
fcc42783
26238fd9
2683fcf4
e5b7fcc4
85931002
46010745
fbc42503
786100ef
853e4781
542650b6
59865916
4ae64a76
4bc64b56
4ca64c36
4d864d16
80826165
d7067171
d34ad522
1900d14e
f8a42623
f8b42023
f8c42223
f8d42423
f6e42e23
f8442783
2783e78d
e799f844
f8042703
400007b7
00f77d63
f8842683
f8042583
f8442603
f8c42503
71a100ef
2783a27d
ef91f844
f8442783
1a079163
f8042703
800007b7
fff7c793
00e7e363
2703a279
07b7f804
17fd1000
24238ff9
2783fef4
8b81f844
fef42623
f8042703
f00007b7
20238ff9
2783fef4
9bfdf844
fef42223
fe042783
fcf42e23
fe442783
0007d813
2c234881
4901fd04
28234981
2a23fd24
2e03fd34
2e83fd04
2703fd44
2783f804
2423f844
2623fce4
2703fcf4
2783fc84
2023fcc4
2223fd24
2683fd34
2023fd84
2603fcd4
2683fc04
2c23fc44
2e23fb24
2583fb34
2c23fdc4
2503fab4
2583fb84
c837fbc4
23030021
2383d288
c82ad2c8
c432ca2e
c03ec636
87f288ba
869a8876
0613871e
d5b70670
85933a18
4509f115
e5cff0ef
fe842703
fec42783
fae42823
faf42a23
fb042e03
fb442e83
fb242423
fb342623
100007b7
242317fd
2703faf4
2783fa84
2023fac4
2223fb24
2603fb34
2683fa04
2c23fa44
2e23f924
2503f934
2583f984
c837f9c4
23030021
2383d288
c82ad2c8
c432ca2e
c03ec636
87f288ba
869a8876
0613871e
d5b70680
85933a18
4509f115
dd8ff0ef
100007b7
fff78893
27834801
2703fdc4
4681fd84
45814601
f8c42503
268336d1
2583f884
2603fe84
2503fec4
00eff8c4
000156c1
542a50ba
598a591a
8082614d
d7067171
d34ad522
cf52d14e
1900cd56
f6a42e23
f6b42823
f6c42a23
f6d42c23
fc042e23
f7442683
2683e68d
e699f744
f7042603
400006b7
00d67d63
f7042583
f7442603
f7c42503
51c100ef
fca42e23
2683a25d
ee89f744
f7442683
18069d63
f7042603
800006b7
fff6c693
18c6f563
f7042603
100006b7
8ef116fd
fcd42c23
f7042603
f00006b7
28238ef1
2683fcd4
9afdf744
fcd42a23
fd042683
fcd42623
fd442683
0006d713
24234781
4a01fce4
20234a81
2223fd44
2e03fd54
2e83fc04
2703fc44
2783f704
2c23f744
2e23fae4
2703faf4
2783fb84
2823fbc4
2a23fb44
2683fb54
2823fc84
2603fad4
2683fb04
2423fb44
2623fb44
2583fb54
2423fcc4
2503fab4
2583fa84
c837fac4
23030021
2383d288
c82ad2c8
c432ca2e
c03ec636
87f288ba
869a8876
0613871e
d5b707a0
85933a18
4509f115
c5cff0ef
fb442023
fb542223
fd842783
faf42023
fa042e03
fa442e83
f9442c23
f9542e23
100007b7
2c2317fd
2703f8f4
2783f984
2823f9c4
2a23f944
2603f954
2683f904
2423f944
2623f944
2503f954
2583f884
c837f8c4
23030021
2383d288
c82ad2c8
c432ca2e
c03ec636
87f288ba
869a8876
0613871e
d5b707b0
85933a18
4509f115
bd8ff0ef
100007b7
fff78893
27834801
2703fcc4
4681fc84
45814601
f7c42503
278332d1
893efd84
85ca4981
2503864e
00eff7c4
2e233761
2783fca4
853efdc4
542a50ba
598a591a
4aea4a7a
8082614d
d6067179
1800d422
fca42c23
fcb42e23
fe042223
48014781
fef42423
ff042623
4c6100ef
fea42423
feb42623
fd842603
fdc42683
fe842503
fec42583
00a60733
3833883a
87b300c8
06b300b6
87b600f8
fce42c23
fcf42e23
00efa039
242348c1
2623fea4
2703feb4
2783fdc4
e6e3fec4
2703fee7
2783fdc4
1863fec4
270300f7
2783fd84
eae3fe84
2783fce7
853efe44
542250b2
80826145
d6867159
1880d4a2
faa42e23
fe042623
fbc42783
c3ed4b9c
30a0e0ef
fea42423
fe842503
d6cff0ef
c79387aa
f7930017
26230ff7
2783fef4
e3e9fec4
fbc42583
fe842503
1980e0ef
fea42623
fec42783
2503ebc5
e0effe84
45012e60
20234581
2223fea4
2783feb4
2023fec4
2e03fef4
2e83fe04
2c23fe44
2e23fca4
2783fcb4
4b9cfbc4
fcf42c23
fd842703
fdc42783
fca42823
fcb42a23
fbc42683
28234694
2603fcd4
2683fd04
2423fd44
2623fca4
2583fcb4
45ccfbc4
fcb42423
fc842503
fcc42583
0021c837
d2882303
d2c82383
ca2ec82a
c636c432
88bac03e
887687f2
871e869a
02000613
828a15b7
a3858593
f0ef4519
a0319fef
a0210001
a0110001
27830001
853efec4
542650b6
80826165
de067139
da4adc22
d652d84e
0080d456
fca42623
fcb42423
111116b7
11168693
fcd42c23
0021e6b7
a406a683
47818736
fd842683
863e85ba
00ef4501
e7b716c1
a7830021
8713a407
e7b70047
a0230021
2e23a4e7
a099fc04
0021e7b7
a407a783
4a818a3e
fdc42783
2703078a
97bafcc4
86be439c
865685d2
00ef4501
e7b712c1
a7830021
8713a407
e7b70047
a0230021
2783a4e7
0785fdc4
fcf42e23
fdc42703
fc842783
faf76ae3
0021e7b7
a407a783
4981893e
fd842683
864e85ca
00ef4501
e7b70e81
a7830021
8713a407
e7b70047
a0230021
0001a4e7
546250f2
59c25952
5aa25a32
80826121
ce221101
26231000
2703fea4
07b7fec4
6a631000
270300f7
07b7fec4
e4634000
478500e7
4781a011
f7938b85
853e0ff7
61054472
715d8082
c4a2c686
2c230880
2e23faa4
2a23fab4
2823fac4
2623fad4
e6b7fe04
8693dead
2423ead6
2683fed4
ee99fbc4
fbc42683
2603e699
06b7fb84
77631000
278300d6
2423fb84
a2b9fef4
fbc42683
2683ea91
ea9dfbc4
fb842603
100006b7
02d66663
fbc42683
2683e295
e699fbc4
fb842603
400006b7
00d67a63
fb842703
400007b7
24238fd9
a239fef4
fbc42683
2683ea91
ee8dfbc4
fb842603
400006b7
02d66863
fbc42683
2683e685
ea89fbc4
fb842603
800006b7
fff6c693
00c6ea63
fb842783
fef42423
262357fd
a0e9fef4
fbc42683
2683ee81
eeddfbc4
fb842603
800006b7
fff6c693
0ac6f863
fb842603
f00006b7
2c238ef1
2683fcd4
9afdfbc4
fcd42e23
fb842603
100006b7
8e7516fd
400006b7
2a238ed1
2683fcd4
2823fd84
2683fcd4
d713fdc4
47810006
fce42623
fe042223
fb442703
1e634785
07b700f7
22232000
2703fef4
07b7fd44
8fd92000
fef42423
2703a00d
4789fb44
00f71d63
300007b7
fef42223
fd442703
300007b7
24238fd9
07b7fef4
88931000
4801fff7
fd042783
fcc42703
fe442683
25834601
4501fb44
d3cff0ef
fb042783
fe842703
2783c398
853efec4
442640b6
80826161
d6067179
1800d422
fca42e23
fcb42c23
fcc42a23
fe042623
d0ef4501
242313c0
2503fea4
f0effe84
87aa98ef
0017c793
0ff7f793
2683e3b9
2603fd44
2583fdc4
2503fd84
d0effe84
872a0480
fec42783
26238fd9
2783fef4
eb99fec4
fe842503
11e0d0ef
2783872a
8fd9fec4
fef42623
fe842503
0fc0d0ef
0001a011
fec42783
50b2853e
61455422
71318082
dd22df06
d94edb4a
d556d752
d15ed35a
cd66cf62
c96ecb6a
2c230180
2e23f6a4
2823f6b4
2a23f6c4
2423f6d4
2623f6e4
e7b7f6f4
a7830021
9d63ba87
17b73807
8513fab0
f0ef0037
2623912f
2703fc04
2783f684
2023f6c4
2223fce4
2703fcf4
2783f704
2c23f744
2e23fae4
2703faf4
2783f784
2823f7c4
2a23fae4
2703faf4
07b7fb84
7c33f000
278300f7
fc93fbc4
0637fff7
46811000
00cc0733
b5b385ba
87b30185
86b300dc
87b600f5
fae42023
faf42223
fb042703
f00007b7
00f77b33
fb442783
fff7fb93
10000637
07334681
85ba00cb
0165b5b3
00db87b3
00f586b3
2c2387b6
2e23f8e4
2823f8f4
2623f804
2623f804
2a23fa04
2783f804
8b8df684
f6f42023
f6c42783
22238b81
2683f6f4
2703f604
87b6f644
87638fd9
07b72607
0789dead
fcf42623
2703ac8d
2783fc04
86befc44
86beea89
863aea99
000406b7
f66316f1
073700c6
17710004
26234781
2703fae4
07b7fb84
7933f000
278300f7
f993fbc4
0637fff7
46811000
00c90733
b5b385ba
87b30125
86b300d9
87b600f5
fae42023
faf42223
fb042703
f00007b7
00f77a33
fb442783
fff7fa93
10000637
07334681
85ba00ca
0145b5b3
00da87b3
00f586b3
2c2387b6
2e23f8e4
2783f8f4
8d3efac4
26034d81
2683fb84
0733fbc4
85ba00cd
01a5b5b3
00dd87b3
00f586b3
268387b6
863efa44
00c6ec63
fa442683
9f63863e
268300c6
87bafa04
00f6fa63
fa042703
fb842783
40f707b3
faf42623
fac42783
f4f42c23
f4042e23
fb042603
fb442683
f5842803
f5c42883
873385c2
85ba00c5
b5b38542
854600a5
00d507b3
00f586b3
268387b6
863ef9c4
00c6ec63
f9c42683
9f63863e
268300c6
87baf984
00f6fa63
f9842703
fb042783
40f707b3
faf42623
f9040793
460586be
fb842503
fbc42583
872a3689
fcc42783
26238fd9
0793fcf4
86bef8c4
25034609
2583fb04
3615fb44
2783872a
8fd9fcc4
fcf42623
f8c42783
f9042703
fac42603
853e85ba
872a3955
fcc42783
26238fd9
2783fcf4
e3f9fcc4
fac42783
f4f42823
f4042a23
fc042603
fc442683
f5042803
f5442883
073385c2
85ba40b6
00b635b3
87b38546
86b340a6
87b640b7
fce42023
fcf42223
fac42783
f4f42423
f4042623
fb842603
fbc42683
f4842803
f4c42883
073385c2
85ba00b6
00c5b5b3
87b38546
86b300a6
87b600f5
fae42c23
faf42e23
fac42783
f4f42023
f4042223
fb042603
fb442683
f4042803
f4442883
073385c2
85ba00b6
00c5b5b3
87b38546
86b300a6
87b600f5
fae42823
faf42a23
fc042783
fc442703
9ce38fd9
a011d807
27830001
e789fcc4
fab017b7
a0210791
dead17b7
853e0795
da9fe0ef
0021e7b7
bb47a783
2783e781
a011fcc4
e7374781
24230021
2783baf7
a019fcc4
00010001
50fa853e
595a546a
5a3a59ca
5b1a5aaa
4c7a5b8a
4d5a4cea
61294dca
71598082
d4a2d686
d0ced2ca
24231880
2623faa4
2023fab4
2223fac4
2e23fad4
2623f8e4
2703fe04
2783fa04
2023fa44
2223fee4
2703fef4
2783fa84
2c23fac4
2e23fce4
2703fcf4
2783fa04
2823fa44
2a23fce4
2703fcf4
07b7fd84
7833f000
278300f7
f893fdc4
0637fff7
46811000
00c80733
b5b385ba
87b30105
86b300d8
87b600f5
fce42423
fcf42623
02000793
fcf42023
fa042e23
d0ef4501
22232840
2503fca4
e0effc44
87aac8ff
0017c793
0ff7f793
07b7c799
0785dead
fef42623
4681a27d
05934601
25031000
c0effc44
26237bb0
2783fea4
9763fec4
aaa11807
fe042703
fe442783
fce42823
fcf42a23
fd842703
f00007b7
00f77933
fdc42783
fff7f993
10000637
07334681
85ba00c9
0125b5b3
00d987b3
00f586b3
242387b6
2623fce4
2703fcf4
2783fd84
2503fdc4
2583fd04
0633fd44
883200a7
00e83833
00b786b3
00d807b3
873286be
268387b6
863efcc4
00c6ec63
fcc42683
9d63863e
268302c6
87bafc84
02f6f863
fc842603
fcc42683
fd842503
fdc42583
40a60733
3833883a
87b30106
86b340b6
87b64107
fce42823
fcf42a23
fbc40793
460586be
fd842503
fdc42583
872a302d
fec42783
26238fd9
2783fef4
873efbc4
fd042783
85ba863e
fc442503
78d0c0ef
2783872a
8fd9fec4
fef42623
fec42783
2603ebc1
2683fe04
2503fe44
2583fd04
0733fd44
883a40a6
01063833
40b687b3
410786b3
202387b6
2223fee4
2603fef4
2683fd84
2503fdc4
2583fd04
0733fd44
883a00a6
00c83833
00b687b3
00f806b3
2c2387b6
2e23fce4
2783fcf4
2703fe04
8fd9fe44
ea0790e3
fc040793
2683873e
4601f9c4
25034581
c0effc44
872a7650
fec42783
26238fd9
a021fef4
a0110001
27830001
c789fc44
fc442503
0c00d0ef
fec42783
50b6853e
59165426
61655986
71118082
dda2df86
24230200
2623f2a4
2023f2b4
2223f2c4
2c23f2d4
2e23f0e4
2a23f0f4
2823f104
2623f114
2023fe04
2223fc04
2423fc04
2623fc04
2823fc04
2a23fc04
2c23fc04
2e23fc04
2e23fc04
0793fa04
873efc04
f1842603
f1c42683
f2842503
f2c42583
872a3339
fec42783
26238fd9
2783fef4
e7e1fec4
fbc40793
460986be
f2042503
f2442583
ebaff0ef
2783872a
8fd9fec4
fef42623
d0ef450d
22233430
2503fea4
d0effe44
20234f50
4501fea4
29a0e0ef
fea42423
fe442783
2503cb99
e0effe84
87aa9e3f
0017c793
0ff7f793
07b7c799
0785dead
fef42623
2703a0a5
2783f144
06b3fe04
278300f7
863efbc4
fbc42703
fe042783
85be97ba
fc040713
f3c40793
88aec03e
07938832
26030200
2583f144
2503fe44
e0effe84
872a0f20
fec42783
26238fd9
2783fef4
eb91fec4
fe842503
23e0e0ef
fea42623
0001a021
0001a011
fe842783
2503c789
e0effe84
27832160
853efec4
546e50fe
80826111
de067139
0080dc22
fca42c23
fcb42e23
fcc42823
fcd42a23
fce42423
fcf42623
fe042623
04000893
0021f7b7
a5878813
fc842703
fcc42783
fd042603
fd442683
fd842503
fdc42583
26233d99
2783fea4
853efec4
546250f2
80826121
c686715d
0880c4a2
faa42e23
fab42c23
fac42a23
0021e7b7
ba87a783
16079c63
fab017b7
04e78513
8f1fe0ef
fe042623
fe042423
fbc42783
2e238bfd
2c23fcf4
2783fc04
8395fbc4
fcf42a23
222357fd
2703fef4
0793fb84
f8631000
07b700e7
0791dead
fef42623
4501a0fd
49e0c0ef
fca42823
fd042503
871fe0ef
c79387aa
f7930017
c7990ff7
dead07b7
26230785
a0d1fef4
fe042023
2783a06d
8395fe04
fcf42c23
fbc42703
fe042783
839597ba
fcf42a23
fe042783
eb898bfd
fd842783
2703078a
97bafb44
0007a023
fd442703
fe442783
00f70b63
fd442703
000c07b7
078a97ba
2423439c
2703fef4
2783fdc4
97bafe04
27038bfd
57b3fe84
8b8500f7
fcf42623
fd842783
2703078a
97bafb44
27834394
8bfdfe04
fcc42703
00f71733
fd842783
2603078a
97b2fb44
c3988f55
fd442783
fef42223
fe042783
20230785
2703fef4
2783fe04
68e3fb84
2503f4f7
c0effd04
27833d20
e791fec4
fab017b7
05078793
17b7a029
8793dead
853e04f7
fa8fe0ef
0021e7b7
bb47a783
2783e781
a011fec4
e7374781
24230021
2783baf7
a019fec4
00010001
40b6853e
61614426
11018082
cc22ce06
26231000
2423fea4
2683feb4
8736fec4
26834781
85bafe84
4501863e
44a0f0ef
40f20001
61054462
11018082
cc22ce06
26231000
2683fea4
8736fec4
85ba4781
4501863e
42c0f0ef
853e87aa
446240f2
80826105
d6067179
1800d422
fca42e23
fcb42c23
fcc42a23
fdc42503
26233f7d
2783fea4
c713fd44
2783fff7
8f7dfec4
fd842683
fd442783
8fd98ff5
fef42423
fe842583
fdc42503
0001378d
542250b2
80826145
d6067179
d24ad422
1800d04e
fca42e23
fcb42c23
fcc42a23
fcd42823
fe042223
fe042623
fe042423
2783a82d
893efdc4
85ca4981
4501864e
3940f0ef
fea42023
fe042703
fd442783
27038ff9
1563fd84
478500f7
fef42623
fe842783
24230785
2783fef4
e799fec4
fe842703
fd042783
faf76de3
fe842703
fd042783
00f71563
22234785
2783fef4
853efe44
542250b2
59825912
80826145
de067139
da4adc22
d652d84e
d25ad456
0080d05e
fca42623
fcb42423
fcc42223
fcd42023
100046b7
fcd42a23
fc842683
01169613
000e06b7
26038ef1
8ed1fcc4
fcd42823
fd442683
47818736
fd042683
863e85ba
f0ef4501
47b72d40
07a11000
fcf42a23
fd442783
4b818b3e
865e85da
f0ef4501
2e232c20
2c23fca4
a00dfc04
fd442783
4a818a3e
865685d2
f0ef4501
2e232a60
2783fca4
0785fd84
fcf42c23
fdc42703
08634785
270300f7
2783fd84
67e3fc44
2703fcf7
2783fd84
1763fc44
e7b700f7
47050021
bae7a423
100047b7
2a2307b1
2783fcf4
893efd44
85ca4981
4501864e
2500f0ef
2783872a
c398fc04
50f20001
59525462
5a3259c2
5b125aa2
61215b82
71398082
dc22de06
d84eda4a
d456d652
d05ed25a
26230080
2423fca4
2223fcb4
2023fcc4
46b7fcd4
06911000
fcd42a23
fd442683
47818736
fc842683
863e85ba
f0ef4501
47b71e40
2a231000
2783fcf4
9713fc44
07b70117
8f7d000e
fcc42783
67c18f5d
28238fd9
2783fcf4
8b3efd44
26834b81
85dafd04
4501865e
1aa0f0ef
100047b7
2a2307a1
2783fcf4
8a3efd44
85d24a81
45018656
1980f0ef
fca42e23
fc042c23
2783a00d
893efd44
85ca4981
4501864e
17c0f0ef
fca42e23
fd842783
2c230785
2703fcf4
4785fdc4
00f70863
fd842703
fc042783
fcf767e3
fd842703
fc042783
00f71763
0021e7b7
a4234705
0001bae7
546250f2
59c25952
5aa25a32
5b825b12
80826121
de067139
0080dc22
fca42e23
fcb42c23
fcc42a23
fcd42823
fce42623
fe042623
fe042423
fe042223
0793a825
86befe04
fcc42603
fd042583
fdc42503
27033b65
2783fe04
8ff9fd44
fd842703
00f71563
24234785
2783fef4
0785fe44
fef42223
fe842783
2703e799
2783fe44
6ee3fcc4
2703faf7
2783fe44
1563fcc4
478500f7
fef42623
fec42783
50f2853e
61215462
71798082
d422d606
2e231800
2c23fca4
2623fcb4
c0effe04
242330f0
2503fea4
e0effe84
87aab46f
0017c793
0ff7f793
fef42623
fec42783
2783ebc1
8389fdc4
01079713
3fff07b7
22238ff9
2703fef4
67c1fd84
8f7d17fd
fe442783
07b78f5d
8fd98000
fef42023
260356fd
45c1fe04
fe842503
2530c0ef
fea42623
fec42783
2783e7b1
d713fd84
27830107
8f5dfe44
c00007b7
20238fd9
56fdfef4
fe042603
250345c1
c0effe84
26232210
2783fea4
ef99fec4
460156fd
250345c1
c0effe84
26232090
a031fea4
a0210001
a0110001
27830001
c789fe84
fe842503
2630c0ef
fec42783
50b2853e
61455422
11018082
cc22ce06
1000ca26
e7b784aa
a7830021
9963ba87
17b73007
8513fab0
e0ef0667
2623a8af
c783fe04
c7030004
07220014
c7038fd9
07420024
c7038fd9
07620034
47458fd9
28f76c63
00279713
0021c7b7
a2478793
439c97ba
c7838782
c7030044
07220054
c7038fd9
07420064
c7038fd9
07620074
86be8fd9
0084c783
0094c703
8fd90722
00a4c703
8fd90742
00b4c703
8fd90762
853685be
a4b13c69
0044c783
0054c703
8fd90722
0064c703
8fd90742
0074c703
8fd90762
c783853e
c7030084
07220094
c7038fd9
074200a4
c7038fd9
076200b4
85be8fd9
00c4c783
00d4c703
8fd90722
00e4c703
8fd90742
00f4c703
8fd90762
c783863e
c7030144
07220154
c7038fd9
07420164
c7038fd9
07620174
86be8fd9
262334e1
a2f1fea4
0044c783
0054c703
8fd90722
0064c703
8fd90742
0074c703
8fd90762
c78386be
c7030084
07220094
c7038fd9
074200a4
c7038fd9
076200b4
85be8fd9
00c4c783
00d4c703
8fd90722
00e4c703
8fd90742
00f4c703
8fd90762
8536863e
a2b53c11
0044c783
0054c703
8fd90722
0064c703
8fd90742
0074c703
8fd90762
c78386be
c7030084
07220094
c7038fd9
074200a4
c7038fd9
076200b4
85be8fd9
3ba18536
fea42623
c783a21d
c7030044
07220054
c7038fd9
07420064
c7038fd9
07620074
853e8fd9
0084c783
0094c703
8fd90722
00a4c703
8fd90742
00b4c703
8fd90762
c78385be
c7030104
07220114
c7038fd9
07420124
c7038fd9
07620134
863e8fd9
0144c783
0154c703
8fd90722
0164c703
8fd90742
0174c703
8fd90762
368186be
c783a06d
c7030044
07220054
c7038fd9
07420064
c7038fd9
07620074
853e8fd9
0084c783
0094c703
8fd90722
00a4c703
8fd90742
00b4c703
8fd90762
c78385be
c70300c4
072200d4
c7038fd9
074200e4
c7038fd9
076200f4
863e8fd9
0104c783
0114c703
8fd90722
0124c703
8fd90742
0134c703
8fd90762
c78386be
c7030144
07220154
c7038fd9
07420164
c7038fd9
07620174
873e8fd9
26233675
a031fea4
26234785
a011fef4
27830001
e791fec4
fab017b7
06878793
17b7a029
8793dead
853e0677
fa9fd0ef
0021e7b7
bb47a783
2783e781
a011fec4
e7374781
24230021
2783baf7
a019fec4
00010001
40f2853e
44d24462
80826105
2e237125
2c231811
13001881
e8a42623
fe042623
0021c7b7
a6c78713
f8840793
071386ba
863a0400
853e85b6
06d0d0ef
0021c7b7
aac78713
f4840793
071386ba
863a0400
853e85b6
0510d0ef
0021c7b7
aec78713
f0840793
071386ba
863a0400
853e85b6
0350d0ef
0021c7b7
b2c78713
ec840793
071386ba
863a0400
853e85b6
0190d0ef
0021c7b7
b6c78793
43d44390
47dc4798
eac42c23
ead42e23
ece42023
ecf42223
fc042823
fc042623
fc042423
fe042423
fe042223
2783a249
078afe44
ff040713
a78397ba
2823ec87
2423fcf4
2023fe04
a825fe04
fd042783
00279713
fe042783
078a97ba
ff040713
a70397ba
2783f987
17b3fe04
270300f7
8fd9fe84
fef42423
fe042783
20230785
2703fef4
478dfe04
fce7f2e3
fe842683
fe842603
fd042583
e0ef4501
872a78f0
fec42783
26238fd9
2e23fef4
a0f5fc04
fd042783
00279713
fdc42783
078a97ba
ff040713
a70397ba
4785f987
0cf71263
e8c42703
1d634785
278302f7
9713fd04
27830027
97bafdc4
0713078a
97baff04
f587a783
260386be
2583fdc4
4501fd04
5230f0ef
2783872a
8fd9fec4
fef42623
e8c42703
1d634789
278302f7
9713fd04
27830027
97bafdc4
0713078a
97baff04
f187a783
260386be
2583fdc4
4501fd04
4e30f0ef
2783872a
8fd9fec4
fef42623
e8c42703
1d63478d
278302f7
9713fd04
27830027
97bafdc4
0713078a
97baff04
ed87a783
260386be
2583fdc4
4501fd04
4a30f0ef
2783872a
8fd9fec4
fef42623
fdc42783
2e230785
2703fcf4
478dfdc4
f0e7f8e3
fe442783
22230785
2703fef4
478dfe44
e6e7fde3
fc042c23
470da055
fd842783
40f707b3
fcf42423
fc842783
0713078a
97baff04
ec87a783
fcf42823
fe042423
fc042a23
2783a825
9713fd04
27830027
97bafd44
0713078a
97baff04
f987a703
fd442783
00f717b3
fe842703
24238fd9
2783fef4
0785fd44
fcf42a23
fd442703
f2e3478d
2783fce7
c785e8c4
fe842783
fff7c793
26838bbd
863efe84
fd042583
e0ef4501
872a5e30
fec42783
26238fd9
2783fef4
0785fd84
fcf42c23
fd842703
fce3478d
4601f4e7
28234681
2a23eac4
2783ead4
2823e8c4
2e03eaf4
2e83eb04
2423eb44
2623eac4
d7b7ead4
87930021
439c6887
eaf42423
ea842703
eac42783
85b68532
eac42023
ead42223
ea042603
ea442683
e8a42c23
e8b42e23
e9842503
e9c42583
0021c837
d2882303
d2c82383
ca2ec82a
c636c432
88bac03e
887687f2
871e869a
04700613
0fc3e5b7
36258593
d0ef4519
2783923f
853efec4
19c12083
19812403
8082611d
c7867155
c3cac5a2
df52c1ce
db5add56
d762d95e
d36ad566
0980d16e
f4a42e23
fc042623
fc042023
fa042e23
fa042c23
fa042a23
fc042423
fa042823
fa042623
fa042423
fc042223
100066b7
03068693
fcd42023
100066b7
03468693
fad42e23
100066b7
282306f1
2683fad4
8736fc04
85ba4781
4501863e
0650e0ef
faa42c23
fb042783
f4f42823
f4042a23
f5042583
f5442603
e0ef4501
26230470
2783faa4
e793fb44
2a237f87
2703faf4
6789fb44
80078793
2a238fd9
2783faf4
e793fa84
24230ff7
2703faf4
67c1fa84
f0078793
24238fd9
2703faf4
07b7fa84
8fd90030
faf42423
fa842703
00c007b7
24238fd9
2703faf4
4785f5c4
06f71263
fb842703
fb442783
24238fd9
2703fcf4
2783fac4
8fd9fa84
fcf42223
fb042783
4d818d3e
fc442683
866e85ea
e0ef4501
27837a80
8c3efbc4
26834c81
85e2fc84
45018666
7920e0ef
fc042783
4b818b3e
fc842683
865e85da
e0ef4501
a08d77c0
f5c42783
2783ebb1
c793fb44
2703fff7
8ff9fb84
fcf42423
fa842783
fff7c793
fac42703
22238ff9
2783fcf4
8a3efc04
26834a81
85d2fc84
45018656
73a0e0ef
fbc42783
4981893e
fc842683
864e85ca
e0ef4501
a0297240
262357fd
a22dfcf4
49814901
fb242023
fb342223
f5c42783
faf42023
fa042e03
fa442e83
f9242c23
f9342e23
fb842783
f8f42c23
f9842703
f9c42783
f9242823
f9342a23
fb442683
f8d42823
f9042603
f9442683
f9242423
f9342623
fc842583
f8b42423
f8842503
f8c42583
0021c837
d2882303
d2c82383
ca2ec82a
c636c432
88bac03e
887687f2
871e869a
07700613
0fc3e5b7
36258593
d0ef4519
2023ebef
2223f924
2783f934
2023fcc4
2e03f8f4
2e83f804
2c23f844
2e23f724
2783f734
2c23fac4
2703f6f4
2783f784
2823f7c4
2a23f724
2683f734
2823fa84
2603f6d4
2683f704
2423f744
2623f724
2583f734
2423fc44
2503f6b4
2583f684
c837f6c4
23030021
2383d288
c82ad2c8
c432ca2e
c03ec636
87f288ba
869a8876
0613871e
e5b70780
85930fc3
45193625
e2cfd0ef
fcc42783
40be853e
491e442e
5a7a498e
5b5a5aea
5c3a5bca
5d1a5caa
61695d8a
71718082
d522d706
d14ed34a
cd56cf52
2e231900
2e23f6a4
2a23fc04
2823fc04
2623fc04
2c23fc04
66b7fc04
06d11000
fcd42a23
fd442683
47818736
863e85ba
e0ef4501
28235960
2783fca4
e793fcc4
26230ff7
2703fcf4
67c1fcc4
f0078793
26238fd9
2703fcf4
07b7fcc4
8fd90030
fcf42623
fcc42703
00c007b7
26238fd9
2783fcf4
eb89f7c4
fd042703
fcc42783
2c238fd9
a025fcf4
f7c42703
1c634785
278300f7
c793fcc4
2703fff7
8ff9fd04
fcf42c23
57fda029
fcf42e23
4a01a281
20234a81
2223fd44
2783fd54
2023f7c4
2e03fcf4
2e83fc04
2c23fc44
2e23fb44
2783fb54
2c23fd04
2703faf4
2783fb84
2823fbc4
2a23fb44
2683fb54
2823fcc4
2603fad4
2683fb04
2423fb44
2623fb44
2583fb54
2423fd84
2503fab4
2583fa84
c837fac4
23030021
2383d288
c82ad2c8
c432ca2e
c03ec636
87f288ba
869a8876
0613871e
e5b709a0
85930fc3
45193625
cb8fd0ef
fb442023
fb542223
fdc42783
faf42023
fa042e03
fa442e83
f9442c23
f9542e23
fd042783
f8f42c23
f9842703
f9c42783
f9442823
f9542a23
fcc42683
f8d42823
f9042603
f9442683
f9442423
f9542623
fd842583
f8b42423
f8842503
f8c42583
0021c837
d2882303
d2c82383
ca2ec82a
c636c432
88bac03e
887687f2
871e869a
09b00613
0fc3e5b7
36258593
d0ef4519
2783c26f
893efd44
26834981
85cafd84
4501864e
3d60e0ef
fdc42783
50ba853e
591a542a
4a7a598a
614d4aea
71798082
1800d622
fca42e23
fcb42c23
fcc42a23
fe042623
fd442783
2703eb99
2783fdc4
f463fd84
478502e7
fef42623
2703a839
4785fd44
00f71b63
fdc42703
fd842783
00f77563
26234785
2783fef4
853efec4
61455432
11018082
1000ce22
fea42623
feb42423
fec42223
fec42703
fe842783
00f76b63
fec42703
fe442783
00f76563
fec42783
2703a821
2783fe84
6563fe44
278300f7
a019fe84
fe442783
4472853e
80826105
ce221101
26231000
2423fea4
2223feb4
2703fec4
2783fec4
7b63fe84
270300f7
2783fec4
7563fe44
278300f7
a821fec4
fe842703
fe442783
00f77563
fe842783
2783a019
853efe44
61054472
11018082
cc22ce06
26231000
2423fe04
2223fe04
65b7fe04
85931000
460108c5
e0ef4501
20232b20
d7b7fea4
87930021
47dc6887
01079713
0021d7b7
68878793
969343dc
67c100c7
8ff517fd
d7b78f5d
87930021
439c6887
00879693
87936785
8ff5f007
d7b78f5d
87930021
479c6887
8fd98b85
fef42223
fe442683
100065b7
08c58593
45014601
2420e0ef
0021d7b7
68878793
97134f9c
d7b70107
87930021
4fd46887
17fd67c1
8fd98ff5
fef42423
fe842683
1000a5b7
04058593
45014601
20a0e0ef
40f20001
61054462
711d8082
cca2ce86
c8cecaca
c4d6c6d2
c0dec2da
dc66de62
26231080
2623faa4
2423fc04
2223fc04
2023fc04
2e23fc04
2c23fa04
2683fa04
8285fac4
fcd42223
fac42683
20238a85
a6b7fcd4
86931000
26230286
d6b7fcd4
86930021
46d46886
01069613
0021d6b7
68868693
66c14a8c
8eed16fd
24238ed1
2683fcd4
8736fcc4
26834781
85bafc84
4501863e
1720e0ef
1000a7b7
02c78793
fcf42623
fcc42783
4c818c3e
866685e2
e0ef4501
242315e0
e7b7fca4
87930021
4fdcfdc7
00779713
0021e7b7
fdc78793
079a53dc
e7b78f5d
87930021
539cfdc7
8f5d0796
0021e7b7
fdc78793
07924f9c
e7b78f5d
87930021
47dcfdc7
8f5d078e
0021e7b7
fdc78793
078a4bdc
e7b78f5d
87930021
4b9cfdc7
8f5d0786
0021e7b7
fdc78793
8fd9479c
fc842703
24238fd9
2783fcf4
8b3efcc4
26834b81
85dafc84
4501865e
0c20e0ef
fc442703
040037b7
80c78793
078a97ba
fcf42623
fcc42783
4a818a3e
865685d2
e0ef4501
24230a60
2783fca4
c399fc04
a01977c1
17fd67c1
faf42c23
fc842703
fb842783
27838f7d
0792fc04
00f757b3
faf42e23
fbc42783
2e230785
2783faf4
c713fb84
2783fff7
8f7dfc84
fc042783
26830792
96b3fbc4
278300f6
8ff5fb84
24238fd9
2783fcf4
893efcc4
26834981
85cafc84
4501864e
0260e0ef
40f60001
49564466
4a3649c6
4b164aa6
5c724b86
61255ce2
71598082
d4a2d686
2e231880
2623faa4
0793fe04
0613fe84
85be02e0
e0ef4501
87aa37f0
fef42623
fe842783
2623e7d5
2783fe04
c3d5fec4
45814501
fea42023
feb42223
fbc42783
fef42023
fe042e03
fe442e83
fca42c23
fcb42e23
fec42783
fcf42c23
fd842703
fdc42783
fca42823
fcb42a23
0021e6b7
ba86a683
fcd42823
fd042603
fd442683
fca42423
fcb42623
0021e5b7
ba85a583
fcb42423
fc842503
fcc42583
0021c837
d2882303
d2c82383
ca2ec82a
c636c432
88bac03e
887687f2
871e869a
0ff00613
0fc3e5b7
36258593
c0ef4505
a011f73f
50b60001
61655426
71598082
d4a2d686
2e231880
e7b7faa4
87930021
47dcc087
17b34705
262300f7
2783fef4
f713fbc4
e7b70017
87930021
47dcc087
00f717b3
fef42423
fec42603
fe842583
100057b7
10478513
acdfe0ef
45814501
fea42023
feb42223
fbc42783
fef42023
fe042e03
fe442e83
fca42c23
fcb42e23
fe842783
fcf42c23
fd842703
fdc42783
fca42823
fcb42a23
fec42683
fcd42823
fd042603
fd442683
fca42423
fcb42623
0021e5b7
ba85a583
fcb42423
fc842503
fcc42583
0021c837
d2882303
d2c82383
ca2ec82a
c636c432
88bac03e
887687f2
871e869a
10800613
0fc3e5b7
36258593
c0ef4515
0001e7ff
542650b6
80826165
c7067175
0900c522
fe042623
fc042e23
fe042023
fe042223
4585460d
f0ef4501
872a7150
fec42783
26238fd9
0793fef4
863efdc4
450155fd
7830f0ef
2783872a
8fd9fec4
fef42623
fec42783
4501cfd9
28234581
2a23fca4
2783fcb4
2823fec4
2e03fcf4
2e83fd04
2423fd44
2623fca4
2783fcb4
2423fdc4
2703fcf4
2783fc84
2023fcc4
2223fca4
2683fcb4
2023fe04
2603fcd4
2683fc04
2c23fc44
2e23faa4
2583fab4
2c23fe44
2503fab4
2583fb84
c837fbc4
23030021
2383d288
c82ad2c8
c432ca2e
c03ec636
87f288ba
869a8876
0613871e
e5b71130
85930fc3
45053625
d91fc0ef
fec42783
2783a8fd
2703fdc4
2683fe04
8636fe44
853e85ba
872a3415
0021d7b7
68878793
4681cb98
28234701
2a23fad4
d7b7fae4
87930021
4b9c6887
faf42823
fb042e03
fb442e83
85ba8536
faa42423
fab42623
fdc42783
faf42423
fa842703
fac42783
faa42023
fab42223
fe042683
fad42023
fa042603
fa442683
f8a42c23
f8b42e23
fe442583
f8b42c23
f9842503
f9c42583
0021c837
d2882303
d2c82383
ca2ec82a
c636c432
88bac03e
887687f2
871e869a
11700613
0fc3e5b7
36258593
c0ef4515
d7b7ccbf
87930021
47dc6887
01079713
0021d7b7
68878793
67c14b94
8ff517fd
24238fd9
2683fef4
a5b7fe84
85931000
46010285
d0ef4501
27834590
853efec4
442a40ba
80826149
d7067171
1900d522
fe042623
fc042e23
fe042023
fe042223
fe042423
0021e7b7
02478793
c3854b9c
1002e5b7
29058593
45014601
41d0d0ef
d7b7872a
87930021
c7d86887
460dac85
45014581
4f70f0ef
2783872a
8fd9fec4
fef42623
00020537
83e50513
d0ef4581
0793893f
863efdc4
450155fd
5570f0ef
2783872a
8fd9fec4
fef42623
fec42783
4501cfd9
28234581
2a23fca4
2783fcb4
2823fec4
2e03fcf4
2e83fd04
2423fd44
2623fca4
2783fcb4
2423fdc4
2703fcf4
2783fc84
2023fcc4
2223fca4
2683fcb4
2023fe04
2603fcd4
2683fc04
2c23fc44
2e23faa4
2583fab4
2c23fe44
2503fab4
2583fb84
c837fbc4
23030021
2383d288
c82ad2c8
c432ca2e
c03ec636
87f288ba
869a8876
0613871e
e5b712d0
85930fc3
45053625
b65fc0ef
fec42783
4501ac2d
28234581
2a23faa4
2783fab4
2823fec4
2e03faf4
2e83fb04
2423fb44
2623faa4
2783fab4
2423fdc4
2703faf4
2783fa84
2023fac4
2223faa4
2683fab4
2023fe04
2603fad4
2683fa04
2c23fa44
2e23f8a4
2583f8b4
2c23fe44
2503f8b4
2583f984
c837f9c4
23030021
2383d288
c82ad2c8
c432ca2e
c03ec636
87f288ba
869a8876
0613871e
e5b71300
85930fc3
45153625
ac9fc0ef
fdc42703
12f00793
02e7f063
fdc42783
fe042703
fe442683
85ba8636
f0ef853e
2423f08f
a831fea4
fdc42783
fe042703
fe442683
85ba8636
f0ef853e
2423f3af
e7b7fea4
87930021
43d8e447
10634785
e7b704f7
87930021
479ce447
fff78713
0021d7b7
68878793
073347dc
278302f7
973efe84
0021e7b7
e4478793
5733479c
d7b702f7
87930021
c7d86887
d7b7a801
87930021
27036887
c7d8fe84
0021d7b7
68878793
d7b747d8
87930021
4f9c6887
00e7fc63
0021d7b7
68878793
d7b747d8
87930021
cf986887
0021d7b7
68878793
d7b747d8
87930021
4fdc6887
00f77d63
0021d7b7
68878793
d7b747d8
87930021
cfd86887
0001a011
45814501
f8a42823
f8b42a23
fec42783
f8f42823
f9042e03
f9442e83
f8a42423
f8b42623
fe842783
f8f42423
f8842703
f8c42783
f8a42023
f8b42223
0021d6b7
68868693
20234e94
2603f8d4
2683f804
2c23f844
2e23f6a4
d5b7f6b4
85930021
45cc6885
f6b42c23
f7842503
f7c42583
0021c837
d2882303
d2c82383
ca2ec82a
c636c432
88bac03e
887687f2
871e869a
14400613
0fc3e5b7
36258593
c0ef4515
f0ef92ff
2783e28f
853efec4
542a50ba
8082614d
cf867115
1180cda2
f4a42623
f4b42423
47014681
fcd42823
fce42a23
0021d7b7
68878793
2823439c
2e03fcf4
2e83fd04
8536fd44
242385ba
2623fca4
2783fcb4
2423f4c4
2703fcf4
2783fc84
2023fcc4
2223fca4
e6b7fcb4
a6830021
2023ba86
2603fcd4
2683fc04
2c23fc44
2e23faa4
e5b7fab4
a5830021
2c23ba85
2503fab4
2583fb84
c837fbc4
23030021
2383d288
c82ad2c8
c432ca2e
c03ec636
87f288ba
869a8876
0613871e
e5b714a0
85930fc3
45193625
865fc0ef
fe042623
fe042223
fe042023
fe042423
f4c42703
176347a1
478d00f7
fef42423
1290006f
0021d7b7
68878793
2703439c
1663f4c4
242300f7
006ffe04
d7b710f0
87930021
43986887
1363479d
e7b70cf7
87930021
5fd8e447
1b634785
46810af7
28234701
2a23fad4
d7b7fae4
87930021
439c6887
faf42823
fb042e03
fb442e83
85ba8536
faa42423
fab42623
f4c42783
faf42423
fa842703
fac42783
faa42023
fab42223
0021e6b7
ba86a683
fad42023
fa042603
fa442683
f8a42c23
f8b42e23
0021e5b7
ba85a583
f8b42c23
f9842503
f9c42583
0021c837
d2882303
d2c82383
ca2ec82a
c636c432
88bac03e
887687f2
871e869a
15b00613
0fc3e5b7
36258593
c0ef4509
478df5ef
fef42423
03d0006f
0021d7b7
68878793
47854798
00f71c63
f4842703
07634785
478d00f7
fef42423
0190006f
f4c42703
07634799
270300f7
479df4c4
00f71c63
f4842703
07634785
478d00f7
fef42423
7f00006f
0021d7b7
68878793
471d439c
5ef76f63
00279713
0021c7b7
b7c78793
439c97ba
27038782
479df4c4
0ee7e663
f4c42783
00279713
0021c7b7
b9c78793
439c97ba
45098782
a1dfe0ef
873e87aa
fe842783
24238fd9
2783fef4
37b3fe84
f79300f0
24230ff7
4789fef4
fef42623
450da06d
9f1fe0ef
873e87aa
fe842783
24238fd9
2783fef4
37b3fe84
f79300f0
24230ff7
478dfef4
fef42623
4501a8bd
9c5fe0ef
873e87aa
fe842783
24238fd9
4505fef4
84eff0ef
873e87aa
fe842783
24238fd9
2783fef4
37b3fe84
f79300f0
24230ff7
2623fef4
a081fe04
2423478d
a825fef4
e0ef4509
87aa97ff
2783873e
8fd9fe84
fef42423
fe842783
00f037b3
0ff7f793
fef42423
26234795
a031fef4
2423478d
a011fef4
a9dd0001
f4c42703
e663479d
27830ee7
9713f4c4
c7b70027
87930021
97babbc7
8782439c
e0ef4505
87aa927f
2783873e
8fd9fe84
fef42423
fe842783
00f037b3
0ff7f793
fef42423
26234789
a06dfef4
e0ef450d
87aa8fbf
2783873e
8fd9fe84
fef42423
fe842783
00f037b3
0ff7f793
fef42423
2623478d
a8bdfef4
e0ef4501
87aa8cff
2783873e
8fd9fe84
fef42423
e0ef4505
87aaf59f
2783873e
8fd9fe84
fef42423
fe842783
00f037b3
0ff7f793
fef42423
fe042623
478da081
fef42423
4509a825
889fe0ef
873e87aa
fe842783
24238fd9
2783fef4
37b3fe84
f79300f0
24230ff7
4795fef4
fef42623
478da031
fef42423
0001a011
2703a101
479df4c4
0ee7e663
f4c42783
00279713
0021c7b7
bdc78793
439c97ba
45058782
831fe0ef
873e87aa
fe842783
24238fd9
2783fef4
37b3fe84
f79300f0
24230ff7
4785fef4
fef42623
4509a06d
805fe0ef
873e87aa
fe842783
24238fd9
2783fef4
37b3fe84
f79300f0
24230ff7
4789fef4
fef42623
4501a8bd
fd8fe0ef
873e87aa
fe842783
24238fd9
4505fef4
e63fe0ef
873e87aa
fe842783
24238fd9
2783fef4
37b3fe84
f79300f0
24230ff7
2623fef4
a081fe04
2423478d
a825fef4
2423478d
a805fef4
e0ef4501
87aaf8af
2783873e
8fd9fe84
fef42423
fe842783
00f037b3
0ff7f793
fef42423
26234799
a011fef4
a6290001
f4c42703
e563479d
278312e7
9713f4c4
c7b70027
87930021
97babfc7
8782439c
e0ef4505
87aaf3af
2783873e
8fd9fe84
fef42423
e0ef4501
87aadc5f
2783873e
8fd9fe84
fef42423
fe842783
00f037b3
0ff7f793
fef42423
26234785
a8d1fef4
e0ef4509
87aaefaf
2783873e
8fd9fe84
fef42423
e0ef4501
87aad85f
2783873e
8fd9fe84
fef42423
fe842783
00f037b3
0ff7f793
fef42423
26234789
a851fef4
e0ef450d
87aaebaf
2783873e
8fd9fe84
fef42423
e0ef4501
87aad45f
2783873e
8fd9fe84
fef42423
fe842783
00f037b3
0ff7f793
fef42423
2623478d
a891fef4
e0ef4505
87aad19f
2783873e
8fd9fe84
fef42423
e0ef4505
87aa9fff
2783873e
8fd9fe84
fef42423
fe842783
00f037b3
0ff7f793
fef42423
26234791
a811fef4
2423478d
a031fef4
2423478d
a011fef4
aad90001
f4c42703
e663479d
278306e7
9713f4c4
c7b70027
87930021
97bac1c7
8782439c
e0ef4501
87aa99ff
2783873e
8fd9fe84
fef42423
fe842783
00f037b3
0ff7f793
fef42423
fe042623
478da035
fef42423
478da015
fef42423
478da831
fef42423
478da811
fef42423
478da031
fef42423
0001a011
2703a285
479df4c4
0ae7eb63
f4c42783
00279713
0021c7b7
c3c78793
439c97ba
45058782
d90fe0ef
873e87aa
fe842783
24238fd9
2783fef4
37b3fe84
f79300f0
24230ff7
4785fef4
fef42623
4509a895
d64fe0ef
873e87aa
fe842783
24238fd9
2783fef4
37b3fe84
f79300f0
24230ff7
4789fef4
fef42623
4501a0a1
d38fe0ef
873e87aa
fe842783
24238fd9
2783fef4
37b3fe84
f79300f0
24230ff7
4799fef4
fef42623
478da831
fef42423
478da811
fef42423
478da031
fef42423
0001a011
2703a045
4799f4c4
08e7e963
f4c42783
00279713
0021c7b7
c5c78793
439c97ba
45098782
cd0fe0ef
873e87aa
fe842783
24238fd9
2783fef4
37b3fe84
f79300f0
24230ff7
4799fef4
fef42623
450da881
ca4fe0ef
873e87aa
fe842783
24238fd9
2783fef4
37b3fe84
f79300f0
24230ff7
478dfef4
fef42623
478da015
fef42423
478da831
fef42423
478da811
fef42423
478da031
fef42423
0001a011
0001a011
0021d7b7
68878793
2703439c
0663f4c4
278302f7
9713f4c4
d7b70107
87930021
439c6887
2e238fd9
2503fcf4
00effdc4
25034390
e0effec4
2783e8df
9e63fe84
46810e07
28234701
2a23f8d4
d7b7f8e4
87930021
439c6887
f8f42823
f9042e03
f9442e83
85ba8536
f8a42423
f8b42623
f4c42783
f8f42423
f8842703
f8c42783
f8a42023
f8b42223
fe842683
f8d42023
f8042603
f8442683
f6a42c23
f6b42e23
0021d5b7
68858593
2c23458c
2503f6b4
2583f784
c837f7c4
23030021
2383d288
c82ad2c8
c432ca2e
c03ec636
87f288ba
869a8876
0613871e
e5b72870
85930fc3
45193625
814fc0ef
f4c42703
f7634785
270300e7
4791f4c4
00e7f863
0021d7b7
68878793
a0194bdc
f4c42783
0021d737
68870713
d7b7cb5c
87930021
43986887
0021d7b7
68878793
d7b7c3d8
87930021
27036887
c398f4c4
4681a065
28234701
2a23f6d4
d7b7f6e4
87930021
439c6887
f6f42823
f7042e03
f7442e83
85ba8536
f6a42423
f6b42623
f4c42783
f6f42423
f6842703
f6c42783
f6a42023
f6b42223
fe842683
f6d42023
f6042603
f6442683
f4a42c23
f4b42e23
0021d5b7
68858593
2c23458c
2503f4b4
2583f584
c837f5c4
23030021
2383d288
c82ad2c8
c432ca2e
c03ec636
87f288ba
869a8876
0613871e
e5b728c0
85930fc3
45053625
f1dfb0ef
c17fe0ef
fe842783
40fe853e
612d446e
71358082
cd22cf06
d7b71100
87930021
439c6887
fef42623
fe042423
0021e7b7
e4478793
c39943bc
870ff0ef
a5cff0ef
0021d7b7
68878793
47854398
4cf70163
0021d7b7
68878793
47954398
4af70963
0021e7b7
02478793
8463479c
d7b74a07
87930021
47d86887
12f00793
12e7f263
0021d7b7
68878793
e7b747d8
87930021
4bdce447
85be4601
e0ef853a
87aaa89f
d7b7c78d
87930021
43986887
0a634799
d7b700f7
87930021
43986887
16634791
479d00f7
fef42623
d7b7a099
87930021
47d86887
0021e7b7
e4478793
46014b9c
853a85be
a3ffe0ef
c39587aa
0021d7b7
68878793
47914398
00f70b63
26234799
d7b7fef4
87930021
47056887
d7b7c798
87930021
47d86887
0021e7b7
e4478793
46054f9c
853a85be
9fbfe0ef
cf8d87aa
0021d7b7
68878793
47994398
02f71663
0021d7b7
68878793
cf99479c
0021d7b7
68878793
26234bdc
d7b7fef4
87930021
a4236887
a82d0007
0021d7b7
68878793
e7b747d8
87930021
4fdce447
85be4605
e0ef853a
87aa9a1f
d7b7cf81
87930021
43986887
1563479d
479900f7
fef42623
0021d7b7
68878793
079347d8
e56312e0
45011ee7
20234581
2223fea4
e7b7feb4
87930021
53dce447
fef42023
fe042e03
fe442e83
fca42c23
fcb42e23
0021e7b7
02478793
2c234f9c
2703fcf4
2783fd84
2823fdc4
2a23fca4
e6b7fcb4
86930021
5294e446
fcd42823
fd042603
fd442683
fca42423
fcb42623
0021e5b7
02458593
242349cc
2503fcb4
2583fc84
c837fcc4
23030021
2383d288
c82ad2c8
c432ca2e
c03ec636
87f288ba
869a8876
0613871e
e5b72b20
85930fc3
45153625
cbdfb0ef
0021d7b7
68878793
e7b747d8
87930021
53dce447
85be4605
e0ef853a
87aa8a9f
d7b7cb9d
87930021
43986887
0a634799
d7b700f7
87930021
43986887
1c634791
e7b700f7
87930021
4f9c0247
479dc789
fef42623
d7b7a889
87930021
47d86887
0021e7b7
e4478793
4605539c
853a85be
853fe0ef
cb8587aa
0021d7b7
68878793
47914398
02f70163
0021e7b7
02478793
cb914bdc
26234799
d7b7fef4
87930021
47056887
d7b7c798
87930021
47d86887
0021e7b7
e4478793
4601579c
853a85be
803fe0ef
cf8d87aa
0021d7b7
68878793
47994398
02f71663
0021d7b7
68878793
cf99479c
0021d7b7
68878793
26234bdc
d7b7fef4
87930021
a4236887
a82d0007
0021d7b7
68878793
e7b747d8
87930021
57dce447
85be4601
e0ef853a
87aafa8f
d7b7cf81
87930021
43986887
1563479d
479900f7
fef42623
0021d7b7
68878793
2703439c
0963fec4
458500f7
fec42503
a50ff0ef
fea42423
fe842783
4601c7cd
20234681
2223fcc4
d7b7fcd4
87930021
439c6887
fcf42023
fc042e03
fc442e83
fac42c23
fad42e23
0021d7b7
68878793
2c23479c
2703faf4
2783fb84
8532fbc4
282385b6
2a23fac4
2683fad4
2823fec4
2603fad4
2683fb04
2423fb44
2623faa4
2583fab4
2423fe84
2503fab4
2583fa84
c837fac4
23030021
2383d288
c82ad2c8
c432ca2e
c03ec636
87f288ba
869a8876
0613871e
e5b72c40
85930fc3
45093625
ab9fb0ef
4601a84d
20234681
2223fac4
d7b7fad4
87930021
439c6887
faf42023
fa042e03
fa442e83
f8c42c23
f8d42e23
0021d7b7
68878793
2c23479c
2703f8f4
2783f984
8532f9c4
282385b6
2a23f8c4
2683f8d4
2823fec4
2603f8d4
2683f904
2423f944
2623f8a4
2583f8b4
2423fe84
2503f8b4
2583f884
c837f8c4
23030021
2383d288
c82ad2c8
c432ca2e
c03ec636
87f288ba
869a8876
0613871e
e5b72c60
85930fc3
45153625
a11fb0ef
0001a021
0001a011
40fa0001
610d446a
71718082
d522d706
d14ed34a
01131900
77fd8101
ff040713
ae2397ba
77fd7aa7
ff040713
ac2397ba
e7b77ab7
a7830021
9463ba87
17b72a07
8513fab0
b0ef0907
2623c8ff
77fdfe04
ff040713
a78397ba
c7037bc7
c5830007
05a20017
c5838f4d
05c20027
c5838f4d
05e20037
863a8f4d
0047c703
0057c583
8f4d05a2
0067c583
8f4d05c2
0077c783
8fd907e2
202386be
2223fec4
0793fed4
893ebd04
89be87fd
40000713
26034781
2683fe04
854afe44
c0ef85ce
0793ac1f
2e23bd04
77fdfcf4
ff040713
8fa397ba
77fd7c07
7df78793
ff040713
85be97ba
20ef4501
872a5d01
fec42783
26238fd9
2783fef4
9463fec4
67851a07
5b878793
2c23439c
77fdfcf4
ff040713
c73797ba
07130021
430cc787
47144350
a6234758
a8237cb7
aa237cc7
ac237cd7
24237ce7
a86dfe04
fe842783
27030786
57b3fd84
8b8d00f7
b79317fd
f7930017
2a230ff7
2683fcf4
2703fdc4
87bafe84
8f99078e
97b6078e
0693777d
9736ff04
77070713
13078793
03800693
85be8636
b0ef853a
77fd47a0
77078793
ff040713
45a197ba
20ef853e
87aa5001
0017b793
0ff7f793
fcf42823
fd442783
2783cf8d
eb95fd04
fe842703
078e87ba
078e8f99
13078793
fdc42703
85be97ba
fe842503
4c60b0ef
2783872a
8fd9fec4
fef42623
fec42783
2783e3e9
0785fe84
fef42423
fe842703
f1e3478d
77fdf4e7
ff040713
c78397ba
c38d7df7
071377fd
97baff04
7df7c783
853e4581
49e120ef
2783872a
8fd9fec4
fef42623
fec42783
2703c781
a029fec4
fab107b7
ab078713
069377fd
97b6ff04
7b87a783
0ff77593
0007c683
86368a81
8ed186ae
00d78023
00875693
0ff6f593
0017c683
86368a81
8ed186ae
00d780a3
01075693
0ff6f593
0027c683
86368a81
8ed186ae
00d78123
01875613
0037c703
86ba8b01
8f558732
00e781a3
0001a021
0001a011
fec42783
17b7e791
8793fab0
a0290927
dead17b7
09178793
b0ef853e
e7b7a17f
a7830021
e781bb47
fec42783
4781a011
0021e737
baf72423
fec42783
0001a019
853e0001
7f010113
542a50ba
598a591a
8082614d
bc010113
42112e23
42812c23
43212a23
43312823
44010413
bca42623
bcb42423
fe042623
bcc42783
0007c703
0017c583
8f4d05a2
0027c583
8f4d05c2
0037c583
8f4d05e2
c703863a
c5830047
05a20057
c5838f4d
05c20067
c7838f4d
07e20077
86be8fd9
fec42023
fed42223
bd840713
40000613
ccccd7b7
ccc78593
b0ef853a
45012cc0
54a090ef
fca42e23
fdc42503
91dfb0ef
c79387aa
f7930017
873e0ff7
fec42783
26238fd9
2783fef4
9a63fec4
b0ef1007
2c23919f
2703fca4
0793fd84
4611bd84
853e85ba
2380b0ef
bd840793
27030791
0711fd84
85ba4641
b0ef853e
07932220
07d1bd84
fd842703
46110751
853e85ba
20c0b0ef
bd840793
270307e1
0761fd84
85ba4611
b0ef853e
07931f60
07f1bd84
fd842703
46310771
853e85ba
1e00b0ef
bd840793
02878793
fd842703
02870713
85ba4621
b0ef853e
24231c60
a099fe04
fe842703
078e87ba
078e8f99
13078793
bd840713
00f706b3
fe842703
078e87ba
078e8f99
13078793
fd842703
061397ba
85be0380
b0ef8536
27831860
0785fe84
fef42423
fe842703
dbe3478d
2503fae7
90effdc4
07934520
8793bd84
863e2107
07c00593
003007b7
21078513
24e120ef
2783872a
8fd9fec4
fef42623
0001a011
bd840793
87fd893e
071389be
47814000
86ce864a
fe042503
fe442583
ea2fc0ef
2783872a
8fd9fec4
fef42623
fec42783
2703c781
a029fec4
fab107b7
ab078713
bc842783
0ff77593
0007c683
86368a81
8ed186ae
00d78023
00875693
0ff6f593
0017c683
86368a81
8ed186ae
00d780a3
01075693
0ff6f593
0027c683
86368a81
8ed186ae
00d78123
01875613
0037c703
86ba8b01
8f558732
00e781a3
853e0001
43c12083
43812403
43412903
43012983
44010113
716d8082
10112623
10812423
2e230a00
2623f0a4
e7b7fe04
87930021
43dce8c7
20079963
f6840793
08000713
4581863a
b0ef853e
07b70a00
24231234
4789f6f4
f6f40723
20400793
f6f41623
f60407a3
f1c42783
f6f42c23
f6042223
f6042023
fe042423
f6440793
4589863e
f0ef4501
872a3820
fec42783
26238fd9
0793fef4
863ef604
45014589
3320f0ef
2783872a
8fd9fec4
fef42623
0793a805
863ef604
45014589
3160f0ef
2783872a
8fd9fec4
fef42623
fe842783
24230785
2703fef4
6785fe84
00e7eb63
f6042783
fe078713
f6442783
fcf763e3
0001a011
fe842703
fd636785
450108e7
2c234581
2e23f4a4
4789f4b4
f4f42c23
f5842e03
f5c42e83
f4a42823
f4b42a23
f6442783
f4f42823
f5042703
f5442783
f4a42423
f4b42623
f6042683
f4d42423
f4842603
f4c42683
f4a42023
f4b42223
fe842583
f4b42023
f4042503
f4442583
0021c837
d2882303
d2c82383
ca2ec82a
c636c432
88bac03e
887687f2
871e869a
07600613
621915b7
55858593
b0ef450d
a86db1ef
45814501
f2a42c23
f2b42e23
2c234789
2e03f2f4
2e83f384
2823f3c4
2a23f2a4
2783f2b4
2823f644
2703f2f4
2783f304
2423f344
2623f2a4
2683f2b4
2423f604
2603f2d4
2683f284
2023f2c4
2223f2a4
2583f2b4
2023f1c4
2503f2b4
2583f204
c837f244
23030021
2383d288
c82ad2c8
c432ca2e
c03ec636
87f288ba
869a8876
0613871e
15b70790
85936219
45095585
a88fb0ef
f6840793
0693873e
46110800
45014589
4a20f0ef
2783872a
8fd9fec4
fef42623
0001a011
fec42783
2083853e
240310c1
61511081
716d8082
10112623
10812423
11212223
11312023
2e230a00
2c23eea4
2623eeb4
2423fe04
0793fe04
0713f0c4
863a0dc0
853e4581
65b0a0ef
87936785
439c5407
f0f42623
87936785
439c5b87
f0f42823
100065b7
08858593
45014601
1c40c0ef
2a2387aa
a5b7f0f4
85931000
46010485
c0ef4501
87aa1ae0
f0f42c23
1000a5b7
04c58593
45014601
1980c0ef
2e2387aa
d7b7f0f4
87930021
a8836887
a8030007
47880047
4b9047cc
4f984bd4
2c234fdc
2e23f514
2023f504
2223f6a4
2423f6b4
2623f6c4
2823f6d4
2a23f6e4
e7b7f6f4
87130021
0793e447
86baf784
04800713
85b6863a
a0ef853e
a5b755f0
85931000
46010285
c0ef4501
87aa12a0
fcf42023
1000a5b7
02c58593
45014601
1140c0ef
222387aa
a5b7fcf4
85931000
46010305
c0ef4501
87aa0fe0
fcf42423
1000a5b7
03458593
45014601
0e80c0ef
262387aa
a5b7fcf4
85931000
46010385
c0ef4501
87aa0d20
fcf42823
1000a5b7
03c58593
45014601
0bc0c0ef
2a2387aa
a5b7fcf4
85931000
46010405
c0ef4501
87aa0a60
fcf42c23
1000a5b7
04458593
45014601
0900c0ef
2e2387aa
a5b7fcf4
85931000
46010485
c0ef4501
87aa07a0
fef42023
1000a5b7
04c58593
45014601
0640c0ef
222387aa
2783fef4
c703efc4
c6830007
06a20017
c6838f55
06c20027
c6838f55
06e20037
853a8f55
0047c703
0057c683
8f5506a2
0067c683
8f5506c2
0077c783
8fd907e2
079385be
893ef0c4
07134981
47810dc0
86ce864a
9aefc0ef
2783872a
8fd9fec4
fef42623
fec42783
2703c781
a029fec4
fab107b7
ab078713
ef842783
0ff77593
0007c683
86368a81
8ed186ae
00d78023
00875693
0ff6f593
0017c683
86368a81
8ed186ae
00d780a3
01075693
0ff6f593
0027c683
86368a81
8ed186ae
00d78123
01875613
0037c703
86ba8b01
8f558732
00e781a3
fec42783
2083853e
240310c1
29031081
29831041
61511001
11018082
1000ce22
fea42623
feb42423
fe842783
0007c703
67138b01
8023fb07
c70300e7
8b010017
ffa76713
00e780a3
0027c703
67138b01
8123fb07
c70300e7
8b010037
ffa76713
00e781a3
0021d7b7
68878793
27834398
7593fe84
c6830ff7
8a810047
86ae8636
82238ed1
569300d7
f5930087
c6830ff6
8a810057
86ae8636
82a38ed1
569300d7
f5930107
c6830ff6
8a810067
86ae8636
83238ed1
561300d7
c7030187
8b010077
873286ba
83a38f55
d7b700e7
87930021
47986887
fe842783
0ff77593
0087c683
86368a81
8ed186ae
00d78423
00875693
0ff6f593
0097c683
86368a81
8ed186ae
00d784a3
01075693
0ff6f593
00a7c683
86368a81
8ed186ae
00d78523
01875613
00b7c703
86ba8b01
8f558732
00e785a3
853e4781
61054472
71798082
d422d606
2e231800
2c23fca4
2623fcb4
2783fe04
c703fdc4
c6830007
06a20017
c6838f55
06c20027
c7838f55
07e20037
45898fd9
e0ef853e
2423d2ef
2783fea4
2703fd84
7613fe84
c7030ff7
8b010007
873286ba
80238f55
270300e7
8321fe84
0ff77613
0017c703
86ba8b01
8f558732
00e780a3
fe842703
76138341
c7030ff7
8b010027
873286ba
81238f55
270300e7
5613fe84
c7030187
8b010037
873286ba
81a38f55
d7b700e7
87930021
43986887
fd842783
0ff77593
0047c683
86368a81
8ed186ae
00d78223
00875693
0ff6f593
0057c683
86368a81
8ed186ae
00d782a3
01075693
0ff6f593
0067c683
86368a81
8ed186ae
00d78323
01875613
0077c703
86ba8b01
8f558732
00e783a3
0021d7b7
68878793
27834798
7593fd84
c6830ff7
8a810087
86ae8636
84238ed1
569300d7
f5930087
c6830ff6
8a810097
86ae8636
84a38ed1
569300d7
f5930107
c6830ff6
8a8100a7
86ae8636
85238ed1
561300d7
c7030187
8b0100b7
873286ba
85a38f55
278300e7
853efec4
542250b2
80826145
ce86711d
1080cca2
faa42623
fab42423
fe042623
fac42783
0007c703
0017c583
8f4d05a2
0027c583
8f4d05c2
0037c783
8fd907e2
07b7873e
8793004a
97bafdc7
2423079a
0793fef4
883efbc4
88be87fd
fe842783
4681863e
02c00713
85424781
b0ef85c6
2623e11f
2783fea4
c781fec4
fec42703
07b7a029
8713fab1
2783ab07
7593fa84
c6830ff7
8a810007
86ae8636
80238ed1
569300d7
f5930087
c6830ff6
8a810017
86ae8636
80a38ed1
569300d7
f5930107
c6830ff6
8a810027
86ae8636
81238ed1
561300d7
c7030187
8b010037
873286ba
81a38f55
278300e7
0791fa84
fbc40713
02c00693
85ba8636
a0ef853e
27830030
853efec4
446640f6
80826125
d6867159
d2cad4a2
ced2d0ce
1880ccd6
f8a42e23
f8b42c23
fc042e23
f9c42783
0287c703
0297c683
8f5506a2
02a7c683
8f5506c2
02b7c783
8fd907e2
07b7873e
8793004a
97bafdc7
2c23079a
2703fcf4
0793f9c4
86bafac4
02c00713
85b6863a
a0ef853e
278378e0
893efd84
07934981
8a3efac4
8abe87fd
02c00713
86524781
854a86d6
b0ef85ce
2e23cedf
2783fca4
c781fdc4
fdc42703
07b7a029
8713fab1
2783ab07
7593f984
c6830ff7
8a810007
86ae8636
80238ed1
569300d7
f5930087
c6830ff6
8a810017
86ae8636
80a38ed1
569300d7
f5930107
c6830ff6
8a810027
86ae8636
81238ed1
561300d7
c7030187
8b010037
873286ba
81a38f55
278300e7
853efdc4
542650b6
59865916
4ae64a76
80826165
d6227179
2e231800
2c23fca4
2623fcb4
e7b7fe04
87930021
439c0247
e7b7c3a1
87930021
4705fac7
2783c398
c703fdc4
c6830007
06a20017
c6838f55
06c20027
c7838f55
07e20037
873e8fd9
0021e7b7
fac78793
2623c3d8
a031fe04
dead07b7
2623078d
2783fef4
c781fec4
fec42703
07b7a029
8713fab1
2783ab07
7593fd84
c6830ff7
8a810007
86ae8636
80238ed1
569300d7
f5930087
c6830ff6
8a810017
86ae8636
80a38ed1
569300d7
f5930107
c6830ff6
8a810027
86ae8636
81238ed1
561300d7
c7030187
8b010037
873286ba
81a38f55
278300e7
853efec4
61455432
71798082
d422d606
2e231800
2c23fca4
2623fcb4
4589fe04
c0ef4501
46050960
45014581
ef1fa0ef
241050ef
0021e7b7
ba07ac23
fec42783
2703c781
a029fec4
fab107b7
ab078713
fd842783
0ff77593
0007c683
86368a81
8ed186ae
00d78023
00875693
0ff6f593
0017c683
86368a81
8ed186ae
00d780a3
01075693
0ff6f593
0027c683
86368a81
8ed186ae
00d78123
01875613
0037c703
86ba8b01
8f558732
00e781a3
fec42783
50b2853e
61455422
71798082
d422d606
2e231800
2c23fca4
2623fcb4
2783fe04
c703fdc4
c5830007
05a20017
c5838f4d
05c20027
c5838f4d
05e20037
863a8f4d
0047c703
0057c583
8f4d05a2
0067c583
8f4d05c2
0077c783
8fd907e2
853286be
10ef85b6
26237bc0
2783fea4
c781fec4
fec42703
07b7a029
8713fab1
2783ab07
7593fd84
c6830ff7
8a810007
86ae8636
80238ed1
569300d7
f5930087
c6830ff6
8a810017
86ae8636
80a38ed1
569300d7
f5930107
c6830ff6
8a810027
86ae8636
81238ed1
561300d7
c7030187
8b010037
873286ba
81a38f55
278300e7
853efec4
542250b2
80826145
d6067179
1800d422
fca42e23
fcb42c23
fe042623
0021e7b7
02478793
886347dc
27831607
c703fdc4
c6830007
06a20017
c6838f55
06c20027
c6838f55
06e20037
883a8f55
0047c703
0057c683
8f5506a2
0067c683
8f5506c2
0077c783
8fd907e2
278388be
c703fdc4
c5830007
05a20017
c5838f4d
05c20027
c5838f4d
05e20037
863a8f4d
0047c703
0057c583
8f4d05a2
0067c583
8f4d05c2
0077c783
8fd907e2
278386be
c703fdc4
c3030087
03220097
00e36733
00a7c303
67330342
c30300e3
036200b7
00e36733
c703853a
c30300c7
032200d7
00e36733
00e7c303
67330342
c78300e3
07e200f7
85be8fd9
00a60733
3333833a
87b300c3
06b300b6
87b600f3
86be863a
fc000513
073355fd
833a00a6
00c33333
00b687b3
00f306b3
8e3a87b6
27838ebe
c703fdc4
c5830087
05a20097
c5838f4d
05c200a7
c5838f4d
05e200b7
863a8f4d
00c7c703
00d7c583
8f4d05a2
00e7c583
8f4d05c2
00f7c783
8fd907e2
051386be
55fdfc00
00a60733
3333833a
87b300c3
06b300b6
87b600f3
86f68672
85c68542
850fc0ef
fea42623
07b7a031
0795dead
fef42623
fec42783
2703c781
a029fec4
fab107b7
ab078713
fd842783
0ff77593
0007c683
86368a81
8ed186ae
00d78023
00875693
0ff6f593
0017c683
86368a81
8ed186ae
00d780a3
01075693
0ff6f593
0027c683
86368a81
8ed186ae
00d78123
01875613
0037c703
86ba8b01
8f558732
00e781a3
fec42783
50b2853e
61455422
71798082
d422d606
2e231800
2c23fca4
2623fcb4
2783fe04
c703fdc4
c6830087
06a20097
c6838f55
06c200a7
c6838f55
06e200b7
853a8f55
00c7c703
00d7c683
8f5506a2
00e7c683
8f5506c2
00f7c783
8fd907e2
278385be
c703fdc4
c8030007
08220017
00e86733
0027c803
67330842
c80300e8
08620037
00e86733
c703863a
c8030047
08220057
00e86733
0067c803
67330842
c78300e8
07e20077
86be8fd9
fdc42783
0107c703
0117c303
67330322
c30300e3
03420127
00e36733
0137c303
67330362
883a00e3
0147c703
0157c303
67330322
c30300e3
03420167
00e36733
0177c783
8fd907e2
874288be
b0ef87c6
2623eecf
2783fea4
c781fec4
fec42703
07b7a029
8713fab1
2783ab07
7593fd84
c6830ff7
8a810007
86ae8636
80238ed1
569300d7
f5930087
c6830ff6
8a810017
86ae8636
80a38ed1
569300d7
f5930107
c6830ff6
8a810027
86ae8636
81238ed1
561300d7
c7030187
8b010037
873286ba
81a38f55
278300e7
853efec4
542250b2
80826145
d6067179
d24ad422
1800d04e
911a737d
071377fd
97baff04
fea7a623
071377fd
97baff04
feb7a423
fe042623
fc042c23
fc042e23
fe042023
fe042223
fe042423
071377fd
97baff04
fe07ac23
ffc78713
17b16785
4581863e
a0ef853a
77fd0d40
ff040713
a78397ba
c703fec7
c6830087
06a20097
c6838f55
06c200a7
c7838f55
07e200b7
e7818fd9
d0ef4501
65614ca0
6a050513
b0ef4581
77fd8d2f
ff040713
a78397ba
c703fec7
c6830007
06a20017
c6838f55
06c20027
c7838f55
07e20037
2c238fd9
77fdfcf4
ff040713
a78397ba
c703fec7
c6830047
06a20057
c6838f55
06c20067
c7838f55
07e20077
2e238fd9
77fdfcf4
ff040713
a78397ba
c703fec7
c6830087
06a20097
c6838f55
06c200a7
c7838f55
07e200b7
20238fd9
77fdfef4
ff040713
a78397ba
c703fec7
c68300c7
06a200d7
c6838f55
06c200e7
c7838f55
07e200f7
22238fd9
77fdfef4
071317e1
97baff04
4981893e
071377fd
97baff04
fec7a783
0107c703
0117c583
8f4d05a2
0127c583
8f4d05c2
0137c583
8f4d05e2
c703863a
c5830147
05a20157
c5838f4d
05c20167
c7838f4d
07e20177
86be8fd9
47814761
85ce854a
cbefb0ef
2783872a
8fd9fec4
fef42623
17e177fd
ff040713
242397ba
0793fef4
853efd84
834fb0ef
2783872a
8fd9fec4
fef42623
fec42783
2703c781
a029fec4
fab107b7
ab078713
069377fd
97b6ff04
fe87a783
0ff77593
0007c683
86368a81
8ed186ae
00d78023
00875693
0ff6f593
0017c683
86368a81
8ed186ae
00d780a3
01075693
0ff6f593
0027c683
86368a81
8ed186ae
00d78123
01875613
0037c703
86ba8b01
8f558732
00e781a3
fec42783
6305853e
50b2911a
59125422
61455982
71798082
d422d606
2e231800
2c23fca4
2623fcb4
2783fe04
c703fdc4
c6830007
06a20017
c6838f55
06c20027
c7838f55
07e20037
86be8fd9
1000a5b7
460105c1
b0ef4501
278320c0
c703fdc4
c6830047
06a20057
c6838f55
06c20067
c7838f55
07e20077
86be8fd9
1000a5b7
460105d1
b0ef4501
27831dc0
c703fdc4
c6830087
06a20097
c6838f55
06c200a7
c7838f55
07e200b7
86be8fd9
1000a5b7
460105e1
b0ef4501
27831ac0
c703fdc4
c68300c7
06a200d7
c6838f55
06c200e7
c7838f55
07e200f7
86be8fd9
1000a5b7
460105f1
b0ef4501
278317c0
c703fdc4
c6830107
06a20117
c6838f55
06c20127
c7838f55
07e20137
86be8fd9
1000a5b7
02058593
45014601
14a0b0ef
fdc42783
0147c703
0157c683
8f5506a2
0167c683
8f5506c2
0177c783
8fd907e2
a5b786be
85931000
46010245
b0ef4501
27831180
c781fec4
fec42703
07b7a029
8713fab1
2783ab07
7593fd84
c6830ff7
8a810007
86ae8636
80238ed1
569300d7
f5930087
c6830ff6
8a810017
86ae8636
80a38ed1
569300d7
f5930107
c6830ff6
8a810027
86ae8636
81238ed1
561300d7
c7030187
8b010037
873286ba
81a38f55
278300e7
853efec4
542250b2
80826145
d6067179
1800d422
fca42e23
fcb42c23
fe042623
0021e7b7
e4478793
87fd883e
278388be
c703fdc4
c5830007
05a20017
c5838f4d
05c20027
c5838f4d
05e20037
863a8f4d
0047c703
0057c583
8f4d05a2
0067c583
8f4d05c2
0077c783
8fd907e2
071386be
47810480
85c68542
9dafb0ef
2783872a
8fd9fec4
fef42623
fec42783
2703c781
a029fec4
fab107b7
ab078713
fd842783
0ff77593
0007c683
86368a81
8ed186ae
00d78023
00875693
0ff6f593
0017c683
86368a81
8ed186ae
00d780a3
01075693
0ff6f593
0027c683
86368a81
8ed186ae
00d78123
01875613
0037c703
86ba8b01
8f558732
00e781a3
fec42783
50b2853e
61455422
71798082
d422d606
2e231800
2c23fca4
2623fcb4
2783fe04
c703fdc4
c8030007
08220017
00e86733
0027c803
67330842
c80300e8
08620037
00e86733
c703853a
c8030047
08220057
00e86733
0067c803
67330842
c78300e8
07e20077
85be8fd9
0021e7b7
e4478793
87fd863e
071386be
47810480
8dafb0ef
2783872a
8fd9fec4
fef42623
fec42783
2703c781
a029fec4
fab107b7
ab078713
fd842783
0ff77593
0007c683
86368a81
8ed186ae
00d78023
00875693
0ff6f593
0017c683
86368a81
8ed186ae
00d780a3
01075693
0ff6f593
0027c683
86368a81
8ed186ae
00d78123
01875613
0037c703
86ba8b01
8f558732
00e781a3
fec42783
50b2853e
61455422
71758082
c522c706
2e230900
2c23f8a4
e7b7f8b4
a7830021
9263ba87
17b76407
8513fab0
a0ef08d7
07b7982f
8793fab1
2423ab07
2623fef4
2223fe04
2023fe04
2783fe04
c703f9c4
c7830047
07a20057
97138fd9
83410107
f9842783
0ff77593
0047c683
86368a81
8ed186ae
00d78223
16138321
82410107
0057c703
86ba8b01
8f558732
00e782a3
f9c42783
0007c703
0017c683
8f5506a2
0027c683
8f5506c2
0037c783
8fd907e2
2783873e
7593f984
c6830ff7
8a810007
86ae8636
80238ed1
569300d7
f5930087
c6830ff6
8a810017
86ae8636
80a38ed1
569300d7
f5930107
c6830ff6
8a810027
86ae8636
81238ed1
561300d7
c7030187
8b010037
873286ba
81a38f55
278300e7
c703f9c4
27830067
8323f984
458100e7
2c234601
2e23fcb4
2783fcc4
c703f9c4
c7830047
07a20057
07c28fd9
1c2383c1
2e03fcf4
2e83fd84
2823fdc4
2a23fcb4
2783fcc4
c703f9c4
c6830007
06a20017
c6838f55
06c20027
c7838f55
07e20037
28238fd9
2703fcf4
2783fd04
852efd44
242385b2
2623fca4
2683fcb4
c683f9c4
04230066
2603fcd4
2683fc84
2023fcc4
2223fca4
e5b7fcb4
a5830021
2023ba85
2503fcb4
2583fc04
c837fc44
23030021
2383d288
c82ad2c8
c432ca2e
c03ec636
87f288ba
869a8876
0613871e
15b715f0
85936219
45155585
cf9f90ef
f9842783
83a34729
a0ef00e7
872a6490
222387ae
2783fee4
c703f9c4
c7830047
07a20057
07c28fd9
071383c1
4a632230
07132af7
d4632000
471902e7
22e78f63
40634719
47152af7
02e78a63
4a634715
8e6328f7
47112807
18e78963
8793a459
0713e007
6e630230
971326f7
c7b70027
87930021
97bac887
8782439c
f9842783
0147c703
67138b01
8a230067
c70300e7
8b010157
00e78aa3
0167c703
67138b01
8b23fad7
c70300e7
8b010177
fde76713
00e78ba3
2783a481
8713f9c4
27830107
07c1f984
853a85be
a32fe0ef
fea42623
2783a415
8713f9c4
27830107
07c1f984
853a85be
d04fe0ef
fea42623
2783a421
8713f9c4
27830107
07c1f984
853a85be
9a7fe0ef
2783872a
8fd9fec4
fef42623
2783a2d5
8713f9c4
27830107
07c1f984
853a85be
c33fe0ef
2783872a
8fd9fec4
fef42623
2783a2c1
8713f9c4
27830107
07c1f984
853a85be
d2ffe0ef
2783872a
8fd9fec4
fef42623
2783aa71
8713f9c4
27830107
07c1f984
853a85be
e8dfe0ef
2783872a
8fd9fec4
fef42623
2783aaa5
8713f9c4
27830107
07c1f984
853a85be
f69fe0ef
2783872a
8fd9fec4
fef42623
2783aa91
8713f9c4
27830107
07c1f984
853a85be
858ff0ef
2783872a
8fd9fec4
fef42623
2783aa05
8713f9c4
27830107
07c1f984
853a85be
916ff0ef
2783872a
8fd9fec4
fef42623
2783a231
8713f9c4
27830107
07c1f984
853a85be
9a2ff0ef
2783872a
8fd9fec4
fef42623
2783a0e5
8713f9c4
27830107
07c1f984
853a85be
a5cff0ef
2783872a
8fd9fec4
fef42623
2783a0d1
8713f9c4
27830107
07c1f984
853a85be
c4eff0ef
2783872a
8fd9fec4
fef42623
2783a045
8713f9c4
27830107
07c1f984
853a85be
d9cff0ef
2783872a
8fd9fec4
fef42623
2783a8b5
8713f9c4
27830107
07c1f984
853a85be
fe2ff0ef
2783872a
8fd9fec4
fef42623
2783a8a1
8713f9c4
27830107
07c1f984
853a85be
872a3a95
fec42783
26238fd9
a81dfef4
f9c42783
01078713
f9842783
85be07c1
34b1853a
2783872a
8fd9fec4
fef42623
2783a811
5769f984
00e783a3
0001a021
0001a011
35f0a0ef
87ae872a
fee42023
fe042703
fe442783
07938f1d
57331630
278302f7
7593f9c4
c6830ff7
8a810087
86ae8636
84238ed1
569300d7
f5930087
c6830ff6
8a810097
86ae8636
84a38ed1
569300d7
f5930107
c6830ff6
8a8100a7
86ae8636
85238ed1
561300d7
c7030187
8b0100b7
873286ba
85a38f55
458100e7
2c234601
2e23fab4
2783fac4
c703f984
c7830047
07a20057
07c28fd9
1c2383c1
2e03faf4
2e83fb84
2823fbc4
2a23fab4
2783fac4
c703f984
c6830007
06a20017
c6838f55
06c20027
c7838f55
07e20037
28238fd9
2703faf4
2783fb04
852efb44
242385b2
2623faa4
2683fab4
c683f984
04230066
2603fad4
2683fa84
2023fac4
2223faa4
e5b7fab4
a5830021
2023ba85
2503fab4
2583fa04
c837fa44
23030021
2383d288
c82ad2c8
c432ca2e
c03ec636
87f288ba
869a8876
0613871e
15b71a60
85936219
45155585
8bdf90ef
fec42783
17b7e791
8793fab0
a02908f7
dead17b7
08e78793
90ef853e
e7b7b6ff
a7830021
e781bb47
fec42783
4781a011
0021e737
baf72423
fec42783
0001a019
853e0001
442a40ba
80826149
d7867151
1980d5a2
f0a42e23
fe042623
0021e7b7
e8c78793
ebc5479c
061346c1
25830200
4501f1c4
47b0d0ef
242387aa
2783fef4
cfc1fe84
f6840793
08000713
4581863a
90ef853e
07934640
0713f204
863a0480
853e4581
452090ef
f6840793
0693873e
46110800
f1c42583
d0ef4501
872a1c50
fec42783
26238fd9
a0effef4
872a14d0
e6b787ae
86930021
ca98fac6
0713cadc
0793f204
85baf684
38e5853e
f6f44783
0793e795
873ef204
04000693
25834611
4501f1c4
24b0d0ef
2783872a
8fd9fec4
fef42623
0001a021
0001a011
fec42783
50be853e
616d542e
71798082
d422d606
2e231800
2c23fca4
65b7fcb4
85931000
46010885
a0ef4501
26237420
2783fea4
c713fd84
2783fff7
8f7dfec4
fdc42683
fd842783
8fd98ff5
fef42423
fe842683
100065b7
08858593
45014601
7020a0ef
50b20001
61455422
71558082
c5a2c786
c1cec3ca
24230980
4785fe04
fef42223
48014781
fcf42c23
fd042e23
fcf42823
fd042a23
fe0407a3
2423a91d
4785fe04
fef42223
10007737
2c234781
2e23fce4
a737fcf4
177d1000
28234781
2a23fce4
4783fcf4
883efef4
fd042703
fd442783
fd842603
fdc42683
fe842583
c0ef4501
47831210
86befef4
fe442603
fe842583
c0ef4501
47831cd0
86befef4
fe442603
fe842583
c0ef4501
49012210
24234981
2623fd24
2783fd34
2423fe84
2e03fcf4
2e83fc84
2023fcc4
2223fd24
4783fd34
0023fef4
2703fcf4
2783fc04
2603fc44
2683fd84
2c23fdc4
2e23fac4
2603fad4
2683fb84
2503fbc4
2583fd04
2823fd44
2a23faa4
2503fab4
2583fb04
c837fb44
23030021
2383d288
c82ad2c8
c432ca2e
c03ec636
87f288ba
869a8876
464d871e
504425b7
77a58593
90ef4519
2737dfef
4781127f
fce42c23
fcf42e23
127fa737
4781177d
fce42823
fcf42a23
fe842783
24230785
4783fef4
883efef4
fd042703
fd442783
fd842603
fdc42683
fe842583
c0ef4501
478301d0
86befef4
fe442603
fe842583
c0ef4501
47830c90
86befef4
fe442603
fe842583
c0ef4501
242311d0
2623fb24
2783fb34
2423fe84
2e03faf4
2e83fa84
2023fac4
2223fb24
4783fb34
0023fef4
2703faf4
2783fa04
2603fa44
2683fd84
2c23fdc4
2e23f8c4
2603f8d4
2683f984
2503f9c4
2583fd04
2823fd44
2a23f8a4
2503f8b4
2583f904
c837f944
23030021
2383d288
c82ad2c8
c432ca2e
c03ec636
87f288ba
869a8876
466d871e
504425b7
77a58593
90ef4519
f737cfef
0713127f
47817807
fce42c23
fcf42e23
12800737
98070713
28234781
2a23fce4
2783fcf4
0785fe84
fef42423
fef44783
2703883e
2783fd04
2603fd44
2683fd84
2583fdc4
4501fe84
7160c0ef
fef44783
260386be
2583fe44
4501fe84
7c20c0ef
fef44783
260386be
2583fe44
4501fe84
0170c0ef
f9242423
f9342623
fe842783
f8f42423
f8842e03
f8c42e83
f9242023
f9342223
fef44783
f8f40023
f8042703
f8442783
fd842603
fdc42683
f6c42c23
f6d42e23
f7842603
f7c42683
fd042503
fd442583
f6a42823
f6b42a23
f7042503
f7442583
0021c837
d2882303
d2c82383
ca2ec82a
c636c432
88bac03e
887687f2
871e869a
02300613
504425b7
77a58593
90ef4519
0737bf6f
47811200
fce42c23
fcf42e23
12800737
4781177d
fce42823
fcf42a23
fe842783
24230785
4783fef4
883efef4
fd042703
fd442783
fd842603
fdc42683
fe842583
c0ef4501
47836140
86befef4
fe442603
fe842583
c0ef4501
47836c00
86befef4
fe442603
fe842583
c0ef4501
24237140
2623f724
2783f734
2423fe84
2e03f6f4
2e83f684
2023f6c4
2223f724
4783f734
0023fef4
2703f6f4
2783f604
2603f644
2683fd84
2c23fdc4
2e23f4c4
2603f4d4
2683f584
2503f5c4
2583fd04
2823fd44
2a23f4a4
2503f4b4
2583f504
c837f544
23030021
2383d288
c82ad2c8
c432ca2e
c03ec636
87f288ba
869a8876
0613871e
25b702b0
85935044
451977a5
af4f90ef
fef44783
4585863e
c0ef4501
47836d40
863efef4
45014585
4e80c0ef
fef44783
07a30785
4703fef4
479dfef4
bce7f3e3
00010001
442e40be
498e491e
80826169
ce061101
1000cc22
fe042623
24234785
c737fef4
177d1002
06374781
46811001
fec42583
c0ef4501
260375a0
2583fe84
4501fec4
7ca0c0ef
fe842603
fec42583
c0ef4501
27830190
0785fec4
fef42623
80000737
fff74713
06374791
46818000
fec42583
c0ef4501
260371a0
2583fe84
4501fec4
78a0c0ef
fe842603
fec42583
c0ef4501
27837d80
0785fec4
fef42623
16000737
4781177d
14000637
25834681
4501fec4
6dc0c0ef
fe842603
fec42583
c0ef4501
260374c0
2583fe84
4501fec4
79a0c0ef
fec42783
26230785
4737fef4
177d1000
06374781
46811000
fec42583
c0ef4501
260369e0
2583fe84
4501fec4
70e0c0ef
fe842603
fec42583
c0ef4501
278375c0
0785fec4
fef42623
10005737
4781177d
10004637
25834681
4501fec4
6600c0ef
fe842603
fec42583
c0ef4501
26036d00
2583fe84
4501fec4
71e0c0ef
45014585
7720c0ef
45014585
5ee0c0ef
40f20001
61054462
11418082
c422c606
34050800
40b20001
01414422
71558082
c5a2c786
c1cec3ca
2c230980
2e23f2a4
2623f2b4
0793fe04
0713f7c4
863a0640
853e4581
55b080ef
100065b7
09058593
45014601
0dc0a0ef
2e2387aa
4785fcf4
f6f42e23
f7840793
450185be
2600a0ef
2783872a
8fd9fec4
fef42623
fec42783
18079a63
f7842783
f8f42023
100065b7
08c58593
45014601
0980a0ef
2c2387aa
2783f6f4
83c1f784
3ff7f793
fef42223
1000a5b7
02858593
45014601
0740a0ef
2c2387aa
2783f6f4
f793f784
20233ff7
2423fef4
a825fe04
fe442703
fe842783
078a07b1
ff040693
aa2397b6
2783f8e7
07c1fe84
0713078a
97baff04
fe042703
f8e7a823
fe842783
24230785
2703fef4
4789fe84
fce7f2e3
100065b7
07058593
45014601
00c0a0ef
2c2387aa
2783f6f4
f793f784
2c231ff7
2783f6f4
8bfdf784
f8f42623
f7842783
0207f793
0017b793
0ff7f793
f8f42823
f7842783
0407f793
0017b793
0ff7f793
f8f42a23
f7842783
0807f793
0017b793
0ff7f793
f8f42c23
f4840793
450185be
5420b0ef
f4842783
f8f42e23
f6042783
faf42023
f7442783
faf42223
f5042783
faf42423
222357fd
57fdf8f4
f8f42423
262357fd
57fdfaf4
faf42823
100065b7
08458593
45014601
761090ef
2a2387aa
6785fcf4
54078793
2c23439c
0793fcf4
893ef7c4
89be87fd
06400713
864a4781
250386ce
2583f384
a0eff3c4
872a8d4f
fec42783
26238fd9
a011fef4
27830001
853efec4
442e40be
498e491e
80826169
ce86711d
1080cca2
0021e7b7
fac78793
871347dc
e7b70017
87930021
c7d8fac7
0021e7b7
ba07aa23
0021e7b7
127fe737
a2e7ae23
0021e7b7
14000737
a2e7ac23
0021e7b7
bf878793
86be439c
100065b7
08458593
45014601
6a7090ef
0021e7b7
bf878793
86be43dc
100065b7
08858593
45014601
68b090ef
0021e7b7
bf878793
86be479c
100065b7
08c58593
45014601
66f090ef
0021e7b7
bf878793
86be47dc
100065b7
09058593
45014601
653090ef
0021e7b7
fac78793
c7984711
0021e7b7
ba07a623
fc042823
fc042a23
fc042c23
fc042e23
fe042023
fe042223
fe042423
fe042623
28234789
0793fcf4
2e2312f0
2423fcf4
2623fa04
2823fa04
2a23fa04
2c23fa04
2e23fa04
2023fa04
2223fc04
2423fc04
2623fc04
a5b7fc04
05c11000
45014601
5e5090ef
e7b7872a
87930021
c3980407
1000a5b7
460105d1
90ef4501
872a5cb0
0021e7b7
04078793
a5b7c3d8
05e11000
45014601
5b1090ef
e7b7872a
87930021
c7980407
0021e7b7
fac78793
07e247dc
ff0005b7
f0ef853e
0001e30f
446640f6
80826125
d6227179
2e231800
2c23fca4
2a23fcb4
2783fcc4
8bfdfdc4
fef42623
fec42703
086347fd
278300f7
4705fec4
00f717b3
07b7a019
24238000
2783fef4
4398fd84
fe842783
fff7c793
27838f7d
c781fd44
fe842783
4781a011
27838f5d
c398fd84
54320001
80826145
d6067179
1800d422
fe042623
fe042223
fe042023
fc042e23
fc042c23
fc042a23
fc042823
222357fd
4681fef4
45854601
a0ef4501
872a1ac0
fec42783
26238fd9
4681fef4
45854609
a0ef4501
872a1940
fec42783
26238fd9
4681fef4
45854601
a0ef4501
872a17c0
fec42783
26238fd9
468dfef4
45854605
a0ef4501
872a1640
fec42783
26238fd9
4681fef4
45854609
a0ef4501
872a14c0
fec42783
26238fd9
4501fef4
3d40c0ef
2783872a
8fd9fec4
fef42623
fe042423
2583a82d
4501fe84
3fb0b0ef
2783872a
8fd9fec4
fef42623
25834601
4501fe84
3a50a0ef
2783872a
8fd9fec4
fef42623
fe842783
24230785
2703fef4
47adfe84
fce7f1e3
fe440793
85be4605
3d494561
fe440793
85be4605
35594571
fd840793
85be4601
3dad4561
fd840793
85be4601
35bd4571
fe442783
65b786be
05f11000
45014601
3d3090ef
fd842783
65b786be
05d11000
45014601
3bf090ef
45014581
4190a0ef
2783872a
8fd9fec4
fef42623
45014581
4470a0ef
2783872a
8fd9fec4
fef42623
45014581
36d0a0ef
2783872a
8fd9fec4
fef42623
45014581
39b0a0ef
2783872a
8fd9fec4
fef42623
fe440793
85be4601
33ed4561
fe440793
85be4601
3bf94571
fdff87b7
202317fd
e7b7fef4
2a23e6ff
0793fcf4
4601fe04
051385be
3b7d0390
fe040793
85be4601
03700513
07933b45
4601fe04
051385be
334d0380
fd440793
85be4605
03700513
07933b51
4605fd44
051385be
33590380
0021e7b7
fac78793
07b743d8
8ff90004
e7b7e3dd
87930021
4798fac7
8f5d6791
0021e7b7
fac78793
0793c798
4601fe04
051385be
33b90360
fe040793
85be4601
02e00513
07933381
4601fe04
051385be
3b0d0300
fe040793
85be4601
03100513
07933315
4601fe04
051385be
3b190320
fe040793
85be4601
03300513
07933321
4601fe04
051385be
39ed0340
fe040793
85be4601
03500513
079331f5
4601fe04
051385be
39f903e0
fe040793
85be4601
03f00513
278339c1
85befe04
100067b7
02078513
9abfa0ef
2783872a
8fd9fec4
fef42623
fd442783
67b785be
85131000
a0ef0187
872a98df
fec42783
26238fd9
67b7fef4
07ede47f
fef42023
0021e7b7
fac78793
07b743d8
8ff90004
e7b7e3dd
87930021
4798fac7
8f5d6791
0021e7b7
fac78793
0793c798
4601fe04
051385be
39890360
fe040793
85be4601
02e00513
07933191
4601fe04
051385be
391d0300
fe040793
85be4601
03100513
07933125
4601fe04
051385be
39290320
fe040793
85be4601
03300513
07933131
4601fe04
051385be
3efd0340
fe040793
85be4601
03500513
07933ec5
4601fe04
051385be
36cd03e0
fe040793
85be4601
03f00513
57fd3ed1
fcf42a23
fd442783
67b785be
85131000
a0ef0187
872a8a9f
fec42783
26238fd9
2783fef4
85befe04
100067b7
02078513
88bfa0ef
2783872a
8fd9fec4
fef42623
2c2357fd
2783fcf4
85befd84
100067b7
01478513
867fa0ef
2783872a
8fd9fec4
fef42623
fe442783
67b785be
85131000
a0ef01c7
872a849f
fec42783
26238fd9
4585fef4
a0ef4501
872a0e10
fec42783
26238fd9
4585fef4
a0ef4501
872a08b0
fec42783
26238fd9
4585fef4
a0ef4501
872a0fb0
fec42783
26238fd9
4585fef4
a0ef4501
872a1290
fec42783
26238fd9
4681fef4
45814601
90ef4501
872a53d0
fec42783
26238fd9
4681fef4
45814609
90ef4501
872a5250
fec42783
26238fd9
4681fef4
45814601
90ef4501
872a50d0
fec42783
26238fd9
468dfef4
45814605
90ef4501
872a4f50
fec42783
26238fd9
4681fef4
45814609
90ef4501
872a4dd0
fec42783
26238fd9
4501fef4
53a0c0ef
2783872a
8fd9fec4
fef42623
000807b7
03f78793
fcf42e23
fc042823
fdc40793
85be4601
04300513
07933ca1
4605fd04
051385be
34a90430
fdc40793
85be4601
04200513
07933c35
4601fdc4
051385be
343d0440
fd040793
85be4605
04200513
07933405
4605fd04
051385be
3c090440
fdc42783
65b786be
85931000
46010585
90ef4501
27837740
86befd04
100065b7
05458593
45014601
75e090ef
03f00793
fcf42823
fd042783
65b786be
85931000
46010545
90ef4501
27837400
853efec4
542250b2
80826145
ce061101
1000cc22
0021e7b7
ba87a783
0e079663
fab017b7
01878513
a1df80ef
fe042623
0021e7b7
fac78793
ebad439c
100065b7
08458593
45014601
6fc090ef
e7b7872a
87930021
c398bf87
100065b7
08858593
45014601
6e0090ef
e7b7872a
87930021
c3d8bf87
100065b7
08c58593
45014601
6c4090ef
e7b7872a
87930021
c798bf87
100065b7
09058593
45014601
6a8090ef
e7b7872a
87930021
c7d8bf87
0021e7b7
fac78793
47854398
00f71b63
f80ff0ef
872a32b5
fec42783
26238fd9
2783fef4
e789fec4
fab017b7
a02107e9
dead17b7
853e07e5
961f80ef
0021e7b7
bb47a783
2783e781
a011fec4
e7374781
24230021
2783baf7
a019fec4
00010001
40f2853e
61054462
71798082
d422d606
2e231800
2c23fca4
e7b7fcb4
a7830021
efa9ba87
fab017b7
06078513
90df80ef
fe042623
dead07b7
26230789
2783fef4
e791fec4
fab017b7
06278793
17b7a029
8793dead
853e0617
8e1f80ef
0021e7b7
bb47a783
2783e781
a011fec4
e7374781
24230021
2783baf7
a019fec4
00010001
50b2853e
61455422
71758082
c522c706
c14ec34a
dcd6ded2
e7b70900
a7830021
ebddba87
fab017b7
09678513
88df80ef
fc042e23
fc042c23
0793a881
893ef7c4
e7b74981
a7830021
8a3ea387
07134a81
478105c0
86d68652
85ce854a
f02f90ef
2783872a
8fd9fdc4
fcf42e23
fac42703
c00007b7
e7b7973e
ac230021
2783a2e7
0785fd84
fcf42c23
0021e7b7
bf878793
270347dc
62e3fd84
2783faf7
e791fdc4
fab017b7
09878793
17b7a029
8793dead
853e0977
805f80ef
0021e7b7
bb47a783
2783e781
a011fdc4
e7374781
24230021
2783baf7
a019fdc4
00010001
40ba853e
491a442a
5a76498a
61495ae6
71598082
d4a2d686
d0ced2ca
ccd6ced2
c8decada
e7b71880
a7830021
9f63ba87
17b71407
8513fab0
80ef0817
2e23fa2f
e7b7fc04
a7830021
8793a387
8b3e05c7
85da4b81
4501865e
484090ef
fca42c23
0021e7b7
a387a703
fd842783
879397ba
2a23fd87
f7b7fcf4
87930021
893ea587
27834981
8a3efd44
07134a81
47810400
86d68652
85ce854a
deaf90ef
2783872a
8fd9fdc4
fcf42e23
47014681
fcd42423
fce42623
0021e7b7
a387a783
fcf42423
fc842e03
fcc42e83
85ba8536
fca42023
fcb42223
fd842783
fcf42023
fc042703
fc442783
faa42c23
fab42e23
fd442683
fad42c23
fb842603
fbc42683
faa42823
fab42a23
0021f5b7
a5858593
0005c583
fab40823
fb042503
fb442583
0021c837
d2882303
d2c82383
ca2ec82a
c636c432
88bac03e
887687f2
871e869a
12b00613
504425b7
77a58593
80ef4519
2783bc2f
e791fdc4
fab017b7
08378793
17b7a029
8793dead
853e0827
e74f80ef
0021e7b7
bb47a783
2783e781
a011fdc4
e7374781
24230021
2783baf7
a019fdc4
00010001
50b6853e
59165426
4a765986
4b564ae6
61654bc6
71598082
d4a2d686
d0ced2ca
ccd6ced2
c8decada
c4e6c6e2
e7b71880
a7830021
9863ba87
17b71007
8513fab0
80ef0097
2623e0af
2223fc04
4785fc04
fcf42023
fc042423
2783a06d
2223fc84
2703fcf4
67c9fc44
7f078793
07b297ba
4981893e
f9242a23
f9342c23
fc442783
20078793
8a3e07da
2e234a81
2023f944
2223fb54
2423fa04
2783fa04
079afc04
faf42623
fa042823
2a23478d
4799faf4
faf42c23
fc842783
faf42e23
fc842703
004a07b7
fdc78793
079a97ba
4b818b3e
f9440793
87fd8c3e
07138cbe
478102c0
86e68662
85de855a
c0af90ef
2783872a
8fd9fcc4
fcf42623
fc842783
24230785
2703fcf4
47b5fc84
f4e7f9e3
fcc42783
17b7e789
07adfab0
17b7a021
07a9dead
80ef853e
e7b7d2af
a7830021
e781bb47
fcc42783
4781a011
0021e737
baf72423
fcc42783
0001a019
853e0001
542650b6
59865916
4ae64a76
4bc64b56
4ca64c36
80826165
ce221101
26231000
2783fe04
853efec4
61054472
11018082
cc22ce06
e7b71000
a7830021
eba1ba87
fab017b7
07278513
cb8f80ef
fe042623
fec42783
17b7e791
8793fab0
a0290747
dead17b7
07378793
80ef853e
e7b7c96f
a7830021
e781bb47
fec42783
4781a011
0021e737
baf72423
fec42783
0001a019
853e0001
446240f2
80826105
c686715d
c2cac4a2
de52c0ce
da5adc56
d662d85e
d26ad466
0880d06e
0021e7b7
ba87a783
14079d63
fab017b7
09c78513
c34f80ef
fc042623
fc042423
fc042223
fc042023
1001c7b7
09c78793
fcf42023
fc042783
faf42c23
fa042e23
120007b7
00278693
fb842583
fbc42603
90ef4501
c7b70ec0
87931001
20230e47
2783fcf4
2823fc04
2a23faf4
2583fa04
2603fb04
4501fb44
0d0090ef
fca42223
fc442783
24239bdd
2783fcf4
8d3efc04
26834d81
85eafc84
4501866e
0a2090ef
1001c7b7
0ec78793
fcf42023
fc042783
4c818c3e
866685e2
90ef4501
222308e0
2783fca4
9bddfc44
fcf42423
fc042783
4b818b3e
fc842683
865e85da
90ef4501
c7b70600
87931001
20230f47
2783fcf4
8a3efc04
85d24a81
45018656
04c090ef
fca42223
fc442783
24239bdd
2783fcf4
893efc04
26834981
85cafc84
4501864e
01e090ef
fcc42783
17b7e791
8793fab0
a02909e7
dead17b7
09d78793
80ef853e
e7b7b0af
a7830021
e781bb47
fcc42783
4781a011
0021e737
baf72423
fcc42783
0001a019
853e0001
442640b6
49864916
5ae25a72
5bc25b52
5ca25c32
5d825d12
80826161
ce061101
1000cc22
0021e7b7
ba87a783
17b7eba1
8513fab0
80ef0997
2623aaaf
2783fe04
e791fec4
fab017b7
09b78793
17b7a029
8793dead
853e09a7
a88f80ef
0021e7b7
bb47a783
2783e781
a011fec4
e7374781
24230021
2783baf7
a019fec4
00010001
40f2853e
61054462
71398082
dc22de06
d84eda4a
d456d652
d05ed25a
26230080
2423fca4
e7b7fcb4
a7830021
ebc5ba87
fab017b7
00f78513
a28f80ef
fc042e23
0021e7b7
c0878793
4981893e
fcc42783
4a818a3e
fc842783
4b818b3e
87de875a
86d68652
85ce854a
89ef90ef
2783872a
8fd9fdc4
fcf42e23
0021e7b7
c0878793
9d234705
e7b700e7
87930021
4705c087
00e78ca3
0021e7b7
c0878793
03d00713
00e78c23
fdc42783
17b7e789
07c5fab0
17b7a021
07c1dead
80ef853e
e7b79a6f
a7830021
e781bb47
fdc42783
4781a011
0021e737
baf72423
fdc42783
0001a019
853e0001
546250f2
59c25952
5aa25a32
5b825b12
80826121
ce86711d
caa6cca2
84aa1080
0021e7b7
ba87a783
24079d63
fab017b7
03c78513
948f80ef
fe042623
0004c783
0014c703
8fd90722
0024c703
8fd90742
0034c703
8fd90762
14078763
0044c783
0054c703
8fd90722
0064c703
8fd90742
0074c703
8fd90762
c78385be
c7030284
07220294
c7038fd9
074202a4
c7038fd9
076202b4
853e8fd9
0084c783
0094c703
8fd90722
00a4c703
8fd90742
00b4c703
8fd90762
c783833e
c70300c4
072200d4
c7038fd9
074200e4
c7038fd9
076200f4
8e3e8fd9
0104c783
0114c703
8fd90722
0124c703
8fd90742
0134c703
8fd90762
c7838ebe
c7030144
07220154
c7038fd9
07420164
c7038fd9
07620174
883e8fd9
0184c783
0194c703
8fd90722
01a4c703
8fd90742
01b4c703
8fd90762
c78388be
c70301c4
072201d4
c7038fd9
074201e4
c7038fd9
076201f4
86be8fd9
02c4c783
02d4c703
8fd90722
02e4c703
8fd90742
02f4c703
8fd90762
c783863e
c7030244
07220254
c7038fd9
07420264
c7038fd9
07620274
c43e8fd9
c036c232
877287f6
862a869a
90ef4501
872a6580
fec42783
26238fd9
4501fef4
20234581
2223fea4
2783feb4
2023fec4
2e03fef4
2e83fe04
2c23fe44
2e23fca4
2783fcb4
2c23fec4
2703fcf4
2783fd84
2823fdc4
2a23fca4
e6b7fcb4
a6830021
2823ba86
2603fcd4
2683fd04
2423fd44
2623fca4
e5b7fcb4
a5830021
2423ba85
2503fcb4
2583fc84
c837fcc4
23030021
2383d288
c82ad2c8
c432ca2e
c03ec636
87f288ba
869a8876
0613871e
25b71b20
85935044
451977a5
c6df70ef
fec42783
17b7e791
8793fab0
a02903e7
dead17b7
03d78793
70ef853e
e7b7f1ff
a7830021
e781bb47
fec42783
4781a011
0021e737
baf72423
fec42783
0001a019
853e0001
446640f6
612544d6
01138082
2e23d801
2c232611
2a232681
28232721
26232731
24232741
05002751
dea42623
deb42423
0021e7b7
ba87a783
4e079963
fab017b7
01b78513
eb1f70ef
fc042e23
eb840793
12000713
4581863a
70ef853e
07930090
893eeb84
27834981
8a3edec4
07134a81
47811200
86d68652
85ce854a
d1ff80ef
2783872a
8fd9fdc4
fcf42e23
eb842783
46079063
49814901
eb242823
eb342a23
fdc42783
eaf42823
eb042e03
eb442e83
eb242423
eb342623
fdc42783
eaf42423
ea842703
eac42783
eb242023
eb342223
0021e6b7
ba86a683
ead42023
ea042603
ea442683
e9242c23
e9342e23
0021e5b7
ba85a583
e8b42c23
e9842503
e9c42583
0021c837
d2882303
d2c82383
ca2ec82a
c636c432
88bac03e
887687f2
871e869a
1bc00613
504425b7
77a58593
70ef4519
2783af7f
863eebc4
45014581
4ff080ef
2783872a
8fd9fdc4
fcf42e23
e9242823
e9342a23
fdc42783
e8f42823
e9042e03
e9442e83
e9242423
e9342623
fdc42783
e8f42423
e8842703
e8c42783
e9242023
e9342223
0021e6b7
ba86a683
e8d42023
e8042603
e8442683
e7242c23
e7342e23
0021e5b7
ba85a583
e6b42c23
e7842503
e7c42583
0021c837
d2882303
d2c82383
ca2ec82a
c636c432
88bac03e
887687f2
871e869a
1be00613
504425b7
77a58593
70ef4519
2783a43f
863eec04
45014585
44b080ef
2783872a
8fd9fdc4
fcf42e23
e7242823
e7342a23
fdc42783
e6f42823
e7042e03
e7442e83
e7242423
e7342623
fdc42783
e6f42423
e6842703
e6c42783
e7242023
e7342223
0021e6b7
ba86a683
e6d42023
e6042603
e6442683
e5242c23
e5342e23
0021e5b7
ba85a583
e4b42c23
e5842503
e5c42583
0021c837
d2882303
d2c82383
ca2ec82a
c636c432
88bac03e
887687f2
871e869a
1c000613
504425b7
77a58593
70ef4519
278398ff
863eec44
45014589
397080ef
2783872a
8fd9fdc4
fcf42e23
e5242823
e5342a23
fdc42783
e4f42823
e5042e03
e5442e83
e5242423
e5342623
fdc42783
e4f42423
e4842703
e4c42783
e5242023
e5342223
0021e6b7
ba86a683
e4d42023
e4042603
e4442683
e3242c23
e3342e23
0021e5b7
ba85a583
e2b42c23
e3842503
e3c42583
0021c837
d2882303
d2c82383
ca2ec82a
c636c432
88bac03e
887687f2
871e869a
1c200613
504425b7
77a58593
70ef4519
27838dbf
863eec84
4501458d
2e3080ef
2783872a
8fd9fdc4
fcf42e23
e3242823
e3342a23
fdc42783
e2f42823
e3042e03
e3442e83
e3242423
e3342623
fdc42783
e2f42423
e2842703
e2c42783
e3242023
e3342223
0021e6b7
ba86a683
e2d42023
e2042603
e2442683
e1242c23
e1342e23
0021e5b7
ba85a583
e0b42c23
e1842503
e1c42583
0021c837
d2882303
d2c82383
ca2ec82a
c636c432
88bac03e
887687f2
871e869a
1c400613
504425b7
77a58593
70ef4519
2c23827f
a0c5fc04
fd842783
0713079a
97bafe04
da040713
eec78793
04000693
85be8636
70ef853a
07933f20
853eda04
872a3ab1
fdc42783
2e238fd9
4501fcf4
28234581
2a23e0a4
2783e0b4
2823fdc4
2e03e0f4
2e83e104
2423e144
2623e0a4
2783e0b4
2423fdc4
2703e0f4
2783e084
2023e0c4
2223e0a4
e6b7e0b4
a6830021
2023ba86
2603e0d4
2683e004
2c23e044
2e23dea4
e5b7deb4
a5830021
2c23ba85
2503deb4
2583df84
c837dfc4
23030021
2383d288
c82ad2c8
c432ca2e
c03ec636
87f288ba
869a8876
0613871e
25b71c70
85935044
451977a5
f4cf70ef
fd842783
2c230785
2703fcf4
478dfd84
f0e7fee3
fdc42783
17b7e789
07f5fab0
17b7a021
07f1dead
70ef853e
e7b79eff
a7830021
e781bb47
fdc42783
4781a011
0021e737
baf72423
fdc42783
0001a019
853e0001
27c12083
27812403
27412903
27012983
26c12a03
26812a83
28010113
71358082
cd22cf06
c94ecb4a
c556c752
c15ec35a
dce6dee2
d8eedaea
26231100
2423f6a4
e7b7f6b4
a7830021
9b63ba87
17b72a07
8513fab0
70ef0307
262396ff
0793fc04
0713f7c4
863a0400
853e4581
2c6070ef
f7c40793
4c818c3e
f6c42783
4d818d3e
04000713
866a4781
856286ee
80ef85e6
872afdcf
fcc42783
26238fd9
2783fcf4
cb99fa84
f7c42703
800007b7
97ba07c1
70ef853e
a431913f
f7c42703
17634785
e7b702f7
a7830021
e38dbb07
bbbbc7b7
b1278513
8f1f70ef
f7c42703
800007b7
97ba07c1
70ef853e
aae18dff
f7c42703
800007b7
853e97ba
8cdf70ef
f7c42783
80ef853e
242355b0
2503fca4
80effc84
22235190
2583fca4
4501fc84
577080ef
202387aa
2783fcf4
eb99f844
f7c42703
800007b7
04078793
853e97ba
889f70ef
fc042783
2783cfb9
0737f844
06b70010
26030010
2583fc44
4501fc84
744090ef
2783872a
8fd9fcc4
fcf42623
0021e7b7
ba87a783
2703ef81
07b7f7c4
87938000
97ba0807
70ef853e
a03583ff
f7c42703
80deb7b7
d0078793
853e97ba
829f70ef
2703a20d
07b7f7c4
87938000
97ba0907
70ef853e
2783813f
893ef884
27834981
8793f6c4
8a3e0407
27834a81
8b3ef8c4
875a4b81
865287de
854a86d6
80ef85ce
872ae8cf
fcc42783
26238fd9
2783fcf4
85bef7c4
90ef4501
872a0b40
fcc42783
26238fd9
2783fcf4
85bef7c4
a0ef4501
872a4580
fcc42783
26238fd9
2783fcf4
2703f7c4
863af884
450185be
19e0a0ef
2783872a
8fd9fcc4
fcf42623
f7c42783
450185be
124090ef
2783872a
8fd9fcc4
fcf42623
f7c42703
1e634785
a5b702f7
05e11000
45014601
45c080ef
faa42e23
fbc42783
ffc7f713
fac42783
8fd98b8d
faf42e23
fbc42683
1000a5b7
460105e1
80ef4501
27834280
85bef7c4
a0ef4501
872a35a0
fcc42783
26238fd9
2703fcf4
07b7f7c4
87938000
97ba0207
70ef853e
2783f06f
e791fcc4
fab017b7
03278793
17b7a029
8793dead
853e0317
ee8f70ef
0021e7b7
bb47a783
2783e781
a011fcc4
e7374781
24230021
2783baf7
a019fcc4
00010001
40fa853e
495a446a
4a3a49ca
4b1a4aaa
5c764b8a
5d565ce6
610d5dc6
71358082
cd22cf06
c94ecb4a
c556c752
c15ec35a
dce6dee2
d8eedaea
2e231100
2c23f6a4
e7b7f6b4
a7830021
9963ba87
17b71807
8513fab0
70ef08a7
2623e6af
0793fc04
0713f8c4
863a0400
853e4581
7c3060ef
f8c40793
f6f42823
f6042a23
f7c42783
f6f42423
f6042623
04000713
26034781
2683f684
2503f6c4
2583f704
80eff744
872acc8f
fcc42783
26238fd9
2783fcf4
c799fb44
851367a9
70ef01c7
a205e06f
851367a9
70ef00c7
2783dfaf
8c3ef8c4
27834c81
8793f7c4
8d3e0407
27834d81
2023f944
2223f6f4
2703f604
2783f604
866af644
856286ee
80ef85e6
872ac6cf
fcc42783
26238fd9
2783fcf4
893ef904
27034981
2783f944
97baf7c4
04078793
4a818a3e
f9842783
4b818b3e
87de875a
86d68652
85ce854a
c2ef80ef
2783872a
8fd9fcc4
fcf42623
450145b1
65b080ef
2783872a
8fd9fcc4
fcf42623
a0ef4501
872a1c30
fcc42783
26238fd9
45b1fcf4
80ef4501
872a6f30
fcc42783
26238fd9
4501fcf4
1690a0ef
2783872a
8fd9fcc4
fcf42623
851367a9
70ef02c7
2783d26f
e791fcc4
fab017b7
08c78793
17b7a029
8793dead
853e08b7
d08f70ef
0021e7b7
bb47a783
2783e781
a011fcc4
e7374781
24230021
2783baf7
a011fcc4
853e0001
446a40fa
49ca495a
4aaa4a3a
4b8a4b1a
5ce65c76
5dc65d56
8082610d
cf867115
cbcacda2
c7d2c9ce
1180c5d6
f4a42623
f4b42423
f4c42223
f4d42023
f2e42e23
f2f42c23
0021e7b7
ba87a783
18079b63
fab017b7
08778513
c88f70ef
fc042a23
fc042823
17fd67c1
fcf42623
24234791
4791fcf4
fcf42223
202357fd
2e23fcf4
2e23fc04
2c23fa04
2c23fc04
2a23fa04
2823fa04
2703fa04
2783f404
7a63fcc4
278300f7
2e23f404
4785fcf4
fcf42c23
07b7a039
8513dead
70ef0087
2783c26f
2e23fdc4
2783faf4
2c23fdc4
2783faf4
2a23fbc4
2783faf4
2823fd84
0793faf4
0613f504
45810600
60ef853e
47895650
f4f40823
f4c42783
4981893e
f4842783
4a818a3e
f5040513
f4442783
2883c03e
87d2fd04
86ca8856
2603874e
2583f384
a0eff3c4
872a1af0
fd442783
2a238fd9
2603fcf4
2783fbc4
0513fb44
2803f504
2703fb04
2683fb84
2583fd84
a0effdc4
872a3490
fd442783
2a238fd9
2783fcf4
0713fc84
2683f504
863af3c4
450185be
0050a0ef
2783872a
8fd9fd44
fcf42a23
fc042783
2683873e
2603fc44
2583f384
4501f3c4
0c90a0ef
2783872a
8fd9fd44
fcf42a23
fd442783
17b7e791
8793fab0
a0290897
dead17b7
08878793
70ef853e
e7b7b22f
a7830021
e781bb47
fd442783
4781a011
0021e737
baf72423
fd442783
0001a019
853e0001
446e40fe
49ce495e
4aae4a3e
8082612d
c7067175
c34ac522
ded2c14e
0900dcd6
f6a42e23
f6b42c23
0021e7b7
ba87a783
30079a63
fab017b7
08478513
abcf70ef
fc042e23
f8040793
4981893e
f7c42783
4a818a3e
04000713
86524781
854a86d6
80ef85ce
872a93cf
fdc42783
2e238fd9
2783fcf4
cb81fb44
900007b7
01078513
a78f70ef
2c23a449
0537fc04
70ef9000
2a23a6af
a8e9fc04
f8842703
fd442783
00f757b3
c3e18b85
f8442783
2703eb99
07b7fd84
87939000
97ba0407
70ef853e
2783a3af
0789fd44
fcf42c23
fd842503
6c0080ef
fca42423
fc842503
67e080ef
fca42223
fc842583
80ef4501
87aa6dc0
fcf42023
fc042783
2783cfa9
0737f844
06b70010
26030010
2583fc44
4501fc84
0c4090ef
2783872a
8fd9fdc4
fcf42e23
fdc42783
2703ef81
07b7fd84
87939000
97ba0807
70ef853e
a0359c2f
fd842703
90deb7b7
d0078793
853e97ba
9acf70ef
2703aa5d
07b7fd84
87939000
97ba0907
70ef853e
2783996f
0785fd44
fcf42a23
fd442703
f1e347a1
4585f2e7
80ef4501
872a6d30
fdc42783
2e238fd9
4585fcf4
80ef4501
872a7010
fdc42783
2e238fd9
2823fcf4
a051fc04
f8842703
fd042783
00f757b3
c7ad8b85
fd042783
2c230789
2583fcf4
4501fd84
217080ef
2783872a
8fd9fdc4
fcf42e23
fd842583
90ef4501
872a5bd0
fdc42783
2e238fd9
2783fcf4
863ef8c4
fd842583
90ef4501
872a3050
fdc42783
2e238fd9
2583fcf4
4501fd84
28d080ef
2783872a
8fd9fdc4
fcf42e23
fd042783
28230785
2703fcf4
47a1fd04
f6e7fce3
f7c42783
04078513
f8c42583
f8842603
f9442683
112237b7
34478793
36cd4701
2783872a
8fd9fdc4
fcf42e23
f9442703
f7c42783
851397ba
25830407
2603f904
2683f884
77b7f984
87935566
47017887
872a3e45
fdc42783
2e238fd9
2623fcf4
a095fc04
f8842703
fcc42783
00f757b3
cf858b85
fcc42783
2c230789
2583fcf4
4501fd84
475090ef
2783872a
8fd9fdc4
fcf42e23
fd842703
900007b7
02078793
853e97ba
820f70ef
2703a811
07b7fd84
07c19000
853e97ba
80cf70ef
fcc42783
26230785
2703fcf4
479dfcc4
f8e7fce3
27830001
e791fdc4
fab017b7
08678793
17b7a029
8793dead
853e0857
fd9f60ef
0021e7b7
bb47a783
2783e781
a011fdc4
e7374781
24230021
2783baf7
a019fdc4
00010001
40ba853e
491a442a
5a76498a
61495ae6
71718082
d522d706
d14ed34a
cd56cf52
c95ecb5a
c566c762
2e231900
2c23f6a4
e7b7f6b4
a7830021
9763ba87
17b71207
8513fab0
60ef0637
2623f6bf
0793fc04
8b3efa84
27834b81
8c3ef7c4
07134c81
47810200
86e68662
85de855a
debf70ef
2783872a
8fd9fcc4
fcf42623
fc042423
0793a879
893ef884
27834981
9713fc84
27830057
97baf7c4
02078793
4a818a3e
02000713
86524781
854a86d6
70ef85ce
872ada9f
fcc42783
26238fd9
2883fcf4
2803f884
2503f8c4
2583f904
2603f944
2683f984
2703f9c4
2783fa04
2823fa44
2a23f514
2c23f504
2e23f4a4
2023f4b4
2223f6c4
2423f6d4
2623f6e4
0793f6f4
853ef504
c03f80ef
2783872a
8fd9fcc4
fcf42623
fc842783
24230785
2783fcf4
2703fa84
6ee3fc84
2783f4f7
e791fcc4
fab017b7
06578793
17b7a029
8793dead
853e0647
e6df60ef
0021e7b7
bb47a783
2783e781
a011fcc4
e7374781
24230021
2783baf7
a019fcc4
00010001
50ba853e
591a542a
4a7a598a
4b5a4aea
4c3a4bca
614d4caa
01138082
2e23d801
2c232611
2a232681
28232721
26232731
24232741
05002751
d8a42623
d8b42423
0021e7b7
ba87a783
12079b63
fab017b7
01e78513
df1f60ef
fc042e23
d9c40793
24000713
4581863a
60ef853e
07937480
893ed9c4
27834981
8a3ed8c4
07134a81
47812400
86d68652
85ce854a
c5ff70ef
2783872a
8fd9fdc4
fcf42e23
d9c42783
0593e3cd
45010220
6cb070ef
2783872a
8fd9fdc4
fcf42e23
90ef4501
872a1ee0
fdc42783
2e238fd9
2783fcf4
ebb5da04
460546b1
45014581
422090ef
2783872a
8fd9fdc4
fcf42e23
46054681
45014581
3c6090ef
2783872a
8fd9fdc4
fcf42e23
460546b1
45014585
3f2090ef
2783872a
8fd9fdc4
fcf42e23
02100713
46054685
45014585
32a090ef
2783872a
8fd9fdc4
fcf42e23
fdc42783
4591e789
d0ef4511
2783aa8f
e791fdc4
fab017b7
02078793
17b7a021
07fddead
60ef853e
e7b7cebf
a7830021
e781bb47
fdc42783
4781a011
0021e737
baf72423
fdc42783
0001a019
853e0001
27c12083
27812403
27412903
27012983
26c12a03
26812a83
28010113
11018082
cc22ce06
1000ca26
e7b784aa
a7830021
e3c5ba87
fab017b7
04278513
c85f60ef
fe042623
0044c783
0054c703
8fd90722
0064c703
8fd90742
0074c703
8fd90762
c78386be
c7030084
07220094
c7038fd9
074200a4
c7038fd9
076200b4
863e8fd9
450185b6
f5df60ef
2783872a
8fd9fec4
fef42623
fec42783
17b7e791
8793fab0
a0290447
dead17b7
04378793
60ef853e
e7b7c13f
a7830021
e781bb47
fec42783
4781a011
0021e737
baf72423
fec42783
0001a019
853e0001
446240f2
610544d2
71718082
d522d706
d14ad326
1900cf4e
e7b784aa
a7830021
9a63ba87
17b74207
8513fab0
60ef0487
2e23bbbf
4901fc04
28234981
2a23fd24
c783fd34
c7030004
07220014
c7038fd9
07420024
c7038fd9
07620034
28238fd9
2e03fcf4
2e83fd04
2423fd44
2623fd24
c783fd34
c7030044
07220054
c7038fd9
07420064
c7038fd9
07620074
24238fd9
2703fcf4
2783fc84
2023fcc4
2223fd24
c683fd34
c6030084
06220094
c6038ed1
064200a4
c6038ed1
066200b4
20238ed1
2603fcd4
2683fc04
2c23fc44
2e23fb24
c583fb34
c5030244
05220254
c5038dc9
05420264
c5038dc9
05620274
2c238dc9
2503fab4
2583fb84
c837fbc4
23030021
2383d288
c82ad2c8
c432ca2e
c03ec636
87f288ba
869a8876
0613871e
25b72b00
85935044
451977a5
ff0f60ef
fb242823
fb342a23
0144c783
0154c703
8fd90722
0164c703
8fd90742
0174c703
8fd90762
faf42823
fb042e03
fb442e83
fb242423
fb342623
0184c783
0194c703
8fd90722
01a4c703
8fd90742
01b4c703
8fd90762
faf42423
fa842703
fac42783
fb242023
fb342223
00c4c683
00d4c603
8ed10622
00e4c603
8ed10642
00f4c603
8ed10662
fad42023
fa042603
fa442683
f9242c23
f9342e23
0104c583
0114c503
8dc90522
0124c503
8dc90542
0134c503
8dc90562
f8b42c23
f9842503
f9c42583
0021c837
d2882303
d2c82383
ca2ec82a
c636c432
88bac03e
887687f2
871e869a
2b100613
504425b7
77a58593
60ef4519
2823efef
2a23f924
c783f934
c70301c4
072201d4
c7038fd9
074201e4
c7038fd9
076201f4
28238fd9
2e03f8f4
2e83f904
2423f944
2623f924
c783f934
c7030204
07220214
c7038fd9
07420224
c7038fd9
07620234
24238fd9
2703f8f4
2783f884
2023f8c4
2223f924
2603f934
2683f804
2c23f844
2e23f724
2503f734
2583f784
c837f7c4
23030021
2383d288
c82ad2c8
c432ca2e
c03ec636
87f288ba
869a8876
0613871e
25b72b20
85935044
451977a5
e4cf60ef
0044c783
0054c703
8fd90722
0064c703
8fd90742
0074c703
8fd90762
12079663
0004c783
0014c703
8fd90722
0024c703
8fd90742
0034c703
8fd90762
c78385be
c7030084
07220094
c7038fd9
074200a4
c7038fd9
076200b4
863e8fd9
00c4c783
00d4c703
8fd90722
00e4c703
8fd90742
00f4c703
8fd90762
c783853e
c7030104
07220114
c7038fd9
07420124
c7038fd9
07620134
833e8fd9
0144c783
0154c703
8fd90722
0164c703
8fd90742
0174c703
8fd90762
c7838e3e
c7030184
07220194
c7038fd9
074201a4
c7038fd9
076201b4
883e8fd9
01c4c783
01d4c703
8fd90722
01e4c703
8fd90742
01f4c703
8fd90762
c78388be
c7030204
07220214
c7038fd9
07420224
c7038fd9
07620234
86be8fd9
0244c783
0254c703
8fd90722
0264c703
8fd90742
0274c703
8fd90762
c036c23e
871a87f2
450186aa
2e60a0ef
2783872a
8fd9fdc4
fcf42e23
fdc42783
17b7e791
8793fab0
a02904a7
dead17b7
04978793
60ef853e
e7b7fb6f
a7830021
e781bb47
fdc42783
4781a011
0021e737
baf72423
fdc42783
0001a019
853e0001
542a50ba
590a549a
614d49fa
711d8082
cca2ce86
1080caa6
e7b784aa
a7830021
efc9ba87
fab017b7
04578513
f60f60ef
fe042623
fe042423
2783a835
079afe84
071397a6
0791fa04
04000693
85be8636
60ef853a
079305e0
853efa04
872a3e89
fec42783
26238fd9
2783fef4
0785fe84
fef42423
fe842703
f0e347b5
2783fce7
e791fec4
fab017b7
04778793
17b7a029
8793dead
853e0467
ef4f60ef
0021e7b7
bb47a783
2783e781
a011fec4
e7374781
24230021
2783baf7
a019fec4
00010001
40f6853e
44d64466
80826125
d6067179
d24ad422
ce52d04e
1800cc56
82010113
baa42623
bab42423
0021e7b7
ba87a783
1e079663
fab017b7
02778513
e90f60ef
fc042e23
bdc40793
4981893e
bac42783
4a818a3e
40000713
86524781
854a86d6
70ef85ce
872ad10f
fdc42783
2e238fd9
e7b7fcf4
87930021
86bee447
bdc40793
04800713
85be863a
50ef8536
45017670
28234581
2a23bca4
e7b7bcb4
87930021
4b9ce447
bcf42823
bd042e03
bd442e83
bca42423
bcb42623
0021e7b7
e4478793
24234f9c
2703bcf4
2783bc84
2023bcc4
2223bca4
e6b7bcb4
86930021
4ad4e446
bcd42023
bc042603
bc442683
baa42c23
bab42e23
0021e5b7
e4458593
2c234dcc
2503bab4
2583bb84
c837bbc4
23030021
2383d288
c82ad2c8
c432ca2e
c03ec636
87f288ba
869a8876
0613871e
25b72ca0
85935044
451977a5
ac4f60ef
bdc42783
4501eb91
350090ef
2783872a
8fd9fdc4
fcf42e23
c2442783
0793e795
07138104
0693c244
86363840
853e85ba
685050ef
81040793
3be1853e
2783872a
8fd9fdc4
fcf42e23
fa842783
2883ebb9
2803fa84
2503fac4
2583fb04
2603fb44
2683fb84
2703fbc4
2783fc04
2823fc44
2a238114
2c238104
2e2380a4
202380b4
222382c4
242382d4
262382e4
079382f4
853e8104
872a38a9
fdc42783
2e238fd9
2783fcf4
e791fdc4
fab017b7
02978793
17b7a029
8793dead
853e0287
cd4f60ef
0021e7b7
bb47a783
2783e781
a011fdc4
e7374781
24230021
2783baf7
a019fdc4
00010001
0113853e
50b27e01
59125422
4a725982
61454ae2
715d8082
c4a2c686
c0cec2ca
dc56de52
2e230880
2c23faa4
e7b7fab4
a7830021
9563ba87
17b73007
8513fab0
60ef0217
2e23c6af
e7b7fc04
87930021
893ee8c7
27834981
8a3efbc4
07134a81
47811200
86d68652
85ce854a
ae6f70ef
2783872a
8fd9fdc4
fcf42e23
0021e7b7
e8c78793
9d63439c
45852607
80ef4501
872a00b0
fdc42783
2e238fd9
2c23fcf4
2623fc04
4601fc04
45014581
1dc0a0ef
2783872a
8fd9fdc4
fcf42e23
45814601
a0ef4501
872a2000
fdc42783
2e238fd9
e7b7fcf4
87930021
47dce8c7
fcf42c23
fc042a23
e7b7a0d9
87130021
2783e8c7
0791fd44
97ba078a
cbbd43dc
0021e7b7
e8c78713
fd442783
078a0791
43dc97ba
2623078e
2603fcf4
2583fcc4
4501fd44
7a7090ef
2783872a
8fd9fdc4
fcf42e23
fd842603
fd442583
90ef4501
872a7530
fdc42783
2e238fd9
2583fcf4
4501fd44
1ac0a0ef
2783872a
8fd9fdc4
fcf42e23
fd842703
fcc42783
2c2397ba
a80dfcf4
25834601
4501fd44
74f090ef
2783872a
8fd9fdc4
fcf42e23
25834601
4501fd44
6fd090ef
2783872a
8fd9fdc4
fcf42e23
fd442783
2a230785
2703fcf4
0793fd44
dae303f0
e7b7f2e7
87930021
4b9ce8c7
fcf42c23
fc042823
e7b7a8f9
87130021
2783e8c7
0791fd04
97ba078a
c7d943dc
0021e7b7
e8c78713
fd042783
078a0791
43dc97ba
2623078a
2603fcf4
2583fcc4
4501fd04
7a5090ef
2783872a
8fd9fdc4
fcf42e23
fd842603
fd042583
90ef4501
872a7510
fdc42783
2e238fd9
2583fcf4
4501fd04
11a0a0ef
2783872a
8fd9fdc4
fcf42e23
2583460d
4501fd04
0040a0ef
2783872a
8fd9fdc4
fcf42e23
fd842703
fcc42783
2c2397ba
a80dfcf4
25834601
4501fd04
735090ef
2783872a
8fd9fdc4
fcf42e23
25834601
4501fd04
6e3090ef
2783872a
8fd9fdc4
fcf42e23
fd042783
28230785
2703fcf4
0793fd04
dee303f0
4801f0e7
471d4781
46014681
45014581
21e0a0ef
2783872a
8fd9fdc4
fcf42e23
47814801
07000713
46014681
45014581
2980a0ef
2783872a
8fd9fdc4
fcf42e23
fdc42783
4585e791
c0ef4505
a011f54f
27830001
e791fdc4
fab017b7
02378793
17b7a029
8793dead
853e0227
990f60ef
0021e7b7
bb47a783
2783e781
a011fdc4
e7374781
24230021
2783baf7
a019fdc4
00010001
40b6853e
49164426
5a724986
61615ae2
715d8082
c4a2c686
c0cec2ca
dc56de52
d85eda5a
d466d662
2e230880
2c23faa4
e7b7fab4
a7830021
9d63ba87
17b71007
8513fab0
60ef05d7
2423922f
2783fc04
078efb84
fcf42223
fc442503
21f050ef
202387aa
2783fcf4
8a3efc04
27834a81
8b3efbc4
27834b81
8c3efc44
87624c81
865a87e6
855286de
60ef85d6
872af85f
fc842783
24238fd9
2623fcf4
a0b5fc04
fcc42783
2703078e
97bafc04
0007c703
0017c683
8f5506a2
0027c683
8f5506c2
0037c783
8fd907e2
4981893e
fcc42783
2703078e
97bafc04
0047c703
0057c683
8f5506a2
0067c683
8f5506c2
0077c783
8fd907e2
85ca86be
4501864e
563060ef
fcc42783
26230785
2703fcf4
2783fcc4
67e3fb84
2783f8f7
e791fc84
fab017b7
05f78793
17b7a029
8793dead
853e05e7
838f60ef
0021e7b7
bb47a783
2783e781
a011fc84
e7374781
24230021
2783baf7
a019fc84
00010001
40b6853e
49164426
5a724986
5b525ae2
5c325bc2
61615ca2
71398082
dc22de06
d84eda4a
d456d652
d05ed25a
cc66ce62
c86eca6a
26230080
c6b7fc04
86931001
24230e06
2683fcd4
8736fc84
85ba4781
4501863e
4bd060ef
fca42223
fc442783
20239bbd
2783fcf4
8d3efc84
26834d81
85eafc04
4501866e
48f060ef
1001c7b7
0c878793
fcf42423
fc842783
4c818c3e
866685e2
60ef4501
222347b0
2703fca4
07b7fc44
17fdfffc
20238ff9
2703fcf4
07b7fc04
8fd90004
fcf42023
fc842783
4b818b3e
fc042683
865e85da
60ef4501
c7b74390
87931001
24230a47
2783fcf4
8a3efc84
85d24a81
45018656
425060ef
fca42223
fc442703
080007b7
8ff917fd
fcf42023
fc042703
f80007b7
20238fd9
2783fcf4
893efc84
26834981
85cafc04
4501864e
3e3060ef
fcc42783
50f2853e
59525462
5a3259c2
5b125aa2
4c725b82
4d524ce2
61214dc2
716d8082
10112623
10812423
11212223
11312023
ddd6dfd2
2e230a00
2c23eea4
e7b7eeb4
a7830021
9e63ba87
17b72407
8513fab0
50ef0517
2e23e93f
2c23fc04
0793fc04
893ef884
27834981
8a3eefc4
07134a81
47810400
86d68652
85ce854a
d0ff60ef
2783872a
8fd9fdc4
fcf42e23
f8842783
fcf42a23
fcc40793
85be4615
70ef4501
872a0a90
fdc42783
2e238fd9
0793fcf4
863efc84
67854585
10278513
d10f70ef
fca42e23
fcc42703
fd442783
27838f5d
8fd9fc84
fcf42c23
fd842703
19634785
b7b700f7
8513aaaa
50efa137
aa9ddfbf
4609468d
45014585
7b3060ef
2783872a
8fd9fdc4
fcf42e23
05934605
45010440
5ff060ef
2783872a
8fd9fdc4
fcf42e23
05934605
45010370
5e7060ef
2783872a
8fd9fdc4
fcf42e23
f9442703
19634785
337500f7
2783872a
8fd9fdc4
fcf42e23
fa442783
4581eb99
80ef4501
872a6ff0
fdc42783
2e238fd9
2783fcf4
eb89fa84
911fd0ef
2783872a
8fd9fdc4
fcf42e23
05934601
45010370
587060ef
2783872a
8fd9fdc4
fcf42e23
05934601
45010440
56f060ef
2783872a
8fd9fdc4
fcf42e23
90ef4501
872a0b00
fdc42783
2e238fd9
2783fcf4
c79dfa04
efc42783
04078793
fa042703
853e85ba
872a3e5d
fdc42783
2e238fd9
b7b7fcf4
8513aaaa
50efa167
a039cf7f
aaaab7b7
a1778513
ce9f50ef
f9042783
4589c789
c0ef4509
2703a7cf
4785f9c4
04f71763
f0840793
08000713
4581863a
50ef853e
079362c0
85bef084
70ef4501
872a74d0
fdc42783
2e238fd9
2783fcf4
2823f244
2583fcf4
4501fd04
d4df50ef
2783872a
8fd9fdc4
fcf42e23
0001a011
fdc42783
17b7e791
8793fab0
a0290537
dead17b7
05278793
50ef853e
e7b7c67f
a7830021
e781bb47
fdc42783
4781a011
0021e737
baf72423
fdc42783
0001a019
853e0001
10c12083
10812403
10412903
10012983
5aee5a7e
80826151
de867119
dacadca2
d6d2d8ce
0100d4d6
f8a42623
f8b42423
0021e7b7
ba87a783
22079263
fab017b7
05778513
bf9f50ef
fc042e23
fc042c23
fc042a23
f9c40793
4981893e
f8c42783
4a818a3e
02000713
86524781
854a86d6
60ef85ce
872aa71f
fdc42783
2e238fd9
0793fcf4
863efc04
67854585
11578513
a94f70ef
2783872a
8fd9fdc4
fcf42e23
fbc40793
85be4619
70ef4501
872a5f40
fdc42783
2e238fd9
2783fcf4
2823f9c4
2783fcf4
e799fc04
fbc42783
2783e781
c399fd04
a0114785
2c234781
2783fcf4
cb81fd84
bbbbc7b7
b1278513
b51f50ef
c7b7a23d
8513bbbb
50efb117
2783b43f
e799fa04
bbbbc7b7
b1478513
b31f50ef
fc042623
242347b9
4581fcf4
60ef4501
87aa7ed0
fcf42223
fc442783
2783cfa9
0737fa04
06b70010
26030010
2583fc84
4501fcc4
1d5070ef
2783872a
8fd9fdc4
fcf42e23
bbbbc7b7
b1378513
ae1f50ef
0021e7b7
ba87a783
c7b7eb81
8513bbbb
50efb187
a831acbf
bbdeb7b7
d0078513
abdf50ef
c7b7a869
8513bbbb
50efb197
2783aaff
c79dfa84
f8c42783
02078793
fa842703
853e85ba
872a3a3d
fdc42783
2e238fd9
c7b7fcf4
8513bbbb
50efb167
a039a7ff
bbbbc7b7
b1778513
a71f50ef
fa442783
4589c789
c0ef4509
0593804f
450103a0
387060ef
2783872a
8fd9fdc4
fcf42e23
04500593
60ef4501
872a3710
fdc42783
2e238fd9
2783fcf4
e799fdc4
0021e7b7
a8234705
a011bae7
27830001
e791fdc4
fab017b7
05978793
17b7a029
8793dead
853e0587
a05f50ef
0021e7b7
bb47a783
2783e781
a011fdc4
e7374781
24230021
2783baf7
a019fdc4
00010001
50f6853e
59565466
5a3659c6
61095aa6
71658082
18112623
18812423
19212223
19312023
17412e23
17512c23
17612a23
17712823
17812623
17912423
17a12223
17b12023
2e230b00
2c23e8a4
e7b7e8b4
a7830021
9863ba87
17b75807
8513fab0
50ef02d7
262397bf
2223fc04
0793fa04
460dfa44
450185be
3c6070ef
2783872a
8fd9fcc4
fcf42623
f4440793
4d818d3e
e9c42783
e8f42823
e8042a23
06000713
26034781
2683e904
856ae944
60ef85ee
872afd4f
fcc42783
26238fd9
2783fcf4
9d63f444
27834c07
9963fa44
27834c07
8793e9c4
8b3e0607
27834b81
8793e984
8c3efa07
87624c81
865a87e6
053786de
45811210
f8ef60ef
2783872a
8fd9fcc4
fcf42623
fc042423
2583a085
2503f504
2303f544
2e03f584
2803f5c4
2883f604
2783f644
2703f684
2683f7c4
2603f804
c632f704
c23ac436
87f2c03e
86aa871a
05b7862e
45011210
0b80c0ef
2783872a
8fd9fcc4
fcf42623
fcc42783
2783cf89
0785fc84
fcf42423
f6c42783
fc842703
f8f76de3
0001a011
f7842783
0737cfdd
47811220
f2e42c23
f2f42e23
f3842703
f3c42783
f2e42823
f2f42a23
f3042e03
f3442e83
45814501
f2a42423
f2b42623
0021e7b7
ba87a783
f2f42423
f2842703
f2c42783
f2a42023
f2b42223
0021e6b7
ba86a683
f2d42023
f2042603
f2442683
f0a42c23
f0b42e23
0021e5b7
ba85a583
f0b42c23
f1842503
f1c42583
0021c837
d2882303
d2c82383
ca2ec82a
c636c432
88bac03e
887687f2
871e869a
3da00613
504425b7
77a58593
50ef4519
0793ce2f
85bef384
a0ef4501
27835960
cbcdfcc4
ccccd7b7
c1978513
f94f50ef
45814501
f0a42823
f0b42a23
fcc42783
f0f42823
f1042e03
f1442e83
f0a42423
f0b42623
0021e7b7
ba87a783
f0f42423
f0842703
f0c42783
f0a42023
f0b42223
0021e6b7
ba86a683
f0d42023
f0042603
f0442683
eea42c23
eeb42e23
0021e5b7
ba85a583
eeb42c23
ef842503
efc42583
0021c837
d2882303
d2c82383
ca2ec82a
c636c432
88bac03e
887687f2
871e869a
3df00613
504425b7
77a58593
50ef4505
ac6dc22f
f7442783
28078963
0021c7b7
d1878793
43d44390
47dc4798
eec42423
eed42623
eee42823
eef42a23
00ab07b7
faf42c23
fa042a23
fa042823
fa042623
40000793
faf42423
fc042223
2023ac25
a8ddfc04
fc442783
0713078a
97bafd04
f187a703
fb842783
270397ba
97bafc04
faf42a23
46814601
eec42023
eed42223
fc442783
0713078a
97bafd04
f187a703
fc042783
97ba078a
eef42023
ee042e03
ee442e83
ecc42c23
ecd42e23
fb442783
ecf42c23
ed842703
edc42783
85b68532
ecc42823
ecd42a23
ed042603
ed442683
eca42423
ecb42623
ec842503
ecc42583
0021c837
d2882303
d2c82383
ca2ec82a
c636c432
88bac03e
887687f2
871e869a
3ed00613
504425b7
77a58593
50ef4519
2783b12f
078afc44
fd040713
a70397ba
2783f187
078afc04
893e97ba
47014981
fb442683
864e85ca
50ef4501
2783b4bf
0785fc04
fcf42023
fc042703
fa842783
f0f762e3
fa042e23
2783aa19
078afc44
fd040713
a70397ba
2783f187
97bafb84
fbc42703
262397ba
2783faf4
078afc44
fd040713
a70397ba
2783f187
078afbc4
8a3e97ba
46814a81
865685d2
50ef4501
2823ceff
4601faa4
20234681
2223ecc4
2783ecd4
078afc44
fd040713
a70397ba
2783f187
078afbc4
202397ba
2e03ecf4
2e83ec04
2c23ec44
2e23eac4
2783ead4
2c23fb04
2703eaf4
2783eb84
8532ebc4
282385b6
2a23eac4
2603ead4
2683eb04
2423eb44
2623eaa4
2503eab4
2583ea84
c837eac4
23030021
2383d288
c82ad2c8
c432ca2e
c03ec636
87f288ba
869a8876
0613871e
25b73f30
85935044
451977a5
9e0f50ef
fac42703
fb042783
00f70c63
ccccd7b7
c1a78513
c98f50ef
262357fd
a8a9fcf4
fbc42783
2e230785
2703faf4
2783fbc4
62e3fa84
2783eef7
0785fc44
fcf42223
fc442703
f2e3478d
0593dce7
05130200
b0ef0200
45c19fdf
b0ef4541
d7b79f5f
8513cccc
50efc177
a039c46f
ccccd7b7
c1878513
c38f50ef
fcc42783
17b7e791
8793fab0
a02902f7
dead17b7
02e78793
50ef853e
e7b7c1af
a7830021
e781bb47
fcc42783
4781a011
0021e737
baf72423
fcc42783
0001a019
853e0001
18c12083
18812403
18412903
18012983
17c12a03
17812a83
17412b03
17012b83
16c12c03
16812c83
16412d03
16012d83
80826159
ce86711d
1080cca2
fe042623
fe042423
fe042023
0021e7b7
fac78793
47854398
10f71f63
fe042223
0793a219
863efe04
fe442583
90ef4501
872a0f40
fe842783
24238fd9
a839fef4
fe040793
2583863e
4501fe44
0d6090ef
2783872a
8fd9fe84
fef42423
fe042783
4501f3e5
2c234581
2e23fca4
2783fcb4
2c23fe44
2e03fcf4
2e83fd84
2823fdc4
2a23fca4
e7b7fcb4
87930021
439cfac7
fcf42823
fd042703
fd442783
fca42423
fcb42623
0021e6b7
fac68693
242346d4
2603fcd4
2683fc84
2023fcc4
2223fca4
e5b7fcb4
a5830021
2023ba85
2503fcb4
2583fc04
c837fc44
23030021
2383d288
c82ad2c8
c432ca2e
c03ec636
87f288ba
869a8876
0613871e
25b74220
85935044
451977a5
fe1f40ef
13a060ef
87ae872a
0021e6b7
fac68693
d6dcd698
fe442783
22230785
2703fef4
4785fe44
eee7fbe3
26234785
2783fef4
853efec4
446640f6
80826125
ce061101
1000cc22
fe042623
100065b7
08458593
45014601
759050ef
fea42223
fe442783
e7b7cf85
a7830021
c79dbb87
fe042423
2583a00d
4501fe84
d24f50ef
2783872a
8fd9fec4
fef42623
fe842783
24230785
2783fef4
dff1fe84
fec42783
40f2853e
61054462
711d8082
cca2ce86
26231080
2423fe04
2223fe04
2023fe04
e7b7fe04
87930021
439cfac7
0793e39d
262302f0
479dfef4
fef42423
22234785
2299fef4
2783872a
8fd9fe04
fef42023
e7b7a035
87930021
439c0407
fef42623
0021e7b7
04078793
242343dc
e7b7fef4
87930021
479c0407
fef42223
45814501
fca42c23
fcb42e23
fec42783
fcf42c23
fd842e03
fdc42e83
fca42823
fcb42a23
fe842783
fcf42823
fd042703
fd442783
fca42423
fcb42623
fe442683
fcd42423
fc842603
fcc42683
fca42023
fcb42223
fc042503
fc442583
0021c837
d2882303
d2c82383
ca2ec82a
c636c432
88bac03e
887687f2
871e869a
45200613
504425b7
77a58593
40ef4509
2683e3bf
a5b7fec4
05c11000
45014601
5ef050ef
fe842683
1000a5b7
460105d1
50ef4501
26835dd0
a5b7fe44
05e11000
45014601
5cb050ef
fe442683
1000a5b7
460105f1
50ef4501
26835b90
a5b7fe44
85931000
46010205
50ef4501
26835a50
a5b7fe44
85931000
46010245
50ef4501
27835910
853efe04
446640f6
80826125
ce061101
1000cc22
fe042623
1000a5b7
460105c1
50ef4501
24235730
2783fea4
f713fe84
e7b70017
87930021
c3980247
fe842783
f7138385
e7b70017
87930021
c3d80247
0021e7b7
e4478793
8b8547dc
2783c799
8b91fe84
4785c399
4781a011
e7b7873e
87930021
c7980247
fe842783
f713838d
e7b70017
87930021
c7d80247
0021e7b7
e4478793
8b855f9c
2783c799
8bc1fe84
4785c399
4781a011
e7b7873e
87930021
cb980247
fe842783
f7138395
e7b70017
87930021
cbd80247
fe842783
f7138399
e7b70017
87930021
cf980247
fec42783
40f2853e
61054462
71798082
d422d606
2e231800
2c23fca4
2783fcb4
c703fdc4
27830007
8023fd84
278300e7
80a3fd84
27830007
c783fdc4
47050007
00e78663
8a634709
a0f908e7
0021e7b7
c0878793
0167d783
01079713
0021e7b7
c0878793
0157c783
8fd907a2
0021e737
c0870713
01474703
873e8fd9
fd842783
0ff77593
0047c683
86368a81
8ed186ae
00d78223
00875693
0ff6f593
0057c683
86368a81
8ed186ae
00d782a3
01075693
0ff6f593
0067c683
86368a81
8ed186ae
00d78323
01875613
0077c703
86ba8b01
8f558732
00e783a3
2783a0b9
c703fdc4
c6830047
06a20057
c6838f55
06c20067
c7838f55
07e20077
458d8fd9
80ef853e
2623ad2f
2783fea4
f713fec4
27830ff7
80a3fd84
a80100e7
fd842783
f8100713
00e780a3
00010001
542250b2
80826145
de867119
0100dca2
fe042423
222347b5
2a23fef4
2c23fc04
2e23fc04
2023fc04
2223fe04
2423fc04
2623fc04
2823fc04
2623fc04
0793fe04
85befe44
70ef4501
27831ed0
07c1fe44
fe840713
85be863a
70ef4501
27030b50
4785fe84
0ee7f063
fe442783
071307c1
86bafd44
85be4609
70ef4501
07131630
0793fc44
85bafd44
3db1853e
fe442783
fc440713
460986ba
450185be
0d3070ef
262387aa
2783fef4
cfd9fec4
48014781
faf42c23
fb042e23
fe442783
faf42c23
fb842e03
fbc42e83
fd442783
faf42823
fd842783
faf42a23
fb042703
fb442783
fc442683
fad42423
fc842683
fad42623
fa842603
fac42683
fcc42583
fab42023
fd042583
fab42223
fa042503
fa442583
0021c837
d2882303
d2c82383
ca2ec82a
c636c432
88bac03e
887687f2
871e869a
48900613
504425b7
77a58593
40ef4505
a019a83f
a0110001
50f60001
61095466
71358082
cd22cf06
e7b71100
a7830021
9b63ba87
17b73607
8513fab0
40ef0397
2623d23f
2423fe04
2023fe04
e7b7fe04
47050021
bae7aa23
0021e7b7
fac78793
47854398
16f71b63
45814501
fca42c23
fcb42e23
0021e7b7
fac78793
2c23439c
2e03fcf4
2e83fd84
2823fdc4
2a23fca4
e7b7fcb4
87930021
47dcfac7
fcf42823
fd042703
fd442783
fca42423
fcb42623
0021e6b7
fac68693
24234294
2603fcd4
2683fc84
2023fcc4
2223fca4
e5b7fcb4
a5830021
2023ba85
2503fcb4
2583fc04
c837fc44
23030021
2383d288
c82ad2c8
c432ca2e
c03ec636
87f288ba
869a8876
0613871e
25b74940
85935044
450977a5
981f40ef
0021e7b7
fac78793
0007a023
2cf050ef
87ae872a
0021e6b7
fac68693
d2dcd298
0021e7b7
fac78693
4edc4e98
fae42c23
faf42e23
fb842e03
fbc42e83
0021e7b7
fac78693
52dc5298
fae42823
faf42a23
fb042603
fb442683
0021e7b7
fac78593
49dc4998
fae42423
faf42623
fa842503
fac42583
0021e7b7
fac78813
02882703
02c82783
fae42023
faf42223
fa042703
fa442783
0021c837
d2882303
d2c82383
ca3ec83a
c62ec42a
88b2c036
887687f2
871e869a
49700613
504425b7
77a58593
40ef4509
e7b78bbf
87930021
43dc0247
4605c3b1
45014581
db1f40ef
2783872a
8fd9fec4
fef42623
872a38d5
fec42783
26238fd9
4589fef4
50ef4501
872a72b0
fec42783
26238fd9
e7b7fef4
47050021
bae7ac23
872a3c45
fec42783
26238fd9
314dfef4
fe842783
24230785
2703fef4
6799fe84
00f71d63
93ff80ef
872a3045
fec42783
26238fd9
2423fef4
67c1fe04
ab078513
af9f40ef
0021e7b7
fac78793
07e247dc
ff0005b7
b0ef853e
2223884f
a005fe04
fe442503
f99fa0ef
2783872a
8fd9fec4
fef42623
fe442783
22230785
2703fef4
4785fe44
fce7fee3
ef4ff0ef
cf8187aa
137050ef
87ae872a
0021e6b7
fac68693
cedcce98
2783a879
dbb9fec4
45814501
f8a42c23
f8b42e23
fec42783
f8f42c23
f9842e03
f9c42e83
f8a42823
f8b42a23
fec42783
f8f42823
f9042703
f9442783
f8a42423
f8b42623
fec42683
f8d42423
f8842603
f8c42683
f8a42023
f8b42223
fec42583
f8b42023
f8042503
f8442583
0021c837
d2882303
d2c82383
ca2ec82a
c636c432
88bac03e
887687f2
871e869a
4b700613
504425b7
77a58593
40ef4509
2783f2af
e791fec4
fab017b7
03b78793
17b7a029
8793dead
853e03a7
9ddf40ef
0021e7b7
bb47a783
2783e781
a011fec4
e7374781
24230021
2783baf7
a019fec4
00010001
40fa853e
610d446a
11018082
cc22ce06
e7b71000
a7830021
9f63ba87
17b71407
8513fab0
40ef0697
242398ff
2623fe04
a01dfe04
0021f7b7
a9878713
fec42783
97ba078a
0020c737
1f670713
2783c398
0785fec4
fef42623
fec42703
fbe347fd
f7b7fce7
87930021
d737a987
07130020
c3d88ce7
0021f7b7
a9878793
0020d737
c3a70713
f7b7c798
87930021
d737a987
07130020
c7d817e7
0021f7b7
a9878793
0020e737
b8670713
f7b7cb98
87930021
e737a987
07130020
cbd8cfa7
0021f7b7
a9878793
0020e737
68e70713
f7b7d398
87930021
f737a987
07130020
d3d8c5e7
0021f7b7
a9878793
0020f737
f0070713
f7b7d798
87930021
f737a987
07130020
df9815a7
0021f7b7
a9878793
0020e737
83c70713
f7b7c3b8
87930021
d737a987
07130020
c3f84827
0021f7b7
a9878793
0020e737
46470713
2783cf98
e791fe84
fab017b7
06b78793
17b7a029
8793dead
853e06a7
861f40ef
0021e7b7
bb47a783
2783e781
a011fe84
e7374781
24230021
2783baf7
a019fe84
00010001
40f2853e
61054462
11018082
cc22ce06
e7b71000
a7830021
9963ba87
17b70e07
8513fab0
40ef06c7
2623813f
b0effe04
87aadd3f
2783873e
8fd9fec4
fef42623
9c2fc0ef
873e87aa
fec42783
26238fd9
f0effef4
87aade0f
2783873e
8fd9fec4
fef42623
f27fb0ef
873e87aa
fec42783
26238fd9
b0effef4
87aaff9f
2783873e
8fd9fec4
fef42623
cecfc0ef
873e87aa
fec42783
26238fd9
c0effef4
87aaaccf
2783873e
8fd9fec4
fef42623
aa4fc0ef
873e87aa
fec42783
26238fd9
3bc1fef4
873e87aa
fec42783
26238fd9
2783fef4
e791fec4
fab017b7
06e78793
17b7a029
8793dead
853e06d7
f50f40ef
0021e7b7
bb47a783
2783e781
a011fec4
e7374781
24230021
2783baf7
a019fec4
00010001
40f2853e
61054462
71598082
d4a2d686
2e231880
2623faa4
2783fe04
4705fbc4
00f717b3
fef42423
fe842783
fff7c793
fe842603
57b785be
85131000
50ef1087
2603fcff
2583fe84
57b7fe84
85131000
50ef10c7
4601fbbf
20234681
2223fec4
2783fed4
2023fbc4
2e03fef4
2e83fe04
2c23fe44
2e23fcc4
2783fcd4
c793fe84
2c23fff7
2703fcf4
2783fd84
8532fdc4
282385b6
2a23fcc4
2683fcd4
2823fe84
2603fcd4
2683fd04
2423fd44
2623fca4
e5b7fcb4
a5830021
2423ba85
2503fcb4
2583fc84
c837fcc4
23030021
2383d288
c82ad2c8
c432ca2e
c03ec636
87f288ba
869a8876
0613871e
e5b702c0
8593e8b5
451527b5
b64f40ef
fec42783
50b6853e
61655426
11018082
cc22ce06
e7b71000
a7830021
9063ba87
17b71207
8513fab0
40ef06f7
2623e06f
e7b7fe04
87930021
4798c087
1f634785
e7b700f7
87930021
47dcc087
35d1853e
2783872a
8fd9fec4
fef42623
0021e7b7
c0878793
0167d783
01079713
0021e7b7
c0878793
0157c783
8fd907a2
0021e737
c0870713
01474703
24238fd9
2683fef4
65b7fe84
85931000
46010905
50ef4501
70ef2880
872ae3ef
fec42783
26238fd9
70effef4
872ac3ef
fec42783
26238fd9
e7b7fef4
87930021
4b98c087
12634785
e7b702f7
87930021
439cfac7
4581eb99
70ef4505
872a967f
fec42783
26238fd9
66c1fef4
83d005b7
45014601
58d070ef
fec42783
17b7e791
8793fab0
a0290717
dead17b7
07078793
40ef853e
e7b7d16f
a7830021
e781bb47
fec42783
4781a011
0021e737
baf72423
fec42783
0001a019
853e0001
446240f2
80826105
2623716d
24231011
22231081
20231121
dfd21131
dbdaddd6
d7e2d9de
d3ead5e6
0a00d1ee
0021e7b7
ba87a783
3c079f63
fab017b7
01278513
cacf40ef
fc042623
000207b7
fcf42423
fc042223
e7b7ae8d
a7830021
2703a387
97bafc84
fcf42423
f4040793
4981893e
fc842783
4a818a3e
02000713
86524781
854a86d6
50ef85ce
872ab0cf
fcc42783
26238fd9
0793fcf4
8b3ef404
27834b81
8793fc84
8c3e0207
07134c81
47810200
86e68662
85de855a
ac1f50ef
2783872a
8fd9fcc4
fcf42623
fcc42783
4501c3cd
2c234581
2e23faa4
2783fab4
2c23fc84
2e03faf4
2e83fb84
2823fbc4
2a23faa4
2783fab4
2823fc44
2703faf4
2783fb04
2423fb44
2623faa4
e6b7fab4
a6830021
2423a386
2603fad4
2683fa84
2023fac4
2223faa4
e5b7fab4
a5830021
2023ba85
2503fab4
2583fa04
c837fa44
23030021
2383d288
c82ad2c8
c432ca2e
c03ec636
87f288ba
869a8876
0613871e
e5b70540
8593e8b5
450527b5
8b4f40ef
2703a4b5
07b7f404
97ba5e00
fcf42223
0021e7b7
fac78793
47854398
0cf71663
0021e7b7
fac78793
27834798
57b3fc44
8b8500f7
4681cbd5
2c234701
2e23f8d4
2783f8e4
2c23fc44
2e03f8f4
2e83f984
2823f9c4
2a23f8d4
e7b7f8e4
87930021
439cfac7
f8f42823
f9042803
f9442883
f8d42423
f8e42623
0021e7b7
fac78793
2423479c
2303f8f4
2383f884
2023f8c4
2223f8d4
e7b7f8e4
87930021
43dcfac7
f8f42023
f8042503
f8442583
0021c7b7
d287a603
d2c7a683
ca2ec82a
c61ec41a
88c2c046
887687f2
86b28736
05a00613
e8b5e5b7
27b58593
30ef4515
2783fd7f
2423f484
aa95fcf4
121007b7
fcf42023
fc042783
4d818d3e
fc842783
06078793
f2f42c23
f2042e23
f4442783
f2f42823
f2042a23
f3042703
f3442783
f3842603
f3c42683
85ee856a
8fef50ef
2783872a
8fd9fcc4
fcf42623
fc042783
f2f42423
f2042623
f4442703
fc842783
879397ba
20230607
2223f2f4
2783f204
2c23f444
2e23f0f4
2703f004
2783f184
2603f1c4
2683f204
2503f244
2583f284
50eff2c4
872a88ff
fcc42783
26238fd9
2783fcf4
c3cdfcc4
45814501
f6a42c23
f6b42e23
fc842783
f6f42c23
f7842e03
f7c42e83
f6a42823
f6b42a23
fc442783
f6f42823
f7042703
f7442783
f6a42423
f6b42623
0021e6b7
a386a683
f6d42423
f6842603
f6c42683
f6a42023
f6b42223
0021e5b7
ba85a583
f6b42023
f6042503
f6442583
0021c837
d2882303
d2c82383
ca2ec82a
c636c432
88bac03e
887687f2
871e869a
06400613
e8b5e5b7
27b58593
30ef4505
a82de83f
0021f7b7
a9878713
fc442783
97ba078a
27834398
85bef444
fc042503
27839702
2423f484
2703fcf4
e7b7fc84
8793a200
12e3ead7
0001c8f7
fcc42783
17b7e789
07d1fab0
17b7a021
07cddead
40ef853e
e7b78fef
a7830021
e781bb47
fcc42783
4781a011
0021e737
baf72423
fcc42783
0001a019
853e0001
10c12083
10812403
10412903
10012983
5aee5a7e
5bce5b5e
5cae5c3e
5d8e5d1e
80826151
d7067171
d34ad522
1900d14e
0021e7b7
ba87a783
07b7873e
97bafab0
40ef853e
3085892f
49814901
ff242423
ff342623
0021e7b7
fac78793
2423439c
2e03fef4
2e83fe84
2023fec4
2223ff24
e7b7ff34
87930021
47dcfac7
fef42023
fe042703
fe442783
fd242c23
fd342e23
0021e6b7
ba86a683
fcd42c23
fd842603
fdc42683
fd242823
fd342a23
0021e5b7
ba85a583
fcb42823
fd042503
fd442583
0021c837
d2882303
d2c82383
ca2ec82a
c636c432
88bac03e
887687f2
871e869a
03000613
92a415b7
d5958593
30ef4509
3cfdd17f
fd242423
fd342623
0021e7b7
ba87a783
fcf42423
fc842e03
fcc42e83
fd242023
fd342223
0021e7b7
ba87a783
fcf42023
fc042703
fc442783
fb242c23
fb342e23
0021e6b7
ba86a683
fad42c23
fb842603
fbc42683
fb242823
fb342a23
0021e5b7
ba85a583
fab42823
fb042503
fb442583
0021c837
d2882303
d2c82383
ca2ec82a
c636c432
88bac03e
887687f2
871e869a
03200613
92a415b7
d5958593
30ef4509
3a31c73f
fb242423
fb342623
0021e7b7
ba87a783
faf42423
fa842e03
fac42e83
fb242023
fb342223
0021e7b7
ba87a783
faf42023
fa042703
fa442783
f9242c23
f9342e23
0021e6b7
ba86a683
f8d42c23
f9842603
f9c42683
f9242823
f9342a23
0021e5b7
ba85a583
f8b42823
f9042503
f9442583
0021c837
d2882303
d2c82383
ca2ec82a
c636c432
88bac03e
887687f2
871e869a
03400613
92a415b7
d5958593
30ef4509
f0efbcff
242395cf
2623f924
e7b7f934
87930021
439cfac7
f8f42423
f8842e03
f8c42e83
f9242023
f9342223
0021e7b7
fac78793
202347dc
2703f8f4
2783f804
2c23f844
2e23f724
e6b7f734
a6830021
2c23ba86
2603f6d4
2683f784
2823f7c4
2a23f724
e5b7f734
a5830021
2823ba85
2503f6b4
2583f704
c837f744
23030021
2383d288
c82ad2c8
c432ca2e
c03ec636
87f288ba
869a8876
0613871e
15b70360
859392a4
4509d595
b25f30ef
0021e7b7
fac78793
47854398
d4f700e3
0021e7b7
ba87a783
07b7873e
97badead
30ef853e
a001dcff
00016117
fc410113
000012b7
80028293
245d9116
4300006f
47c10000
00a7f363
050a4541
0021c7b7
2c878793
4108953e
11418082
c422c606
842ac226
0021c537
f1850513
085000ef
a0114481
47910411
0497c363
0021d7b7
68878793
02f46d63
002277b7
52078793
0287e763
47b7400c
87930020
fbe31fc7
b7b7fcb7
87930021
f5e36c87
c537fcf5
05130021
00eff245
048503b0
c537bf65
05130021
00effcc5
40b202b0
44924422
80820141
ce061101
4791cc22
0793c23e
c43e0400
05000793
c537c63e
05130021
00eff2c5
44017fe0
1793a015
08180024
a58397ba
9793ff47
a60300c5
c5371207
05130021
00eff345
04057da0
fee34789
40f2fc87
61054462
11418082
c422c606
05634799
40ef02f5
e5013d40
3dc040ef
40efc129
c90d3c80
0021c5b7
f5c58593
0021c537
f6050513
798000ef
142025f3
07b74601
c7938000
8dfdfff7
30ef5571
00ef6480
bff57d40
0021c5b7
f4858593
f437bfc1
04130021
440ca2c4
0021c537
f8050513
75c000ef
40ef4408
bf7d5240
c686715d
c2a6c4a2
842e84aa
e3634799
17930aa7
c7370025
07130021
97ba12c7
8782439c
0021c537
fa850513
40ef2715
85aa2340
407cda22
403cd83e
5c5cd63e
5c1cd43e
585cd23e
581cd03e
545cce3e
541ccc3e
505cca3e
501cc83e
4c5cc63e
4c1cc43e
485cc23e
2883c03e
28030104
441c00c4
40144058
c5374430
05130021
25f902c5
f0ef8522
40efe35f
c9152e00
ea5ff0ef
852685a2
ef3ff0ef
0021c537
fd050513
b7612575
0021c537
fec50513
bfb52545
c53785a6
05130021
2d490085
40efb7bd
b7e92b60
c6061141
c226c422
247384aa
07b71420
c7938000
8c7dfff7
f0ef8522
85aadc1f
c5378622
05130021
2db91485
450185a6
f09ff0ef
c6061141
2473c422
07b71420
c7938000
8c7dfff7
c53785a2
05130021
2d1d30c5
096347a5
c5b700f4
85930021
45112785
ed5ff0ef
85aa2749
0021c537
33450513
b7d52d11
c6061141
650030ef
30ef2d81
11016d20
cc22ce06
c84aca26
c452c64e
c05ac256
842e84aa
8b368932
8a3e8aba
85c689c2
46115682
390040ef
0404ae23
0604a023
fb090593
99c195a2
0365a423
0355a623
0345a823
0335aa23
12000793
17b7c5fc
87930021
c5bcd707
40f2d48c
44d24462
49b24942
4a924a22
61054b02
41088082
02b60633
80829532
00b50783
02b7c363
9713455c
95ba0015
95be058a
41f65793
97b28bfd
078a8795
c29c97ae
01f67513
45588082
00159793
058a95be
418c95ba
1101bff1
0074ce06
fc1ff0ef
47854732
00a797b3
8d5d4308
40f2c308
80826105
c6061141
c226c422
5883842a
415c0085
02f888b3
00052803
577d9846
00e505a3
a00d4601
97364454
01072023
d71305fd
8b7d41f5
8715972e
983a070a
078d8389
06059bf1
00a44703
02e65463
02f8d5b3
17134454
97320016
96ba070a
00468513
c688c2c8
cfe346fd
05a3fab6
b7f900c4
a0254481
404c8626
f0ef8522
445cf25f
00478713
4798c118
c308c158
8626c788
85224581
f4fff0ef
57830485
cbe30084
40b2fcf4
44924422
80820141
c6061141
852e87aa
863685b2
30ef9782
40ef7890
45012400
11418082
c422c606
842ac226
051384ae
94020450
051385a6
94020520
051385a6
94020520
442240b2
01414492
11418082
419cc606
c19c0785
0021e7b7
a247a783
40b29782
80820141
d6067179
d226d422
ce4ed04a
ca56cc52
c65ec85a
c266c462
8b2ac06a
8c328bae
8cba8a36
490189be
44814ac1
a03d47c1
001a1713
8e8946fd
00d71733
00ac5833
01076833
47a5a03d
0507f963
05700513
954285de
09059b02
87a24485
8413c3a5
1513fff7
08130024
43e3fe05
5833fc08
7813010a
18e300f8
f4f1fc08
84e34705
8d13fce7
c963fffa
47850359
00fc8a63
8d634789
8aea00fc
0513b7c9
bf4d0300
051385de
9b020300
bf458aea
051385de
9b020200
b7558aea
b7458aea
8063478d
50b202fc
54925422
49f25902
4ad24a62
4bb24b42
4c924c22
61454d02
09868082
41298933
85dea031
02000513
89229b02
fff90413
ff2049e3
7179b7e9
d422d606
d04ad226
cc52ce4e
c85aca56
c462c65e
8b2e8aaa
8bb684b2
5a6389ba
4a0500e0
4c014929
3b9ad437
9ff40413
4985a02d
0513b7fd
d5330014
85da02a4
03050513
0a059a82
197d4c05
00140793
02f4f4b3
543347a9
47a102f4
0287f763
fc0c1be3
fc9469e3
ff29c1e3
eee34789
4785fd77
00fb8863
02000513
9a8285da
b7e10a05
03000513
85dabfd5
03048513
478d9a82
00fb8e63
542250b2
59025492
4a6249f2
4b424ad2
4c224bb2
80826145
414989b3
fff98413
ff3050e3
051385da
9a820200
b7fd89a2
0021e7b7
a2a7a223
71398082
dc22de06
d84ada26
d452d64e
d05ad256
89aace5e
8432892e
4a81c636
4a015b7d
a0214481
998285ca
45030405
09630004
e8911e05
02500793
fef516e3
5b7d8aa6
44854a01
0793b7d5
f693fdb5
07130ff7
69630550
97931ad7
c7370026
07130021
97ba3607
8782439c
000b5463
1a0a0863
000b4d63
002b1793
078697da
8b1397aa
13e3fd07
4a09fa0a
0b13b745
bfd5fd05
bf590a85
020a9263
871347b2
c63a0047
c9634384
875a0404
862686d2
854e85ca
e7bff0ef
bf8d4481
87634785
47b202fa
9be1079d
00878713
4384c63a
07b743d8
97a68000
0097b7b3
d7e197ba
854e85ca
d0bff0ef
b7894481
871347b2
c63a0047
bf454384
051385ca
998202d0
409004b3
b7551b7d
000a9f63
871347b2
c63a0047
875a4390
85ca86d2
f0ef854e
4481e11f
4785b721
02fa8463
079d47b2
87139be1
c63a0087
43dc4390
ffe1e781
fc065be3
854e85ca
ca7ff0ef
bdf94481
871347b2
c63a0047
bf754390
051385ca
99820300
051385ca
99820780
4a054b21
d2634785
47b20357
9be1079d
00878713
4390c63a
87da43d4
85ca8752
f0ef854e
4481ca7f
47b2bd61
00478713
4390c63a
b7d54681
871347b2
c63a0047
0007ab83
a02184de
85ca0485
c5039982
f97d0004
0463478d
448100fa
87b3b595
07b34174
849340fb
5863fff7
85ca00f0
02000513
87a69982
4481b7fd
47b2b591
00478713
85cac63a
99824388
bd0d4481
051385ca
99820250
b51d4481
051385ca
99820250
450385ca
99820004
bd094481
b5394a0d
b5294a05
546250f2
594254d2
5a2259b2
5b025a92
61214bf2
11018082
862ace06
c60286ae
1537006c
05130021
f0ef1e65
40f2db5f
80826105
ce067139
d432d22e
d83ad636
dc42da3e
104cde46
f0efc62e
40f2fcdf
80826121
c6061141
ed6347fd
47ad00a7
00a7ec63
95334785
257300a7
40b21045
80820141
bfe52235
bfd52a31
100177f3
10405073
14405073
67f38082
00731001
80821050
0021e737
0d870713
97ba435c
00a78423
0785435c
3ff7f793
0737c35c
8fd90400
28236705
808254f7
c6061141
e7b7c422
87930021
07130d87
c3984040
073707a1
97baffe0
26236705
07b754f7
28230400
143754f7
05130021
f0ef6844
0513ce7f
20ef6844
45015f30
442240b2
80820141
ff850713
f7634785
47fd00e7
00a7f663
80824501
80824501
80824505
c6061141
f0ef4525
4501f2ff
014140b2
27b78082
a5030007
cd213107
c6061141
acdf20ef
02000713
40a707b3
04a70063
0021e737
bcf72823
071307a9
646303f0
b6b702f7
97130021
86930037
97366c86
ca914354
0021b737
0713078e
97ba6c87
96824388
4501a021
859ff0ef
014140b2
80828082
e7b78082
a5030021
8082bd07
c6061141
0413c422
8522fe05
f59ff0ef
6705cd01
11472683
97b34785
f7930087
8fd5cff7
10f72a23
442240b2
80820141
000727b7
3007aa23
07136741
ac2303e7
808230e7
000747b7
ac23577d
aa2314e7
ac2314a7
808214b7
000747b7
1507a583
14c7a503
1507a783
feb798e3
11018082
cc22ce06
c84aca26
7973c64e
79131001
f0ef0029
84aafd7f
e43789ae
04130021
4008bc04
8533405c
b5b340a4
87b300a4
d63740f9
06130003
46810906
40b785b3
a1df20ef
2223c004
29730134
30ef1009
47375fd0
27830007
e7931107
28230017
40f210f7
44d24462
49b24942
80826105
c6061141
f75ff0ef
d53787aa
05130003
953e0905
00f537b3
f0ef95be
4515f4bf
db5ff0ef
000747b7
11078693
1107a703
00176713
10e7a823
1147a783
0017e793
4501c2dc
014140b2
edd58082
c6061141
c226c422
0d6357fd
041300f5
5d63fff5
67890080
18c78793
0087d963
a031843e
05136509
b7d518c5
74f34401
88891001
ef9ff0ef
0003d6b7
09068793
02f40433
0021e7b7
bc078793
43cc4398
40e507b3
08f68693
06b797b6
c6938000
8e9dfff6
0086e463
a02997a2
800007b7
fff7c793
0003d6b7
09068693
02d7d7b3
02d787b3
00f706b3
40a68533
3e700693
00a6c763
0003d6b7
09068693
853397b6
37b300e7
95be00f5
e71ff0ef
1004a4f3
442240b2
01414492
80828082
c6061141
7473c422
88091001
e65ff0ef
0021e7b7
bc07a783
d7b78d1d
87930003
55330907
247302f5
40b21004
01414422
47838082
07b20045
97ba5d58
1207a783
0ff7f793
4745cb81
00e78463
80824505
80824501
80824501
c6061141
4540c422
47034781
fd630065
405800e7
5703c711
943a0085
b7f50785
746030ef
a011c048
85224401
442240b2
80820141
c6061141
c226c422
4104842a
43dc409c
4b9cc781
9782c391
00042223
00042823
02448513
7b4030ef
442240b2
01414492
11418082
c422c606
a039842a
89634705
30ef02e7
e1156fc0
00c41713
12072783
0ff7f793
6799f7e5
a0678793
10f72023
12072783
0ff7f793
30efbfd1
bfe960a0
40b24501
01414422
11418082
c422c606
c04ac226
84ae892a
a0318432
a00d853e
5e4030ef
4c63147d
27830004
f7930009
95e30ff7
30effe97
d56d6980
5541b7d5
442240b2
49024492
80820141
c6061141
0007a637
12060613
fb3ff0ef
014140b2
11018082
cc22ce06
c84aca26
c452c64e
89ae8a2a
843684b2
0a63893a
25030209
f533000a
478100a9
0087fb63
00279813
28039826
0d630008
078500a8
30efb7f5
e1196300
bfd1197d
55c030ef
5541bfe5
446240f2
494244d2
4a2249b2
80826105
c6061141
c226c422
892ac04a
843284ae
30efa021
147d5320
2783cc19
f7930009
81630ff7
07130297
8f630800
30ef00e7
d1755e00
5541bff9
442240b2
49024492
80820141
bfcd4501
b7fd556d
00554783
8082e391
c6061141
842ac422
e1bff0ef
40b2e509
01414422
45038082
05320044
953e5c5c
051345c1
f0ef1205
4783f13f
07b20044
97ba5c58
0ff00713
12e7a823
00444503
5c5c0532
0613953e
45813e80
12050513
f5dff0ef
1101bf6d
cc22ce06
c84aca26
84aac64e
4583842e
862e0065
02450513
5d2030ef
01048513
36d020ef
2983c080
44c00044
a0294901
0084d783
0905943e
0064c783
02f97563
0084d603
85224581
06b020ef
4605c004
05134581
30ef0084
a7835940
dbe90109
97828522
40f2b7f1
44d24462
49b24942
80826105
c6061141
c226c422
55fd842a
20ef0541
54833190
cc8900a4
00544783
4783e385
07b20044
97ba5c58
1147a483
1007aa23
40b28526
44924422
80820141
f0ef8522
d57dd19f
1141bfe9
c422c606
842ac226
00a55783
84aecf81
00554783
4783e38d
07b20044
97ba5c58
1097aa23
01040513
39b020ef
442240b2
01414492
f0ef8082
d56dcd9f
1101bfe9
cc22ce06
c84aca26
c452c64e
8a2e892a
454089b2
a0294481
00895783
0485943e
00694783
00f4fb63
d7fd405c
00098863
852285d2
f16d9982
4401a011
40f28522
44d24462
49b24942
61054a22
cd058082
c6061141
c226c422
842ac04a
85264104
f19ff0ef
8522892a
cc1ff0ef
f0ef8526
85cae37f
f0ef8526
40b2f49f
44924422
01414902
80828082
ce061101
ca26cc22
c64ec84a
c256c452
8a2e892a
450089b2
0205f793
55fdefa5
02440513
47a030ef
046357c1
85220af5
ec1ff0ef
85228aaa
c35ff0ef
cd2984aa
03452023
00544783
7593c781
c9b1004a
00492903
00492603
85cec611
f0ef8522
ed39f19f
00092783
85cec789
97828526
5583e921
e5b300a4
85220155
ebbff0ef
40f28526
44d24462
49b24942
4a924a22
80826105
b7694581
852285d6
e9bff0ef
4503b7c5
f0ef0044
53e3c2df
85d6fa05
f0ef8522
8526e85f
f0fff0ef
b7c94481
852285d6
e73ff0ef
f0ef8526
4481efdf
4481bf45
1101b775
cc22ce06
c84aca26
cd15c64e
4104842a
a903409c
27830047
cb850089
f0ef8526
89aadfbf
00892783
97828522
85ce842a
f0ef8526
8522e2df
446240f2
494244d2
610549b2
54298082
4401b7fd
7179b7ed
d422d606
d04ad226
c13dce4e
55fd84aa
30ef0521
a0193640
1d4030ef
f0ef8526
842af91f
00a05663
28e030ef
b7edd965
a903e905
27830004
a9830009
a7830047
cf9900c9
f0ef854a
c62ad83f
00c9a783
8526006c
842a9782
854a45b2
db3ff0ef
50b28522
54925422
49f25902
80826145
b7fd5429
852e87aa
5398c789
c3118b05
8082c191
c6061141
f0ef853e
40b2f75f
80820141
c11c57fd
00052223
00052423
00052623
2a23c91c
80820005
c6061141
842ac422
d15c57fd
02850513
fd9ff0ef
04042023
04042223
04840513
fc9ff0ef
06042023
442240b2
80820141
8763515c
57fd00b7
00f59663
80824501
80824501
80825555
7ff00793
00b7e563
4501d14c
55298082
11418082
c422c606
413c842a
5518c399
407cc398
5858c399
2823c398
05130004
f0ef0284
2023f6ff
22230404
05130404
f0ef0484
40b2f5ff
01414422
5d188082
5663595c
555c00f7
4501c399
4d388082
5863497c
453800f7
166357fd
450500f7
45058082
45018082
45388082
096357fd
4d3c00f7
0007d463
80824501
80825579
80825579
c791555c
c6635d1c
45010007
45018082
45058082
862a8082
d513058d
47810025
00a7fc63
58c78713
4314070a
00279713
c3149732
b7ed0785
882a8082
d613852e
f7930025
c3910035
47810605
00c7fc63
00279713
43149742
58078713
c314070a
b7ed0785
11418082
f0efc606
4513f51f
75130015
40b20ff5
80820141
d6067179
d226d422
e7b7d04a
a7830021
8d63bd87
84aa1207
c40153a0
a02353a0
53d80607
06b70742
8f750fff
100006b7
4fb08f55
026356fd
4fb008d6
58634bf4
668d10d6
47b48f55
167d6605
8f558ef1
4bf8c03a
8f154fb4
e76346ed
a9030ee6
4fb80547
40e90933
4fbc47ec
95be864a
20ef0048
05933460
850a0049
f43ff0ef
e7b78c49
a5030021
4d3cbd87
2c23993e
4d380525
4c63497c
05210af7
0b0030ef
00212637
ffa60613
85264581
b9fff0ef
0021e7b7
bca7ac23
6689a859
47b48f55
167d6605
8f558ef1
c202c03a
c43a4bb8
073747f4
e1634000
4bb402e6
00d76e63
4bb447f8
06b79736
9736c000
400006b7
00e6e463
c23a47f8
cbf84bb8
850a45b1
ebfff0ef
47a28c49
4792c399
e937c79d
09130021
2503bd89
497c0009
0521cd3c
02c030ef
00212637
ffa60613
85264581
b1bff0ef
00a92023
e7b7a819
a7830021
ac23bd87
a0210407
bf394971
85224401
542250b2
59025492
80826145
a7836785
c7816207
40f00533
11418082
c422c606
f0ef842e
8d41e8ff
6785c519
62a7a023
a0234705
40b250e7
01414422
11418082
05c2c606
0fff07b7
07b78dfd
8fcd1000
65c10632
8df115fd
e7b78ddd
a7830021
c399bd87
d3ac53b8
fa5ff0ef
014140b2
11418082
c422c606
d713c226
d69301c5
67850105
f43317fd
478500f6
00f70763
442240b2
01414492
84aa8082
89bd81b1
846347bd
478502f5
fef594e3
00212637
f6860613
852655fd
a43ff0ef
460dc929
852685a2
f7bff0ef
0793b7e1
ffe18004
0021e7b7
bd47a783
577dcf81
aa23d798
df980207
0207ae23
0021e7b7
bc07aa23
0021e7b7
bd87a503
497cdd41
0521cd3c
6fd020ef
0021e7b7
bc07ac23
4609b751
1141bf45
85aac606
f0ef4508
67058e5f
11472783
3007e793
10f72a23
40b24501
80820141
ce061101
ca26cc22
c64ec84a
89ae892a
45058432
76e000ef
84aac905
00347613
8c11c219
86a20411
85ca864e
25718526
8526842a
768000ef
40f28522
44d24462
49b24942
80826105
b7fd5479
ce061101
ca26cc22
c64ec84a
c256c452
2983842a
29030005
106303c5
49010209
f0ef8522
854ac11f
446240f2
494244d2
4a2249b2
61054a92
84ae8082
02c52a03
03452a83
854e418c
8f3ff0ef
85d28656
f0ef854a
892af63f
f0ef854e
c08889bf
4505b7c1
71798082
d422d606
d04ad226
892e84aa
f0ef850a
4782c55f
01c7d613
0107d693
177d6705
00e6f433
00c7d693
47058ff9
00e61c63
470d8abd
01277863
8b634705
470d00e6
0ce68c63
542250b2
59025492
80826145
16e34731
e737fee9
27030021
c719bd47
85a2462d
f0ef8526
bfe9df1f
00212637
f6860613
852685be
89bff0ef
0021e7b7
bca7aa23
f0efc541
c53dbc7f
e7b74622
a7830021
5b98bd47
04c76663
dbd0d780
e5814592
0207ac23
43c8bf71
f4fff0ef
e437c105
04130021
4008bd44
dd1c47a2
dd5c4792
20ef0521
202354f0
bf9d0004
85a24631
f0ef8526
e7b7d81f
aa230021
b78dbc07
85a24621
f0ef8526
e7b7d6df
aa230021
b7b9bc07
85a24625
f0ef8526
e7b7d59f
aa230021
bf2dbc07
85a24629
f0ef8526
b73dd45f
75e34711
0713f327
61e30200
e737f327
27030021
0be3bd47
5714f007
f08698e3
95e35354
5f14f0f6
d1e35b5c
5f1cf0f6
ee07cee3
5b5c1971
8f955f14
0127f763
03472903
09335f1c
574840f9
864a5f1c
953e004c
715010ef
0021e7b7
bd47a503
993e5d1c
03252c23
595c5d18
ecf740e3
20ef0521
e7b748b0
aa230021
b57dbc07
ce061101
ca26cc22
c64ec84a
a4036785
a9031107
a8231147
74331087
77930089
c39d1004
a4836785
79fd6507
0134f9b3
02099363
e4b3ec85
c4990134
a8236785
47056407
50e7a023
20047793
7413eb85
84a2cff4
85cea091
0021d537
6a850513
c93ff0ef
17fd6785
b7e98cfd
d53785a6
05130021
f0ef6a85
bf75df1f
d5374581
05130021
f0ef6a85
b7d1c07f
97b34785
c7930137
8c7dfff7
8522cc29
c01f10ef
02000793
40a78533
fff50993
0793057d
ede303f0
b737fca7
17930021
07130035
97ba6c87
d3f943dc
00211737
fd070713
fae78ee3
0021b737
0713050e
953a6c87
97824108
97b34785
c7930137
8cfdfff7
e881bf71
446240f2
494244d2
610549b2
c7938082
f933fff4
67850127
1127aa23
10ef8526
bff938c0
67058d6d
10a72823
100177f3
26838b89
c5931147
8df5fff5
2a238dc9
a7f310b7
80821007
000407b7
1207a783
0ff7f793
8c634705
071300e7
86630f00
478100e7
4501c799
47858082
4785bfe5
556dbfd5
07b78082
a5030004
75131207
15410ff5
00153513
11418082
85aac606
f0ef4508
4501cf8f
014140b2
11418082
07b7c606
a7030004
a8231107
e53710e7
05130021
052173c5
2d1020ef
014140b2
11418082
85aac606
e5374601
05130021
f0efa885
40b2e3ef
80820141
c6061141
df6ff0ef
014140b2
28238082
07130005
515c0345
2783c398
078a0945
c31c5558
09452703
c398591c
000627b7
05500713
12e7a823
1207a783
0ff7f793
8c634741
071300e7
86630f00
478100e7
4501c799
47858082
4785bfe5
5549bfd5
77fd8082
f7b7953e
3533000f
808200f5
000627b7
1207a783
0ff7f793
0f000713
00e78c63
08000713
00e78663
45134501
80820015
bfe54505
bfd54505
000627b7
1207a783
0ff7f793
0f000713
00e79463
80824501
8082556d
000627b7
30078713
8713d158
d5183047
30878713
8793d558
d91c30c7
a8394701
00271793
078a97ba
04078793
079197aa
00c70693
96aa068a
0705c2dc
f1e3478d
8082fee7
c6061141
450885aa
baaff0ef
40b24501
80820141
c6061141
000627b7
1107a703
10e7a823
0021e537
76050513
20ef0521
40b21830
80820141
0035f793
14079763
d6067179
d226d422
ce4ed04a
ca56cc52
c65ec85a
84aac462
89b2892e
8c3a8436
00367793
12079563
0036f793
12079363
f263478d
07b712d7
17f10004
10d7ef63
f0ef8532
8aaaee5f
f0ef854a
8a2aeddf
000a8463
10051563
0004ab83
f0ef855e
8b2ab8af
87936791
7c33c007
27b700fc
a7830006
f7931207
47050ff7
02e78763
85da546d
f0ef855e
85a2ba8f
f0ef8526
50b2e06f
54925422
49f25902
4ad24a62
4bb24b42
61454c22
06138082
45810500
04448513
373010ef
040a8a63
102c6c13
0584a223
0524aa23
25098793
8009c8bc
ea33c4e0
7a13014a
04630ffa
07b7020a
87930003
ccbc1017
040a8e63
10098913
0524ae23
87936799
d0bca067
aa234789
852608f4
dcfff0ef
bfa5842a
000a0c63
102c6c13
0584a223
29090793
a823c8fc
b7750534
000307b7
10278793
00fc6c33
0584a223
0534a823
0524aa23
aa234785
b77108f4
10090913
5529b765
55298082
5529b789
5529bf3d
5529bf2d
5529bf1d
1141bf0d
4701c606
e91ff0ef
014140b2
11018082
cc22ce06
c84aca26
c452c64e
c05ac256
89ae842a
89368ab2
2a038b3a
85520005
a54ff0ef
27b784aa
a7830006
f7931207
45050ff7
02a78563
85a6596d
f0ef8552
85caa7cf
f0ef8522
40f2cdaf
44d24462
49b24942
4a924a22
61054b02
06138082
45810500
04440513
24b010ef
000307b7
10178793
0763c07c
47b7000b
87930003
c07c1017
05542423
05342623
05642823
05242a23
2a234785
852208f4
cc3ff0ef
bf61892a
c6061141
46814701
f53ff0ef
014140b2
11418082
85aac606
e5374601
05130021
f0efad05
40b2abef
80820141
c6061141
a76ff0ef
014140b2
511c8082
c3998b85
80824501
c6061141
bbeff0ef
014140b2
45018082
07378082
07b70006
17fd4000
30f72223
45018082
07b78082
37370007
a0233b04
073730e7
a2230308
073730e7
a4231f09
373730e7
a6233904
073730e7
a8230108
073730e7
aa231d09
373730e7
ac233804
073730e7
ae230008
073730e7
a0231c09
808232e7
2223515c
07370205
27030005
77131207
06930ff7
1e630f00
cf9502d7
07134b94
84630ff0
450100e6
86138082
470102c7
67d1a821
08478793
078a97ba
00271693
439c96b2
0705c29c
f4e3479d
4501fee7
556d8082
55298082
07b78082
a7830005
f7931207
47410ff7
00e78a63
0f100713
00e78463
80824501
80824505
80824505
80824501
c6061141
450885aa
816ff0ef
40b24501
80820141
c6061141
000507b7
1107a703
10e7a823
0021e537
7f850513
20ef0521
40b25ee0
80820141
12052503
01255793
03f7f793
5793c19c
c21c01a5
0ff57513
07b78082
d15c0002
80824501
80824501
de067139
da26dc22
d64ed84a
d256d452
ce5ed05a
ca66cc62
8b3ec86a
00377793
1a079a63
84ae892a
8ab68432
77938a3a
c3990036
1a0b0263
0c63eb81
4791000b
0087eb63
a0114b81
89634b81
1471020b
4b81a035
4b85bfdd
0c37bfcd
1c710004
864a86e2
854e85a6
d47ff0ef
e1218caa
f0ef854e
94e2e1ff
41840433
0ff00793
0487fa63
f0ef4505
89aadf1f
14050863
10090d13
87936799
20232067
07b710f9
17f10004
fa87ebe3
ffc47c13
854ebf55
de1ff0ef
f0ef4505
842adc1f
12050163
6599866a
a0658593
d9dff0ef
f0ef8522
a231dc3f
89936989
478d7109
0487f263
04098063
003019fd
854a006c
eedff0ef
08000793
10f50463
ef9947b2
7ee3460d
4832fc86
fc080be3
c642187d
28234090
147124c9
b7dd0491
89936989
bff97109
0f305063
040b0863
000b8363
47850411
008797b3
674117fd
20238fd9
698914f9
71098993
19fd87ce
0030c785
854a006c
e89ff0ef
08000793
0af50663
06400793
fef512e3
dff947b2
4080c011
24892823
09305c63
04136409
a0217104
f763478d
87a20547
c3b9147d
006c0030
f0ef854a
0793e4bf
0b630800
478506f5
02f50863
04100793
02f50463
06000793
02f50063
f5e3478d
47a2fd47
17fdd3f1
2783c43e
a0232909
1a7100fa
b7dd0a91
04805263
a0314c81
a0215ca9
a0115ca9
85665cf9
546250f2
594254d2
5a2259b2
5b025a92
4c624bf2
4d424cd2
80826121
b7c55ced
bff15c81
bfe15ced
bfd15c81
bfc15ced
b7f15c81
c6061141
450885aa
da3fe0ef
40b24501
80820141
ce061101
ca26cc22
c64ec84a
c256c452
7793c05a
ebcd0036
89ae842a
893684b2
00052b03
e0ef855a
8a2ade7f
02442a83
02042423
02040623
8b91501c
c485c781
a8a15929
133aa823
e793cc99
a8230019
478512fa
46814701
85a6864a
f0ef8556
892ad7bf
c8a9e91d
06136609
05937106
85130410
e0ef120a
892ac77f
e993ed19
a8230059
6609133a
71060613
06000593
120a8513
c59fe0ef
85d2892a
e0ef855a
854adb5f
446240f2
494244d2
4a2249b2
4b024a92
80826105
8b91501c
e993f7d5
a8230039
b7c1133a
bfe15929
ce061101
ca26cc22
c64ec84a
c9a1c452
84ae842a
f7938932
e7a10035
00052a03
e0ef8552
89aad1ff
47014781
864a4681
504885a6
cd9ff0ef
e50984aa
99325410
03242423
855285ce
d3ffe0ef
40f28526
44d24462
49b24942
61054a22
54a98082
54a9b7f5
7179b7e5
d422d606
d04ad226
cc52ce4e
c85aca56
c462c65e
8c63c266
84aa1206
8a328b2e
89ba8936
12070763
0035f793
12079563
0036fa93
120a9363
4783c609
906302c5
ac831207
85660004
c91fe0ef
ac038baa
24030244
6785130c
f0078793
c7838c7d
c79302c4
a7030017
86ca0009
85da8652
f0ef8562
892ac33f
5490ed39
a4239a32
07930344
08635000
e8630af4
07930687
05632000
f0630af4
07930287
02633000
07930af4
1f634000
27b700f4
01630002
4af108fc
d875a801
10000793
00f41463
02000a93
0009a783
00faf463
0159a023
86234785
85de02f4
e0ef8566
854ac45f
542250b2
59025492
4a6249f2
4b424ad2
4c224bb2
61454c92
07938082
c7a98004
87936785
fa638007
67850087
90078793
faf41ae3
04000a93
0793b775
06e36000
0793f8f4
1fe37000
0a93f8f4
bf590200
04000a93
0a93bf41
b7690200
03000a93
0a93b751
bfbd0400
03000a93
5929bfa5
5929b779
5929b769
5929b759
5929b749
1141bfbd
85aac606
e5374601
05130021
e0efae85
40b2c77f
80820141
c6061141
c2ffe0ef
014140b2
11018082
cc22ce06
c84aca26
c452c64e
0035f793
842eefb5
84b689b2
00052a03
e0ef8552
892ab2ff
e0ef4509
6509909f
30852023
12952823
051345c1
e0ef1205
842a97ff
02054463
08000793
00f50d63
08100793
00f50b63
a7836789
a0233047
440100f9
547da021
546da011
07136789
a8230ff0
85ca12e7
e0ef8552
8522b1df
446240f2
494244d2
4a2249b2
80826105
b7f55429
ce061101
ca26cc22
c64ec84a
c256c452
0035f793
842eefbd
893689b2
2a8384ba
85560005
a99fe0ef
45098a2a
873fe0ef
20236509
22233085
24233135
28233125
45c11295
12050513
8e1fe0ef
4b63842a
07930005
0a630800
079302f5
18630810
546d02f5
07136789
a8230ff0
85d212e7
e0ef8556
8522a91f
446240f2
494244d2
4a2249b2
61054a92
547d8082
4401bfe1
5429bfd1
1141b7cd
85aac606
e0ef4508
45019a9f
014140b2
11418082
4691c606
ebfff0ef
014140b2
11418082
4715c606
f41ff0ef
014140b2
11018082
cc22ce06
c84aca26
84ae892a
00708432
f0ef4581
ed09fcdf
c4094632
00167793
00f40023
6613cc81
47b20016
00c79a63
446240f2
494244d2
80826105
b7f59a79
458156fd
f0ef854a
b7ddfa9f
c6061141
45814601
0021e537
af450513
aa5fe0ef
014140b2
11418082
e0efc606
40b2a5df
80820141
a5036791
75131207
15410ff5
00153513
11418082
85aac606
e0ef4508
45018edf
014140b2
67918082
1207a783
0ff7f793
0f000713
00e78e63
0f300713
00e78863
cb894781
d6067179
a0254701
bfd54785
bfc54785
8082556d
87936785
97ba0a47
4394078a
00271793
97b21010
fed7a023
479d0705
fee7f2e3
858a5550
10ef5508
45010f20
614550b2
11418082
6511c606
0ff00793
12f52823
3e800613
05134581
e0ef1205
40b2fbaf
80820141
c6061141
842ac422
07136761
46956a07
0021c637
5a460613
0ff00593
05136511
e0ef1205
4763f30f
07930205
05630f00
079302f5
03630f30
478502f5
00f50363
c7a54781
a8236791
a4371287
04130007
a8111204
b7f54781
b7e54785
b7d54785
495010ef
4e63147d
67910004
1207a783
0ff7f793
96634741
10ef00e7
d17d5450
6791b7c5
1207a503
0ff57513
006347c1
079302f5
0e630f00
079300f5
0c630f30
40b200f5
01414422
556d8082
5541bfdd
4501bfcd
4501b7fd
1141b7ed
f0efc606
40b2f43f
80820141
c6061141
842ac422
ef91515c
f0ef4515
2223fe5f
24230204
26230204
40b20204
01414422
45118082
dc2fe0ef
1141b7c5
c422c606
84aac226
450d842e
fb7ff0ef
d0c0cc31
07136761
46956a07
0021c637
5a460613
0ff00593
05136511
e0ef1205
4763e2cf
07930205
05630f00
079302f5
03630f30
478502f5
00f50363
c38d4781
e97ff0ef
40b24501
44924422
80820141
b7f54781
b7e54785
b7d54785
b7e54501
b7d5556d
c6061141
450885aa
ee6fe0ef
40b24501
80820141
80824501
05a00793
02f50663
07b70542
8d7d00ff
40c007b3
674107a2
8ff9177d
05b38d5d
f59340b0
8d4d0ff5
a6236785
808250a7
bfd94501
c6061141
fc9ff0ef
100177f3
10500073
1141bff5
67adc606
1207a783
672dcfa5
12f72023
12f72423
02000713
02f76363
6d63c7b1
078a00f7
0021c737
5e870713
439c97ba
05138782
a8290700
05a00513
0713a811
89630400
071302e7
98630800
452102e7
55815671
f99ff0ef
05200513
4509bfd5
0513bfc5
b7ed0740
05a00513
0513b7d5
bff90400
05000513
0513bfe1
bfc905a0
67adcd11
12a7a423
34102773
12e7a623
55ed5671
05a00513
f55ff0ef
55ed5649
05a00513
f49ff0ef
80824541
95334785
157d00a7
07b78082
8d7d0007
000407b7
04f50663
02a7e463
000207b7
04f50263
00a7f863
000307b7
04f51263
80824535
67c1c915
02f51a63
8082453d
000607b7
02f50863
000707b7
00f51463
80824511
000507b7
02f51063
80824521
80824531
80824539
80824541
8082557d
8082557d
80824519
8082557d
80824501
c6061141
450885aa
d5afe0ef
56634781
450100f0
014140b2
07138082
86b302c0
f73702e7
07130021
97368c87
0021c6b7
69868693
0785d354
1141bfd9
c422c606
84aac226
a0314401
a835853e
1b1010ef
47b70405
8793000f
e26323f7
27b70287
a7830005
f7931207
8d630ff7
071300f4
8be30800
10effce7
d9792510
0513bfc1
a011fc40
40b24501
44924422
80820141
c6061141
c226c422
842e84aa
f0ef8532
e111f9df
40b2c004
44924422
80820141
c6061141
450885aa
caafe0ef
40b24501
80820141
d6067179
d226d422
ce4ed04a
ca56cc52
c65ec85a
10058f63
499c842e
10078d63
799345d8
9a6300f7
67851009
e86317c1
290310e7
854a0005
cdcfe0ef
460584aa
000525b7
20058593
f0ef4008
c505f83f
85a6546d
e0ef854a
4463d04f
85220e80
542250b2
59025492
4a6249f2
4b424ad2
61454bb2
46058082
000525b7
20458593
f0ef4048
c119f4bf
b7e1546d
46054408
000525b7
20858593
f0ef893d
c119f33f
bf45546d
00c42a03
004a5a13
25b74605
85930005
85521405
f15ff0ef
2a83e92d
8b4e0104
0613a80d
25b70200
85930005
45051305
ef9ff0ef
fd25842a
02630b05
0513054b
f0ef0200
842ae91f
27b7f13d
ab030005
766320c7
8bce034b
e4e3478d
65d5fd77
88458593
061395de
058a0200
000aa503
eb9ff0ef
fd05842a
0a910b85
0513bff1
f0ef0f00
842ae51f
546db71d
5429b70d
5429b72d
5429b71d
5429b70d
546dbf39
1141bf29
4601c606
e5374581
05130021
e0efb0c5
40b2ccef
80820141
c6061141
c86fe0ef
014140b2
f7938082
e39d3005
0021e7b7
a287a783
00b7f733
00b71e63
fff5c713
e7378ff9
24230021
d14ca2f7
80824501
80825529
80825541
35135548
80820015
c399591c
c3985558
02052623
80824501
c6061141
7473c422
88091001
0021e7b7
be078793
8d394398
8d398d6d
e7b7c388
a5830021
e0efbdc7
2473d5bf
45011004
442240b2
80820141
c6061141
c226c422
74f3842a
88891001
4501514c
fb5ff0ef
1004a4f3
e7b75054
87930021
4398a287
c3988f55
02042623
02042423
02042223
02042823
442240b2
01414492
11418082
c422c606
842ac226
e7b74504
ae230021
4781bc07
4685a821
00f69633
0021e737
bdc70713
8ed14314
0785c314
6763477d
871302f7
4685ff87
fee6f9e3
02078693
0021b737
0713068e
97366c87
17374354
07130021
9ae3fd07
bf75fce6
0021e7b7
bdc7a583
0021e7b7
a2b7a423
e0ef4501
85a2c93f
e0ef8526
45019f0f
442240b2
01414492
11418082
c422c606
842ac226
50634481
44130290
e7b7fff4
87930021
4388be07
c3808c69
442240b2
01414492
07938082
87330340
f7b702f4
87930021
97ba9187
8fe1579c
0713cf85
86b30340
f73702e4
07130021
97369187
8fd55754
e38dd75c
fff44713
03400793
02f486b3
0021f7b7
91878793
579497b6
d7988f75
bf410485
00870513
75c010ef
7793bfe1
e7990035
99f1058d
95aa15f1
0005a023
11418082
c422c606
c04ac226
892e84aa
85b28432
fdbff0ef
85ca8622
00ef8526
40b21930
44924422
01414902
11018082
cc22ce06
c84aca26
892ac64e
84b2842e
67b3e685
8fc50089
0037f713
9426e315
1471cca9
00490993
00ef4008
2023f46f
14f100a9
b7ed894e
f0ef85b2
bfd1f85f
e3858b85
c8959426
57831479
07a20004
00045703
8fd98321
00f91023
090914f9
9426b7dd
fff48793
147dc889
00044703
00e90023
84be0905
40f2b7f5
44d24462
49b24942
80826105
000307b7
00100737
20e7a023
2007a023
11418082
0021c7b7
d3078793
479843d4
c23647dc
c63ec43a
000307b7
11111737
11170713
24e7a823
aa234712
472224e7
24e7ac23
ae234732
470524e7
20e7ae23
01414501
e7b78082
a5030021
7513be47
35130555
80820015
80824501
c6061141
45816609
00200537
00050513
0c7000ef
014140b2
11418082
85aac606
e0ef4508
e7b7800f
a2230021
4501be07
014140b2
11418082
07b7c606
a6030003
ac232187
e73720c7
07130021
4314be47
c3148ed1
1107a703
10e7a823
0021e537
06050513
10ef0521
40b25ba0
80820141
20700793
0aa7e663
20200793
04f57363
f7634795
079302a7
e7631070
079318a7
65631020
051308f5
4795efe5
04a7ec63
d7b7050a
87930021
953e3387
8782411c
8082e521
0021c537
7a850513
45018082
05138082
4795dfe5
00a7ef63
d7b7050a
87930021
953e3507
8782411c
0021d537
c3050513
45018082
d5378082
05130021
80828685
80824501
ef634795
050a00a7
0021d7b7
36878793
411c953e
c5378782
05130021
80826e85
80824501
80824501
30000793
0ef50c63
0ef56f63
800007b7
ec6307cd
07b70ea7
079d8000
02f56263
800007b7
ff97c793
47b1953e
f6a7e9e3
d7b7050a
87930021
953e3807
8782411c
80824501
0021c537
76850513
c5378082
05130021
80827e85
0021d537
82850513
d5378082
05130021
80828e85
0021d537
92850513
d5378082
05130021
80829685
0021d537
9a850513
d5378082
05130021
8082de85
0021d537
ee850513
d5378082
05130021
80820185
0021d537
17850513
d5378082
05130021
8082b705
0021d537
bf050513
d5378082
05130021
8082a885
0021d537
bb050513
d5378082
05130021
8082d005
0021d537
8a850513
c5378082
05130021
80827285
80824501
0021d537
9e850513
45018082
45018082
d7b78082
87930021
05638287
414800f5
8082050a
04200513
07b78082
a5030003
57932207
8bbd0085
82634711
472102e7
00e78f63
000307b7
2207a703
1207a783
0ff7f793
84634685
450104d7
11418082
f0efc606
07b7d17f
a7030003
a7832207
f7931207
46850ff7
00d78663
40b24501
80820141
00875793
e7918bbd
8b3d8311
4505e709
4501b7ed
4501b7dd
5793b7cd
8bbd0087
8311e791
e7098b3d
80824505
80824501
80824501
c6061141
86cfe0ef
014140b2
d50c8082
2823d550
e7b70005
87930021
4398be47
faa77713
07b7c398
a4230003
450128b7
41dc8082
67410785
8ff91779
02a78533
7ff00793
00a7e963
07b7050a
87930020
953e0007
45018082
11418082
c422c606
c04ac226
842e84aa
ef3ff0ef
1793892a
97a20014
00379713
0021d7b7
3c078793
438897ba
1e6357fd
179308f5
97a20014
00379713
0021d7b7
3c078793
43c897ba
186357fd
179308f5
97a20014
00379713
0021d7b7
3c078793
478897ba
126357fd
179308f5
97a20014
00379713
0021d7b7
3c078793
47c897ba
1c6357fd
179306f5
97a20014
00379713
0021d7b7
3c078793
4b8897ba
166357fd
159306f5
942e0014
00341593
0021d437
3c040413
4848942e
106357fd
40b206f5
44924422
01414902
85a68082
f0fff0ef
548c864a
adfff0ef
85a6bfa9
effff0ef
54cc864a
acfff0ef
85a6b79d
eefff0ef
588c864a
abfff0ef
85a6bf8d
edfff0ef
508c864a
aafff0ef
85a6bfbd
ecfff0ef
4ccc864a
a9fff0ef
85a6b769
ebfff0ef
50cc864a
a8fff0ef
7179bf59
d422d606
d04ad226
cc52ce4e
c85aca56
892ac65e
000307b7
2207a503
00855793
47118bbd
02e78263
8f634721
4b8100e7
03090b13
03092503
f0efcd01
8aaad9df
03490413
a0254481
af5ff0ef
b7cd5ba9
b7fd4a81
03092583
f0ef4408
85aae55f
86524681
f0ef854e
0485a4df
8a630441
478d020a
0297e763
00042983
fe0987e3
00442a03
000a1363
445c8a56
2583f7e1
44080309
e1bff0ef
865285aa
2e59854e
0613b7e9
45810440
2ed1855a
48014781
02f92423
03092623
50b2855e
54925422
49f25902
4ad24a62
4bb24b42
80826145
c6061141
f2bff0ef
014140b2
76138082
c1100ff6
47854998
00f70a63
078541dc
07a28385
c1108e5d
80824505
08066613
49d8c110
00f70463
8082557d
07a24d9c
67a18e5d
c1108e5d
80824501
de067139
da26dc22
d64ed84a
d256d452
ce5ed05a
84ae842a
8ab689b2
2b038a3a
855a0005
b01fd0ef
f0ef892a
c171ca9f
f0ef8526
8baac89f
0021d7b7
b7078793
0af48063
0021d7b7
bf078793
08f48a63
450d85a6
d3fff0ef
865e4685
f0ef85ce
4605939f
006885a6
f5bff0ef
046357fd
478508f5
00f51e63
0204a983
06098f63
453585a6
d0fff0ef
85ce865e
8dfff0ef
04400613
05134581
24e10304
2a23d804
478d0354
2223dc5c
47910544
45b2c47c
85224601
cbbff0ef
85ca84aa
d0ef855a
85a6aadf
f0ef8522
50f2c9bf
54d25462
59b25942
5a925a22
4bf25b02
80826121
450d85a6
cafff0ef
85ce865e
87fff0ef
54edbf8d
44d9b7d9
44d9b7c9
4501bf7d
736341dc
179302f5
88330025
280300f6
08b30008
a88300f6
97ba0008
01184833
0107a023
bfe90505
80824501
12058d63
de067139
da26dc22
d64ed84a
d256d452
ce5ed05a
ca66cc62
84aac86a
8cb2842e
8b3a8bb6
8ac2893e
2c038d46
85620005
9c5fd0ef
f0ef8a2a
e905b6df
85d2546d
d0ef8562
85a29f9f
f0ef8526
50f2be7f
54d25462
59b25942
5a925a22
4bf25b02
4cd24c62
61214d42
85228082
b1fff0ef
85a289aa
f0ef4501
4685bedf
85e6864e
fe6ff0ef
450585a2
bdbff0ef
864e4685
f0ef85de
0663fd4f
f5630009
894e0129
894ea011
450985a2
bbbff0ef
4581864e
85a22249
f0ef4509
4685badf
85da864a
fa6ff0ef
450d85a2
b9bff0ef
864e4685
f0ef85d6
85a2f94f
f0ef4511
4685b89f
85ea864e
f82ff0ef
e399485c
cf8d481c
85a24601
f0ef0068
57fdd9df
02f50b63
04400613
85134581
22250304
4786d880
4789d8dc
4785dcdc
45b2c0bc
85264601
b1fff0ef
bf21842a
85224585
b5fff0ef
5429b7c1
5529b729
11418082
85aac606
e5374601
05130021
d0efb185
40b29bbf
80820141
c6061141
973fd0ef
014140b2
c5158082
c6061141
842ac422
5558551c
e7918fd9
40b24501
01414422
d0ef8082
4781aadf
d41c4801
03042623
5529b7ed
11418082
0713c606
c9580145
c0efcd18
40b2cf7f
80820141
c6061141
e437c422
04130021
e7b7b6c4
87930021
7763b6c7
852200f4
fcfff0ef
b7f50471
40b24501
01414422
11418082
2229c606
c11c47b1
40b24501
80820141
00b547b3
c3998b8d
a83587aa
f71387aa
cf190037
c703ca15
80230005
167d00e7
07850585
4198b7ed
1671c398
07910591
6ae3470d
a801fec7
0005c703
00e78023
0585167d
fa6d0785
f6938082
87aa0ff5
0037f713
ca15c719
00d78023
0785167d
f593bfc5
97130ff5
8f4d0085
01071593
470d8dd9
00c77a63
1671c38c
bfd50791
00d78023
0785167d
8082fe65
8082557d
0021e7b7
a2a7a623
488d8082
00000073
48958082
00000073
11418082
c422c606
84aac226
00251713
0021d7b7
44c78793
438097ba
2223a021
04310004
00148793
00279713
0021d7b7
44c78793
439c97ba
00f47963
d3e5401c
852243dc
dd719782
40b2bfd9
44924422
80820141
0021f7b7
a2c78793
05134788
80820645
ce061101
842acc22
0021d7b7
46078793
4785c23e
48bdc03e
47814801
66b74701
86930021
061380c6
00ef2000
478355d0
9bed00d4
00f406a3
446240f2
80826105
ce061101
ca26cc22
06234485
06a30095
00ef0095
f7b72b10
f5370021
04130021
87939bc5
d380a2c7
0021d7b7
46878793
c026c23e
480148b9
47014781
002146b7
69068693
f5b76621
85930021
0513b205
00ef9bc5
47834f50
f79300d4
06a30fb7
8bed00f4
f7b7eb99
87930021
4f9c9bc7
4781c399
4785a021
4781a011
f537ef9d
04930021
75b794c5
85930022
0513b205
f0ef94c5
f437f2ff
04130021
c444a2c4
6b3000ef
0021f7b7
a4478793
cc5ccc1c
446240f2
610544d2
f5378082
05130021
2b099bc5
1141bf6d
7573c606
89091001
b45ef0ef
c6061141
0021e537
ba850613
0021f7b7
b1878793
40c78633
05134581
f0efba85
40b2e0df
80820141
c6061141
f0ef4509
d537e5df
05130021
c0ef4705
450df83f
e4bff0ef
4af000ef
bc4fc0ef
0021f7b7
9bc78793
00c7c703
86239b79
678500e7
50c7a583
0ff5f513
0533cd11
81a140a0
0ff5f593
05b34601
f0ef40b0
40b2e09f
80820141
b7e55549
de867119
f437dca2
04130021
77b7a2c4
87930022
c05c5207
ffff0297
90428293
10529073
07000613
850a4581
d77ff0ef
06a34785
242300f1
45010024
dc7ff0ef
f0ef4505
850adc1f
e5dff0ef
f1fff0ef
00b55363
c46385aa
852e0005
45018082
45088082
00e50783
00b79363
11418082
00efc606
40b27860
80820141
00052423
00052623
c148c108
11418082
c422c606
c04ac226
f7b7842a
87930021
4798a2c7
00f74783
07a317fd
455c00f7
efbdeb9d
0021f737
a2c70713
07034718
c81800e7
c45c0785
0021f7b7
a2c78793
c41c479c
44812685
40b28526
44924422
01414902
84ae8082
f7374514
07130021
4718a2c7
fae68fe3
8583cd95
050300e6
f0ef00e7
7973f53f
79131001
441c0029
00e78783
02f54363
862286a6
f53785ca
05130021
257da2c5
ed0984aa
b76d2621
bf414818
54c12601
85aab745
f0ef8522
bfd9f29f
0463401c
480c02f4
8503c791
f0ef00e7
85aaf03f
100174f3
85228889
f07ff0ef
1004a4f3
54d524f1
480cb7b5
1141b7e5
c422c606
c04ac226
f7b7842a
87930021
4798a2c7
00f74783
07a317fd
455c00f7
8b634705
17fd00e7
2c59c55c
442240b2
49024492
80820141
10017973
00297913
f0ef490c
8522eb1f
84aa2f2d
c905c408
00d54783
e7998bfd
c3994d1c
a0214781
a0114785
eb894781
10092973
0604a623
00e48783
bf55c81c
24798526
2623b7f5
29730004
b7551009
80824508
c6061141
888fd0ef
e7b7872a
a5030021
972abec7
0021f7b7
a2c78793
4581cb98
4e5000ef
014140b2
07038082
878300e5
446300e5
450100f7
45058082
11418082
c422c606
c04ac226
84ae892a
74734781
88091001
f7b7ef85
87930021
a823a2c7
07930007
47290099
02e7c7b3
0021e737
bef72623
0021e7b7
be97a423
f85ff0ef
00247793
1007a7f3
b7e94785
442240b2
49024492
80820141
c6061141
c226c422
4781842a
100174f3
e38d8889
f0ef8522
85a2f4ff
47832859
9bf500d4
00f406a3
0024f793
1007a7f3
b7c54785
00042423
442240b2
01414492
f7b78082
a7830021
c791a2c7
0025f513
10052573
11418082
852ec606
fc8ef0ef
014140b2
f7b78082
a7830021
c789a2c7
25738909
80821005
c6061141
fa8ef0ef
014140b2
47818082
100176f3
e38d8a89
0021f7b7
a2c78793
47834798
17fd00f7
00f707a3
0026f793
1007a7f3
b7c54785
41d88082
c31c419c
c3d841d8
0005a023
0005a223
11418082
c422c606
842ac226
74f34781
88891001
8522e395
e89ff0ef
f0ef85a2
4783fd1f
9bf500d4
00f406a3
0024f793
1007a7f3
bff94785
00042423
01840513
305000ef
442240b2
01414492
87aa8082
83634108
808200a7
bff54501
c6061141
c226c422
f53784aa
05130021
0513a2c5
f0ef0245
842afddf
ec85c51d
0021f7b7
a2c78793
47834798
8bfd00d7
5683e39d
079300e7
fe6307f0
f7b700d7
87930021
d398a2c7
f7b7a02d
87930021
47c0a2c7
f7b7b7e9
87930021
479ca2c7
00878463
de5ff0ef
0021f7b7
a2c78793
40b2d380
44924422
80820141
c6061141
4781c422
10017473
e7858809
0021f7b7
a2c78793
47834798
078500f7
00f707a3
f0ef4505
7793f5ff
a7f30024
47851007
7573bfe9
89091001
e8fff0ef
442240b2
80820141
c6061141
c226c422
84aac04a
79734781
79131001
a0990029
c0dc405c
405cc080
c044c384
4401a831
f7b7a0a1
87930021
8713a2c7
c0980247
c0d85798
d784c304
00d4c783
0407e793
00f486a3
f0ef4501
7793eeff
a7f30029
47851007
f7b7eb9d
87930021
53c0a2c7
02478793
faf40de3
85a2dc4d
f0ef8526
fd59d39f
f7b7d45d
87930021
579ca2c7
faf401e3
f06d4000
40b2bf69
44924422
01414902
11418082
c422c606
c04ac226
0493842a
2783fe85
cb95ff05
79734781
79131001
a00d0029
f0ef8526
85a6cbff
e07ff0ef
ff544783
0aa39bf5
7793fef4
a7f30029
47851007
2823d3e5
4783fe04
f793ff54
0aa30eb7
8badfef4
401ce799
4781c399
4785a021
4781a011
40b2e799
44924422
01414902
85268082
eedff0ef
1101b7fd
cc22ce06
c84aca26
84aac64e
79734781
79131001
a8910029
c0dc405c
405cc080
c044c384
4401a831
f7b7a8b9
87930021
8713a2c7
c0980247
c0d85798
d784c304
00d4c783
0407e793
00f486a3
0021f7b7
a2c78793
8d054788
00153513
dc5ff0ef
00297793
1007a7f3
ef9d4785
0021f437
a2c40413
02440993
854e85a6
d37ff0ef
02e35040
d055fb34
852685a2
c07ff0ef
dc41f541
0021f7b7
a2c78793
06e3579c
4000f8f4
b751f06d
446240f2
494244d2
610549b2
e7b78082
a7830021
cf85bec7
0021f7b7
a2c78793
d683479c
071300e7
626307f0
868302d7
e73700e7
27030021
ca63be87
e73700e6
27030021
8463a547
4f9800e7
f7b7cb01
87930021
a823a2c7
80820007
0021f737
a2c70713
5a634b18
053300e5
f7b740a7
87930021
cb88a2c7
11418082
853ec606
ed7ff0ef
b3dff0ef
014140b2
11418082
c422c606
842ac226
74f34781
88891001
85a2a83d
0021f537
a2c50513
02450513
c5bff0ef
00d44783
fbf7f793
00f406a3
0021f7b7
a2c78793
8d014788
00153513
ca9ff0ef
0024f793
1007a7f3
e7994785
00d44783
0407f793
bf65dfe1
442240b2
01414492
11018082
cc22ce06
c84aca26
84aac64e
89b2892e
f87ff0ef
00d4c783
0027e793
00f486a3
02090d63
0124a423
00092403
04890863
85a2cc09
f0ef8526
e915abdf
2703c419
04630049
400000e4
a023f465
27830124
c0dc0049
2223c384
57fd0099
02f99263
446240f2
494244d2
610549b2
405c8082
c080c0dc
c384405c
b7c5c044
bf4d4401
00998613
463349a9
06050336
002155b7
c0658593
01848513
b7d92d25
c6061141
842ec422
863685b2
0021f7b7
a2c78793
f0ef4788
8522f4df
accef0ef
442240b2
80820141
ce061101
ca26cc22
c64ec84a
c256c452
8a2e892a
79f34781
f9931001
44010029
4405a821
4401a011
0723e015
f7930149
a7f30029
47851007
4783ebc9
8bfd00d9
2783f3fd
dff10189
bff94401
0021f4b7
a2c48493
02448a93
855685ca
af3ff0ef
01490723
806350c4
c0850754
854a85a6
9bfff0ef
c891ed15
0021f7b7
a2c78793
8463579c
408400f4
f7b7f0ed
87930021
8713a2c7
20230247
579800e9
00e92223
01272023
0327a423
f0ef4505
b741b13f
222340dc
202300f9
40dc0099
0127a023
0124a223
4481b7d5
c809b74d
0021f7b7
a2c78793
c783479c
cb9100f7
446240f2
494244d2
4a2249b2
61054a92
75738082
89091001
a0fff0ef
1141b7d5
c422c606
c04ac226
4781892a
100174f3
44018889
854aeb99
a9bff0ef
f793842a
a7f30024
47851007
c80db7f5
74f34781
88891001
8522e395
8cdff0ef
f0ef85a2
4783a15f
9bf500d4
00f406a3
0024f793
1007a7f3
bff94785
00042423
0513c401
23990184
40b28522
44924422
01414902
11418082
f7b7c606
87930021
8713a2c7
d3d80247
4581d798
f0ef4501
40b28bdf
80820141
ce061101
ca26cc22
c64ec84a
0021f7b7
a2c78793
e7b74798
a7830021
0463a547
478108f7
10017973
00297913
405ca82d
c080c0dc
c384405c
a831c044
a0994401
0021f7b7
a2c78793
02478713
5798c098
c304c0d8
4505d784
9d5ff0ef
00297793
1007a7f3
e3a14785
0021f437
a2c40413
02440993
854e440c
947ff0ef
50404404
fb340ee3
85a2dc55
f0ef8526
f145815f
f7b7d845
87930021
579ca2c7
faf402e3
f06d4000
7573bf71
89091001
884ef0ef
446240f2
494244d2
610549b2
f7b78082
87930021
4788a2c7
f7b78082
a7830021
ef91a2c7
0021f7b7
a2c78793
d703479c
079300e7
e66307f0
450500e7
45018082
45018082
11418082
c422c606
84aac226
e6bff0ef
842ac90d
00d54783
e7998bfd
c3994d1c
a0214781
a0114785
eb814781
06042623
442240b2
01414492
85228082
9c1ff0ef
449cb7f5
8a6344d8
470500e7
c49c97ba
85134589
2bfd0104
4701bfe1
c50cbfc5
c108c550
0793c148
c91c0105
8082c95c
c6061141
7473c422
88091001
f87ff0ef
f53785a2
05130021
f0efa585
40b2fd0f
01414422
77f38082
8b891001
c7194518
c518177d
1007a7f3
80824501
1141cd99
86aec606
85be862a
0021f537
a5850513
c95ff0ef
014140b2
a7f38082
55411007
f7b78082
a5030021
3533a2c7
808200a0
0021f7b7
a2c78793
c503479c
890500c7
11418082
c422c606
10017473
47838809
f71300d5
cb190047
0fb7f793
00f506a3
eb918bed
c7914d1c
a0394781
10042473
4785a821
4781a011
85a2ef81
0021f537
a5850513
f26ff0ef
442240b2
80820141
8bdff0ef
1141b7dd
e591c606
fa7ff0ef
014140b2
05a58082
c6334629
060502c5
002155b7
c0658593
2c390561
1101b7d5
cc22ce06
5302842a
b0efc01a
f7b7d3df
87930021
479ca2c7
d43c57bc
446240f2
80826105
c6061141
842ac422
c391513c
47839782
f71300d4
e71901f7
c3194c18
a0214701
a0114705
e3154701
e7858b89
c7814c1c
01840513
47832ca1
e79300d4
06a30087
40b200f4
01414422
85228082
a6fff0ef
8522b7dd
e30ff0ef
1101bfd1
cc22ce06
0021e437
b6c40413
0021e7b7
b6c78793
02f47763
c23e545c
c03e501c
01c42883
01842803
4818485c
44104454
4008404c
f4bff0ef
cfe0401c
03040413
f0efb7f1
e437e6cf
04130021
a031b6c4
f0ef4008
0413f05f
e7b70304
87930021
7763b6c7
504c00f4
86e357fd
b7cdfef5
f54ff0ef
446240f2
80826105
00d50623
00c506a3
00b50723
000507a3
00052c23
00052e23
11418082
c422c606
10017473
f0ef8809
85a2f03f
f0ef850a
40b2dc0f
01414422
e7b78082
87930021
4388a307
00f50363
45018082
c919bff5
0021e737
a3070713
04634358
410800e5
45018082
11418082
c422c606
f0ef842a
c509fe1f
451c4418
c51c97ba
401c4058
4058c31c
2023c3d8
22230004
40b20004
01414422
e7b78082
a7830021
c399bf07
80824501
c6061141
cf8fc0ef
014140b2
11418082
c422c606
e7b7c226
c7830021
cf85bf47
f0ef54fd
842af75f
4504c901
fc7ff0ef
d7638c89
44810204
0021f7b7
a2c78793
c7814b9c
0097d363
852684be
442240b2
01414492
04b78082
c4938000
b7d1fff4
f0ef4404
8c89f91f
e7b7bfc1
87930021
c39ca307
8082c3dc
c6061141
c226c422
842ac04a
84b2c54c
00c05863
79734781
79131001
a0350029
bfcd4485
40f707b3
415cc51c
c008c05c
c380415c
c91dc140
ee7ff0ef
04a40263
00297793
1007a7f3
e3a94785
f2fff0ef
c4089526
ecbff0ef
4518dd79
c3e3441c
8f99fce7
f0efc41c
b7fdecdf
0021e7b7
a3078793
43d8c01c
c300c058
bf6dc3c0
f17ff0ef
c0ef4581
bf5db40f
442240b2
49024492
80820141
c6061141
c226c422
4781842a
100174f3
55298889
8522a811
e9bff0ef
f7934501
a7f30024
47851007
401ce781
bfc5f7ed
442240b2
01414492
11418082
c422c606
74734781
88091001
eb89557d
eb3ff0ef
00247793
1007a7f3
bfc54785
442240b2
80820141
c6061141
c226c422
84aac04a
4781892e
10017473
a8198809
c7814785
c3634785
779302a7
a7f30024
47851007
f0efe38d
57fde6df
fef502e3
00a4d463
bff14785
bfe14781
852685ca
a82fc0ef
40b2bfd9
44924422
01414902
11418082
c422c606
842ac226
ee6ff0ef
100174f3
e7b78889
a8230021
f0efbe87
842adadf
4510cd21
0021e7b7
bf07a683
04c6c663
0021e7b7
bc878793
41f65813
43cc4398
00c70533
00e53733
972e95c2
c3d8c388
e7b78e91
a8230021
2423bed7
85220004
d93ff0ef
a4f38889
445c1004
97828522
100174f3
b7558889
441cc801
0021e737
bf072703
c41c8f99
0021e7b7
bc878793
0021e637
bf060613
d5134214
439841f6
96ba43cc
00e6b733
972e95aa
c3d8c394
00062023
d8bff0ef
c0ef4581
88899b4f
1004a4f3
442240b2
01414492
11418082
c422c606
c04ac226
84ae842a
c3a5451c
0007a903
00078223
00d94783
cba18b89
02092703
0d6357f9
854a06f7
b02ff0ef
8e6347a1
478100f4
06f92623
00d94783
eb918bfd
01892703
4701c709
57f1a031
4705b7e5
4701a011
eb81cb19
01892783
4781c399
4785a021
4781a011
2423e795
44580004
00c75793
8fc58bfd
07b28bfd
16fd7685
8fd98f75
4501c45c
442240b2
49024492
80820141
f0ef854a
bfc1bb2f
b7ed5555
410887aa
02a78363
411c4158
4158c31c
2023c3d8
22230005
c9010005
c6061141
f3bff0ef
014140b2
80828082
c6061141
dd7ff0ef
c3634789
450500a7
f0ef4585
b0efdf3f
40b2e79f
80820141
c6061141
100177f3
fd9ff0ef
07b7bfe5
95be4000
8082c194
400007b7
418895be
11418082
c226c422
c04ac606
8732842e
ee0984b6
400005b7
00b47a63
c004942e
442240b2
49024492
80820141
800007b7
00f40633
008636b3
fff70593
f2ed96ae
ffe7c793
fcc7eee3
10000937
fff90793
458586a2
20000637
51b050ef
7433197d
05b70124
bf5d6000
c4221141
c226c606
8732842e
06b7ee01
f9634000
943600d5
40b24008
44924422
80820141
800007b7
00f40633
008636b3
fff70593
e68596ae
ffe7c793
02c7e163
100004b7
879386a2
0637fff4
45852000
4bb050ef
8c6514fd
600006b7
4501bf6d
1101bf6d
ca26cc22
c64ec84a
c256c452
ce06c05a
842e8a2a
8ab684b2
59938b3e
49010027
01299c63
446240f2
494244d2
4a2249b2
4b024a92
80826105
00291793
439497d6
85a2875a
85528626
eefff0ef
00440793
0087b733
843e0905
b7d994ba
cc221101
c84aca26
c452c64e
c05ac256
8a2ace06
84b2842e
8b3e8ab6
00275993
9c634901
40f20129
44d24462
49b24942
4a924a22
61054b02
85a28082
86da8626
f0ef8552
1793efff
97d60029
0793c388
b7330044
09050087
94ba843e
6785b7d9
4087a503
40c7a583
80828082
c4221141
842e4601
1000a5b7
f0efc606
c008e57f
442240b2
01414501
47898082
7463c19c
450100f5
41988082
07060785
bfc5c198
ff958793
e6634691
478500f6
4501c11c
87938082
4719ff45
00f76463
b7fd4789
fed58793
6463462d
478d00f6
8793b7c5
464dfe15
00f66463
bfd1c114
fcd58793
e46346f5
479500f6
8793b7d1
0693faf5
e4630310
c11800f6
8593bf5d
0793f7d5
e4630450
479d00b7
67b9b755
ead78793
5575c11c
11418082
892ec04a
100065b7
05c1c422
46018432
c606c226
f0ef84aa
47c9da3f
0287eb63
86aa478d
e6635575
47090927
06e90863
08f90e63
0b634785
47b104f9
04f40463
0087eb63
01634791
47a104f4
09634505
557500f4
47c5a8b9
1c635575
451104f4
8ec99ae1
100065b7
460105c1
f0ef8526
65b7d41f
05c11000
85264601
d3dff0ef
a8054501
bfe94509
bfd94501
5575c401
03241163
04129abd
b7e98ec1
006347a5
47b502f4
00f40e63
55754795
09634901
40b200f4
44924422
01414902
49058082
f9f6f693
66b30916
bf6900d9
47bd1479
e0e35575
757dfe87
0ff50513
04228ee9
0713bf65
6c630460
110106b7
ca26cc22
c84ace06
84aa4705
55758432
04c74b63
0055d793
f9134709
458101f5
00f76a63
00279713
0021d7b7
5a078793
438c97ba
85264601
f0efc62e
477dc93f
07b745b2
05638000
478500e9
012797b3
fff7c693
c0118ee9
8526843e
46018ec1
c63ff0ef
40f24501
44d24462
61054942
55758082
07938082
eb630450
110106b7
ca26cc22
c84ace06
84aa4785
55758432
04c7ca63
0055d713
f9134789
458101f5
00e7e963
0021d7b7
8793070a
97ba5ac7
4601438c
c62e8526
c15ff0ef
45b2477d
800007b7
00e90563
97b34785
c6930127
8ee9fff7
843ec011
8ec18526
f0ef4601
4501be5f
446240f2
494244d2
80826105
80825575
f06f4605
4601f01f
efbff06f
f06f4605
4601f75f
f6fff06f
e063478d
110108b7
c84acc22
ca26ce06
892a473d
55758432
04c76263
6f6384b6
470502d7
04e58263
83634709
966304e5
65b704f5
85931000
46010485
c62e854a
f0ef043a
8c29b7ff
04ba45b2
46b38c65
460100a4
f0ef854a
4501b61f
446240f2
494244d2
80826105
100065b7
b7f105b1
100065b7
04058593
65b7b7c9
05911000
5575bf6d
478d8082
0ec7e863
ca261101
ce06c64e
c84acc22
84aac452
557589b6
04d7eb63
842e4705
0e638a32
470904e6
10006937
04e60d63
04f61e63
04890913
460185ca
f0ef8526
1063afbf
9563060a
76f10409
8ee916fd
6591043a
8ec18c6d
460185ca
f0ef8526
85caad1f
85264601
ad1ff0ef
40f24501
44d24462
49b24942
61054a22
69378082
09311000
0913bf55
b77d0409
b76d0911
9f634785
76e100f9
8ee916fd
65a1043e
4785bf55
00fa1f63
fa0981e3
ff4985e3
91634789
76c102f9
8ee916fd
65c10442
4709bf51
00ea1f63
f80981e3
fcf985e3
ff4983e3
16fd7681
04468ee9
000205b7
84e3bf95
88e3f609
95e3faf9
b7e1fee9
80825575
e56347b9
110106b7
c64ecc22
ca26ce06
4985c84a
57f58432
04c9e263
01f5f913
100065b7
03458593
84aa4601
a19ff0ef
07b7477d
04638000
97b300e9
c6930129
8ee9fff7
4781e011
100065b7
85938edd
46010345
f0ef8526
47819e5f
446240f2
494244d2
853e49b2
80826105
853e57f5
46058082
f8dff06f
f06f4601
47b9f87f
06b7e563
cc221101
ce06c64e
c84aca26
84324985
e26357f5
f91304c9
65b701f5
85931000
46010305
f0ef84aa
477d99bf
800007b7
00e90463
012997b3
fff7c693
e0118ee9
65b74781
8edd1000
03058593
85264601
967ff0ef
40f24781
44d24462
49b24942
6105853e
57f58082
8082853e
f06f4605
4601f8df
f87ff06f
66b30642
65b700b6
11411000
04c58593
c6064601
92bff0ef
450140b2
80820141
c4221141
65b7842e
85931000
460106c5
c606c226
f0ef84aa
47a1913f
0687e563
479d147d
00156693
0087ec63
0021d7b7
49878793
943e040a
8782401c
00256693
100065b7
85938526
460106c5
8d3ff0ef
40b24501
44924422
80820141
00456693
6693b7c5
bfe90085
01056693
6693bfd1
b7f90205
04056693
6693b7e1
b7c90805
10056693
5575bf75
47b9b7e9
02a7e863
c5b7715d
c4a20021
03c00613
8593842a
0048e7c5
e0efc686
009cca6f
943e040a
fc442503
442640b6
80826161
80825575
e86347ad
713902a7
0021c5b7
0613dc22
842a0300
eb858593
de06850a
c70fe0ef
040a181c
2503943e
50f2fd04
61215462
55758082
47b98082
02b7e463
c4221141
65b7842e
85931000
46010305
f0efc606
40b281bf
00855533
89054422
80820141
80825575
873647b9
02b7e163
96b34785
478900b7
00b61633
00b7e363
65b78636
85931000
506f0385
55756120
47b98082
04b7e563
c4221141
65b7842e
85931000
46010585
c226c606
f0ef84aa
4685fbef
9433041d
46930086
8ee9fff4
100065b7
8ec18526
05858593
f0ef4601
40b2f94f
44924422
01414501
55758082
47b98082
04b7e563
c4221141
65b7842e
85931000
46010585
c226c606
f0ef84aa
4585f6ef
9433041d
44130085
65b7fff4
76b31000
859300a4
85260585
f0ef4601
40b2f44f
44924422
01414501
55758082
47b98082
ec638732
468500b7
00b696b3
100065b7
85934601
506f0745
55755520
47b98082
ec638732
468500b7
00b696b3
100065b7
85938636
506f0785
55755320
65b78082
11411000
07858593
c6064601
eecff0ef
814540b2
00154513
05338905
014140a0
65b78082
11411000
07858593
c6064601
ec8ff0ef
814940b2
00154513
05338905
014140a0
65b78082
11411000
07858593
c6064601
ea4ff0ef
814d40b2
00154513
05338905
014140a0
715d8082
d06adc52
c6868a3e
c2a6c4a2
de4ec0ca
d85ada56
d462d65e
ce6ed266
4d56478d
1eb7e863
471d8aba
1ec76463
03f00793
ef638c36
07931cd7
eb631ff0
47bd1d57
1d47e863
e56389c2
89461d07
1d17e263
ef6346c6
6d631ad7
47661ba7
1ae7ea63
fff58793
84aa4709
67638b2e
971318f7
d7b70027
87930021
97ba5b87
0007ad83
0021d7b7
5c478793
ab8397ba
44010007
86a24c91
4585865a
04058526
ab7ff0ef
ff9419e3
460185de
f0ef8526
6c8dde2f
800c8693
85de8ec9
842a4601
f0ef8526
e7b7dc4f
a7830021
0593a447
0068001c
02b7d5b3
f88ff0ef
0b6357f5
85ee12f5
85264601
da8ff0ef
fc057693
0186ec33
869376e1
7c3303f6
969300dc
8ab7006a
1afdfff8
0186e6b3
0156f6b3
66b30a3e
0a3700da
1a7dff88
0146fa33
01399693
f88009b7
0146e6b3
f6b319fd
095e0136
00d96933
880006b7
793316fd
46b200d9
0d2247c6
81f47413
f6930696
64330ff6
8c5501a4
01b79693
0126e6b3
460185ee
f0ef8526
8693d20f
8ec181ec
460185de
f0ef8526
76f5d10f
7ff68693
e6938ee1
85de01e6
85264601
10006937
cf6ff0ef
02c90913
44094981
4a854a0d
864e85ca
f0ef8526
0163ceaf
0163068b
0b63074b
8141055b
d17d8905
49114401
86a247e6
d5b3865a
c5930087
8985fff5
04058526
983ff0ef
ff2414e3
40b64501
44964426
59f24906
5ad25a62
5bb25b42
5c925c22
4df25d02
80826161
10006bb7
6db70b91
b5711000
b77d8145
b76d8149
b75d814d
b7e15575
04600793
04c7eb63
c4221141
c606c226
00565693
842e4789
01f67493
e9634581
d73700d7
068a0021
5a070713
430c9736
f0ef4601
477dc46f
800007b7
00e48563
17b34705
8fe90097
0097d7b3
c01c40b2
44924422
01414501
55758082
47b18082
0ab7ec63
c4221141
15fdc606
842a47ad
00b7ea63
0021d7b7
4b878793
95be058a
8782419c
f0ef45c1
45c981bf
f0ef8522
40b2813f
45014422
80820141
f0ef45c5
45cd803f
4581b7e5
ff8ff0ef
bff945a1
f0ef4585
45a5feef
4589bfd1
fe4ff0ef
b7e945a9
f0ef458d
45adfdaf
4591b7c1
fd0ff0ef
bf5d45b1
f0ef4595
45b5fc6f
4599b775
fbcff0ef
b74d45b9
f0ef459d
45bdfb2f
45d1bf61
fa8ff0ef
b77945d9
f0ef45d5
45ddf9ef
0593b751
f0ef0400
0593f92f
bf9d0410
80825575
ec6347b1
11410ab7
c606c422
47ad15fd
ea63842a
d7b700b7
87930021
058a4e87
419c95be
45c18782
f62ff0ef
852245c9
f5aff0ef
442240b2
01414501
45c58082
f4aff0ef
b7e545cd
f0ef4581
45a1f40f
4585bff9
f36ff0ef
bfd145a5
f0ef4589
45a9f2cf
458db7e9
f22ff0ef
b7c145ad
f0ef4591
45b1f18f
4595bf5d
f0eff0ef
b77545b5
f0ef4599
45b9f04f
459db74d
efaff0ef
bf6145bd
f0ef45d1
45d9ef0f
45d5b779
ee6ff0ef
b75145dd
04000593
edaff0ef
04100593
5575bf9d
47a18082
02c7e963
c2261141
65b784ae
c4221000
07058593
46018432
f0efc606
40b2a82f
00855533
89054422
4492c088
01414501
55758082
47ad8082
06b7e463
57f54805
06c86163
c6061141
47a915fd
00b7eb63
0021d7b7
51878793
95be058a
86aa419c
45b58782
873ff0ef
478140b2
0141853e
45b98082
b7fd8536
bfed458d
bfdd4591
bfcd4595
b7fd4599
b7ed459d
b7dd45a1
b7cd45a5
bff945a9
bfe945ad
bfd945b1
853e57f5
47ad8082
06b7e463
57f54805
06c86163
c6061141
47a915fd
00b7eb63
0021d7b7
54478793
95be058a
86aa419c
45b58782
f84ff0ef
478140b2
0141853e
45b98082
b7fd8536
bfed458d
bfdd4591
bfcd4595
b7fd4599
b7ed459d
b7dd45a1
b7cd45a5
bff945a9
bfe945ad
bfd945b1
853e57f5
47b18082
0eb7e163
c4221141
c226c606
84324705
686357f5
15fd02c7
84aa47ad
00b7ea63
0021d7b7
57078793
95be058a
8782419c
f0ef45c1
8622cfcf
852645c9
cf2ff0ef
40b24781
44924422
0141853e
45c58082
cdeff0ef
45cd8622
4581b7cd
cd2ff0ef
45a18622
4585bfd9
cc6ff0ef
45a58622
4589b7e9
cbaff0ef
45a98622
458dbf7d
caeff0ef
45ad8622
4591bf4d
ca2ff0ef
45b18622
4595b75d
c96ff0ef
45b58622
4599bf69
c8aff0ef
45b98622
459db779
c7eff0ef
45bd8622
45d1b749
c72ff0ef
45d98622
45d5bf9d
c66ff0ef
45dd8622
0593b7ad
f0ef0400
8622c58f
04100593
57f5bfa9
8082853e
c2261141
c606c04a
84aac422
ce05892e
f0ef4601
842ae25f
85ca4601
f0ef8526
8c49e89f
460585ca
f0ef8526
8c49eedf
852685ca
d0dff0ef
8d4140b2
44924422
01414902
f0ef8082
85cac3df
4601842a
f0ef8526
85caec5f
46058c49
f0ef8526
8c49e49f
85ca4605
f0ef8526
b7e9dcdf
c2261141
c422c606
c18d84aa
02100593
c50ff0ef
0593842a
85260210
c3eff0ef
8d4140b2
44924422
80820141
02100593
c24ff0ef
0593842a
85260210
c2aff0ef
1141b7c5
c606c226
84aac422
0593c18d
f0ef0200
842ac0ef
02000593
f0ef8526
40b2bfcf
44228d41
01414492
05938082
f0ef0200
842abe2f
02000593
f0ef8526
b7c5be8f
c2261141
c422c606
c18d84aa
02300593
bccff0ef
0593842a
85260230
bbaff0ef
8d4140b2
44924422
80820141
02300593
ba0ff0ef
0593842a
85260230
ba6ff0ef
1141b7c5
c606c226
84aac422
0593c18d
f0ef0240
842ab8af
02400593
f0ef8526
40b2b78f
44228d41
01414492
05938082
f0ef0240
842ab5ef
02400593
f0ef8526
b7c5b64f
e563478d
27b702b7
87930400
11418217
c42295be
8432058a
c6064601
f09fe0ef
40b2c008
45014422
80820141
80825575
cc221101
c84aca26
c452c64e
892ace06
440189ae
4a114481
00241613
964e85a2
f0ef854a
0405faff
17e38cc9
40f2ff44
49424462
4a2249b2
44d28526
80826105
d6067179
d226d422
ce4ed04a
c202c002
c602c402
eb6347b9
84aa06b7
892e89b2
f0aff0ef
858a842a
f0ef8526
8c49f97f
852685ca
ea6ff0ef
858a8c49
f0ef8526
864ef83f
85ca8c49
f0ef8526
8c49f30f
8526858a
f6dff0ef
85ca864e
85268c49
f3aff0ef
85268c49
f76ff0ef
85268c49
f4aff0ef
85268c49
f8aff0ef
50b28d41
54925422
49f25902
80826145
bfc55575
d6067179
d226d422
84aad04a
ce4e892e
ca56cc52
8abe8a3a
c63689b2
cbaff0ef
842a46b2
85ca4601
f0ef8526
8c49df6f
852685ca
c24ff0ef
88638c49
8652000a
852685ce
f2dff0ef
50b28c49
54228522
59025492
4a6249f2
61454ad2
478d8082
0ab7ee63
ca261101
ce06c84a
47bdcc22
84b2892a
e7635575
879304c7
4709fff5
65b78436
6a631000
d73700f7
95930021
07930027
95be5b87
4601418c
c62e854a
d85fe0ef
45b24789
816386aa
e16306f4
c89d0297
83634785
854a04f4
e0ef4601
4501d5df
446240f2
494244d2
80826105
94e3478d
07b7fef4
17fd8800
00f576b3
0537046e
a8017800
fff88537
8ee9157d
8537043e
8c690007
b7c18ec1
ff880537
8ee9157d
0537044e
b7f50078
f8800537
8ee9157d
0537045e
bff10780
80825575
6363470d
11410ac7
c606c226
c04ac422
57f584b6
02d76a63
842e4785
0c638932
478902f6
100065b7
02f60b63
02e61c63
04858593
e0ef4601
1c63ccff
e48d0209
89058139
4781c008
442240b2
49024492
0141853e
65b78082
05b11000
8593bfe1
bfc90405
b7f90591
9a634785
813d00f4
4785bfc9
00f91a63
8ae3d4e1
4789ff24
00f49c63
bf758141
19634709
d8cd00e9
fcf48fe3
ff2488e3
b7658145
88e3d0d5
9be3fcf4
bff9fee4
853e57f5
71798082
d606c462
d4228c3e
d04ad226
cc52ce4e
c85aca56
478dc65e
0ab7ee63
478915fd
8a3284aa
8bba8b36
89c68ac2
08b7ee63
0021de37
00259313
5b8e0593
0021de37
5c4e0e13
9372959a
2903418c
46010003
e0ef8526
842ac03f
460185ca
e0ef8526
5793bf7f
8bbd00f4
00fb2023
01345793
a0238bbd
579300fb
8bbd0174
00fc2023
01b45793
a0238bbd
579300fa
8b9d0085
00fa2023
771357c2
801903f4
57d2c398
1ff47413
891d8115
0089a023
4501c388
542250b2
59025492
4a6249f2
4b424ad2
4c224bb2
80826145
10006937
65b70911
bfb51000
bfe95575
c6ce711d
89bece86
caa6cca2
c4d2c8ca
c0dac2d6
ee63478d
185c0eb7
181cc23e
02c10893
8ab68b32
08740830
c03e8a3a
105c1018
02810813
892a84ae
eebff0ef
04135832
45620320
08330805
54420288
dc02182c
54330405
e0ef0288
5862cddf
468147f2
07858626
854a186c
5833de02
57b30304
202302f8
578200fb
57b30785
a02302f8
579200fa
57b30785
202302f8
57a200fa
58330785
a02302f8
f0ef0109
5772ddbf
15634785
47e500f7
00fb2023
86264685
854a186c
dc1ff0ef
47855772
00f71563
a02347e5
468900fa
186c8626
f0ef854a
5772da7f
15634785
47e500f7
00fa2023
8626468d
854a186c
d8dff0ef
47855772
00f71563
a02347e5
40f600f9
44d64466
49b64946
4a964a26
61254b06
55758082
7119b7ed
181cdca2
08141018
842e860a
de864581
d8cadaa6
d6ce84aa
d2d6d4d2
ceded0da
cae6cce2
c6eec8ea
ec1ff0ef
1058185c
00500854
85264585
eb1ff0ef
1038183c
00300834
85264589
ea1ff0ef
1078187c
00700874
8526458d
e91ff0ef
100065b7
05c1892a
85264601
4d424d82
49d24a12
5c624ca2
4b724bb2
e0ef5ab2
77939ebf
eba90075
20235782
222301b4
242301a4
26230144
28230144
2a230134
2c230134
2e230194
20230184
22230374
24230364
50f60354
5466d45c
59b654d6
5a965a26
4bf65b06
4cd64c66
4db64d46
5946854a
80826109
94634705
579200e7
4709b76d
00e79463
b74557a2
bf7157f2
c2261141
c422c606
c98d84aa
f0ef4589
842a81cf
85264589
f95fe0ef
100065b7
46818c49
02058593
85264601
943fe0ef
852240b2
44924422
80820141
100065b7
007f46b7
85934601
e0ef0205
4589925f
e0ef8526
842af55f
85264589
fc9fe0ef
b7f98c49
c2261141
c422c606
c18d84aa
03d00593
d39fe0ef
0593842a
852603d0
d27fe0ef
8d4140b2
44924422
80820141
03d00593
d0dfe0ef
0593842a
852603d0
d13fe0ef
4705b7c5
986387aa
473d00e5
73634501
557500f7
45018082
470dfdf5
4709bfcd
966387aa
450100e5
5575c799
477da029
6ce34501
8082fef7
77b71101
c4521000
efff9a37
ca26cc22
c64ec84a
892ace06
04c78413
0a134481
8993fb4a
06b30cc7
85a20144
854a8626
863fe0ef
08040593
0085b633
46919626
e0ef854a
0593851f
b6331004
96260085
854a4685
83ffe0ef
18040593
0085b633
468d9626
e0ef854a
079382df
b7330044
94ba0087
98e3843e
f4d5fb37
446240f2
494244d2
4a2249b2
61054501
11018082
84aeca26
85b2c256
85268aaa
c84acc22
c452c64e
8a32ce06
893a8436
f1fff0ef
59f547dd
0087e363
07934981
69b337f0
ed630135
9b630527
1e630409
25b7020a
85930400
1693e615
95a60054
3e06f693
01f97913
e6b3058a
46010126
e0ef8556
40f2fa4f
44d24462
4a224942
854e4a92
610549b2
47858082
00fa1763
040025b7
e6558593
4681b7c9
bfc14581
bfd159f5
cc527179
ca568a2e
8aaa85b2
d4228552
ce4ed04a
c65ec85a
8bbec462
01f7fc13
d226d606
89368b32
f0ef843a
4785e81f
e36359f5
49810127
69b34789
54f50135
0287e463
856285a2
e7fff0ef
00a9e4b3
468de88d
02d906b3
875e0409
85d2865a
96a28556
f0bff0ef
542250b2
49f25902
4ad24a62
4bb24b42
85264c22
61455492
54f58082
1101b7d5
892ec84a
85b2c256
854a8aaa
c64eca26
c05ac452
cc22ce06
8a3689b2
00575b13
01f77493
dffff0ef
ec634785
842a0347
852685da
e0bff0ef
e4058c49
875a87a6
864e86d2
855685ca
f31ff0ef
852240f2
44d24462
49b24942
4a924a22
61054b02
54758082
1101b7e5
84aeca26
85b2c84a
8526892a
cc22ce06
c432c636
da7ff0ef
47fd4732
02e7e163
ed11842a
46814622
854a85a6
e53ff0ef
852240f2
44d24462
61054942
54758082
7179bfc5
84aed226
85b2ce4e
852689aa
ca56cc52
d422d606
8ab2d04a
f0ef8a36
47fdd5df
0747e663
e13d892a
040a9563
04400413
028484b3
10007437
43440413
008485b3
854e4601
e0efc62e
4785e02f
9a3345b2
66b30147
460100aa
e0ef854e
50b2de4f
54925422
4a6249f2
854a4ad2
61455902
47858082
95e34581
0413fcfa
84b30440
74370284
04131000
bf4d5444
bfc15975
ec634785
77b702b7
87931000
058a0207
95be1101
ce064601
c62ecc22
e0ef842a
45b2d9af
00256693
85224601
d82fe0ef
446240f2
61054501
55758082
47858082
02b7ec63
100077b7
02078793
1101058a
460195be
cc22ce06
842ac62e
d5cfe0ef
769345b2
4601ffd5
e0ef8522
40f2d44f
45014462
80826105
80825575
ec634785
87b702b7
87931000
058aa787
95be1101
ce064601
c62ecc22
e0ef842a
45b2d1ef
00256693
85224601
d06fe0ef
446240f2
61054501
55758082
47858082
02b7ec63
100087b7
a7878793
1101058a
460195be
cc22ce06
842ac62e
ce0fe0ef
769345b2
4601ffd5
e0ef8522
40f2cc8f
45014462
80826105
80825575
ec63479d
77b702b7
87931000
058a0287
95be1101
ce064601
c62ecc22
e0ef842a
45b2ca2f
00256693
85224601
c8afe0ef
446240f2
61054501
55758082
479d8082
02b7ec63
100077b7
02878793
1101058a
460195be
cc22ce06
842ac62e
c64fe0ef
769345b2
4601ffd5
e0ef8522
40f2c4cf
45014462
80826105
80825575
eb634785
717906d7
8937d04a
cc521000
a8090793
00369a13
ce4ed422
89b28436
460186ae
00fa05b3
d226d606
e0ef84aa
0593c0cf
86cea849
852695d2
e0ef4601
75b7bfcf
040a1000
02058593
460195a2
c62e8526
bf0fe0ef
669345b2
46010015
e0ef8526
50b2bd8f
54925422
49f25902
45014a62
80826145
80825575
e9634785
717906d7
8937d04a
cc521000
a9090793
00369a13
ce4ed422
89b28436
460186ae
00fa05b3
d226d606
e0ef84aa
0593b90f
86cea949
852695d2
e0ef4601
040ab80f
a7890593
460195a2
c62e8526
b78fe0ef
669345b2
46010015
e0ef8526
50b2b60f
54925422
49f25902
45014a62
80826145
80825575
e863479d
110104c7
c84acc22
00261413
10007937
460186ae
012405b3
ca26ce06
e0ef84aa
0593b24f
95a20289
85264601
e0efc62e
45b2b1ef
00156693
85264601
b06fe0ef
446240f2
494244d2
61054501
55758082
46ad8082
e863872e
114106b6
177dc606
85b246a9
00e6eb63
0021d6b7
8693070a
97365d06
87aa4318
46818702
f0ef4601
40b2e8bf
01414501
46858082
bfc54601
853e4601
f69ff0ef
4605b7ed
4609bfdd
460dbfcd
4611b7fd
4615b7ed
4619b7dd
461db7cd
4681bff9
853e4601
ec9ff0ef
4685b7c9
5575bfd5
47fd8082
02b7e563
040027b7
c9378793
95be1141
058ac422
46018432
e0efc606
c008a66f
442240b2
01414501
55758082
47fd8082
02b7e563
040027b7
c3378793
95be1141
058ac422
46018432
e0efc606
c008a36f
442240b2
01414501
55758082
47fd8082
06b7e463
d04a7179
00308932
d422d606
ce4ed226
89aa84ae
f0ef8436
85a6fb5f
854e0070
f7bff0ef
473247a2
040025b7
cb358593
8f9994ae
557d048a
0127e763
9922090a
01241a63
50b24501
54925422
49f25902
80826145
85a64014
854e4601
9b6fe0ef
bff90411
80825575
d2267179
007084b2
d04ad422
892ece4e
89aad606
f0ef8436
47b2f1df
040025b7
cb358593
557d992e
0097e863
090a048a
1a6394a2
45010094
542250b2
59025492
614549f2
85ca8082
854e4601
968fe0ef
0411c008
7175bff9
c326c522
84aa842e
04000613
00884581
c0efc706
4709db9f
470dd03a
4711d23a
4715d43a
4719d63a
471dd83a
47b1da3a
c03e4721
0793dc3a
47250ff0
c43ec23e
c83ec63e
cc3eca3e
de3ace3e
4705ccbe
85b7cebe
47a91000
c6bac4ba
4735d0be
8526d2be
859347ad
4601aa05
d6bed4be
cabac8ba
8e8fe0ef
050a011c
2783953e
40baf805
c01c449a
4501442a
80826149
6463472d
114106b7
15fdc606
6b634729
d73700b7
07130021
058a5fc7
419895ba
870287aa
f0ef4581
40b2b2df
01414501
45858082
4581bfcd
f0ef853e
b7f5c11f
bfdd4585
bfcd4589
b7fd458d
b7ed4591
b7dd4595
b7cd4599
bff9459d
853e4581
b6fff0ef
4585b7d9
5575bfdd
472d8082
06b76463
c6061141
472915fd
00b76b63
0021d737
62870713
95ba058a
87aa4198
45818702
a81ff0ef
450140b2
80820141
bfcd4585
853e4581
b65ff0ef
4585b7f5
4589bfdd
458dbfcd
4591b7fd
4595b7ed
4599b7dd
459db7cd
4581bff9
f0ef853e
b7d9ac3f
bfdd4585
80825575
e5634789
114102c7
842ec422
040015b7
40358593
058a95b2
c6064601
fd5fd0ef
40b2c008
45014422
80820141
80825575
66634809
089304b8
58757ff0
04c8e263
ef63488d
488502d8
02e8ec63
07ba6811
0107f7b3
8fd9072e
17b78e5d
87930400
95be4007
114106b2
058a8ed1
c6064601
f77fd0ef
480140b2
01418542
58758082
80828542
100055b7
85931141
46010d85
c422c606
d0ef842a
55b7f5bf
76931000
8593ffe5
85220d85
d0ef4601
40b2f3df
45014422
80820141
05931141
c60602d0
c226c422
e0ef84aa
842ab58f
85264625
e0ef45a5
40b2dd6f
44228d41
01414492
478d8082
08b7e163
c84a1101
ce06c256
ca26cc22
c452c64e
8aaac05a
55758932
04c7e663
842e4785
04f58d63
99634789
440104f5
44814981
85ce4b0d
47014781
46014681
f0ef8556
8a2af0bf
478585ce
86ca8722
85564601
ef9ff0ef
00aa6a33
e4b30985
9ae30144
8526fd69
446240f2
494244d2
4a2249b2
4b024a92
80826105
49014401
5575bf45
71798082
d226d422
cc52ce4e
c85aca56
d04ad606
84ae8a2a
440189b2
4a8d4b05
4901c602
d71347b2
186300a7
7e630367
17130299
974e0024
3ff7f793
0405c31c
ff5410e3
50b24501
54925422
49f25902
4ad24a62
61454b42
86228082
8552006c
f0ef0905
ffe3e37f
5579fb24
479dbfe9
04b7ea63
f59315fd
47990ff5
00b7ea63
0021d7b7
65478793
95be058a
8782419c
100397b7
4501c11c
a7b78082
bfdd1003
1003b7b7
c7b7bfc5
b7ed1003
1003d7b7
e7b7b7d5
bff91003
1003f7b7
07b7bfe1
bfc91004
80825575
ca261101
84aac84a
0068892e
cc2285b2
c602ce06
f93ff0ef
e50d842a
ea634785
45b20327
85264601
15458593
d0efc62e
45b2d93f
ffe57693
0126e6b3
85264601
d77fd0ef
852240f2
44d24462
61054942
54758082
7139bfc5
d84adc22
892a842e
006885c2
d64eda26
d256d452
ce5ed05a
de068a3e
8b368bb2
89c28aba
f0efc602
478df29f
ec6354f5
84aa0687
45d1e92d
02b40433
86de45b2
85934601
854a1585
c62e95a2
d13fd0ef
006885ce
efbff0ef
86da45b2
85934601
95a215c5
c62e854a
cf7fd0ef
006885ce
edfff0ef
86d645b2
85934601
95a21605
c62e854a
cdbfd0ef
006885ce
ec3ff0ef
84aa45b2
859386d2
95a21645
854a4601
d0efc62e
50f2cbdf
59425462
5a2259b2
5b025a92
85264bf2
612154d2
71798082
ce4ed04a
89aa892e
006885b6
d226d422
8432d606
f0efc602
84aae79f
4785e91d
0487e163
05b345d1
47b202b9
854e4601
16878793
95be040a
d0efc62e
7693c6ff
45b2ffb5
e6938ec1
46010086
d0ef854e
50b2c51f
59025422
852649f2
61455492
54f58082
7179b7fd
ce4ed226
89aa84ae
006885b6
d04ad422
8432d606
f0efc602
892ae11f
45d1e90d
02b485b3
460147b2
8793854e
95be1687
d0efc62e
1693c0ff
99750014
45b28a89
e6938ec9
46010086
d0ef854e
50b2bedf
54925422
854a49f2
61455902
11018082
c84acc22
892a842e
006885b2
ce06ca26
f0efc602
84aadb5f
4785e50d
0287ea63
460145b2
8593854a
c62e1a85
bb5fd0ef
769345b2
0406ffd5
46018ec1
d0ef854a
40f2b99f
49424462
44d28526
80826105
bfc554f5
e0634789
114104b7
842ec422
1001c5b7
08058593
c6064601
84aac226
b71fd0ef
ff157693
1001c5b7
8ec18526
08058593
d0ef4601
40b2b51f
44924422
01414501
55758082
47858082
04b7e063
c4221141
15b7842e
85931002
46016305
c226c606
d0ef84aa
7693b2bf
15b7ffe5
85261002
85938ec1
46016305
b0bfd0ef
442240b2
45014492
80820141
80825575
c64e1101
89bece06
ca26cc22
c452c84a
47fdc256
06b7e363
84334451
14b70285
85931002
8ab66a84
460186b2
892a8a3a
d0ef95a2
8593ac5f
86d66ac4
460195a2
d0ef854a
8593ab5f
86d26b04
460195a2
d0ef854a
8593aa5f
854a6b44
95a286ce
d0ef4601
4501a95f
446240f2
494244d2
4a2249b2
61054a92
55758082
4785b7f5
04c7ea63
57f5477d
04b76763
85b347d1
17b702f5
11011002
6b878793
8432cc22
ce064601
84aaca26
c62e95be
a55fd0ef
769345b2
040affb5
85268ec1
0086e693
d0ef4601
40f2a35f
47814462
853e44d2
80826105
853e57f5
47858082
04c7ea63
57f5477d
04b76763
85b347d1
17b702f5
11011002
6b878793
8432cc22
ce064601
84aaca26
c62e95be
9f9fd0ef
769345b2
0406ffd5
85268ec1
0086e693
d0ef4601
40f29d9f
47814462
853e44d2
80826105
853e57f5
47858082
04b7e163
c4221141
25b7842e
85931002
46019285
c226c606
d0ef84aa
76939aff
0406ffd5
100225b7
8ec18526
92858593
d0ef4601
40b298df
44924422
01414501
55758082
15b78082
11411002
64058593
c6064601
842ac422
971fd0ef
15b76691
8ec91002
64058593
46018522
953fd0ef
442240b2
01414501
47838082
47090005
04e78263
4501470d
00e78c63
8c634711
471500e7
00e78c63
8f634721
557500e7
83634725
472902e7
02e78063
8d634739
475100e7
00e78a63
87634779
c51100e7
80825575
bfe94501
80824501
00054783
8f634709
871300e7
7713ffd7
46850ff7
f6634501
471500e6
00e78363
80825575
80824501
100325b7
85931141
46017885
c422c606
d0ef842a
25b78c3f
76931003
8593ffd5
85227885
d0ef4601
40b28a5f
45014422
80820141
100325b7
85931141
46017885
c422c606
d0ef842a
25b788ff
66931003
85930025
85227885
d0ef4601
40b2871f
45014422
80820141
87931101
cc22ffc5
c84aca26
c256c452
c64ece06
9bedc05a
84ae8aaa
84368932
c7914a01
5a7547c1
00f59363
854a4a01
eefff0ef
03f00793
e86359f5
69b30287
9a6300aa
47830409
04120009
100305b7
00279713
0021e7b7
9a878793
ab0397ba
942e0007
4d634a01
40f2016a
44d24462
4a224942
4b024a92
49b2854e
80826105
014906b3
87264781
460185a2
d0ef8556
9a268b1f
59f5bfc9
1101bfc9
c437cc22
04130400
95a23fb4
00259413
85a2c64e
460189b2
ca26ce06
84b6c84a
d0ef892a
a023faef
059300a9
854a1004
d0ef4601
40f2f9ef
75134462
c0880ff5
44d24942
450149b2
80826105
d6067179
d226d422
ce4ed04a
c632cc52
0793c436
f26303f0
557502b7
0034a0a1
85a60070
f0ef854a
47b2f8df
03378b63
16e3147d
5579ff44
57fda035
843a892a
41635575
84ae02f7
5a7d89b2
fcf419e3
00700034
854a85a6
f5bff0ef
99e347b2
4501ff37
542250b2
59025492
4a6249f2
80826145
d4227179
d04ad226
cc52ce4e
c85aca56
c462c65e
8a3a8ab6
d60689be
8bae842a
894284b2
f0ef8b46
0693deff
5c4203f0
577587aa
0176e363
06934701
55750ff0
0b86ee63
00e7e533
16051d63
00044783
91634709
d7930ce7
0aa3008a
d79300f4
0b23010a
579300f4
0ca3008a
579300f4
0d23010a
d79300f4
0ea30089
d79300f4
0f230109
579300f4
00a30089
789302f4
5793001b
4b030109
01230094
d79302f4
0a230084
0c230154
da930144
5a13018a
0e23018a
00230134
d9930324
59130189
02a30189
03230094
d79300f4
80e10104
01540ba3
01440da3
01340fa3
032401a3
017400a3
00f403a3
00940423
ffeb7b13
0168eb33
016404a3
018409a3
542250b2
59025492
4a6249f2
4b424ad2
4c224bb2
80826145
80e3470d
4711f4e7
f2e78de3
9de34715
d793fce7
0aa3008a
d79300f4
0b23010a
579300f4
0ca3008a
579300f4
0d23010a
d79300f4
0ea30089
d79300f4
0f230109
579300f4
48830089
00a30094
579302f4
01230109
d79302f4
0a230084
0c230154
da930144
5a13018a
0e23018a
00230134
d9930324
59130189
02a30189
03230094
d79300f4
80e10104
01540ba3
01440da3
01340fa3
032401a3
017400a3
00f403a3
00940423
001b7b13
ffe8f893
5575bf05
88aabf25
cdd15575
cf41cec9
08080b63
02d58e33
03070333
086e1563
951315fd
81410105
02b88223
00855593
02b882a3
00865593
832316fd
83a302c8
559302b8
82610106
02c884a3
01069613
177d8241
02d88523
00865693
02d885a3
01071693
862382c1
d71302e8
86a30086
d71302e8
187d0087
02f88723
02e887a3
0107d713
88a383e1
179302f8
83c10108
842383a1
882302b8
892302e8
89a30308
450102f8
80828082
c4221141
86ae8436
100325b7
8593c226
84b27385
c6064601
892ac04a
c82fd0ef
100325b7
854a86a6
73c58593
d0ef4601
06b7c70f
8cf5ff00
00841693
25b782a1
854a1003
85938ec5
46017405
c52fd0ef
442240b2
49024492
01414501
05198082
f46347cd
557500a7
45018082
47cd8082
04d7eb63
c04a1141
45b7892e
c4221000
84360591
460186b2
c226c606
84aa0446
c0efd0ef
01246433
8ec166c1
45b78526
46011000
bfafd0ef
40b24422
85264902
67054492
100045b7
56fd177d
05a14605
306f0141
55752160
11418082
c606c422
c04ac226
547547cd
04c7e063
89360646
00b666b3
100045b7
84aa4601
bb2fd0ef
45b76705
177d1000
460556fd
852605a1
1d8030ef
100045b7
05b1842a
85264601
b98fd0ef
00a92023
852240b2
44924422
01414902
71398082
de06dc22
da26843e
d64ed84a
d256d452
ce5ed05a
57fdc602
06f44d63
892e84aa
89b68ab2
09638a3a
4b8502f4
00745b7d
85ca8656
f0ef8526
0793f6df
ff630025
47b202fb
00f9c7b3
0147f7b3
147dc79d
fd641fe3
a01d5579
00744405
85ca8656
f0ef8526
0793f41f
79630025
47b200f4
00f9c7b3
0147f7b3
4501f3ed
546250f2
594254d2
5a2259b2
5b025a92
61214bf2
55758082
0699b7e5
e46347cd
f06f00d7
5575ea9f
06198082
e46347cd
f06f00c7
5575ef5f
11418082
05934605
c60603c0
c226c422
d0ef842a
45b7de4f
85221000
020006b7
460105f1
a9efd0ef
100045b7
46818522
02058593
d0ef4601
06b7a8cf
45b78000
85221000
10168693
02458593
d0ef4601
06b7a74f
45b70030
85221000
40468693
02858593
d0ef4601
06b7a5cf
45b70018
85221000
03068693
02c58593
d0ef4601
45b7a44f
85221000
859346cd
46010305
a32fd0ef
45b76485
86931000
8522f3f4
03458593
d0ef4601
4601a1cf
03c00593
d0ef8522
8522d44f
40b24422
fff48793
67414492
461566c1
10000593
f06f0141
7139e7df
d05ad64e
8b3e89ba
dc22de06
d84ada26
d256d452
cc62ce5e
00658713
eb6347cd
892e0ae7
8c368432
0074862e
84aa4581
8ac68a42
f0efc602
0793ee9f
4b850025
06fbfe63
17934506
1693001b
0526002c
8edd8fc9
003a9893
0116e8b3
004a1813
0108e833
00799613
00c86733
00abc637
8e590605
458186ca
c6328526
e93ff0ef
00250793
02fbfc63
864a0074
85264591
e8fff0ef
00250793
02fbf263
00241613
86ca4432
8e414591
85264416
64258e41
20040413
c6328e41
e57ff0ef
546250f2
594254d2
5a2259b2
5b025a92
4c624bf2
80826121
b7dd5575
03f00793
02b7e863
7ff00713
57f586b2
02c76363
040007b7
20178793
114195be
4601058a
d0efc606
40b28f0f
853e4781
80820141
853e57f5
07938082
e96303f0
670502b7
80070713
57f586b2
02c76363
040007b7
28178793
114195be
4601058a
d0efc606
40b28b4f
853e4781
80820141
853e57f5
07938082
e76303f0
07b702b7
87930400
11412817
c42295be
8432058a
c6064601
88cfd0ef
81510552
40b2c008
45014422
80820141
80825575
03f00793
02b7e763
040007b7
40178793
95be1141
058ac422
46018432
d0efc606
054a856f
c0088149
442240b2
01414501
55758082
07938082
e86303f0
071302b7
86b27ff0
636357f5
07b702c7
87930400
95be2417
058a1141
c6064601
80efd0ef
478140b2
0141853e
57f58082
8082853e
03f00793
02b7e963
07136705
86b28007
636357f5
07b702c7
87930400
95be2c17
058a1141
c6064601
fd3fc0ef
478140b2
0141853e
57f58082
8082853e
03f00793
02b7e763
040007b7
2c178793
95be1141
058ac422
46018432
c0efc606
0552fabf
c0088151
442240b2
01414501
55758082
07938082
e76303f0
07b702b7
87930400
11414417
c42295be
8432058a
c6064601
f75fc0ef
8149054a
40b2c008
45014422
80820141
80825575
03f00793
02b7e763
86b26709
736357f5
07b702e6
87930400
95be3c17
058a1141
c6064601
f2ffc0ef
478140b2
0141853e
57f58082
8082853e
c2261141
15b784ae
86b21000
22458593
c6064601
842ac422
f03fc0ef
100015b7
86a68522
22858593
c0ef4601
40b2ef1f
44924422
01414501
11418082
84aec226
100015b7
859386b2
460122c5
c422c606
c0ef842a
15b7ec9f
85221000
859386a6
46012305
eb7fc0ef
442240b2
45014492
80820141
03f00793
04b7e563
cc221101
0055d793
05b7842e
85930400
97ae4895
00279593
ce064601
c62eca26
c0ef84aa
45b2e87f
94334785
66b30087
460100a4
c0ef8526
40f2e69f
44d24462
61054501
55758082
07938082
e66303f0
110104b7
8793cc22
842e0405
040005b7
48958593
97ae8395
00279593
ce064601
c62eca26
c0ef84aa
45b2e33f
94334785
66b30087
460100a4
c0ef8526
40f2e15f
44d24462
61054501
55758082
07938082
e06303f0
110106b7
002007b7
c452ca26
cc22ce06
c64ec84a
17f9c256
84b68a2a
ec635575
059200d7
10000437
8aba89b2
4901942e
00996c63
40f24501
44d24462
49b24942
4a924a22
80826105
012a86b3
874e4781
460185a2
c0ef8552
994eedff
5575bfd1
07938082
e06303f0
110106b7
002007b7
c452ca26
cc22ce06
c64ec84a
17f9c256
84b68a2a
ec635575
059200d7
10000437
8aba89b2
4901942e
00996c63
40f24501
44d24462
49b24942
4a924a22
80826105
012a86b3
874e4781
460185a2
c0ef8552
994ee19f
5575bfd1
07938082
e26303f0
110106b7
002007b7
c452ca26
cc22ce06
c64ec84a
17f9c256
84b68a2a
ee635575
841300d7
04120405
100005b7
8aba89b2
4901942e
00996c63
40f24501
44d24462
49b24942
4a924a22
80826105
012a86b3
874e4781
460185a2
c0ef8552
994edadf
5575bfd1
11018082
8aaec256
100045b7
8593c64e
89b6d985
460186b2
cc22ce06
c84aca26
84bec452
89428a3a
c0ef842a
45b7c9df
86d61000
85938522
4601d9c5
c8bfc0ef
100045b7
852286d2
db858593
c0ef4601
45b7c79f
86ce1000
85938522
4601dbc5
c67fc0ef
100045b7
852286ca
e1858593
c0ef4601
45b7c55f
85221000
859386a6
4601e1c5
c43fc0ef
446240f2
494244d2
4a2249b2
45014a92
80826105
c2561101
45b78aae
c64e1000
da058593
86b289b6
ce064601
ca26cc22
c452c84a
8a3a84be
842a8942
c03fc0ef
100045b7
852286d6
da458593
c0ef4601
45b7bf1f
86d21000
85938522
4601dc05
bdffc0ef
100045b7
852286ce
dc458593
c0ef4601
45b7bcdf
86ca1000
85938522
4601e205
bbbfc0ef
100045b7
86a68522
e2458593
c0ef4601
40f2ba9f
44d24462
49b24942
4a924a22
61054501
71798082
89b2ce4e
d6060050
d226d422
84ae842a
c202d04a
c4028936
f0efc602
0070b0bf
852285a6
be3ff0ef
85a60030
f0ef8522
4792ba3f
eb634501
45220137
050a46b2
41250533
00d53533
00154513
542250b2
59025492
614549f2
11018082
8432cc22
ce064601
c84aca26
84aac64e
89b6892e
b29fc0ef
76b38c29
8ea90134
852685ca
c0ef4601
40f2b0df
44d24462
49b24942
61054501
11418082
24b7c226
85931001
468d2c44
c6064605
842ac422
fafff0ef
2c448593
30000693
10000613
f0ef8522
8593f9df
06b72c44
66410003
f0ef8522
8593f8df
06b70fc4
063700ff
852200ff
f7bff0ef
27c48593
000306b7
85226641
f6bff0ef
27c48593
030006b7
01000637
f0ef8522
8593f59f
468d2804
85224605
f4bff0ef
08448593
ff0006b7
ff000637
f0ef8522
8593f39f
06b72984
06370300
85220100
f27ff0ef
29c48593
30000693
10000613
f0ef8522
8593f15f
06b729c4
06370300
85220100
f03ff0ef
869366c1
8636f006
0d448593
f0ef8522
8593ef1f
06b72984
66410003
f0ef8522
8593ee1f
468d29c4
85224605
ed3ff0ef
29c48593
000306b7
85226641
ec3ff0ef
0d448593
0ff00693
0ff00613
f0ef8522
8593eb1f
06933304
06133000
85221000
e9fff0ef
33c48593
30000693
10000613
f0ef8522
8593e8df
06933484
06133000
85221000
e7bff0ef
12448593
ff0006b7
ff000637
f0ef8522
8593e69f
06b703c4
063700ff
852200ff
e57ff0ef
100105b7
06b78522
06370300
85930100
f0ef5145
40b2e41f
44924422
01414501
11418082
100105b7
c04ac226
030006b7
01000637
51458593
100144b7
10016937
c606c422
04d1842a
e0bff0ef
85a60951
030006b7
01000637
84938522
f0ef4004
96e3df5f
75b7ff24
06931001
06130ff0
85930550
85228385
ddbff0ef
100124b7
03c48593
00ff06b7
00550637
f0ef8522
8593dc5f
06b70844
0637ff00
85225500
db3ff0ef
0d448593
0ff00693
05500613
f0ef8522
66c1da1f
85936615
86930d44
0613f006
85225006
d8bff0ef
0fc48593
00ff06b7
00550637
f0ef8522
8593d79f
85221244
ff0006b7
55000637
d67ff0ef
442240b2
49024492
01414501
11018082
75b7ca26
34b71001
86137654
56fd2104
96858593
cc22ce06
842ac84a
c452c64e
10012937
d2fff0ef
18490593
46014685
f0ef8522
09b7d21f
86930707
05937009
06371849
85220201
d0bff0ef
18890593
460d469d
f0ef8522
0637cfdf
86930605
05937009
06137449
85224006
ce7ff0ef
74890593
461d469d
f0ef8522
4a37cd9f
05931001
46850b4a
85224605
cc7ff0ef
4b4a0593
46014685
59378522
f0ef1001
0593cb5f
46858b49
85224605
ca7ff0ef
cb490593
46014685
f0ef8522
0593c99f
46850b49
85224605
c8bff0ef
4b490593
46014685
f0ef8522
69b7c7df
85931001
46858b49
85224605
c6bff0ef
cb498593
46014685
f0ef8522
8613c5df
05932104
56fd1c4a
f0ef8522
8613c4df
05932104
56fd5c4a
f0ef8522
8613c3df
05932104
56fd9c49
f0ef8522
8613c2df
05932104
56fddc49
f0ef8522
8613c1df
05932104
56fd1c49
f0ef8522
8613c0df
05932104
56fd5c49
f0ef8522
8613bfdf
85932104
56fd9c49
f0ef8522
8613bedf
85932104
8522dc49
f0ef56fd
40f2bddf
44d24462
49b24942
45014a22
80826105
45670637
100175b7
56fd1101
13260613
96858593
cc22ce06
842aca26
c64ec84a
100124b7
ba3ff0ef
18448593
46054685
f0ef8522
0937b95f
06370707
06930002
85937009
06131844
85223006
b7bff0ef
18848593
4605469d
f0ef8522
0637b6df
06930506
85937009
06137444
85227006
b57ff0ef
74848593
4611469d
f0ef8522
49b7b49f
85931001
46850b49
85224601
b37ff0ef
4b498593
46054685
54b78522
f0ef1001
8593b25f
46858b44
85224605
b17ff0ef
cb448593
46014685
f0ef8522
8593b09f
46850b44
85224601
afbff0ef
4b448593
46054685
f0ef8522
6937aedf
05931001
46858b49
85224601
adbff0ef
cb490593
46054685
f0ef8522
0637acdf
85932674
56fd1c49
51360613
f0ef8522
2637ab9f
85930765
56fd5c49
31460613
f0ef8522
1637aa5f
85934207
56fd9c44
56360613
f0ef8522
3637a91f
85937610
56fddc44
54260613
f0ef8522
1637a7df
85934603
56fd1c44
27560613
f0ef8522
6637a69f
85937304
56fd5c44
21560613
f0ef8522
6637a55f
05937325
56fd9c49
04160613
f0ef8522
0637a41f
05937246
8522dc49
061356fd
f0ef5136
40f2a2df
44d24462
49b24942
61054501
36378082
75b74657
11011001
061356fd
85930216
ce069685
ca26cc22
c84a842a
24b7c64e
f0ef1001
85939f5f
46851844
85224605
9e7ff0ef
07070937
01000637
70090693
18448593
20060613
f0ef8522
85939cdf
469d1884
8522460d
9bfff0ef
06050637
70090693
74448593
70060613
f0ef8522
85939a9f
469d7484
85224611
99bff0ef
100149b7
0b498593
46054685
f0ef8522
8593989f
46854b49
85224605
100154b7
977ff0ef
8b448593
46014685
f0ef8522
8593969f
4685cb44
85224601
95bff0ef
0b448593
46014685
f0ef8522
859394df
46854b44
85224601
93fff0ef
10016937
8b490593
46054685
f0ef8522
059392df
4685cb49
85224605
91fff0ef
17640637
1c498593
061356fd
85225236
90bff0ef
76043637
5c498593
061356fd
85222156
8f7ff0ef
43021637
9c448593
061356fd
85227656
8e3ff0ef
76132637
dc448593
061356fd
85224506
8cfff0ef
57130637
1c448593
061356fd
85222466
8bbff0ef
13745637
5c448593
061356fd
85222066
8a7ff0ef
73156637
9c490593
061356fd
85222406
893ff0ef
02453637
dc490593
56fd8522
76160613
87fff0ef
446240f2
494244d2
450149b2
80826105
45673637
100175b7
56fd1101
20160613
96858593
cc22ce06
842aca26
c64ec84a
100124b7
847ff0ef
18448593
46054685
f0ef8522
0937839f
06370707
06930200
85937009
06131844
85221006
81fff0ef
18848593
460d469d
f0ef8522
0637811f
06930506
85937009
06137444
85227006
ffaff0ef
74848593
4611469d
f0ef8522
49b7fecf
85931001
46850b49
85224601
fdaff0ef
4b498593
46054685
54b78522
f0ef1001
8593fc8f
46858b44
85224605
fbaff0ef
cb448593
46014685
f0ef8522
8593facf
46850b44
85224601
f9eff0ef
4b448593
46054685
f0ef8522
6937f90f
05931001
46858b49
85224601
f7eff0ef
cb490593
46054685
f0ef8522
4637f70f
85935320
56fd1c49
16760613
f0ef8522
3637f5cf
85937604
56fd5c49
21560613
f0ef8522
4637f48f
85932735
56fd9c44
10660613
f0ef8522
2637f34f
85937613
56fddc44
45060613
f0ef8522
0637f20f
85935713
56fd1c44
24660613
f0ef8522
1637f0cf
85936342
56fd5c44
75060613
f0ef8522
2637ef8f
05933157
56fd9c49
60460613
f0ef8522
3637ee4f
05930245
8522dc49
061356fd
f0ef7616
40f2ed0f
44d24462
49b24942
61054501
11018082
84aeca26
100185b7
08458593
cc224601
c84ace06
842ac64e
9e0fc0ef
00457793
8125cbb1
4785897d
06f50863
0b634709
461104e5
85b7c13d
46891001
05b14609
f0ef8522
85b7e78f
85931001
46010845
89378522
c0ef1001
09139a2f
49810849
e1298911
100185b7
46014689
852205b1
e4aff0ef
446240f2
494244d2
450149b2
80826105
8a634621
876300f4
478d00a4
faf493e3
a0114645
45814631
c0ef8522
bf51ba0f
864e85ca
c0ef8522
bf4d94ef
4210cd89
46851141
100125b7
f0efc606
40b2dfcf
01414501
45018082
11418082
c606c422
c599842a
46854210
100105b7
ddaff0ef
05b78522
46011001
90cfc0ef
442240b2
01414501
11418082
c606c422
c999842a
05b74210
06b71001
06620f00
28c58593
da6ff0ef
100105b7
85938522
460128c5
8d4fc0ef
442240b2
01414501
71798082
c462d422
ac034180
c85a0045
10011b37
d04ad226
cc52ce4e
c65eca56
8a2ad606
8aa284ae
09378be2
49811001
c78b0b13
864e85ca
c0ef8552
86aa88ef
865e85d6
c0ef8552
8793878f
b733004a
8abe0157
00490793
b7339bba
99ba0127
99e3893e
97e3fd67
6785fc09
c7878793
b43397a2
94620087
50b2c0c0
c09c5422
54925902
4a6249f2
4b424ad2
4c224bb2
80826145
d4227179
4180c462
0045ac03
3b37c85a
d2261001
ce4ed04a
ca56cc52
d606c65e
84ae8a2a
8be28aa2
10012937
0b134981
85ca8d0b
8552864e
ffdfb0ef
85d686aa
8552865e
fe7fb0ef
004a8793
0157b733
07938abe
9bba0049
0127b733
893e99ba
fd6799e3
fc0997e3
87936785
97a28d07
0087b433
c0c09462
542250b2
5902c09c
49f25492
4ad24a62
4bb24b42
61454c22
71798082
c462d422
ac034180
c85a0045
10017b37
d04ad226
cc52ce4e
c65eca56
8a2ad606
8aa284ae
49378be2
49811001
a64b0b13
864e85ca
b0ef8552
86aaf6bf
865e85d6
b0ef8552
8793f55f
b733004a
8abe0157
00490793
b7339bba
99ba0127
99e3893e
97e3fd67
678dfc09
a6478793
b43397a2
94620087
50b2c0c0
c09c5422
54925902
4a6249f2
4b424ad2
4c224bb2
80826145
c6061141
c226c422
84ae842a
e3fff0ef
852285a6
ec9ff0ef
44228522
85a640b2
01414492
f4bff06f
100175b7
85931141
460190c5
b0efc606
40b2edbf
01414501
71398082
24b7da26
d64e1001
ca66cc62
8cae8c32
660989b6
85936689
de061704
d84adc22
8942842a
d256d452
8abed05a
ce5e8b46
8bba4a36
b5aff0ef
100125b7
859386e6
46017505
b0ef8522
46bde7df
85934601
85227544
b3aff0ef
66c109a2
1009f993
0ffc7c13
010b9613
0189e9b3
66338e75
86930136
85931ff6
852274c4
b12ff0ef
00030637
79330942
0b6200c9
03000637
00cb7b33
008a9613
01696933
70067613
030306b7
00c96633
7b848593
70068693
f0ef8522
e9b7adcf
8593effe
49017bc4
84498993
7dc48a93
87b34706
864a0135
439497ba
c62e8522
debfb0ef
879345b2
b7330045
993a00b7
9fe385be
1de3fd57
4603fc09
06930441
85220ff0
a92ff0ef
063747a6
85930fff
07c27684
06b78e7d
85220fff
a7aff0ef
000a2603
75848593
852256fd
a6aff0ef
004a2603
75c48593
852256fd
a5aff0ef
008a2603
76048593
852256fd
a4aff0ef
00ca2603
76448593
852256fd
a3aff0ef
74848593
10000693
10000613
f0ef8522
8593a28f
26b71744
46011000
f0ef8522
25b7a18f
85931001
460116c5
b0ef8522
2937d47f
84aa1001
16c90913
97934981
de630124
25b70607
85931001
46017485
b0ef8522
4746d23f
01055793
c31c8b85
814547d6
25b78905
c3881001
76858593
85224601
d01fb0ef
055247e6
100124b7
c3888151
74848593
10000693
85224601
9a6ff0ef
17048593
66898522
f0ef4601
50f2998f
54d25462
59b25942
5a925a22
4bf25b02
4cd24c62
61214501
85ca8082
8522864e
cb1fb0ef
051384aa
b0ef3e80
b7b5e41f
da267139
100104b7
ce5ed452
8bb6cc62
8a328c2e
664166c1
5bc48593
dc22de06
842ad84a
d64e8946
89c2d256
d05a8abe
f0ef8b3a
6641930f
060566c1
59848593
f0ef8522
05b7920f
86e21001
38c58593
85224601
c43fb0ef
460146bd
39048593
f0ef8522
0a62900f
3f000637
00ca7633
3f0006b7
38448593
f0ef8522
f6138e8f
4685001b
38848593
f0ef8522
06b78d8f
46010003
51848593
f0ef8522
76138c8f
8593007b
469d3a44
f0ef8522
0b378b8f
8593efff
4a013a84
c58b0b13
3c848b93
016587b3
439497d6
85228652
b0efc62e
45b2bc9f
00458793
00b7b733
85be9a3a
ff7790e3
fc0a1ee3
001006b7
f0068693
00899613
85228e75
86aff0ef
00092603
39448593
852256fd
85aff0ef
00492603
39848593
852256fd
84aff0ef
00892603
39c48593
852256fd
83aff0ef
00c92603
3a048593
852256fd
82aff0ef
38448593
10000693
10000613
f0ef8522
05b7818f
85931001
46015745
b0ef8522
0937b47f
84aa1001
57490913
97934981
d86300f4
05b70607
85931001
46013845
b0ef8522
4786b23f
89058141
100105b7
8593c388
46013cc5
b0ef8522
4796b0bf
04b70552
81511001
8593c388
06933844
46011000
e0ef8522
8593fb1f
85225bc4
664166c1
fa3fe0ef
546250f2
594254d2
5a2259b2
5b025a92
4c624bf2
61214501
85ca8082
8522864e
abdfb0ef
051384aa
b0ef3e80
bfa5c4df
46011101
ca26cc22
c452c64e
ce06c256
84aac84a
b0ef842e
89aaa97f
0ab74a01
1c631001
40f2013a
44d24462
49b24942
4a924a22
61054501
05938082
46010044
b0ef8526
0421a6bf
85a2892a
85264601
a5dfb0ef
015905b3
b63386aa
85260125
a43fb0ef
bf750a05
c4521101
30214637
10017a37
968a0593
061356fd
ce066576
ca26cc22
24b7842a
c84a1001
c256c64e
edffe0ef
18448593
46054685
e0ef8522
0937ed1f
06370707
06930605
85937009
06131844
85227006
eb7fe0ef
18848593
4611469d
e0ef8522
0637ea9f
06930002
85937009
06137444
85221006
e93fe0ef
74848593
460d469d
e0ef8522
4ab7e85f
85931001
46850b4a
85224605
e73fe0ef
4b4a8593
46054685
59378522
e0ef1001
0593e61f
46858b49
85224601
e53fe0ef
cb490593
46014685
e0ef8522
0593e45f
46850b49
85224601
e37fe0ef
4b490593
46014685
e0ef8522
69b7e29f
85931001
46858b49
85224605
e17fe0ef
cb498593
46054685
e0ef8522
0637e09f
85932674
56fd1c4a
51360613
e0ef8522
2637df5f
85930675
56fd5c4a
31460613
e0ef8522
7637de1f
05934102
56fd9c49
56360613
e0ef8522
3637dcdf
05937621
56fddc49
54060613
e0ef8522
0637db9f
05936731
56fd1c49
24560613
e0ef8522
6637da5f
05930375
56fd5c49
21460613
e0ef8522
7637d91f
85930416
56fd9c49
35260613
e0ef8522
1637d7df
85935346
56fddc49
72060613
e0ef8522
2937d69f
06931f1f
8593f009
06374844
85220201
d53fe0ef
48848593
460d46fd
e0ef8522
3ab7d45f
06371001
06930706
8593f1f9
0613830a
85225046
d2bfe0ef
0a0e1637
f0090693
47c48593
90060613
e0ef8522
8593d15f
46fd4804
8522463d
d07fe0ef
0c0b1637
f1f90693
82ca8593
d0860613
e0ef8522
0693cf1f
8593f009
16374784
85221211
cdffe0ef
47c48593
464d46fd
e0ef8522
1637cd1f
06931716
8593f1f9
0613830a
85225146
cbbfe0ef
17848593
664166c1
e0ef8522
0637cadf
05930440
0693884a
0613f000
85222006
c97fe0ef
08200637
888a0593
061356fd
85221806
c83fe0ef
88ca0593
0ff00693
85224641
c73fe0ef
001004b7
fff48693
46098593
03300613
e0ef8522
8693c5df
8593fff4
85224649
e0ef4631
40f2c4df
44d24462
49b24942
4a924a22
61054501
11418082
c6068636
47054681
02f69563
87936785
95be8007
07b7177d
058a1001
00c716b3
963395be
e0ef00c8
40b2c0df
01414501
07068082
bfc90685
d2267179
ce4ed04a
89b6cc52
893a8a32
88ae84be
4789c62e
46814801
05934701
46010b10
d422d606
f0ef842a
48b2f9df
48014789
470146a1
0b100593
85224601
f87ff0ef
478948b2
46c14801
05934701
46010b10
f0ef8522
88d2f71f
48014789
470146c1
09f00593
85224601
f5bff0ef
478988d2
46e14801
05934701
460109f0
f0ef8522
88d2f45f
48014789
47014681
0a000593
85224601
f2fff0ef
478988ce
46e14801
05934701
46010a60
f0ef8522
88cef19f
48014789
470146a1
0a700593
85224601
f03ff0ef
478988ce
46e14801
05934701
46010a70
f0ef8522
88caeedf
48014789
470146c1
0a600593
85224601
ed7ff0ef
478988ca
46814801
05934701
46010a70
f0ef8522
88caec1f
48014789
470146c1
0a700593
85224601
eabff0ef
478988a6
46a14801
05934701
46010cc0
f0ef8522
88a6e95f
48014789
470146a1
0cf00593
85224601
e7fff0ef
852288a6
48014789
470146a1
0d200593
f0ef4601
50b2e69f
54925422
49f25902
45014a62
80826145
86361141
4681c606
93634705
678502f6
177d95be
100107b7
16b3058a
95be00c7
00c89633
a63fe0ef
450140b2
80820141
06850706
6585bfd9
08931141
47b50650
46814801
85934701
4601a405
c422c606
842ac226
fadff0ef
000258b7
18fd6585
480147c9
47014681
a3258593
85224601
f91ff0ef
65856495
fff48893
480147c5
47014681
a3358593
85224601
f75ff0ef
88936585
47c5fff4
46814801
85934701
4601a345
f0ef8522
6585f5bf
fff48893
480147c9
47014681
a3558593
85224601
f41ff0ef
88936585
47c9fff4
46814801
85934701
4601a365
f0ef8522
6585f27f
fff48893
480147c9
47014681
a3858593
85224601
f0dff0ef
88936585
47c9fff4
46814801
85934701
4601a395
f0ef8522
6585ef3f
fff48893
480147c9
47014681
a3a58593
85224601
ed9ff0ef
88936585
47c9fff4
46814801
85934701
4601a3b5
f0ef8522
6585ebff
47dd4881
46814801
85934701
4601a4f5
f0ef8522
6585ea7f
478d4899
46814801
85934701
4601a905
f0ef8522
6585e8ff
488d8522
4801478d
47014681
a6958593
f0ef4601
40b2e77f
44924422
01414501
71798082
d226d422
ce4ed04a
842ad606
049388ae
49010580
45800993
4701479d
864a85a6
46c14801
c6468522
e3dff0ef
10048793
0097b733
84be48b2
9fe3993a
1de3fd37
6785fc09
82878493
c2878993
470147ad
864a85a6
46c14801
c6468522
e09ff0ef
10048793
0097b733
84be48b2
9fe3993a
1de3fd37
6585fc09
478d8522
46814801
85934701
4601a6a5
dddff0ef
542250b2
59025492
450149f2
80826145
cc221101
c84aca26
ce06c64e
0413892a
44810500
45000993
4701478d
862685a2
48014895
854a46e1
da1ff0ef
10040793
0087b733
843e94ba
ff3790e3
40f2fcf1
44d24462
49b24942
61054501
11418082
47014781
46014681
c606458d
842ac422
bf5ff0ef
f0ef8522
458dd99f
f0ef8522
48bdef5f
48014791
47014681
0cf00593
85224601
b97ff0ef
479148bd
46814801
05934701
46010d20
f0ef8522
8522b81f
f61ff0ef
442240b2
01414501
67858082
95be1141
8432c422
00259613
100105b7
b63395b2
c22600c5
84b6c606
ac0fb0ef
553340b2
07930085
44220200
15338f85
449200f5
00f55533
80820141
11416585
004008b7
480147dd
47014681
a4f58593
c6064601
c226c422
c04a842a
cbdff0ef
08936585
47b50670
46814801
85934701
4601a405
f0ef8522
6585ca3f
07936885
48010200
47014681
a4158593
85224601
c89ff0ef
48856585
48014785
470146e1
a4058593
85224601
f0ef6485
0913c6ff
84930320
0513a434
197d0640
bbafb0ef
02090c63
465d4685
852285a6
f33ff0ef
6585d17d
47854885
46814801
85934701
4601a145
f0ef8522
4501c33f
442240b2
49024492
80820141
bfcd4505
87936785
11418007
c42295be
96138432
05b70025
95b21001
00c5b633
c606c226
b0ef84b6
40b29bef
00855533
02000793
8f854422
00f51533
55334492
014100f5
11418082
47a188ae
46e14801
05934701
460103c0
c422c606
842ac226
a13ff0ef
47854885
46c14801
05934701
460103c0
f0ef8522
04939fdf
05130320
14fd0640
afafb0ef
25b7ec99
85931001
460116c5
b0ef8522
450594ef
442240b2
01414492
46858082
05934631
852205b0
f55ff0ef
25b7d569
85931001
46011705
b0ef8522
76fd922f
8d7516fd
100125b7
8ec96685
17058593
46018522
8fefb0ef
bf6d4501
88ae1141
480147a1
470146a1
460145fd
c422c606
842ac226
977ff0ef
47854885
46814801
45fd4701
85224601
963ff0ef
03200493
06400513
b0ef14fd
ec99a60f
100125b7
16c58593
85224601
8b4fb0ef
40b24505
44924422
80820141
46314685
05b00593
f0ef8522
d569ebbf
100125b7
17058593
85224601
888fb0ef
16fd76fd
25b78d75
66851001
85938ec9
85221705
b0ef4601
4501864f
1141bf6d
47a188ae
46814801
05934701
46010290
c422c606
842ac226
8dbff0ef
47854885
46e14801
05934701
46010280
f0ef8522
04938c5f
05130320
14fd0640
9c2fb0ef
25b7ec99
85931001
460116c5
b0ef8522
4505816f
442240b2
01414492
46858082
05934631
852205b0
e1dff0ef
25b7d569
85931001
46011705
a0ef8522
76fdfebf
8d7516fd
100125b7
8ec96685
17058593
46018522
fc7fa0ef
bf6d4501
88ae1141
480147a1
47014681
02900593
c6064601
c226c422
f0ef842a
488583df
48014785
470146c1
02800593
85224601
827ff0ef
03200493
06400513
b0ef14fd
ec99924f
100125b7
16c58593
85224601
f79fa0ef
40b24505
44924422
80820141
46314685
05b00593
f0ef8522
d569d7ff
100125b7
17058593
85224601
f4dfa0ef
16fd76fd
25b78d75
66851001
85938ec9
85221705
a0ef4601
4501f29f
1141bf6d
47a188ae
46814801
05934701
460104b0
c422c606
842ac226
f9eff0ef
47854885
46e14801
05934701
460104a0
f0ef8522
0493f88f
05130320
14fd0640
886fb0ef
25b7ec99
85931001
460116c5
a0ef8522
4505edbf
442240b2
01414492
46858082
05934631
852205b0
ce1ff0ef
25b7d569
85931001
46011705
a0ef8522
76fdeaff
8d7516fd
100125b7
8ec96685
17058593
46018522
e8bfa0ef
bf6d4501
100175b7
85931141
460181c5
c422c606
a0ef842a
75b7e7bf
66931001
85930015
852281c5
a0ef4601
40b2e5df
45014422
80820141
100165b7
85931141
46010a45
c422c606
a0ef842a
06b7e47f
16fdf801
65b78d75
06b71001
8ec902fc
0a458593
46018522
e1ffa0ef
100165b7
0a858593
85224601
e19fa0ef
fff806b7
0ff68693
65b78d75
06b71001
8ec90003
0a858593
46018522
deffa0ef
100165b7
0ac58593
85224601
de9fa0ef
80057693
100165b7
3586e693
85938522
46010ac5
dc7fa0ef
100165b7
0b058593
85224601
dc1fa0ef
80057693
100165b7
30c6e693
85938522
46010b05
d9ffa0ef
100165b7
0b458593
85224601
d99fa0ef
80057693
100165b7
3286e693
85938522
46010b45
d77fa0ef
100165b7
0b858593
85224601
d71fa0ef
80057693
100165b7
e6938522
859332c6
46010b85
d4ffa0ef
f0ef8522
40b2ec7f
45014422
80820141
ce061101
ca26cc22
c84a842a
8932c64e
f0ef89ae
8522a93f
e45fe0ef
100125b7
17058593
85224601
d1dfa0ef
16fd76fd
25b78d75
66851001
85938ec9
46011705
a0ef8522
25b7cf9f
85931001
46011705
a0ef8522
06b7cf3f
16fdff00
25b78d75
06b71001
8ec90100
17058593
85224601
ccbfa0ef
100125b7
17058593
85224601
cc5fa0ef
100125b7
40056693
17058593
85224601
ca7fa0ef
47094789
46094689
85224589
d68ff0ef
05500493
00098463
0ff00493
100125b7
16c58593
85224601
c85fa0ef
100125b7
17058593
85224601
c75fa0ef
100125b7
17458593
85224601
c65fa0ef
100125b7
85934681
46011745
a0ef8522
25b7c49f
06b71001
46010100
17058593
a0ef8522
85a6c35f
f0ef8522
25b7a99f
85931001
460116c5
a0ef8522
25b7c27f
85931001
46011705
a0ef8522
25b7c17f
85931001
46011745
a0ef8522
4785c07f
00f91563
f0ef8522
85a6da3f
f0ef8522
85a6af3f
f0ef8522
85a6b85f
f0ef8522
85a6c1bf
f0ef8522
40f2cb1f
44d24462
49b24942
61054501
11018082
04b7ca26
c64e1001
c256c452
8aae8a32
859389b6
06932a84
46011000
cc22ce06
842ac84a
e0ef893a
9613860f
8593010a
06b72904
85220fff
84efe0ef
86526685
29448593
852216fd
83efe0ef
01099613
29448593
00ff06b7
e0ef8522
06b782cf
1613ff00
85930189
85222944
81afe0ef
100105b7
2a858593
85224601
b49fa0ef
100105b7
29058593
85224601
b39fa0ef
100105b7
29458593
46018522
b29fa0ef
446240f2
494244d2
4a2249b2
45014a92
61054581
11018082
04b7ca26
c84a1001
8936c64e
46bd89b2
8593862e
ce062904
842acc22
fb3fd0ef
00899613
29048593
70000693
d0ef8522
06b7fa1f
16130f00
85930189
852228c4
f8ffd0ef
100105b7
28c58593
85224601
abdfa0ef
100105b7
29058593
46018522
aadfa0ef
446240f2
494244d2
450149b2
61054581
862e8082
100125b7
85934685
d06f6e05
9613f4df
25b70085
06931001
85931000
d06f1a45
1101f39f
c25ac652
10018a37
10018b37
ca26cc22
c456c84a
ce06c05e
892e84aa
0a138432
4a81088a
084b0b13
ec014b81
40f24529
44d24462
4a324942
4b124aa2
61054b82
85ca8082
e0ef8526
85d2831f
85268656
a21fa0ef
147d8909
85dae519
8526865e
a11fa0ef
4501b7d9
1101b7d9
0937c84a
cc221001
c64eca26
ce06c452
842e84aa
57890913
0a374981
e8110200
40f2452d
44d24462
49b24942
61054a22
85ca8082
8526864e
9cdfa0ef
01457533
dd71147d
bff14501
d5227171
4685d14a
8432892e
08904585
cd52d706
cf4ed326
c95acb56
c8828a2a
89ffe0ef
02000613
18084581
dfef90ef
d0024785
d402d202
1563d602
57fd00f4
d63ed23e
ce02cc02
47814481
49814401
01c10a93
01810b13
e063e399
c0190324
10000413
852250ba
549a542a
49fa590a
4ada4a6a
614d4b4a
181c8082
c05ac256
02010893
47014805
46754685
85524581
c8dfe0ef
e39147e2
47f20985
00148713
943e97ce
009737b3
b77d84ba
c3567135
04010a93
c94acd22
892ec552
84328a2a
06134581
85560200
cb26cf06
c15ac74e
dce2dede
d8eadae6
90efd6ee
4785d50f
da02d802
de02dc02
00f41563
da3e57fd
d202de3e
d602d402
47814481
49814401
02c10b13
02810b93
02410c13
03010c93
4da54d05
e563e399
c0190324
20000413
852240fa
44da446a
49ba494a
4a9a4a2a
5bf64b0a
5cd65c66
5db65d46
8082610d
cc5a4781
c862ca5e
c46ac666
c056c26e
48014881
46854701
45814675
e0ef8552
5792991f
0985e391
871357b2
97ce0014
37b3943e
84ba0097
1101bf71
c84aca26
100174b7
00020937
0693c64e
4601f009
859389ae
ce06a0c4
842acc22
ce3fd0ef
f0090693
85934601
8522a2c4
cd3fd0ef
f0090693
85934601
8522a344
cc3fd0ef
f0090693
85934601
8522a244
cb3fd0ef
9f634785
069316f9
06133c00
85932400
8522a004
c9bfd0ef
3c000693
24000613
a0448593
d0ef8522
c6b7c89f
46370003
85930002
8522a084
c77fd0ef
0003c6b7
85936671
8522a104
c67fd0ef
0003c6b7
00024637
a3048593
d0ef8522
c6b7c55f
66610003
a2048593
d0ef8522
c6b7c45f
66610003
a2848593
d0ef8522
4937c35f
05931001
06b71849
06370f00
85220900
c1ffd0ef
58490593
0f0006b7
09000637
d0ef8522
5937c0df
05931001
06b79849
06370f00
85220900
bf7fd0ef
d8490593
0f0006b7
09000637
d0ef8522
0593be5f
06b71849
06370f00
85220900
bd3fd0ef
58490593
0f0006b7
09000637
d0ef8522
6937bc1f
06b71001
06370f00
05930900
85229849
babfd0ef
0f0006b7
09000637
d8490593
d0ef8522
6689b99f
061316fd
85930970
85229004
b87fd0ef
0ff00693
85934619
85229304
b77fd0ef
0003f6b7
85936641
85229a44
b67fd0ef
86936685
0613fc06
85934000
85229a44
b53fd0ef
01e006b7
85934601
8522a2c4
b43fd0ef
01e006b7
85934601
8522a244
b33fd0ef
446240f2
494244d2
450149b2
80826105
cc221101
ce06c256
c84aca26
c452c64e
8aae842a
16059263
849364bd
04c20f04
10014a37
862676c1
224a0593
d0ef8522
76c1af1f
05938626
8522624a
ae3fd0ef
10015937
862676c1
a2490593
d0ef8522
76c1ad1f
05938626
8522e249
ac3fd0ef
862676c1
22490593
d0ef8522
76c1ab5f
05938626
85226249
aa7fd0ef
100169b7
862676c1
a2498593
d0ef8522
76c1a95f
85938626
8522e249
a87fd0ef
93634785
74b70cfa
06b71001
c6378000
c6930004
0613fff6
8593fcc6
85229f84
a63fd0ef
0ff00693
85934619
85229304
a53fd0ef
007f06b7
00020637
160a0593
d0ef8522
06b7a41f
0637007f
05930002
8522560a
a2ffd0ef
007f06b7
00020637
96090593
d0ef8522
06b7a1df
0637007f
05930002
8522d609
a0bfd0ef
07ff06b7
00020637
0a098593
d0ef8522
06b79f9f
063707ff
85930002
85224a09
9e7fd0ef
000406b7
16fd6641
40460613
9a448593
d0ef8522
06b79d1f
16fd0010
85934609
85229a84
9bffd0ef
446240f2
494244d2
4a2249b2
45014a92
80826105
84936485
b545f0f4
c6de7159
45818bae
d4a2d686
842ad2a6
d0ca84b2
893acece
ccd289b6
8a42cad6
c8da8abe
b0ef8b46
4585b3ff
b0ef8522
85deb37f
e0ef8522
85229fbf
99ffd0ef
fff48613
ed634795
d7b700c7
87930021
060a6707
421c963e
87828522
d7dfd0ef
85224585
9e3ff0ef
85224585
9ebff0ef
15634785
852200fa
926ff0ef
92634785
852210fa
aebfd0ef
47855756
00f71663
85224585
c07ff0ef
47855766
00f71663
85224585
dddff0ef
46854b85
4585860a
c05e8522
ae0fe0ef
860a4685
85224585
e0efc05e
5676af0f
852285da
99fff0ef
e14184aa
852255f6
9ffff0ef
e93584aa
017a1a63
45814601
014a8363
85224585
ea8ff0ef
9b634785
05b700f9
46851001
85934605
85225185
897fd0ef
00090e63
85ca864e
f0ef8522
84aaa0bf
85ca864e
f0ef8522
8cc9aabf
47855746
02f71363
0ff00693
3ff00613
0ff00713
0ff00593
f0ef8522
46bdfd4f
45bd461d
f0ef8522
50b6881f
59065426
4a6649f6
4b464ad6
85264bb6
61655496
d0ef8082
bdcde1df
fc5fd0ef
e0efb5f5
b5dd923f
acffd0ef
05b7b5c5
06b71001
06370300
85930300
85225145
80bfd0ef
4781bdc5
00b7c463
80824501
00279713
4318972a
0785e319
6541b7f5
b0050513
11018082
ce06ca26
84aacc22
70efc62e
c905da3f
85a64632
70ef842a
ed09d49f
70ef8522
6789da9f
1207a503
0ff57513
6541c501
a0050513
446240f2
610544d2
45058082
1141bfd5
84aac226
c4224501
c606c04a
8932842e
9bef70ef
040acd1d
94634781
70ef0287
07b79caf
a5030004
75131207
c5010ff5
05136541
40b2a005
44924422
01414902
87338082
43140097
00f90733
c3140791
4505b7e9
7179b7cd
842ed422
1002e5b7
8593ca56
8ab20745
d2264601
ce4ed04a
c85acc52
8a36c65e
84aad606
a0ef8b3a
4685a5ef
96b345e1
04330086
e93702b4
09931002
f7b30889
99a200a6
0089bbb3
85cecb95
8526865e
a34fa0ef
00aa0863
85ce86d2
8526865e
a1afa0ef
542250b2
59025492
4a6249f2
4b424ad2
45014bb2
80826145
1002e5b7
85938ec9
85260745
a0ef4601
05939f0f
95a20789
0085b633
852686da
9defa0ef
08090593
86d695a2
0085b633
a0ef8526
b75d9ccf
456357fd
110106f7
ca26cc22
c64ec84a
c256c452
84aace06
89b2892e
843a8a36
16635afd
85ca02f7
85264601
9a4fa0ef
00a9c7b3
0147f7b3
4501f7fd
446240f2
494244d2
4a2249b2
61054a92
85ca8082
85264601
97cfa0ef
013547b3
0147f7b3
147ddfe9
ff5415e3
bfc95579
80825575
00000000
00000000
00210fd0
00000000
00210fd0
00000000
00210fd0
00000000
00210fd0
00000000
00210fd0
00000000
002117fe
00000000
00210fd0
00000000
00210fd0
00000000
00210fd0
00000000
00211722
00000000
00210fd0
00000000
00210fd0
00000000
00212840
00000000
00213bf2
00000000
00212bd4
00000000
00212560
00000000
002126f2
00000000
00210fd0
00000000
00210fd0
00000000
00210fd0
00000000
00210fd0
00000000
00210fd0
00000000
00210fd0
00000000
00210fd0
00000000
00210fd0
00000000
00210fd0
00000000
00210fd0
00000000
00210fd0
00000000
00210fd0
00000000
00210fd0
00000000
00210fd0
00000000
00210fd0
00000000
00210fd0
00000000
00210fd0
00000000
00210fd0
00000000
00210fd0
00000000
00210fd0
00000000
00210fd0
00000000
00210fd0
00000000
00210fd0
00000000
00210fd0
00000000
00210fd0
00000000
00210fd0
00000000
00210fd0
00000000
00210fd0
00000000
00210fd0
00000000
00210fd0
00000000
00210fd0
00000000
00210fd0
00000000
00210fd0
00000000
00210fd0
00000000
00210fd0
00000000
00210fd0
00000000
00210fd0
00000000
00210fd0
00000000
00210fd0
00000000
00210fd0
00000000
00210fd0
00000000
00210fd0
00000000
00210fd0
00000000
00210fd0
00000000
00210fd0
00000000
00210fd0
00000000
00210fd0
0021c160
002116ac
00000000
0021c160
00211710
00000000
0021c4b8
00211870
00000000
0021c4c4
002122f2
00000000
0021c4e4
002126de
00000000
0021c504
0021282c
00000000
0021c524
00212ad6
00000000
0021c530
00212aea
00000000
0021c160
00212bbc
00000000
0021c53c
00212bc0
00000000
0021c160
00212c1c
00000000
0021c55c
00212e34
00000000
0021c578
0021322e
00000000
0021c598
002132ea
00000000
0021c5cc
002134f0
00000000
0021c66c
00213504
00000000
0021c160
00213678
00000000
0021c678
0021367c
00000000
0021c6a8
0021372c
00000000
0021c6c8
00213976
00000000
0021c160
00213bb8
00000000
0021d3b4
00213bd6
00000000
0021c160
00214408
00000000
00000000
20000002
00000500
00010801
00802004
00141000
00088048
500000a0
0c024000
00600210
00000500
00010801
00802004
00141000
00088048
500000a0
0c024000
00600210
00206b60
00206b58
002068d6
00206918
00206b58
00206b58
00206a3e
00206aba
00206b58
002069f8
00206b58
00206b58
00206b58
00206b58
00206b58
00206b58
00206b58
00206998
00000001
00000000
00000000
00000001
00000001
00000001
00000000
00000001
00000001
00000001
00000000
00000000
00000000
00000000
00000000
00000000
00000000
00000000
00000000
00000000
00000000
00000001
00000000
00000000
00000001
00000001
00000000
00000000
00000000
00000000
00000000
00000000
00000001
00000000
00000000
00000001
00000001
00000003
00000000
00000001
00000003
00000003
00000000
00000000
00000000
00000000
00000000
00000000
00000002
00000000
00000000
00000002
00000002
00000005
00000000
00000002
00000004
00000004
00000000
00000000
00000000
00000000
00000000
00000000
00000001
00000002
00000003
00000000
0020875a
00208454
00208172
00208268
0020835e
00208588
002085fe
002086be
00208264
002081ea
00208264
00208192
002081be
00208228
00208230
0020825c
0020835a
002082e0
00208288
0020835a
002082b4
0020831e
00208326
00208352
00208450
002083d6
0020837e
002083aa
00208450
00208414
0020841c
00208424
00208584
00208584
00208474
002084b4
002084f4
00208534
00208574
0020857c
002085fa
002085a8
002085d2
002085da
002085e2
002085fa
002085ea
002085f2
002086ba
002086aa
0020861e
0020864a
002086a2
002086b2
002086ba
00208676
00208756
00208746
00208736
0020873e
0020870a
0020874e
002086de
00000003
0000000c
00000030
000000c0
0020ac4e
0020ae42
0020ac32
0020ac16
0020ae42
0020ad6e
0020ad92
0020adb6
0020ae42
0020ae42
0020ae42
0020ae42
0020ae42
0020ae42
0020ae42
0020ae42
0020ac72
0020ac96
0020acba
0020acde
0020ae42
0020ae52
0020adfe
0020ae20
0020ae42
0020ae42
0020ae42
0020ae42
0020ae42
0020ae42
0020ae42
0020ae42
0020ad02
0020ae42
0020ae42
0020ad26
80000000
90000000
a0000000
b0000000
60288b9d
3ca6f937
11111111
22222222
33333333
44444444
02020100
03030303
04040404
04040404
05050505
05050505
05050505
05050505
06060606
06060606
06060606
06060606
06060606
06060606
06060606
06060606
07070707
07070707
07070707
07070707
07070707
07070707
07070707
07070707
07070707
07070707
07070707
07070707
07070707
07070707
07070707
07070707
08080808
08080808
08080808
08080808
08080808
08080808
08080808
08080808
08080808
08080808
08080808
08080808
08080808
08080808
08080808
08080808
08080808
08080808
08080808
08080808
08080808
08080808
08080808
08080808
08080808
08080808
08080808
08080808
08080808
08080808
08080808
08080808
0000000e
0000000d
00000006
00000005
00000004
00000003
0000000a
00000009
00000008
00000007
0000000c
0000000b
00000001
00000002
00000000
0000000e
0000000c
0000000d
00000005
00000004
00000003
00000002
00000009
00000008
00000007
00000006
0000000b
0000000a
00000001
00000000
0000000d
0000000e
00000003
00000004
00000005
00000006
00000007
00000008
00000009
0000000a
0000000b
0000000c
00000000
00000001
00000002
00000003
00000004
00000005
00000006
00000007
00000008
00000009
0000000a
0000000b
6b636142
63617274
00003a65
25783020
00000078
65726f43
000a3a73
25206469
74732078
73757461
0a782520
00000000
65737365
6169746e
6874206c
64616572
00000000
00525349
61746146
6166206c
20746c75
25206e69
53202173
6e6e6970
2e676e69
000a2e2e
61746146
6166206c
20746c75
74206e69
61657268
70252064
62412021
6974726f
0a2e676e
00000000
2a2a2a2a
72654b20
206c656e
6f6c6c41
69746163
46206e6f
756c6961
20216572
2a2a2a2a
0000000a
2a2a2a2a
654b202a
6c656e72
504f4f20
2a202153
2a2a2a2a
0000000a
2a2a2a2a
654b202a
6c656e72
6e615020
20216369
2a2a2a2a
00000a2a
2a2a2a2a
6b6e5520
6e776f6e
74614620
45206c61
726f7272
21642520
2a2a2a20
00000a2a
72727543
20746e65
65726874
49206461
203d2044
460a7025
746c7561
20676e69
74736e69
74637572
206e6f69
72646461
20737365
7830203d
200a7825
3a617220
25783020
67202078
30203a70
20782578
3a707420
25783020
74202078
30203a30
0a782578
31742020
7830203a
20207825
203a3274
78257830
33742020
7830203a
20207825
203a3474
78257830
7420200a
30203a35
20782578
3a367420
25783020
61202078
30203a30
20782578
3a316120
25783020
20200a78
203a3261
78257830
33612020
7830203a
20207825
203a3461
78257830
35612020
7830203a
200a7825
3a366120
25783020
61202078
30203a37
20782578
3a707320
25783020
00000a78
00210f02
00210f88
00210f88
00210ef8
00210f02
00210f70
00210f7c
65637845
6f697470
6163206e
20657375
28207325
0a296425
00000000
74736e49
74637572
206e6f69
72646461
20737365
6173696d
6e67696c
00006465
74736e49
74637572
206e6f69
65636341
66207373
746c7561
00000000
656c6c49
206c6167
74736e69
74637572
006e6f69
61657242
696f706b
0000746e
64616f4c
64646120
73736572
73696d20
67696c61
0064656e
64616f4c
63636120
20737365
6c756166
00000074
726f7453
64612065
73657264
696d2073
696c6173
64656e67
00000000
726f7453
63612065
73736563
75616620
0000746c
6f6d2d55
65206564
6c6c6163
00000000
6f6d2d53
65206564
6c6c6163
00000000
74736e49
74637572
206e6f69
65676170
75616620
0000746c
64616f4c
67617020
61662065
00746c75
726f7453
61702065
66206567
746c7561
00000000
deadbaad
deadbaad
deadbaad
deadbaad
deadbaad
deadbaad
deadbaad
deadbaad
deadbaad
deadbaad
deadbaad
deadbaad
deadbaad
deadbaad
deadbaad
deadbaad
deadbaad
deadbaad
deadbaad
deadbaad
0021c164
0021c184
0021c1a0
0021c1b4
0021c1c0
0021c1d8
0021c1ec
0021c208
0021c21c
0021c22c
0021da48
0021da48
0021c23c
0021c254
0021da48
0021c264
0021da48
72757053
73756f69
746e6920
75727265
64207470
63657465
21646574
51524920
6425203a
0000000a
43494c50
746e6920
75727265
6c207470
20656e69
73756163
20676e69
20656874
3a515249
0a642520
00000000
002115c8
002115d4
002115d4
002115d4
002115d4
002115d4
002115d4
002115d4
002115e8
002115d4
002115d4
00211438
00211440
00211440
00211440
00211440
00211440
00211440
00211440
00211440
00211440
002115d4
002115d4
002115d4
002115d4
002115d4
002115d4
002115d4
002115d4
002115d4
002115d4
002115d4
002115d4
002115d4
002115d4
002115d4
002115d4
002115d4
002115d4
002115d4
002115d4
002115d4
002115d4
002115d4
002115d4
002115d4
002115d4
002115d4
002115d4
002115d4
002115d4
0021153c
002115d4
002115d4
002115d4
002115d4
002115d4
002115d4
002115d4
002115d4
002115d4
002115d4
002115b6
00211464
002115d4
002115d4
002115d4
002113f8
00211464
002115d4
002115d4
00211460
002115d4
002115d4
002115d4
00211528
002115d4
002115d4
00211570
002115d4
002114d4
002115d4
002115d4
0021153c
002115d4
002113f8
5f737973
636f6c63
0000006b
54524d43
4349535f
00000000
00211f80
00211f68
0021207a
00212360
00211f38
54524d43
434d4f5f
00000000
00000000
00000000
002126ca
0021269c
00000000
54524d43
414d445f
00000043
00000000
00000000
002127a0
002127cc
002127e8
54524d43
4341535f
00000000
54524d43
55504d5f
00000000
54524d43
43444b5f
00000000
00000000
00000000
00212b96
00212b3c
00000000
54524d43
0043485f
00212c12
00000000
00000000
00000000
00000000
54524d43
434d465f
00000000
00000000
00000000
00000000
00000000
00000000
54524d43
434d545f
00000000
00000000
00000001
000000f0
000000f3
00000080
0021347a
00000000
002132d8
002132fe
0021344c
54524d43
0043435f
00000000
00000000
00000000
00000000
00000000
00213588
00213582
002135be
00213588
002135be
00213588
00213588
00213588
002135a8
00213588
00213588
00213588
00213588
00213588
00213588
00213588
002135ae
00213588
00213588
00213588
00213588
00213588
00213588
00213588
00213588
00213588
00213588
00213588
00213588
00213588
00213588
00213588
002135b2
54524d43
4341455f
00000000
54524d43
5345415f
00000000
00000000
00000000
00000000
00000000
00000000
00010000
002135f8
002135fc
00213606
54524d43
43544b5f
00000000
00000000
00000000
00000000
00000000
00000000
54524d43
4449535f
00000000
002138ae
00000000
002138e0
002138e8
00213930
55aa55aa
00000006
00000001
00000000
00000001
00000001
00000001
00000000
00000000
00000000
00000000
00000000
00000000
00000000
00214130
55aa55aa
55aa55aa
00000007
00000001
00000000
00000001
00000001
00000002
00000000
00000000
00000000
00000000
00000000
00000000
00000000
00214130
55aa55aa
55aa55aa
00000008
00000001
00000000
00000001
00000001
00000003
00000000
00000000
00000000
00000000
00000000
00000000
00000000
00214130
55aa55aa
55aa55aa
00000008
00000001
00000000
00000001
00000001
00000007
00000000
00000000
00000000
00000000
00000000
00000000
00000000
00214130
55aa55aa
55aa55aa
0000000c
00000001
00000000
00000001
00000001
00000004
00000000
00000000
00000000
00000000
00000000
00000000
00000000
00214130
55aa55aa
55aa55aa
00000011
00000001
00000000
00000001
00000001
00000005
00000000
00000000
00000000
00000000
00000000
00000000
00000000
00214130
55aa55aa
55aa55aa
00000006
00000001
00000000
00000001
00000001
00000011
00000000
00000000
00000000
00000000
00000000
00000000
00000000
00214130
55aa55aa
55aa55aa
00000007
00000001
00000000
00000001
00000001
00000012
00000000
00000000
00000000
00000000
00000000
00000000
00000000
00214130
55aa55aa
55aa55aa
00000008
00000001
00000000
00000001
00000001
00000013
00000000
00000000
00000000
00000000
00000000
00000000
00000000
00214130
55aa55aa
55aa55aa
0000000a
00000001
00000000
00000001
00000001
00000014
00000000
00000000
00000000
00000000
00000000
00000000
00000000
00214130
55aa55aa
55aa55aa
0000000c
00000001
00000000
00000001
00000001
00000015
00000000
00000000
00000000
00000000
00000000
00000000
00000000
00214130
55aa55aa
55aa55aa
00000010
00000001
00000000
00000001
00000001
00000016
00000000
00000000
00000000
00000000
00000000
00000000
00000000
00214130
55aa55aa
55aa55aa
00000008
00000001
00000001
00000000
00000000
00000000
0021ca68
00000000
0021ca28
00000000
0021ca48
00000000
00000000
0021422e
55aa55aa
0001db41
00000000
00000000
00000000
00000000
00000000
00000000
00000000
00000009
00000000
00000000
00000000
00000000
00000000
00000000
00000000
ffffffed
ffffffff
ffffffff
ffffffff
ffffffff
ffffffff
ffffffff
7fffffff
55aa55aa
0000000e
00000001
00000001
00000000
00000000
00000000
0021cb38
00000000
0021cac8
00000000
0021cb00
00000000
00000000
0021422e
55aa55aa
000098a9
00000000
00000000
00000000
00000000
00000000
00000000
00000000
00000000
00000000
00000000
00000000
00000000
00000000
00000005
00000000
00000000
00000000
00000000
00000000
00000000
00000000
00000000
00000000
00000000
00000000
00000000
00000000
ffffffff
ffffffff
ffffffff
ffffffff
ffffffff
ffffffff
ffffffff
fffffffe
ffffffff
ffffffff
ffffffff
ffffffff
ffffffff
ffffffff
55aa55aa
00000008
00000001
00000000
00000001
00000001
00000021
00000000
00000000
00000000
00000000
00000000
00000000
00000000
00214130
55aa55aa
55aa55aa
00000008
00000001
00000000
00000001
00000001
00000017
00000000
00000000
00000000
00000000
00000000
00000000
00000000
00214130
55aa55aa
55aa55aa
0000000e
00000001
00000000
00000001
00000001
00000022
00000000
00000000
00000000
00000000
00000000
00000000
00000000
00214130
55aa55aa
55aa55aa
00000006
00000001
00000000
00000000
00000000
00000000
0021cce8
0021ccd0
0021cc70
0021cc88
0021cca0
0021ccb8
00000000
00214130
00000000
e1a86294
8fce476d
93d18db7
a7a34630
932a36cd
c302f41d
27897b79
fb68542e
3b35bec2
68f9deb4
ec78681e
13d56ffa
f4618129
2c446af6
bbf43fa7
282e1fe7
82f63c30
3ae9e58c
7ccc01c9
b7e5b3de
449d0084
902ab5ca
67c2223a
097e2c56
9ac4acc1
5be8f102
9e9e916b
a7a3462f
932a36cd
c302f41d
e1a86297
8fce476d
93d18db7
a7a34630
932a36cd
c302f41d
55aa55aa
00000007
00000001
00000000
00000000
00000000
00000000
0021cdcc
0021cdb0
0021cd40
0021cd5c
0021cd78
0021cd94
00000000
00214130
00000000
7ec8c0fc
97da89f5
b09f0757
75d1d787
2a183025
26436686
d7c134aa
8a60888d
b3bb64f1
0da14c08
0ced1ed2
ef271bf6
4104cd7b
4b337d93
29b4d580
8ac0c760
cb49f892
fe14762e
96424e7f
ce25ff38
6ab1e344
1a46db4c
1c6abd5f
41c8cc0d
7c0d4b1e
d23f3f4d
143e568c
0374e9f5
a5a7939f
6ddebca3
d116bc4b
75d0fb98
2a183025
26436686
d7c134aa
7ec8c0ff
97da89f5
b09f0757
75d1d787
2a183025
26436686
d7c134aa
55aa55aa
00000008
00000001
00000000
00000000
00000000
00000000
0021cec8
0021cea8
0021ce28
0021ce48
0021ce68
0021ce88
00000000
00214130
00000000
1f6e5374
2013481d
d5262028
6e3bf623
9d838d72
3e660a90
a1eea9bc
a9fb57db
fee92b04
6ae58101
af2f4925
bf93ebc4
3d0b76b7
fe66a773
30d84ea4
662c61c4
2e1305f4
79a19156
7aafbc2b
afa142c4
3a656149
732213b2
c1cfe7b7
a3e8eb3c
5b25c9be
1dabe8f3
39d02700
69bcb6de
4644417e
7f7b22e1
3439c56d
2d996c82
974856a7
901e0e82
b561a6f7
8c397aa3
9d838d71
3e660a90
a1eea9bc
a9fb57db
1f6e5377
2013481d
d5262028
6e3bf623
9d838d72
3e660a90
a1eea9bc
a9fb57db
55aa55aa
0000000a
00000001
00000000
00000000
00000000
00000000
0021cff0
0021cfc8
0021cf28
0021cf50
0021cf78
0021cfa0
00000000
00214130
00000000
f1b32e24
fcd412b1
7893ec28
4f92b9ec
f6f40def
f98fcfa6
d201e065
e13c785e
36bc4fb7
d35e4720
22340353
b5b4fef4
b8a547ce
80aaf77f
7ed27c67
064c19f2
db782013
60b3d147
38eb1ed5
a7f561e0
a21bed52
3357f624
cc136fff
7ee07868
6c4f09cb
3408ab10
90010f81
4d3e7d49
01afc6fb
925be9fb
5fb0d2c3
1b9bc045
9d1ee71b
42a5a098
a0b077ad
ee084e58
7abb30eb
6671dbef
27483ebf
63ba3a7a
44c59311
8691555b
ee8658e9
2d482ec7
b68f12a3
f98fcfa5
d201e065
e13c785e
36bc4fb7
d35e4720
f1b32e27
fcd412b1
7893ec28
4f92b9ec
f6f40def
f98fcfa6
d201e065
e13c785e
36bc4fb7
d35e4720
55aa55aa
0000000c
00000001
00000000
00000000
00000000
00000000
0021d148
0021d118
0021d058
0021d088
0021d0b8
0021d0e8
00000000
00214130
00000000
3107ec50
87470013
901d1a71
acd3a729
7fb71123
12b1da19
ed5456b4
152f7109
50e641df
0f5d6f7e
a3386d28
8cb91e82
33b471ee
ed70355a
3b88805c
2074aa26
756dce1d
4b1abd11
8ccdc64e
4b9346ed
47910f8c
d826dba6
a7bda81b
7f519ead
418808cc
d8d0aa2f
946a5f54
c4ff191b
462aabff
2476fecd
ebd65317
9b80ab12
35f72a81
f2afcd72
2db9a306
18de98b0
9e582928
2675bf5b
4dc2b291
46940858
a208ccfe
3b88f2b6
5b7a1fca
747f9347
755ad336
a114afd2
62d30651
25ab0569
e9046565
3b883202
6b7fc310
cf3ab6af
ac0425a7
1f166e6c
ed5456b3
152f7109
50e641df
0f5d6f7e
a3386d28
8cb91e82
3107ec53
87470013
901d1a71
acd3a729
7fb71123
12b1da19
ed5456b4
152f7109
50e641df
0f5d6f7e
a3386d28
8cb91e82
55aa55aa
00000010
00000001
00000000
00000000
00000000
00000000
0021d2f8
0021d2b8
0021d1b8
0021d1f8
0021d238
0021d278
00000000
00214130
00000000
583a48f0
28aa6056
2d82c685
2881ff2f
e6a380e6
aecda12a
9bc66842
7d4d9b00
70330871
d6639cca
b3c9d20e
cb308db3
33c9fc07
3fd4e6ae
dbe9c48b
aadd9db8
1867423e
180ea257
65763689
c22553b4
f2dae145
f6450085
04976540
2bcdfa23
ec3e36a6
7897504b
cb498152
21f70c0b
6884eae3
6e1890e4
441cfab7
7cbbbcf9
fa9035da
1baa2696
e26f06b5
f7a3f25f
d6943a64
99aa77a7
5cdb3ea4
82ba5173
39c0313d
9db1758d
58c56dde
ba858424
cbc2a6fe
b9c1ba06
12788717
640ece5c
00f8b332
e198b61e
6dbb8bac
306ecff9
df86a627
d71df2da
beef216b
d9932184
ae03cee9
1131159c
b71634c0
bb4e3019
6c84ace1
a2c89237
95f5af0f
5b534bd5
9ca90069
b5879682
085ddadd
1db1d381
7fac1047
41866119
4ca92619
553e5c41
70330870
d6639cca
b3c9d20e
cb308db3
33c9fc07
3fd4e6ae
dbe9c48b
aadd9db8
583a48f3
28aa6056
2d82c685
2881ff2f
e6a380e6
aecda12a
9bc66842
7d4d9b00
70330871
d6639cca
b3c9d20e
cb308db3
33c9fc07
3fd4e6ae
dbe9c48b
aadd9db8
00213ca6
00213dc0
00213d3e
00213d48
00213d52
00213d5c
00213c98
00213db6
00213d66
00213d70
00213d7a
00213d84
00213cd4
00213cca
00213dca
00213d20
00213d2a
00213d34
00213c70
00213c7a
00213c7a
00213c7a
00213c7a
00213c7a
00213c7a
00213c7a
00213c7a
00213d8e
00213da2
00213dac
00213d98
54524d43
454b505f
00000000
0000000a
0000000b
0000000c
0000000d
0000000e
0000000f
0000000a
0000000b
0000000c
0000000d
0000000e
0000000f
0000000a
0000000b
0000000c
0000000d
0000000e
0000000f
0000000a
ffffffff
ffffffff
ffffffff
0000000e
0000000f
0000000a
ffffffff
ffffffff
0000000d
0000000e
0000000f
00213b62
00000000
00213ba6
002140e4
00213bbc
0021da58
0021db24
0021db30
0021db6c
0021db6c
656c6469
00000000
6e69616d
00000000
2a2a2a2a
6f42202a
6e69746f
655a2067
72796870
20534f20
34312e31
2a20322e
2a2a2a2a
0000000a
00215f38
00215f58
00215f5e
00215f64
00215f6a
00215f70
00215f76
00215f7c
00216448
00216452
0021645c
00216466
00216470
0021647a
00216484
0021648e
00216498
002164a2
002164ac
002164b6
00216506
00216510
0021651a
00216524
0021652e
00216538
00216542
0021654c
00216556
00216560
0021656a
00216574
002165fa
00216600
00216604
00216608
0021660c
00216610
00216614
00216618
0021661c
00216620
00216624
0021666a
00216670
00216674
00216678
0021667c
00216680
00216684
00216688
0021668c
00216690
00216694
002166ee
002166fa
00216706
00216712
0021671e
0021672a
00216736
00216742
0021674e
0021675a
00216766
00216772
1000601c
10006020
10006058
10006014
10006018
10006054
10006008
1000603c
10006044
1000600c
10006040
10006048
00217562
00217568
00217572
00217576
0021757a
0021757e
00217582
00217586
0021758a
0021758e
0021759a
0021778a
0021778e
00217798
0021779c
002177a0
002177a4
002177a8
002177ac
002177b0
002177b4
002177be
002177f8
002177fc
00217806
0021780a
0021780e
00217812
00217816
0021781a
0021781e
00217822
0021782c
00217a36
00217a3c
00217a42
00217a48
00217a4e
00217a54
00217a5a
0021b3a4
0021b4b2
0021b4b8
0021b4be
0021b4be
0021b4c4
00000002
00000002
00000000
0000012f
00000000
00000000
00000000
000003ff
00000000
00060001
03000064
0021e4e4
00000000
00000000
00000000
00000000
00000000
00000000
00000000
00000000
00000000
00000000
00000000
00000000
00000000
00010140
000f0024
0021e73c
00000000
00000000
00000000
00000000
00000000
00000000
00000000
00000000
00000000
00000000
00000000
00000000
00000000
00010162
00030098
0021e760
00000000
00000000
00000000
00000000
00000000
00000000
00000000
00000000
00000000
00000000
00000000
00000000
00000000
00010150
00030028
0021e7f8
00000000
00000000
00000000
00000000
00000000
00000000
00000000
00000000
00000000
00000000
00000000
00000000
00000000
00010120
00000030
0021e820
00000000
00000000
00000000
00000000
00000000
00000000
00000000
00000000
00000000
00000000
00000000
00000000
00000000
00010002
00000024
0021e850
00000000
00000000
00000000
00000000
00000000
00000000
00000000
00000000
00000000
00000000
00000000
00000000
00000000
00010104
00000030
0021e874
00000000
00000000
00000000
00000000
00000000
00000000
00000000
00000000
00000000
00000000
00000000
00000000
00000000
00010108
00000024
0021e8a4
00000000
00000000
00000000
00000000
00000000
00000000
00000000
00000000
00000000
00000000
00000000
00000000
00000000
00010110
0000002c
0021e8c8
00000000
00000000
00000000
00000000
00000000
00000000
00000000
00000000
00000000
00000000
00000000
00000000
00000000
00010152
00000024
0021e8f4
00000000
00000000
00000000
00000000
00000000
00000000
00000000
00000000
00000000
00000000
00000000
00000000
00000000
00010000
00000034
0021e918
00000000
00000000
00000000
00000000
00000000
00000000
00000000
00000000
00000000
00000000
00000000
00000000
00000000
00010130
00010078
0021e060
00000000
00000000
00000000
00000000
00000000
00000000
00000000
00000000
00000000
00000000
00000000
00000000
00000000
00000000
00000040
00000040
00000060
00000060
00000000
00000000
00000020
00000040
00000020
00000000
00000000
00000000
00000020
00000000
00000000
00000000
00000000
00000000
00000020
00000000
00000000
00000000
00000000
00000000
00000000
00000000
00000000
00000000
00000040
002111b6
fffffcff
002144d4
0021da30
0021da30
14000000
127fe000
12200000
00000019
6e6b6e75
006e776f
fffffff5
0021e94c
0021b91c
00000000
00000000
0021b9d0
00000000
00000000
0021b8c8
00000000
00000000
0021b8d4
00000000
00000000
0021b8f8
0021c4f0
0021d6e8
0021b910
00000000
00000000
0021b970
0021c5d4
0021d868
0021b97c
00000000
00000000
0021b964
0021c5b8
0021d828
0021b8ec
0021c4d0
0021d6a8
0021b904
0021c510
0021d728
0021b934
0021c548
0021d768
0021b94c
0021c564
0021d7a8
0021b958
0021c584
0021d7e8
0021b994
0021c684
0021d8a8
0021b9a0
0021c6b4
0021d8e8
0021b9c4
0021d438
0021d968
0021b8e0
00000000
00000000
0021b9ac
0021c6d4
0021d928
0021b928
00000000
00000000
0021b940
00000000
00000000
0021b988
00000000
00000000
0021b9b8
00000000
00000000
0021db6c
0021db6c
00000000
00000000
0000000f
0021db80
0021db80
00000000
00000000
0000000f
0021db94
0021db94
00000000
00000000
0000000f
00204000
0021b6c8
0021b9e0
0021d688
0021d688
0021dba8
0021dba8
0021eb18
0021eb20
00227520
00204004
00204000
00000034
00000048
00000001
06937162
c6afb9e9
84069542
897c2d7a
2e504fa8
348c8a64
56b80876
8274d363
00000001
c0ffbeef
00000001
0f0fff1f
fffffe0f
7fffffff
bfff8000
00000000
8000ffff
00000000
00000001
00000040
bb4a1ef6
2ade9ebe
1f48209f
d333253d
ecc0f6ea
da0a2bda
c51ee68d
5d482df9
6b06470c
8ed76914
87969f10
d00ef4e8
f9804435
9c48bbe3
80d00712
99550670
00000040
3da785ca
835f2cef
2f7e8eac
d399091a
b328d208
05b13dab
304dbcfe
1a785c15
45c3d37a
d7a065fb
cbbd42c4
f17410e2
88bafb6f
5b608506
e8472544
32887ec1
000000e0
00000000
00000000
00000000
00000000
00000000
00000000
00000000
00000000
00000000
00000000
00000000
00000000
00000000
00000000
00000000
00000000
00000000
00000000
00000000
00000000
00000000
00000000
00000000
00000000
00000000
00000000
00000000
00000000
00000000
00000000
00000000
00000000
00000000
00000000
00000000
00000000
00000000
00000000
00000000
00000000
00000000
00000000
00000000
00000000
00000000
00000000
00000000
00000000
00000000
00000000
00000000
00000000
00000000
00000000
00000000
00000000
00000000
00000000
00000000
00000000
00000000
00000000
00000000
00000000
00000000
00000000
00000000
00000000
00000000
00000000
00000000
00000000
00000000
00000000
00000000
00000000
00000000
00000000
00000000
00000000
00000000
00000000
00000000
00000000
00000000
00000000
00000000
00000000
00000000
00000000
00000000
00000000
00000000
00000000
00000000
00000000
00000000
00000000
00000000
00000000
00000000
00000000
00000000
00000000
00000000
00000000
00000000
00000000
00000000
00000000
00000000
00000000
00000000
00000000
00000000
00000000
00000000
00000000
00000000
00000000
00000000
00000000
00000000
00000000
00000000
00000000
00000000
00000000
00000000
00000000
00000000
00000000
00000000
00000000
00000000
00000000
00000000
00000000
00000000
00000000
00000000
00000000
00000000
00000000
00000000
00000000
00000000
00000000
00000000
00000000
00000000
00000000
00000000
00000000
00000000
00000000
00000000
00000000
00000000
00000000
00000000
00000000
00000000
00000000
00000000
00000000
00000000
00000000
00000000
00000000
00000000
00000000
00000000
00000000
00000000
00000000
00000000
00000000
00000000
00000000
00000000
00000000
00000000
00000000
00000000
00000000
00000000
00000000
00000000
00000000
00000000
00000000
00000000
00000000
00000000
00000000
00000000
00000000
00000000
00000000
00000000
00000000
00000000
00000000
00000000
00000000
00000000
00000000
00000000
00000000
00000000
00000000
00000000
00000000
00000000
00000000
00000000
00000000
00000000
00000000
00000000
00000000
00000000
00000000
00000000
00000000
00000000
00000000
00000000
00000000
00000000
00000000
00000000
00000000
00000000
00000000
00000000
00000000
00000000
00000000
00000000
00000000
00000000
00000000
00000000
00000000
00000000
00000000
00000000
00000000
00000000
00000000
00000000
00000000
00000000
00000000
00000000
00000000
00000000
00000000
00000000
00000000
00000000
00000000
00000000
00000000
00000000
00000000
00000000
00000000
00000000
00000000
00000000
00000000
00000000
00000000
00000000
00000000
00000000
00000000
00000000
00000000
00000000
00000000
00000000
00000000
00000000
00000000
00000000
00000000
00000000
00000000
00000000
00000000
00000000
00000000
00000000
00000000
00000000
00000000
00000000
00000000
00000000
00000000
00000000
00000000
00000000
00000000
00000000
00000000
00000000
00000000
00000000
00000000
00000000
00000000
00000000
00000000
00000000
00000000
00000000
00000000
00000000
00000000
00000000
00000000
00000000
00000000
00000000
00000000
00000000
00000000
00000000
00000000
00000000
00000000
00000000
00000000
00000000
00000000
00000000
00000000
00000000
00000000
00000000
00000000
00000000
00000000
00000000
00000000
00000000
00000000
00000000
00000000
00000000
00000000
00000000
00000000
00000000
00000000
00000000
00000000
00000000
00000000
00000000
00000000
00000000
00000000
00000000
00000000
00000000
00000000
00000000
00000000
00000000
00000000
00000000
00000000
00000000
00000000
00000000
00000000
00000000
00000000
00000000
00000000
00000000
00000000
00000000
00000000
00000000
00000000
00000000
00000000
00000000
00000000
00000000
00000000
00000000
00000000
00000000
00000000
00000000
00000000
00000000
00000000
00000000
00000000
00000000
00000000
00000000
00000000
00000000
00000000
00000000
00000000
00000000
00000000
00000000
00000000
00000000
00000000
00000000
00000000
00000000
00000000
00000000
00000000
00000000
00000000
00000000
00000000
00000000
00000000
00000000
00000000
00000000
00000000
00000000
00000000
00000000
00000000
00000000
00000000
00000000
00000000
00000000
00000000
00000000
00000000
00000000
00000000
00000000
00000000
00000000
00000000
00000000
00000000
00000000
00000000
00000000
00000000
00000000
00000000
00000000
00000000
00000000
00000000
00000000
00000000
00000000
00000000
00000000
00000000
00000000
00000000
00000000
00000000
00000000
00000000
00000000
00000000
00000000
00000000
00000000
00000000
00000000
00000000
00000000
00000000
00000000
00000000
00000000
00000000
00000000
00000000
00000000
00000000
00000000
00000000
00000000
00000000
00000000
00000000
00000000
00000000
00000000
00000000
00000000
00000000
00000000
00000000
00000000
00000000
00000000
00000000
00000000
00000000
00000000
00000000
00000000
00000000
00000000
00000000
00000000
00000000
00000000
00000000
00000000
00000000
00000000
00000000
00000000
00000000
00000000
00000000
00000000
00000000
00000000
00000000
00000000
00000000
00000000
00000000
00000000
00000000
00000000
00000000
00000000
00000000
00000000
00000000
00000000
00000000
00000000
00000000
00000000
00000000
00000000
00000000
00000000
00000000
00000000
00000000
00000000
00000000
00000000
00000000
00000000
00000000
00000000
00000000
00000000
00000000
00000000
00000000
00000000
00000000
00000000
00000000
00000000
00000000
00000000
00000000
00000000
00000000
00000000
00000000
00000000
00000000
00000000
00000000
00000000
00000000
00000000
00000000
00000000
00000000
00000000
00000000
00000000
00000000
00000000
00000000
00000000
00000000
00000000
00000000
00000000
00000000
00000000
00000000
00000000
00000000
00000000
00000000
00000000
00000000
00000000
00000000
00000000
00000000
00000000
00000000
00000000
00000000
00000000
00000000
00000000
00000000
00000000
00000000
00000000
00000000
00000000
00000000
00000000
00000000
00000000
00000000
00000000
00000000
00000000
00000000
00000000
00000000
00000000
00000000
00000000
00000000
00000000
00000000
00000000
00000000
00000000
00000000
00000000
00000000
00000000
00000000
00000000
00000000
00000000
00000000
00000000
00000000
00000000
00000000
00000000
00000000
00000000
00000000
00000000
00000000
00000000
00000000
00000000
00000000
00000000
00000000
00000000
00000000
00000000
00000000
00000000
00000000
00000000
00000000
00000000
00000000
00000000
00000000
00000000
00000000
00000000
00000000
00000000
00000000
00000000
00000000
00000000
00000000
00000000
00000000
00000000
00000000
00000000
00000000
00000000
00000000
00000000
00000000
00000000
00000000
00000000
00000000
00000000
00000000
00000000
00000000
00000000
00000000
00000000
00000000
00000000
00000000
00000000
00000000
00000000
00000000
00000000
00000000
00000000
00000000
00000000
00000000
00000000
00000000
00000000
00000000
00000000
00000000
00000000
00000000
00000000
00000000
00000000
00000000
00000000
00000000
00000000
00000000
00000000
00000000
00000000
00000000
00000000
00000000
00000000
00000000
00000000
00000000
00000000
00000000
00000000
00000000
00000000
00000000
00000000
00000000
00000000
00000000
00000000
00000000
00000000
00000000
00000000
00000000
00000000
00000000
00000000
00000000
00000000
00000000
00000000
00000000
00000000
00000000
00000000
00000000
00000000
00000000
00000000
00000000
00000000
00000000
00000000
00000000
00000000
00000000
00000000
00000000
00000000
00000000
00000000
00000000
00000000
00000000
00000000
00000000
00000000
00000000
00000000
00000000
00000000
00000000
00000000
00000000
00000000
00000000
00000000
00000000
00000000
00000000
00000000
00000000
00000000
00000000
00000000
00000000
00000000
00000000
00000000
00000000
00000000
00000000
00000000
00000000
00000000
00000000
00000000
00000000
00000000
00000000
00000000
00000000
00000000
00000000
00000000
00000000
00000000
00000000
00000000
00000000
00000000
00000000
00000000
00000000
00000000
00000000
00000000
00000000
00000000
00000000
00000000
00000000
00000000
00000000
00000000
00000000
00000000
00000000
00000000
00000000
00000000
00000000
00000000
00000000
00000000
00000000
00000000
00000000
00000000
00000000
00000000
00000000
00000000
00000000
00000000
00000000
00000000
00000000
00000000
00000000
00000000
00000000
00000000
00000000
00000000
00000000
00000000
00000000
00000000
00000000
00000000
00000000
00000000
00000000
00000000
00000000
00000000
00000000
00000000
00000000
00000000
00000000
00000000
00000000
00000000
00000000
00000000
00000000
00000000
00000000
00000000
00000000
00000000
00000000
00000000
00000000
00000000
00000000
00000000
00000000
00000000
00000000
00000000
00000000
00000000
00000000
00000000
00000000
00000000
00000000
00000000
00000000
00000000
00000000
00000000
00000000
00000000
00000000
00000000
00000000
00000000
00000000
00000000
00000000
00000000
00000000
00000000
00000000
00000000
00000000
00000000
00000000
00000000
00000000
00000000
00000000
00000000
00000000
00000000
00000000
00000000
00000000
00000000
00000000
00000000
00000000
00000000
00000000
00000000
00000000
00000000
00000000
00000000
00000000
00000000
00000000
00000000
00000000
00000000
00000000
00000000
00000000
00000000
00000000
00000000
00000000
00000000
00000000
00000000
00000000
00000000
00000000
00000000
00000000
00000000
00000000
00000000
00000000
00000000
00000000
00000000
00000000
00000000
00000000
00000000
00000000
00000000
00000000
00000000
00000000
00000000
00000000
00000000
00000000
00000000
00000000
00000000
00000000
00000000
00000000
00000000
00000000
00000000
00000000
00000000
00000000
00000000
00000000
00000000
00000000
00000000
00000000
00000000
00000000
00000000
00000000
00000000
00000000
00000000
00000000
00000000
00000000
00000000
00000000
00000000
00000000
00000000
00000000
00000000
00000000
00000000
00000000
00000000
00000000
00000000
00000000
00000000
00000000
00000000
00000000
00000000
00000000
00000000
00000000
00000000
00000000
00000000
00000000
00000000
00000000
00000000
00000000
00000000
00000000
00000000
00000000
00000000
00000000
00000000
00000000
00000000
00000000
00000000
00000000
00000000
00000000
00000000
00000000
00000000
00000000
00000000
00000000
00000000
00000000
00000000
00000000
00000000
00000000
00000000
00000000
00000000
00000000
00000000
00000000
00000000
00000000
00000000
00000000
00000000
00000000
00000000
00000000
00000000
00000000
00000000
00000000
00000000
00000000
00000000
00000000
00000000
00000000
00000000
00000000
00000000
00000000
00000000
00000000
00000000
00000000
00000000
00000000
00000000
00000000
00000000
00000000
00000000
00000000
00000000
00000000
00000000
00000000
00000000
00000000
00000000
00000000
00000000
00000000
00000000
00000000
00000000
00000000
00000000
00000000
00000000
00000000
00000000
00000000
00000000
00000000
00000000
00000000
00000000
00000000
00000000
00000000
00000000
00000000
00000000
00000000
00000000
00000000
00000000
00000000
00000000
00000000
00000000
00000000
00000000
00000000
00000000
00000000
00000000
00000000
00000000
00000000
00000000
00000000
00000000
00000000
00000000
00000000
00000000
00000000
00000000
00000000
00000000
00000000
00000000
00000000
00000000
00000000
00000000
00000000
00000000
00000000
00000000
00000000
00000000
00000000
00000000
00000000
00000000
00000000
00000000
00000000
00000000
00000000
00000000
00000000
00000000
00000000
00000000
00000000
00000000
00000000
00000000
00000000
00000000
00000000
00000000
00000000
00000000
00000000
00000000
00000000
00000000
00000000
00000000
00000000
00000000
00000000
00000000
00000000
00000000
00000000
00000000
00000000
00000000
00000000
00000000
00000000
00000000
00000000
00000000
00000000
00000000
00000000
00000000
00000000
00000000
00000000
00000000
00000000
00000000
00000000
00000000
00000000
00000000
00000000
00000000
00000000
00000000
00000000
00000000
00000000
00000000
00000000
00000000
00000000
00000000
00000000
00000000
00000000
00000000
00000000
00000000
00000000
00000000
00000000
00000000
00000000
00000000
00000000
00000000
00000000
00000000
00000000
00000000
00000000
00000000
00000000
00000000
00000000
00000000
00000000
00000000
00000000
00000000
00000000
00000000
00000000
00000000
00000000
00000000
00000000
00000000
00000000
00000000
00000000
00000000
00000000
00000000
00000000
00000000
00000000
00000000
00000000
00000000
00000000
00000000
00000000
00000000
00000000
00000000
00000000
00000000
00000000
00000000
00000000
00000000
00000000
00000000
00000000
00000000
00000000
00000000
00000000
00000000
00000000
00000000
00000000
00000000
00000000
00000000
00000000
00000000
00000000
00000000
00000000
00000000
00000000
00000000
00000000
00000000
00000000
00000000
00000000
00000000
00000000
00000000
00000000
00000000
00000000
00000000
00000000
00000000
00000000
00000000
00000000
00000000
00000000
00000000
00000000
00000000
00000000
00000000
00000000
00000000
00000000
00000000
00000000
00000000
00000000
00000000
00000000
00000000
00000000
00000000
00000000
00000000
00000000
00000000
00000000
00000000
00000000
00000000
00000000
00000000
00000000
00000000
00000000
00000000
00000000
00000000
00000000
00000000
00000000
00000000
00000000
00000000
00000000
00000000
00000000
00000000
00000000
00000000
00000000
00000000
00000000
00000000
00000000
00000000
00000000
00000000
00000000
00000000
00000000
00000000
00000000
00000000
00000000
00000000
00000000
00000000
00000000
00000000
00000000
00000000
00000000
00000000
00000000
00000000
00000000
00000000
00000000
00000000
00000000
00000000
00000000
00000000
00000000
00000000
00000000
00000000
00000000
00000000
00000000
00000000
00000000
00000000
00000000
00000000
00000000
00000000
00000000
00000000
00000000
00000000
00000000
00000000
00000000
00000000
00000000
00000000
00000000
00000000
00000000
00000000
00000000
00000000
00000000
00000000
00000000
00000000
00000000
00000000
00000000
00000000
00000000
00000000
00000000
00000000
00000000
00000000
00000000
00000000
00000000
00000000
00000000
00000000
00000000
00000000
00000000
00000000
00000000
00000000
00000000
00000000
00000000
00000000
00000000
00000000
00000000
00000000
00000000
00000000
00000000
00000000
00000000
00000000
00000000
00000000
00000000
00000000
00000000
00000000
00000000
00000000
00000000
00000000
00000000
00000000
00000000
00000000
00000000
00000000
00000000
00000000
00000000
00000000
00000000
00000000
00000000
00000000
00000000
00000000
00000000
00000000
00000000
00000000
00000000
00000000
00000000
00000000
00000000
00000000
00000000
00000000
00000000
00000000
00000000
00000000
00000000
00000000
00000000
00000000
00000000
00000000
00000000
00000000
00000000
00000000
00000000
00000000
00000000
00000000
00000000
00000000
00000000
00000000
00000000
00000000
00000000
00000000
00000000
00000000
00000000
00000000
00000000
00000000
00000000
00000000
00000000
00000000
00000000
00000000
00000000
00000000
00000000
00000000
00000000
00000000
00000000
00000000
00000000
00000000
00000000
00000000
00000000
00000000
00000000
00000000
00000000
00000000
00000000
00000000
00000000
00000000
00000000
00000000
00000000
00000000
00000000
00000000
00000000
00000000
00000000
00000000
00000000
00000000
00000000
00000000
00000000
00000000
00000000
00000000
00000000
00000000
00000000
00000000
00000000
00000000
00000000
00000000
00000000
00000000
00000000
00000000
00000000
00000000
00000000
00000000
00000000
00000000
00000000
00000000
00000000
00000000
00000000
00000000
00000000
00000000
00000000
00000000
00000000
00000000
00000000
00000000
00000000
00000000
00000000
00000000
00000000
00000000
00000000
00000000
00000000
00000000
00000000
00000000
00000000
00000000
00000000
00000000
00000000
00000000
00000000
00000000
00000000
00000000
00000000
00000000
00000000
00000000
00000000
00000000
00000000
00000000
00000000
00000000
00000000
00000000
00000000
00000000
00000000
00000000
00000000
00000000
00000000
00000000
00000000
00000000
00000000
00000000
00000000
00000000
00000000
00000000
00000000
00000000
00000000
00000000
00000000
00000000
00000000
00000000
00000000
00000000
00000000
00000000
00000000
00000000
00000000
00000000
00000000
00000000
00000000
00000000
00000000
00000000
00000000
00000000
00000000
00000000
00000000
00000000
00000000
00000000
00000000
00000000
00000000
00000000
00000000
00000000
00000000
00000000
00000000
00000000
00000000
00000000
00000000
00000000
00000000
00000000
00000000
00000000
00000000
00000000
00000000
00000000
00000000
00000000
00000000
00000000
00000000
00000000
00000000
00000000
00000000
00000000
00000000
00000000
00000000
00000000
00000000
00000000
00000000
00000000
00000000
00000000
00000000
00000000
00000000
00000000
00000000
00000000
00000000
00000000
00000000
00000000
00000000
00000000
00000000
00000000
00000000
00000000
00000000
00000000
00000000
00000000
00000000
00000000
00000000
00000000
00000000
00000000
00000000
00000000
00000000
00000000
00000000
00000000
00000000
00000000
00000000
00000000
00000000
00000000
00000000
00000000
00000000
00000000
00000000
00000000
00000000
00000000
00000000
00000000
00000000
00000000
00000000
00000000
00000000
00000000
00000000
00000000
00000000
00000000
00000000
00000000
00000000
00000000
00000000
00000000
00000000
00000000
00000000
00000000
00000000
00000000
00000000
00000000
00000000
00000000
00000000
00000000
00000000
00000000
00000000
00000000
00000000
00000000
00000000
00000000
00000000
00000000
00000000
00000000
00000000
00000000
00000000
00000000
00000000
00000000
00000000
00000000
00000000
00000000
00000000
00000000
00000000
00000000
00000000
00000000
00000000
00000000
00000000
00000000
00000000
00000000
00000000
00000000
00000000
00000000
00000000
00000000
00000000
00000000
00000000
00000000
00000000
00000000
00000000
00000000
00000000
00000000
00000000
00000000
00000000
00000000
00000000
00000000
00000000
00000000
00000000
00000000
00000000
00000000
00000000
00000000
00000000
00000000
00000000
00000000
00000000
00000000
00000000
00000000
00000000
00000000
00000000
00000000
00000000
00000000
00000000
00000000
00000000
00000000
00000000
00000000
00000000
00000000
00000000
00000000
00000000
00000000
00000000
00000000
00000000
00000000
00000000
00000000
00000000
00000000
00000000
00000000
00000000
00000000
00000000
00000000
00000000
00000000
00000000
00000000
00000000
00000000
00000000
00000000
00000000
00000000
00000000
00000000
00000000
00000000
00000000
00000000
00000000
00000000
00000000
00000000
00000000
00000000
00000000
00000000
00000000
00000000
00000000
00000000
00000000
00000000
00000000
00000000
00000000
00000000
00000000
00000000
00000000
00000000
00000000
00000000
00000000
00000000
00000000
00000000
00000000
00000000
00000000
00000000
00000000
00000000
00000000
00000000
00000000
00000000
00000000
00000000
00000000
00000000
00000000
00000000
00000000
00000000
00000000
00000000
00000000
00000000
00000000
00000000
00000000
00000000
00000000
00000000
00000000
00000000
00000000
00000000
00000000
00000000
00000000
00000000
00000000
00000000
00000000
00000000
00000000
00000000
00000000
00000000
00000000
00000000
00000000
00000000
00000000
00000000
00000000
00000000
00000000
00000000
00000000
00000000
00000000
00000000
00000000
00000000
00000000
00000000
00000000
00000000
00000000
00000000
00000000
00000000
00000000
00000000
00000000
00000000
00000000
00000000
00000000
00000000
00000000
00000000
00000000
00000000
00000000
00000000
00000000
00000000
00000000
00000000
00000000
00000000
00000000
00000000
00000000
00000000
00000000
00000000
00000000
00000000
00000000
00000000
00000000
00000000
00000000
00000000
00000000
00000000
00000000
00000000
00000000
00000000
00000000
00000000
00000000
00000000
00000000
00000000
00000000
00000000
00000000
00000000
00000000
00000000
00000000
00000000
00000000
00000000
00000000
00000000
00000000
00000000
00000000
00000000
00000000
00000000
00000000
00000000
00000000
00000000
00000000
00000000
00000000
00000000
00000000
00000000
00000000
00000000
00000000
00000000
00000000
00000000
00000000
00000000
00000000
00000000
00000000
00000000
00000000
00000000
00000000
00000000
00000000
00000000
00000000
00000000
00000000
00000000
00000000
00000000
00000000
00000000
00000000
00000000
00000000
00000000
00000000
00000000
00000000
00000000
00000000
00000000
00000000
00000000
00000000
00000000
00000000
00000000
00000000
00000000
00000000
00000000
00000000
00000000
00000000
00000000
00000000
00000000
00000000
00000000
00000000
00000000
00000000
00000000
00000000
00000000
00000000
00000000
00000000
00000000
00000000
00000000
00000000
00000000
00000000
00000000
00000000
00000000
00000000
00000000
00000000
00000000
00000000
00000000
00000000
00000000
00000000
00000000
00000000
00000000
00000000
00000000
00000000
00000000
00000000
00000000
00000000
00000000
00000000
00000000
00000000
00000000
00000000
00000000
00000000
00000000
00000000
00000000
00000000
00000000
00000000
00000000
00000000
00000000
00000000
00000000
00000000
00000000
00000000
00000000
00000000
00000000
00000000
00000000
00000000
00000000
00000000
00000000
00000000
00000000
00000000
00000000
00000000
00000000
00000000
00000000
00000000
00000000
00000000
00000000
00000000
00000000
00000000
00000000
00000000
00000000
00000000
00000000
00000000
00000000
00000000
00000000
00000000
00000000
00000000
00000000
00000000
00000000
00000000
00000000
00000000
00000000
00000000
00000000
00000000
00000000
00000000
00000000
00000000
00000000
00000000
00000000
00000000
00000000
00000000
00000000
00000000
00000000
00000000
00000000
00000000
00000000
00000000
00000000
00000000
00000000
00000000
00000000
00000000
00000000
00000000
00000000
00000000
00000000
00000000
00000000
00000000
00000000
00000000
00000000
00000000
00000000
00000000
00000000
00000000
00000000
00000000
00000000
00000000
00000000
00000000
00000000
00000000
00000000
00000000
00000000
00000000
00000000
00000000
00000000
00000000
00000000
00000000
00000000
00000000
00000000
00000000
00000000
00000000
00000000
00000000
00000000
00000000
00000000
00000000
00000000
00000000
00000000
00000000
00000000
00000000
00000000
00000000
00000000
00000000
00000000
00000000
00000000
00000000
00000000
00000000
00000000
00000000
00000000
00000000
00000000
00000000
00000000
00000000
00000000
00000000
00000000
00000000
00000000
00000000
00000000
00000000
00000000
00000000
00000000
00000000
00000000
00000000
00000000
00000000
00000000
00000000
00000000
00000000
00000000
00000000
00000000
00000000
00000000
00000000
00000000
00000000
00000000
00000000
00000000
00000000
00000000
00000000
00000000
00000000
00000000
00000000
00000000
00000000
00000000
00000000
00000000
00000000
00000000
00000000
00000000
00000000
00000000
00000000
00000000
00000000
00000000
00000000
00000000
00000000
00000000
00000000
00000000
00000000
00000000
00000000
00000000
00000000
00000000
00000000
00000000
00000000
00000000
00000000
00000000
00000000
00000000
00000000
00000000
00000000
00000000
00000000
00000000
00000000
00000000
00000000
00000000
00000000
00000000
00000000
00000000
00000000
00000000
00000000
00000000
00000000
00000000
00000000
00000000
00000000
00000000
00000000
00000000
00000000
00000000
00000000
00000000
00000000
00000000
00000000
00000000
00000000
00000000
00000000
00000000
00000000
00000000
00000000
00000000
00000000
00000000
00000000
00000000
00000000
00000000
00000000
00000000
00000000
00000000
00000000
00000000
00000000
00000000
00000000
00000000
00000000
00000000
00000000
00000000
00000000
00000000
00000000
00000000
00000000
00000000
00000000
00000000
00000000
00000000
00000000
00000000
00000000
00000000
00000000
00000000
00000000
00000000
00000000
00000000
00000000
00000000
00000000
00000000
00000000
00000000
00000000
00000000
00000000
00000000
00000000
00000000
00000000
00000000
00000000
00000000
00000000
00000000
00000000
00000000
00000000
00000000
00000000
00000000
00000000
00000000
00000000
00000000
00000000
00000000
00000000
00000000
00000000
00000000
00000000
00000000
00000000
00000000
00000000
00000000
00000000
00000000
00000000
00000000
00000000
00000000
00000000
00000000
00000000
00000000
00000000
00000000
00000000
00000000
00000000
00000000
00000000
00000000
00000000
00000000
00000000
00000000
00000000
00000000
00000000
00000000
00000000
00000000
00000000
00000000
00000000
00000000
00000000
00000000
00000000
00000000
00000000
00000000
00000000
00000000
00000000
00000000
00000000
00000000
00000000
00000000
00000000
00000000
00000000
00000000
00000000
00000000
00000000
00000000
00000000
00000000
00000000
00000000
00000000
00000000
00000000
00000000
00000000
00000000
00000000
00000000
00000000
00000000
00000000
00000000
00000000
00000000
00000000
00000000
00000000
00000000
00000000
00000000
00000000
00000000
00000000
00000000
00000000
00000000
00000000
00000000
00000000
00000000
00000000
00000000
00000000
00000000
00000000
00000000
00000000
00000000
00000000
00000000
00000000
00000000
00000000
00000000
00000000
00000000
00000000
00000000
00000000
00000000
00000000
00000000
00000000
00000000
00000000
00000000
00000000
00000000
00000000
00000000
00000000
00000000
00000000
00000000
00000000
00000000
00000000
00000000
00000000
00000000
00000000
00000000
00000000
00000000
00000000
00000000
00000000
00000000
00000000
00000000
00000000
00000000
00000000
00000000
00000000
00000000
00000000
00000000
00000000
00000000
00000000
00000000
00000000
00000000
00000000
00000000
00000000
00000000
00000000
00000000
00000000
00000000
00000000
00000000
00000000
00000000
00000000
00000000
00000000
00000000
00000000
00000000
00000000
00000000
00000000
00000000
00000000
00000000
00000000
00000000
00000000
00000000
00000000
00000000
00000000
00000000
00000000
00000000
00000000
00000000
00000000
00000000
00000000
00000000
00000000
00000000
00000000
00000000
00000000
00000000
00000000
00000000
00000000
00000000
00000000
00000000
00000000
00000000
00000000
00000000
00000000
00000000
00000000
00000000
00000000
00000000
00000000
00000000
00000000
00000000
00000000
00000000
00000000
00000000
00000000
00000000
00000000
00000000
00000000
00000000
00000000
00000000
00000000
00000000
00000000
00000000
00000000
00000000
00000000
00000000
00000000
00000000
00000000
00000000
00000000
00000000
00000000
00000000
00000000
00000000
00000000
00000000
00000000
00000000
00000000
00000000
00000000
00000000
00000000
00000000
00000000
00000000
00000000
00000000
00000000
00000000
00000000
00000000
00000000
00000000
00000000
00000000
00000000
00000000
00000000
00000000
00000000
00000000
00000000
00000000
00000000
00000000
00000000
00000000
00000000
00000000
00000000
00000000
00000000
00000000
00000000
00000000
00000000
00000000
00000000
00000000
00000000
00000000
00000000
00000000
00000000
00000000
00000000
00000000
00000000
00000000
00000000
00000000
00000000
00000000
00000000
00000000
00000000
00000000
00000000
00000000
00000000
00000000
00000000
00000000
00000000
00000000
00000000
00000000
00000000
00000000
00000000
00000000
00000000
00000000
00000000
00000000
00000000
00000000
00000000
00000000
00000000
00000000
00000000
00000000
00000000
00000000
00000000
00000000
00000000
00000000
00000000
00000000
00000000
00000000
00000000
00000000
00000000
00000000
00000000
00000000
00000000
00000000
00000000
00000000
00000000
00000000
00000000
00000000
00000000
00000000
00000000
00000000
00000000
00000000
00000000
00000000
00000000
00000000
00000000
00000000
00000000
00000000
00000000
00000000
00000000
00000000
00000000
00000000
00000000
00000000
00000000
00000000
00000000
00000000
00000000
00000000
00000000
00000000
00000000
00000000
00000000
00000000
00000000
00000000
00000000
00000000
00000000
00000000
00000000
00000000
00000000
00000000
00000000
00000000
00000000
00000000
00000000
00000000
00000000
00000000
00000000
00000000
00000000
00000000
00000000
00000000
00000000
00000000
00000000
00000000
00000000
00000000
00000000
00000000
00000000
00000000
00000000
00000000
00000000
00000000
00000000
00000000
00000000
00000000
00000000
00000000
00000000
00000000
00000000
00000000
00000000
00000000
00000000
00000000
00000000
00000000
00000000
00000000
00000000
00000000
00000000
00000000
00000000
00000000
00000000
00000000
00000000
00000000
00000000
00000000
00000000
00000000
00000000
00000000
00000000
00000000
00000000
00000000
00000000
00000000
00000000
00000000
00000000
00000000
00000000
00000000
00000000
00000000
00000000
00000000
00000000
00000000
00000000
00000000
00000000
00000000
00000000
00000000
00000000
00000000
00000000
00000000
00000000
00000000
00000000
00000000
00000000
00000000
00000000
00000000
00000000
00000000
00000000
00000000
00000000
00000000
00000000
00000000
00000000
00000000
00000000
00000000
00000000
00000000
00000000
00000000
00000000
00000000
00000000
00000000
00000000
00000000
00000000
00000000
00000000
00000000
00000000
00000000
00000000
00000000
00000000
00000000
00000000
00000000
00000000
00000000
00000000
00000000
00000000
00000000
00000000
00000000
00000000
00000000
00000000
00000000
00000000
00000000
00000000
00000000
00000000
00000000
00000000
00000000
00000000
00000000
00000000
00000000
00000000
00000000
00000000
00000000
00000000
00000000
00000000
00000000
00000000
00000000
00000000
00000000
00000000
00000000
00000000
00000000
00000000
00000000
00000000
00000000
00000000
00000000
00000000
00000000
00000000
00000000
00000000
00000000
00000000
00000000
00000000
00000000
00000000
00000000
00000000
00000000
00000000
00000000
00000000
00000000
00000000
00000000
00000000
00000000
00000000
00000000
00000000
00000000
00000000
00000000
00000000
00000000
00000000
00000000
00000000
00000000
00000000
00000000
00000000
00000000
00000000
00000000
00000000
00000000
00000000
00000000
00000000
00000000
00000000
00000000
00000000
00000000
00000000
00000000
00000000
00000000
00000000
00000000
00000000
00000000
00000000
00000000
00000000
00000000
00000000
00000000
00000000
00000000
00000000
00000000
00000000
00000000
00000000
00000000
00000000
00000000
00000000
00000000
00000000
00000000
00000000
00000000
00000000
00000000
00000000
00000000
00000000
00000000
00000000
00000000
00000000
00000000
00000000
00000000
00000000
00000000
00000000
00000000
00000000
00000000
00000000
00000000
00000000
00000000
00000000
00000000
00000000
00000000
00000000
00000000
00000000
00000000
00000000
00000000
00000000
00000000
00000000
00000000
00000000
00000000
00000000
00000000
00000000
00000000
00000000
00000000
00000000
00000000
00000000
00000000
00000000
00000000
00000000
00000000
00000000
00000000
00000000
00000000
00000000
00000000
00000000
00000000
00000000
00000000
00000000
00000000
00000000
00000000
00000000
00000000
00000000
00000000
00000000
00000000
00000000
00000000
00000000
00000000
00000000
00000000
00000000
00000000
00000000
00000000
00000000
00000000
00000000
00000000
00000000
00000000
00000000
00000000
00000000
00000000
00000000
00000000
00000000
00000000
00000000
00000000
00000000
00000000
00000000
00000000
00000000
00000000
00000000
00000000
00000000
00000000
00000000
00000000
00000000
00000000
00000000
00000000
00000000
00000000
00000000
00000000
00000000
00000000
00000000
00000000
00000000
00000000
00000000
00000000
00000000
00000000
00000000
00000000
00000000
00000000
00000000
00000000
00000000
00000000
00000000
00000000
00000000
00000000
00000000
00000000
00000000
00000000
00000000
00000000
00000000
00000000
00000000
00000000
00000000
00000000
00000000
00000000
00000000
00000000
00000000
00000000
00000000
00000000
00000000
00000000
00000000
00000000
00000000
00000000
00000000
00000000
00000000
00000000
00000000
00000000
00000000
00000000
00000000
00000000
00000000
00000000
00000000
00000000
00000000
00000000
00000000
00000000
00000000
00000000
00000000
00000000
00000000
00000000
00000000
00000000
00000000
00000000
00000000
00000000
00000000
00000000
00000000
00000000
00000000
00000000
00000000
00000000
00000000
00000000
00000000
00000000
00000000
00000000
00000000
00000000
00000000
00000000
00000000
00000000
00000000
00000000
00000000
00000000
00000000
00000000
00000000
00000000
00000000
00000000
00000000
00000000
00000000
00000000
00000000
00000000
00000000
00000000
00000000
00000000
00000000
00000000
00000000
00000000
00000000
00000000
00000000
00000000
00000000
00000000
00000000
00000000
00000000
00000000
00000000
00000000
00000000
00000000
00000000
00000000
00000000
00000000
00000000
00000000
00000000
00000000
00000000
00000000
00000000
00000000
00000000
00000000
00000000
00000000
00000000
00000000
00000000
00000000
00000000
00000000
00000000
00000000
00000000
00000000
00000000
00000000
00000000
00000000
00000000
00000000
00000000
00000000
00000000
00000000
00000000
00000000
00000000
00000000
00000000
00000000
00000000
00000000
00000000
00000000
00000000
00000000
00000000
00000000
00000000
00000000
00000000
00000000
00000000
00000000
00000000
00000000
00000000
00000000
00000000
00000000
00000000
00000000
00000000
00000000
00000000
00000000
00000000
00000000
00000000
00000000
00000000
00000000
00000000
00000000
00000000
00000000
00000000
00000000
00000000
00000000
00000000
00000000
00000000
00000000
00000000
00000000
00000000
00000000
00000000
00000000
00000000
00000000
00000000
00000000
00000000
00000000
00000000
00000000
00000000
00000000
00000000
00000000
00000000
00000000
00000000
00000000
00000000
00000000
00000000
00000000
00000000
00000000
00000000
00000000
00000000
00000000
00000000
00000000
00000000
00000000
00000000
00000000
00000000
00000000
00000000
00000000
00000000
00000000
00000000
00000000
00000000
00000000
00000000
00000000
00000000
00000000
00000000
00000000
00000000
00000000
00000000
00000000
00000000
00000000
00000000
00000000
00000000
00000000
00000000
00000000
00000000
00000000
00000000
00000000
00000000
00000000
00000000
00000000
00000000
00000000
00000000
00000000
00000000
00000000
00000000
00000000
00000000
00000000
00000000
00000000
00000000
00000000
00000000
00000000
00000000
00000000
00000000
00000000
00000000
00000000
00000000
00000000
00000000
00000000
00000000
00000000
00000000
00000000
00000000
00000000
00000000
00000000
00000000
00000000
00000000
00000000
00000000
00000000
00000000
00000000
00000000
00000000
00000000
00000000
00000000
00000000
00000000
00000000
00000000
00000000
00000000
00000000
00000000
00000000
00000000
00000000
00000000
00000000
00000000
00000000
00000000
00000000
00000000
00000000
00000000
00000000
00000000
00000000
00000000
00000000
00000000
00000000
00000000
00000000
00000000
00000000
00000000
00000000
00000000
00000000
00000000
00000000
00000000
00000000
00000000
00000000
00000000
00000000
00000000
00000000
00000000
00000000
00000000
00000000
00000000
00000000
00000000
00000000
00000000
00000000
00000000
00000000
00000000
00000000
00000000
00000000
00000000
00000000
00000000
00000000
00000000
00000000
00000000
00000000
00000000
00000000
00000000
00000000
00000000
00000000
00000000
00000000
00000000
00000000
00000000
00000000
00000000
00000000
00000000
00000000
00000000
00000000
00000000
00000000
00000000
00000000
00000000
00000000
00000000
00000000
00000000
00000000
00000000
00000000
00000000
00000000
00000000
00000000
00000000
00000000
00000000
00000000
00000000
00000000
00000000
00000000
00000000
00000000
00000000
00000000
00000000
00000000
00000000
00000000
00000000
00000000
00000000
00000000
00000000
00000000
00000000
00000000
00000000
00000000
00000000
00000000
00000000
00000000
00000000
00000000
00000000
00000000
00000000
00000000
00000000
00000000
00000000
00000000
00000000
00000000
00000000
00000000
00000000
00000000
00000000
00000000
00000000
00000000
00000000
00000000
00000000
00000000
00000000
00000000
00000000
00000000
00000000
00000000
00000000
00000000
00000000
00000000
00000000
00000000
00000000
00000000
00000000
00000000
00000000
00000000
00000000
00000000
00000000
00000000
00000000
00000000
00000000
00000000
00000000
00000000
00000000
00000000
00000000
00000000
00000000
00000000
00000000
00000000
00000000
00000000
00000000
00000000
00000000
00000000
00000000
00000000
00000000
00000000
00000000
00000000
00000000
00000000
00000000
00000000
00000000
00000000
00000000
00000000
00000000
00000000
00000000
00000000
00000000
00000000
00000000
00000000
00000000
00000000
00000000
00000000
00000000
00000000
00000000
00000000
00000000
00000000
00000000
00000000
00000000
00000000
00000000
00000000
00000000
00000000
00000000
00000000
00000000
00000000
00000000
00000000
00000000
00000000
00000000
00000000
00000000
00000000
00000000
00000000
00000000
00000000
00000000
00000000
00000000
00000000
00000000
00000000
00000000
00000000
00000000
00000000
00000000
00000000
00000000
00000000
00000000
00000000
00000000
00000000
00000000
00000000
00000000
00000000
00000000
00000000
00000000
00000000
00000000
00000000
00000000
00000000
00000000
00000000
00000000
00000000
00000000
00000000
00000000
00000000
00000000
00000000
00000000
00000000
00000000
00000000
00000000
00000000
00000000
00000000
00000000
00000000
00000000
00000000
00000000
00000000
00000000
00000000
00000000
00000000
00000000
00000000
00000000
00000000
00000000
00000000
00000000
00000000
00000000
00000000
00000000
00000000
00000000
00000000
00000000
00000000
00000000
00000000
00000000
00000000
00000000
00000000
00000000
00000000
00000000
00000000
00000000
00000000
00000000
00000000
00000000
00000000
00000000
00000000
00000000
00000000
00000000
00000000
00000000
00000000
00000000
00000000
00000000
00000000
00000000
00000000
00000000
00000000
00000000
00000000
00000000
00000000
00000000
00000000
00000000
00000000
00000000
00000000
00000000
00000000
00000000
00000000
00000000
00000000
00000000
00000000
00000000
00000000
00000000
00000000
00000000
00000000
00000000
00000000
00000000
00000000
00000000
00000000
00000000
00000000
00000000
00000000
00000000
00000000
00000000
00000000
00000000
00000000
00000000
00000000
00000000
00000000
00000000
00000000
00000000
00000000
00000000
00000000
00000000
00000000
00000000
00000000
00000000
00000000
00000000
00000000
00000000
00000000
00000000
00000000
00000000
00000000
00000000
00000000
00000000
00000000
00000000
00000000
00000000
00000000
00000000
00000000
00000000
00000000
00000000
00000000
00000000
00000000
00000000
00000000
00000000
00000000
00000000
00000000
00000000
00000000
00000000
00000000
00000000
00000000
00000000
00000000
00000000
00000000
00000000
00000000
00000000
00000000
00000000
00000000
00000000
00000000
00000000
00000000
00000000
00000000
00000000
00000000
00000000
00000000
00000000
00000000
00000000
00000000
00000000
00000000
00000000
00000000
00000000
00000000
00000000
00000000
00000000
00000000
00000000
00000000
00000000
00000000
00000000
00000000
00000000
00000000
00000000
00000000
00000000
00000000
00000000
00000000
00000000
00000000
00000000
00000000
00000000
00000000
00000000
00000000
00000000
00000000
00000000
00000000
00000000
00000000
00000000
00000000
00000000
00000000
00000000
00000000
00000000
00000000
00000000
00000000
00000000
00000000
00000000
00000000
00000000
00000000
00000000
00000000
00000000
00000000
00000000
00000000
00000000
00000000
00000000
00000000
00000000
00000000
00000000
00000000
00000000
00000000
00000000
00000000
00000000
00000000
00000000
00000000
00000000
00000000
00000000
00000000
00000000
00000000
00000000
00000000
00000000
00000000
00000000
00000000
00000000
00000000
00000000
00000000
00000000
00000000
00000000
00000000
00000000
00000000
00000000
00000000
00000000
00000000
00000000
00000000
00000000
00000000
00000000
00000000
00000000
00000000
00000000
00000000
00000000
00000000
00000000
00000000
00000000
00000000
00000000
00000000
00000000
00000000
00000000
00000000
00000000
00000000
00000000
00000000
00000000
00000000
00000000
00000000
00000000
00000000
00000000
00000000
00000000
00000000
00000000
00000000
00000000
00000000
00000000
00000000
00000000
00000000
00000000
00000000
00000000
00000000
00000000
00000000
00000000
00000000
00000000
00000000
00000000
00000000
00000000
00000000
00000000
00000000
00000000
00000000
00000000
00000000
00000000
00000000
00000000
00000000
00000000
00000000
00000000
00000000
00000000
00000000
00000000
00000000
00000000
00000000
00000000
00000000
00000000
00000000
00000000
00000000
00000000
00000000
00000000
00000000
00000000
00000000
00000000
00000000
00000000
00000000
00000000
00000000
00000000
00000000
00000000
00000000
00000000
00000000
00000000
00000000
00000000
00000000
00000000
00000000
00000000
00000000
00000000
00000000
00000000
00000000
00000000
00000000
00000000
00000000
00000000
00000000
00000000
00000000
00000000
00000000
00000000
00000000
00000000
00000000
00000000
00000000
00000000
00000000
00000000
00000000
00000000
00000000
00000000
00000000
00000000
00000000
00000000
00000000
00000000
00000000
00000000
00000000
00000000
00000000
00000000
00000000
00000000
00000000
00000000
00000000
00000000
00000000
00000000
00000000
00000000
00000000
00000000
00000000
00000000
00000000
00000000
00000000
00000000
00000000
00000000
00000000
00000000
00000000
00000000
00000000
00000000
00000000
00000000
00000000
00000000
00000000
00000000
00000000
00000000
00000000
00000000
00000000
00000000
00000000
00000000
00000000
00000000
00000000
00000000
00000000
00000000
00000000
00000000
00000000
00000000
00000000
00000000
00000000
00000000
00000000
00000000
00000000
00000000
00000000
00000000
00000000
00000000
00000000
00000000
00000000
00000000
00000000
00000000
00000000
00000000
00000000
00000000
00000000
00000000
00000000
00000000
00000000
00000000
00000000
00000000
00000000
00000000
00000000
00000000
00000000
00000000
00000000
00000000
00000000
00000000
00000000
00000000
00000000
00000000
00000000
00000000
00000000
00000000
00000000
00000000
00000000
00000000
00000000
00000000
00000000
00000000
00000000
00000000
00000000
00000000
00000000
00000000
00000000
00000000
00000000
00000000
00000000
00000000
00000000
00000000
00000000
00000000
00000000
00000000
00000000
00000000
00000000
00000000
00000000
00000000
00000000
00000000
00000000
00000000
00000000
00000000
00000000
00000000
00000000
00000000
00000000
00000000
00000000
00000000
00000000
00000000
00000000
00000000
00000000
00000000
00000000
00000000
00000000
00000000
00000000
00000000
00000000
00000000
00000000
00000000
00000000
00000000
00000000
00000000
00000000
00000000
00000000
00000000
00000000
00000000
00000000
00000000
00000000
00000000
00000000
00000000
00000000
00000000
00000000
00000000
00000000
00000000
00000000
00000000
00000000
00000000
00000000
00000000
00000000
00000000
00000000
00000000
00000000
00000000
00000000
00000000
00000000
00000000
00000000
00000000
00000000
00000000
00000000
00000000
00000000
00000000
00000000
00000000
00000000
00000000
00000000
00000000
00000000
00000000
00000000
00000000
00000000
00000000
00000000
00000000
00000000
00000000
00000000
00000000
00000000
00000000
00000000
00000000
00000000
00000000
00000000
00000000
00000000
00000000
00000000
00000000
00000000
00000000
00000000
00000000
00000000
00000000
00000000
00000000
00000000
00000000
00000000
00000000
00000000
00000000
00000000
00000000
00000000
00000000
00000000
00000000
00000000
00000000
00000000
00000000
00000000
00000000
00000000
00000000
00000000
00000000
00000000
00000000
00000000
00000000
00000000
00000000
00000000
00000000
00000000
00000000
00000000
00000000
00000000
00000000
00000000
00000000
00000000
00000000
00000000
00000000
00000000
00000000
00000000
00000000
00000000
00000000
00000000
00000000
00000000
00000000
00000000
00000000
00000000
00000000
00000000
00000000
00000000
00000000
00000000
00000000
00000000
00000000
00000000
00000000
00000000
00000000
00000000
00000000
00000000
00000000
00000000
00000000
00000000
00000000
00000000
00000000
00000000
00000000
00000000
00000000
00000000
00000000
00000000
00000000
00000000
00000000
00000000
00000000
00000000
00000000
00000000
00000000
00000000
00000000
00000000
00000000
00000000
00000000
00000000
00000000
00000000
00000000
00000000
00000000
00000000
00000000
00000000
00000000
00000000
00000000
00000000
00000000
00000000
00000000
00000000
00000000
00000000
00000000
00000000
00000000
00000000
00000000
00000000
00000000
00000000
00000000
00000000
00000000
00000000
00000000
00000000
00000000
00000000
00000000
00000000
00000000
00000000
00000000
00000000
00000000
00000000
00000000
00000000
00000000
00000000
00000000
00000000
00000000
00000000
00000000
00000000
00000000
00000000
00000000
00000000
00000000
00000000
00000000
00000000
00000000
00000000
00000000
00000000
00000000
00000000
00000000
00000000
00000000
00000000
00000000
00000000
00000000
00000000
00000000
00000000
00000000
00000000
00000000
00000000
00000000
00000000
00000000
00000000
00000000
00000000
00000000
00000000
00000000
00000000
00000000
00000000
00000000
00000000
00000000
00000000
00000000
00000000
00000000
00000000
00000000
00000000
00000000
00000000
00000000
00000000
00000000
00000000
00000000
00000000
00000000
00000000
00000000
00000000
00000000
00000000
00000000
00000000
00000000
00000000
00000000
00000000
00000000
00000000
00000000
00000000
00000000
00000000
00000000
00000000
00000000
00000000
00000000
00000000
00000000
00000000
00000000
00000000
00000000
00000000
00000000
00000000
00000000
00000000
00000000
00000000
00000000
00000000
00000000
00000000
00000000
00000000
00000000
00000000
00000000
00000000
00000000
00000000
00000000
00000000
00000000
00000000
00000000
00000000
00000000
00000000
00000000
00000000
00000000
00000000
00000000
00000000
00000000
00000000
00000000
00000000
00000000
00000000
00000000
00000000
00000000
00000000
00000000
00000000
00000000
00000000
00000000
00000000
00000000
00000000
00000000
00000000
00000000
00000000
00000000
00000000
00000000
00000000
00000000
00000000
00000000
00000000
00000000
00000000
00000000
00000000
00000000
00000000
00000000
00000000
00000000
00000000
00000000
00000000
00000000
00000000
00000000
00000000
00000000
00000000
00000000
00000000
00000000
00000000
00000000
00000000
00000000
00000000
00000000
00000000
00000000
00000000
00000000
00000000
00000000
00000000
00000000
00000000
00000000
00000000
00000000
00000000
00000000
00000000
00000000
00000000
00000000
00000000
00000000
00000000
00000000
00000000
00000000
00000000
00000000
00000000
00000000
00000000
00000000
00000000
00000000
00000000
00000000
00000000
00000000
00000000
00000000
00000000
00000000
00000000
00000000
00000000
00000000
00000000
00000000
00000000
00000000
00000000
00000000
00000000
00000000
00000000
00000000
00000000
00000000
00000000
00000000
00000000
00000000
00000000
00000000
00000000
00000000
00000000
00000000
00000000
00000000
00000000
00000000
00000000
00000000
00000000
00000000
00000000
00000000
00000000
00000000
00000000
00000000
00000000
00000000
00000000
00000000
00000000
00000000
00000000
00000000
00000000
00000000
00000000
00000000
00000000
00000000
00000000
00000000
00000000
00000000
00000000
00000000
00000000
00000000
00000000
00000000
00000000
00000000
00000000
00000000
00000000
00000000
00000000
00000000
00000000
00000000
00000000
00000000
00000000
00000000
00000000
00000000
00000000
00000000
00000000
00000000
00000000
00000000
00000000
00000000
00000000
00000000
00000000
00000000
00000000
00000000
00000000
00000000
00000000
00000000
00000000
00000000
00000000
00000000
00000000
00000000
00000000
00000000
00000000
00000000
00000000
00000000
00000000
00000000
00000000
00000000
00000000
00000000
00000000
00000000
00000000
00000000
00000000
00000000
00000000
00000000
00000000
00000000
00000000
00000000
00000000
00000000
00000000
00000000
00000000
00000000
00000000
00000000
00000000
00000000
00000000
00000000
00000000
00000000
00000000
00000000
00000000
00000000
00000000
00000000
00000000
00000000
00000000
00000000
00000000
00000000
00000000
00000000
00000000
00000000
00000000
00000000
00000000
00000000
00000000
00000000
00000000
00000000
00000000
00000000
00000000
00000000
00000000
00000000
00000000
00000000
00000000
00000000
00000000
00000000
00000000
00000000
00000000
00000000
00000000
00000000
00000000
00000000
00000000
00000000
00000000
00000000
00000000
00000000
00000000
00000000
00000000
00000000
00000000
00000000
00000000
00000000
00000000
00000000
00000000
00000000
00000000
00000000
00000000
00000000
00000000
00000000
00000000
00000000
00000000
00000000
00000000
00000000
00000000
00000000
00000000
00000000
00000000
00000000
00000000
00000000
00000000
00000000
00000000
00000000
00000000
00000000
00000000
00000000
00000000
00000000
00000000
00000000
00000000
00000000
00000000
00000000
00000000
00000000
00000000
00000000
00000000
00000000
00000000
00000000
00000000
00000000
00000000
00000000
00000000
00000000
00000000
00000000
00000000
00000000
00000000
00000000
00000000
00000000
00000000
00000000
00000000
00000000
00000000
00000000
00000000
00000000
00000000
00000000
00000000
00000000
00000000
00000000
00000000
00000000
00000000
00000000
00000000
00000000
00000000
00000000
00000000
00000000
00000000
00000000
00000000
00000000
00000000
00000000
00000000
00000000
00000000
00000000
00000000
00000000
00000000
00000000
00000000
00000000
00000000
00000000
00000000
00000000
00000000
00000000
00000000
00000000
00000000
00000000
00000000
00000000
00000000
00000000
00000000
00000000
00000000
00000000
00000000
00000000
00000000
00000000
00000000
00000000
00000000
00000000
00000000
00000000
00000000
00000000
00000000
00000000
00000000
00000000
00000000
00000000
00000000
00000000
00000000
00000000
00000000
00000000
00000000
00000000
00000000
00000000
00000000
00000000
00000000
00000000
00000000
00000000
00000000
00000000
00000000
00000000
00000000
00000000
00000000
00000000
00000000
00000000
00000000
00000000
00000000
00000000
00000000
00000000
00000000
00000000
00000000
00000000
00000000
00000000
00000000
00000000
00000000
00000000
00000000
00000000
00000000
00000000
00000000
00000000
00000000
00000000
00000000
00000000
00000000
00000000
00000000
00000000
00000000
00000000
00000000
00000000
00000000
00000000
00000000
00000000
00000000
00000000
00000000
00000000
00000000
00000000
00000000
00000000
00000000
00000000
00000000
00000000
00000000
00000000
00000000
00000000
00000000
00000000
00000000
00000000
00000000
00000000
00000000
00000000
00000000
00000000
00000000
00000000
00000000
00000000
00000000
00000000
00000000
00000000
00000000
00000000
00000000
00000000
00000000
00000000
00000000
00000000
00000000
00000000
00000000
00000000
00000000
00000000
00000000
00000000
00000000
00000000
00000000
00000000
00000000
00000000
00000000
00000000
00000000
00000000
00000000
00000000
00000000
00000000
00000000
00000000
00000000
00000000
00000000
00000000
00000000
00000000
00000000
00000000
00000000
00000000
00000000
00000000
00000000
00000000
00000000
00000000
00000000
00000000
00000000
00000000
00000000
00000000
00000000
00000000
00000000
00000000
00000000
00000000
00000000
00000000
00000000
00000000
00000000
00000000
00000000
00000000
00000000
00000000
00000000
00000000
00000000
00000000
00000000
00000000
00000000
00000000
00000000
00000000
00000000
00000000
00000000
00000000
00000000
00000000
00000000
00000000
00000000
00000000
00000000
00000000
00000000
00000000
00000000
00000000
00000000
00000000
00000000
00000000
00000000
00000000
00000000
00000000
00000000
00000000
00000000
00000000
00000000
00000000
00000000
00000000
00000000
00000000
00000000
00000000
00000000
00000000
00000000
00000000
00000000
00000000
00000000
00000000
00000000
00000000
00000000
00000000
00000000
00000000
00000000
00000000
00000000
00000000
00000000
00000000
00000000
00000000
00000000
00000000
00000000
00000000
00000000
00000000
00000000
00000000
00000000
00000000
00000000
00000000
00000000
00000000
00000000
00000000
00000000
00000000
00000000
00000000
00000000
00000000
00000000
00000000
00000000
00000000
00000000
00000000
00000000
00000000
00000000
00000000
00000000
00000000
00000000
00000000
00000000
00000000
00000000
00000000
00000000
00000000
00000000
00000000
00000000
00000000
00000000
00000000
00000000
00000000
00000000
00000000
00000000
00000000
00000000
00000000
00000000
00000000
00000000
00000000
00000000
00000000
00000000
00000000
00000000
00000000
00000000
00000000
00000000
00000000
00000000
00000000
00000000
00000000
00000000
00000000
00000000
00000000
00000000
00000000
00000000
00000000
00000000
00000000
00000000
00000000
00000000
00000000
00000000
00000000
00000000
00000000
00000000
00000000
00000000
00000000
00000000
00000000
00000000
00000000
00000000
00000000
00000000
00000000
00000000
00000000
00000000
00000000
00000000
00000000
00000000
00000000
00000000
00000000
00000000
00000000
00000000
00000000
00000000
00000000
00000000
00000000
00000000
00000000
00000000
00000000
00000000
00000000
00000000
00000000
00000000
00000000
00000000
00000000
00000000
00000000
00000000
00000000
00000000
00000000
00000000
00000000
00000000
00000000
00000000
00000000
00000000
00000000
00000000
00000000
00000000
00000000
00000000
00000000
00000000
00000000
00000000
00000000
00000000
00000000
00000000
00000000
00000000
00000000
00000000
00000000
00000000
00000000
00000000
00000000
00000000
00000000
00000000
00000000
00000000
00000000
00000000
00000000
00000000
00000000
00000000
00000000
00000000
00000000
00000000
00000000
00000000
00000000
00000000
00000000
00000000
00000000
00000000
00000000
00000000
00000000
00000000
00000000
00000000
00000000
00000000
00000000
00000000
00000000
00000000
00000000
00000000
00000000
00000000
00000000
00000000
00000000
00000000
00000000
00000000
00000000
00000000
00000000
00000000
00000000
00000000
00000000
00000000
00000000
00000000
00000000
00000000
00000000
00000000
00000000
00000000
00000000
00000000
00000000
00000000
00000000
00000000
00000000
00000000
00000000
00000000
00000000
00000000
00000000
00000000
00000000
00000000
00000000
00000000
00000000
00000000
00000000
00000000
00000000
00000000
00000000
00000000
00000000
00000000
00000000
00000000
00000000
00000000
00000000
00000000
00000000
00000000
00000000
00000000
00000000
00000000
00000000
00000000
00000000
00000000
00000000
00000000
00000000
00000000
00000000
00000000
00000000
00000000
00000000
00000000
00000000
00000000
00000000
00000000
00000000
00000000
00000000
00000000
00000000
00000000
00000000
00000000
00000000
00000000
00000000
00000000
00000000
00000000
00000000
00000000
00000000
00000000
00000000
00000000
00000000
00000000
00000000
00000000
00000000
00000000
00000000
00000000
00000000
00000000
00000000
00000000
00000000
00000000
00000000
00000000
00000000
00000000
00000000
00000000
00000000
00000000
00000000
00000000
00000000
00000000
00000000
00000000
00000000
00000000
00000000
00000000
00000000
00000000
00000000
00000000
00000000
00000000
00000000
00000000
00000000
00000000
00000000
00000000
00000000
00000000
00000000
00000000
00000000
00000000
00000000
00000000
00000000
00000000
00000000
00000000
00000000
00000000
00000000
00000000
00000000
00000000
00000000
00000000
00000000
00000000
00000000
00000000
00000000
00000000
00000000
00000000
00000000
00000000
00000000
00000000
00000000
00000000
00000000
00000000
00000000
00000000
00000000
00000000
00000000
00000000
00000000
00000000
00000000
00000000
00000000
00000000
00000000
00000000
00000000
00000000
00000000
00000000
00000000
00000000
00000000
00000000
00000000
00000000
00000000
00000000
00000000
00000000
00000000
00000000
00000000
00000000
00000000
00000000
00000000
00000000
00000000
00000000
00000000
00000000
00000000
00000000
00000000
00000000
00000000
00000000
00000000
00000000
00000000
00000000
00000000
00000000
00000000
00000000
00000000
00000000
00000000
00000000
00000000
00000000
00000000
00000000
00000000
00000000
00000000
00000000
00000000
00000000
00000000
00000000
00000000
00000000
00000000
00000000
00000000
00000000
00000000
00000000
00000000
00000000
00000000
00000000
00000000
00000000
00000000
00000000
00000000
00000000
00000000
00000000
00000000
00000000
00000000
00000000
00000000
00000000
00000000
00000000
00000000
00000000
00000000
00000000
00000000
00000000
00000000
00000000
00000000
00000000
00000000
00000000
00000000
00000000
00000000
00000000
00000000
00000000
00000000
00000000
00000000
00000000
00000000
00000000
00000000
00000000
00000000
00000000
00000000
00000000
00000000
00000000
00000000
00000000
00000000
00000000
00000000
00000000
00000000
00000000
00000000
00000000
00000000
00000000
00000000
00000000
00000000
00000000
00000000
00000000
00000000
00000000
00000000
00000000
00000000
00000000
00000000
00000000
00000000
00000000
00000000
00000000
00000000
00000000
00000000
00000000
00000000
00000000
00000000
00000000
00000000
00000000
00000000
00000000
00000000
00000000
00000000
00000000
00000000
00000000
00000000
00000000
00000000
00000000
00000000
00000000
00000000
00000000
00000000
00000000
00000000
00000000
00000000
00000000
00000000
00000000
00000000
00000000
00000000
00000000
00000000
00000000
00000000
00000000
00000000
00000000
00000000
00000000
00000000
00000000
00000000
00000000
00000000
00000000
00000000
00000000
00000000
00000000
00000000
00000000
00000000
00000000
00000000
00000000
00000000
00000000
00000000
00000000
00000000
00000000
00000000
00000000
00000000
00000000
00000000
00000000
00000000
00000000
00000000
00000000
00000000
00000000
00000000
00000000
00000000
00000000
00000000
00000000
00000000
00000000
00000000
00000000
00000000
00000000
00000000
00000000
00000000
00000000
00000000
00000000
00000000
00000000
00000000
00000000
00000000
00000000
00000000
00000000
00000000
00000000
00000000
00000000
a2000001
00000160
00020200
00000000
00000000
00000000
00000000
00000000
b70b9265
700b7979
b8c26a66
4b9b101d
27ac4493
1d5a50ec
0f7e7744
30c01f37
5eeae547
c85991b3
b206dbd5
5de28527
27acf284
a8e39425
8e1eff54
830b32ce
00000000
00000000
00000001
0000000b
00000001
00010102
0001013d
63337830
39663661
30363733
62383832
33626439
63633364
30393533
30373935
74750064
65722f6f
2f747267
632f7773
75746f68
6e656a2f
736e696b
6d6f682f
6f772f65
70736b72
2f656361
2d75616b
6c697475
6975622d
0031646c
00000000
00000000
00000000
00000000
00000000
00000000
00000000
00000000
00000000
00000000
00000000
00000000
00000000
00000000
00000000
00000000
00000000
6c6c6977
745f776f
6d726568
00000000
00000000
00000000
00000000
00000000
00000000
00000000
00000000
00000000
00000000
00000000
00000000
00000000
00000000
00000000
00000000
00000000
00000000
00000000
00000000
00000000
00000000
00000000
00000000
00000000
00000000
00000000
00000000
00000000
35323032
35303930
3234305f
00393234
00000000
00000000
00000000
00000000
00000000
db6c1e8b
3e42dd23
5482cd19
df6addf9
84c746b2
706d29f3
b2658729
a06a1b8f
481cf17a
76849cc6
a9fdfcbf
ae1944be
fd8b685b
664db558
42b1554e
ae1e86e0
a2000002
00000120
000203c0
00000000
00000000
00000000
00000000
00000000
011fdb62
bcd24bee
7508200b
5eb8417e
2e14e97f
5d478da8
453e0187
879a8363
0583759b
4a6a2b68
ccf442e7
8fe8a2c7
0594ce95
644e34e3
92612375
2068019d
00000000
00000004
00000000
00000009
0000000f
00000001
00000000
00000000
00000057
00000000
00000002
00000000
00000000
00000001
0000000b
00000001
00000002
00000000
00000000
00000000
00000000
00000001
00000001
00000000
0000004f
00000000
00000001
00000000
00000000
00000001
0000000f
00000001
00000002
00000000
00000000
00000000
00000000
00000001
00000002
00000000
00000047
00000001
00000001
00000001
00000005
00000001
00000007
00000001
00000001
00000000
00000000
00000000
00000000
00000001
00000003
00000002
000000ff
0000000a
00000005
00000002
00000000
00000001
0000000d
00000001
00000002
00000000
00000000
00000000
00000000
00000000
00000000
00000000
cddcfdac
a0c8efa9
45ba32c9
ef39ac6e
4cd8eab3
ca2936f1
fc1aebc1
22345685
346ca88c
166aa9d1
3fbf1c01
301cbbe4
eda1faad
66e3116a
7bf0c3b0
55be139e
a2000009
00000040
000204a0
00000000
00000000
00000000
00000000
00000000
ca8508d3
c0e18859
2e5721fd
420d9e93
b9979ac5
eeb03380
46aae575
a98bf677
b3c3427e
e7594181
8647921c
23e6446d
bc881743
9e4e82e0
6b97bb85
a8b6fb1b
00000000
00000000
00000000
00000001
00000000
00000000
00000000
00000000
00000000
00000000
00000000
00000000
00000000
00000000
00000000
00000000
b69c2a20
d5292850
85c9f06f
a40dda2b
d5ea277e
b88189d1
182156d8
ef9bdcc0
f12d019a
75c7a839
0542c791
93fe1f93
5d4edb47
7db91a17
34869a35
3a7f9153
a200000a
00000020
00020560
00000000
00000000
00000000
00000000
00000000
000f0118
c11f46d8
f294335a
3d3d70d2
065ac40b
f6d76359
8b8f26bc
99f9a7d0
534622ef
6d215fe2
64f56928
c355e8fa
74e2334e
cb053f5a
a5a68c7a
f617357b
00000000
00000000
00000000
00000000
00000000
00000000
00000000
00000000
e6f8fbfd
bb9358ca
7da7e466
356f69a8
a862f5cc
da68e900
9e49699a
822faacd
ca630c09
68d5ad55
61fa9a3c
4466f476
164e4327
e3d45730
465718ff
cd7ea354
a200000e
0000521c
0002581c
00000000
00000000
00000000
00000000
00000000
de620e33
2296c10d
e016d02b
ac286f36
4ba0a0f8
87933d35
d4717072
d04eef50
091f2915
d1ff1ed8
3a0f268d
38857f9f
3f1a76df
553b4b1b
8e055591
95344a34
00000001
00000000
00000000
00000005
00000000
00000001
00000002
00000001
00000002
00000000
00000001
00010000
00000001
00000001
00000000
00000000
00000000
00000000
00000000
00000000
00000000
00000000
00000000
00000000
00000a37
00000000
00000b00
00000004
00000000
00000008
00000000
0000000c
00000000
00000010
00000000
00000014
00000000
00000018
00000000
0000001c
00000000
00000020
00000000
00000024
00000000
00000028
00000000
0000002c
00000000
00000030
00002710
00000034
000186a0
00000038
00000005
0000003c
00000064
00000040
000681c8
00000044
004111c9
00000048
00000005
0000004c
000010a9
00000050
000681c8
00000054
004111c9
00000058
00000005
0000005c
000010a9
00000060
01010100
00000064
01010000
00000068
01000110
0000006c
02010002
00000070
0000000a
00000074
00000019
00000078
00000000
0000007c
00000000
00000080
02000000
00000084
00000002
00000088
00000000
0000008c
00000000
00000090
00000000
00000094
00000000
00000098
02000010
0000009c
00005656
000000a0
00000000
000000a4
00000000
000000a8
00000000
000000ac
00000000
000000b0
00000000
000000b4
00000000
000000b8
00000000
000000bc
00000000
000000c0
1248040c
000000c4
08041248
000000c8
00000705
000000cc
03090004
000000d0
00110002
000000d4
005c0083
000000d8
00422717
000000dc
00008311
000000e0
2717005c
000000e4
0a090042
000000e8
0406db0a
000000ec
16112004
000000f0
1082351e
000000f4
16112010
000000f8
1082351e
000000fc
04042010
00000100
00020304
00000104
29280405
00000108
00082928
0000010c
50070101
00000110
2d030450
00000114
2d2d032d
00000118
01000000
0000011c
03010001
00000120
01000000
00000124
00131003
00000128
000000bb
0000012c
0000032b
00000130
00002082
00000134
0000032b
00000138
00002082
0000013c
00000005
00000140
0005000a
00000144
0196000a
00000148
00019611
0000014c
00110196
00000150
000a0196
00000154
00000a05
00000158
00110196
0000015c
01960196
00000160
00019611
00000164
12010000
00000168
00100005
0000016c
2b080010
00000170
0a05052b
00000174
1e100b03
00000178
1e100b04
0000017c
04010104
00000180
00010401
00000184
00140014
00000188
033b033b
0000018c
033b033b
00000190
05010303
00000194
20040505
00000198
100b0404
0000019c
0420100b
000001a0
0b100b04
000001a4
04040310
000001a8
03010000
000001ac
00010000
000001b0
00000000
000001b4
01000000
000001b8
80104002
000001bc
00040003
000001c0
00040005
000001c4
00030000
000001c8
00050004
000001cc
00000004
000001d0
00040003
000001d4
00040005
000001d8
00000000
000001dc
00002ec0
000001e0
00002ec0
000001e4
00002ec0
000001e8
00002ec0
000001ec
00002ec0
000001f0
00000000
000001f4
0000051d
000001f8
00082080
000001fc
00082080
00000200
00082080
00000204
00082080
00000208
00082080
0000020c
00000000
00000210
0000e38e
00000214
00082080
00000218
00082080
0000021c
00082080
00000220
00082080
00000224
00082080
00000228
00000000
0000022c
0000e38e
00000230
00000000
00000234
00000000
00000238
00000000
0000023c
00000000
00000240
00000000
00000244
00000000
00000248
00000000
0000024c
00000000
00000250
00000000
00000254
00000000
00000258
00000000
0000025c
00000000
00000260
05000000
00000264
0b040b03
00000268
00000004
0000026c
010a0900
00000270
0e0a0907
00000274
0a090000
00000278
0a090701
0000027c
0900000e
00000280
0907010a
00000284
01000e0a
00000288
00040003
0000028c
00000007
00000290
00000000
00000294
00000000
00000298
00000000
0000029c
00000000
000002a0
00000000
000002a4
00000000
000002a8
10100100
000002ac
01000000
000002b0
00000000
000002b4
00001a00
000002b8
0000100e
000002bc
00000002
000002c0
00000000
000002c4
00000001
000002c8
00000002
000002cc
00000c00
000002d0
001e8480
000002d4
00000c00
000002d8
001e8480
000002dc
00000c00
000002e0
001e8480
000002e4
00000000
000002e8
00000000
000002ec
00000000
000002f0
00000000
000002f4
00000000
000002f8
00000000
000002fc
00000000
00000300
000a0000
00000304
000d0005
00000308
00000404
0000030c
0000000d
00000310
00d601ab
00000314
10100216
00000318
00000216
0000031c
00d601ab
00000320
10100216
00000324
00000216
00000328
00000000
0000032c
00000000
00000330
00000000
00000334
3f740004
00000338
00043f74
0000033c
3f743f74
00000340
31310000
00000344
31313131
00000348
00000000
0000034c
00000000
00000350
00000000
00000354
06060000
00000358
06060606
0000035c
00000000
00000360
00000000
00000364
25252525
00000368
00002525
0000036c
00000000
00000370
0e0e0e0e
00000374
00200e0e
00000378
00010000
0000037c
00000100
00000380
00000000
00000384
00000000
00000388
00000001
0000038c
00000000
00000390
00000000
00000394
00000000
00000398
00000000
0000039c
00000000
000003a0
00000000
000003a4
00000000
000003a8
00000000
000003ac
00000000
000003b0
00000000
000003b4
00000000
000003b8
00000000
000003bc
00000000
000003c0
00000000
000003c4
00000000
000003c8
00000000
000003cc
00000000
000003d0
00000000
000003d4
00000000
000003d8
02000000
000003dc
01040101
000003e0
00000000
000003e4
00000000
000003e8
00000000
000003ec
00000000
000003f0
00000000
000003f4
00000000
000003f8
00000000
000003fc
00000000
00000400
00000000
00000404
00000000
00000408
00000000
0000040c
00000000
00000410
00000000
00000414
00000000
00000418
00000000
0000041c
00000000
00000420
00000000
00000424
00000000
00000428
00000000
0000042c
00000000
00000430
00000000
00000434
00000000
00000438
00000000
0000043c
00000000
00000440
00000000
00000444
00000000
00000448
00000000
0000044c
00000000
00000450
00000000
00000454
00000000
00000458
00000000
0000045c
00000000
00000460
00000000
00000464
00000000
00000468
00000000
0000046c
00000020
00000470
006403e8
00000474
00000000
00000478
00000000
0000047c
00000000
00000480
14110000
00000484
00080c18
00000488
00000003
0000048c
00000000
00000490
00000000
00000494
00000000
00000498
00000000
0000049c
00000000
000004a0
00000000
000004a4
00000000
000004a8
00000000
000004ac
00000000
000004b0
00000000
000004b4
00000000
000004b8
00000000
000004bc
00000000
000004c0
00020000
000004c4
00400100
000004c8
00020032
000004cc
01000200
000004d0
08550040
000004d4
00020040
000004d8
00400100
000004dc
00400855
000004e0
00030000
000004e4
006b006b
000004e8
00000100
000004ec
00000000
000004f0
01010101
000004f4
1fff0000
000004f8
0003ff00
000004fc
3fff2000
00000500
0003ff00
00000504
ff0b0000
00000508
010001ff
0000050c
01010101
00000510
30010101
00000514
01000001
00000518
00000000
0000051c
00000000
00000520
00000000
00000524
00000000
00000528
02020000
0000052c
40100401
00000530
00000000
00000534
40100401
00000538
00000000
0000053c
00000000
00000540
01010100
00000544
01010101
00000548
00000000
0000054c
00000000
00000550
00000000
00000554
00000000
00000558
00000000
0000055c
00000000
00000560
00000000
00000564
00000000
00000568
00000000
0000056c
00000000
00000570
00000000
00000574
00000000
00000578
00000000
0000057c
00000000
00000580
00000000
00000584
00000000
00000588
00000000
0000058c
00000000
00000590
00000000
00000594
00000000
00000598
00000000
0000059c
00000000
000005a0
00000000
000005a4
00000000
000005a8
00000000
000005ac
00000000
000005b0
00000000
000005b4
00000000
000005b8
00000000
000005bc
00000000
000005c0
00000000
000005c4
00000000
000005c8
00000000
000005cc
00000000
000005d0
00000000
000005d4
00000000
000005d8
00000000
000005dc
00000000
000005e0
00000000
000005e4
00000000
000005e8
00000000
000005ec
00000000
000005f0
00000000
000005f4
00000000
000005f8
00000000
000005fc
00000000
00000600
00000000
00000604
00000000
00000608
00000000
0000060c
00000000
00000610
00000000
00000614
00000000
00000618
00000000
0000061c
00000000
00000620
00000000
00000624
00010100
00000628
01000101
0000062c
01010101
00000630
0a0a0300
00000634
02020101
00000638
081f1f05
0000063c
08021010
00000640
0c020e00
00000644
0c02070c
00000648
0b08070c
0000064c
0000000b
00000650
04080101
00000654
00000408
00000658
00000404
0000065c
00000404
00000660
00000404
00000664
00000404
00000668
00000404
0000066c
00000000
00000670
00000000
00000674
00000000
00000678
00000000
0000067c
00000000
00000680
00000000
00000684
00000000
00000688
00000000
0000068c
00000000
00000690
00000000
00000694
00000000
00000698
00000000
0000069c
00000001
000006a0
00000000
000006a4
033fffff
000006a8
ffffffff
000006ac
000f000f
000006b0
00000000
000006b4
033fffff
000006b8
ffffffff
000006bc
000f000f
000006c0
00000000
000006c4
033fffff
000006c8
ffffffff
000006cc
000f000f
000006d0
00000000
000006d4
033fffff
000006d8
ffffffff
000006dc
000f000f
000006e0
00000000
000006e4
033fffff
000006e8
ffffffff
000006ec
000f000f
000006f0
00000000
000006f4
033fffff
000006f8
ffffffff
000006fc
000f000f
00000700
00000000
00000704
033fffff
00000708
ffffffff
0000070c
000f000f
00000710
00000000
00000714
033fffff
00000718
ffffffff
0000071c
000f000f
00000720
00000000
00000724
033fffff
00000728
ffffffff
0000072c
000f000f
00000730
00000000
00000734
033fffff
00000738
ffffffff
0000073c
000f000f
00000740
00000000
00000744
033fffff
00000748
ffffffff
0000074c
000f000f
00000750
00000000
00000754
033fffff
00000758
ffffffff
0000075c
000f000f
00000760
00000000
00000764
033fffff
00000768
ffffffff
0000076c
000f000f
00000770
00000000
00000774
033fffff
00000778
ffffffff
0000077c
000f000f
00000780
00000000
00000784
033fffff
00000788
ffffffff
0000078c
000f000f
00000790
00000000
00000794
033fffff
00000798
ffffffff
0000079c
000f000f
000007a0
00000000
000007a4
033fffff
000007a8
ffffffff
000007ac
000f000f
000007b0
00000000
000007b4
033fffff
000007b8
ffffffff
000007bc
000f000f
000007c0
00000000
000007c4
033fffff
000007c8
ffffffff
000007cc
000f000f
000007d0
00000000
000007d4
033fffff
000007d8
ffffffff
000007dc
000f000f
000007e0
00000000
000007e4
033fffff
000007e8
ffffffff
000007ec
000f000f
000007f0
00000000
000007f4
033fffff
000007f8
ffffffff
000007fc
000f000f
00000800
00000000
00000804
033fffff
00000808
ffffffff
0000080c
000f000f
00000810
00000000
00000814
033fffff
00000818
ffffffff
0000081c
000f000f
00000820
00000000
00000824
033fffff
00000828
ffffffff
0000082c
000f000f
00000830
00000000
00000834
033fffff
00000838
ffffffff
0000083c
000f000f
00000840
00000000
00000844
033fffff
00000848
ffffffff
0000084c
000f000f
00000850
00000000
00000854
033fffff
00000858
ffffffff
0000085c
000f000f
00000860
00000000
00000864
033fffff
00000868
ffffffff
0000086c
000f000f
00000870
00000000
00000874
033fffff
00000878
ffffffff
0000087c
000f000f
00000880
00000000
00000884
033fffff
00000888
ffffffff
0000088c
000f000f
00000890
00000000
00000894
033fffff
00000898
ffffffff
0000089c
000f000f
000008a0
00000000
000008a4
033fffff
000008a8
ffffffff
000008ac
000f000f
000008b0
00000000
000008b4
033fffff
000008b8
ffffffff
000008bc
000f000f
000008c0
00000000
000008c4
033fffff
000008c8
ffffffff
000008cc
000f000f
000008d0
00000000
000008d4
033fffff
000008d8
ffffffff
000008dc
000f000f
000008e0
00000000
000008e4
033fffff
000008e8
ffffffff
000008ec
000f000f
000008f0
00000000
000008f4
033fffff
000008f8
ffffffff
000008fc
000f000f
00000900
00000000
00000904
033fffff
00000908
ffffffff
0000090c
000f000f
00000910
00000000
00000914
033fffff
00000918
ffffffff
0000091c
000f000f
00000920
00000000
00000924
033fffff
00000928
ffffffff
0000092c
000f000f
00000930
00000000
00000934
033fffff
00000938
ffffffff
0000093c
000f000f
00000940
00000000
00000944
033fffff
00000948
ffffffff
0000094c
000f000f
00000950
00000000
00000954
033fffff
00000958
ffffffff
0000095c
000f000f
00000960
00000000
00000964
033fffff
00000968
ffffffff
0000096c
000f000f
00000970
00000000
00000974
033fffff
00000978
ffffffff
0000097c
000f000f
00000980
00000000
00000984
033fffff
00000988
ffffffff
0000098c
000f000f
00000990
00000000
00000994
033fffff
00000998
ffffffff
0000099c
000f000f
000009a0
00000000
000009a4
033fffff
000009a8
ffffffff
000009ac
000f000f
000009b0
00000000
000009b4
033fffff
000009b8
ffffffff
000009bc
000f000f
000009c0
00000000
000009c4
033fffff
000009c8
ffffffff
000009cc
000f000f
000009d0
00000000
000009d4
033fffff
000009d8
ffffffff
000009dc
000f000f
000009e0
00000000
000009e4
033fffff
000009e8
ffffffff
000009ec
000f000f
000009f0
00000000
000009f4
033fffff
000009f8
ffffffff
000009fc
000f000f
00000a00
00000000
00000a04
033fffff
00000a08
ffffffff
00000a0c
000f000f
00000a10
00000000
00000a14
033fffff
00000a18
ffffffff
00000a1c
000f000f
00000a20
00000000
00000a24
033fffff
00000a28
ffffffff
00000a2c
000f000f
00000a30
00000000
00000a34
033fffff
00000a38
ffffffff
00000a3c
000f000f
00000a40
00000000
00000a44
033fffff
00000a48
ffffffff
00000a4c
000f000f
00000a50
00000000
00000a54
033fffff
00000a58
ffffffff
00000a5c
000f000f
00000a60
00000000
00000a64
033fffff
00000a68
ffffffff
00000a6c
000f000f
00000a70
00000000
00000a74
033fffff
00000a78
ffffffff
00000a7c
000f000f
00000a80
00000000
00000a84
033fffff
00000a88
ffffffff
00000a8c
000f000f
00000a90
00000000
00000a94
033fffff
00000a98
ffffffff
00000a9c
000f000f
00000aa0
00000000
00000aa4
033fffff
00000aa8
ffffffff
00000aac
000f000f
00000ab0
00000000
00000ab4
033fffff
00000ab8
ffffffff
00000abc
000f000f
00000ac0
00000000
00000ac4
033fffff
00000ac8
ffffffff
00000acc
000f000f
00000ad0
00000000
00000ad4
033fffff
00000ad8
ffffffff
00000adc
000f000f
00000ae0
00000000
00000ae4
033fffff
00000ae8
ffffffff
00000aec
000f000f
00000af0
00000000
00000af4
033fffff
00000af8
ffffffff
00000afc
000f000f
00000b00
00000000
00000b04
033fffff
00000b08
ffffffff
00000b0c
000f000f
00000b10
00000000
00000b14
033fffff
00000b18
ffffffff
00000b1c
000f000f
00000b20
00000000
00000b24
033fffff
00000b28
ffffffff
00000b2c
000f000f
00000b30
00000000
00000b34
033fffff
00000b38
ffffffff
00000b3c
000f000f
00000b40
00000000
00000b44
033fffff
00000b48
ffffffff
00000b4c
000f000f
00000b50
00000000
00000b54
033fffff
00000b58
ffffffff
00000b5c
000f000f
00000b60
00000000
00000b64
033fffff
00000b68
ffffffff
00000b6c
000f000f
00000b70
00000000
00000b74
033fffff
00000b78
ffffffff
00000b7c
000f000f
00000b80
00000000
00000b84
033fffff
00000b88
ffffffff
00000b8c
000f000f
00000b90
00000000
00000b94
033fffff
00000b98
ffffffff
00000b9c
000f000f
00000ba0
05000000
00000ba4
05050505
00000ba8
00050505
00000bac
04040064
00000bb0
04040404
00000bb4
00010404
00000bb8
03030064
00000bbc
03030303
00000bc0
00020303
00000bc4
02020064
00000bc8
02020202
00000bcc
00030202
00000bd0
01010064
00000bd4
01010101
00000bd8
00040101
00000bdc
00000064
00000be0
0001761b
00000be4
00000200
00000be8
00000200
00000bec
00000200
00000bf0
00000200
00000bf4
00000693
00000bf8
00000e9c
00000bfc
03000202
00000c00
3b200201
00000c04
00004104
00000c08
00000200
00000c0c
00000200
00000c10
00000200
00000c14
00000200
00000c18
00012492
00000c1c
00028a28
00000c20
141e0402
00000c24
3b200e0b
00000c28
00004104
00000c2c
00000200
00000c30
00000200
00000c34
00000200
00000c38
00000200
00000c3c
00012492
00000c40
00028a28
00000c44
141e0402
00000c48
00200e0b
00000c4c
00000000
00000c50
02000a00
00000c54
01010503
00000c58
01000101
00000c5c
01000101
00000c60
01000100
00000c64
01000001
00000c68
00020002
00000c6c
00020100
00000c70
06020002
00000c74
00002828
00002000
00000b00
00002004
4aee36ad
00002008
00070c80
0000200c
01001387
00002010
00000001
00002014
00010064
00002018
00000000
0000201c
00000000
00002020
00000000
00002024
00000000
00002028
00000000
00002030
00000200
00002034
00000005
0000203c
00550001
00002040
08000000
00002044
00000300
00002048
07070301
0000204c
00000001
00002050
00000005
00002054
00000000
00002058
00000000
0000205c
00000000
00002060
00000000
00002064
00000000
00002068
00000000
0000206c
00000000
00002070
00000000
00002074
00000000
00002078
01010000
0000207c
280a0100
00002080
00000000
00002084
ff000000
00002088
00320000
0000208c
00000000
00002090
00000000
00002094
00010102
00002098
00000001
000020a0
00000000
000020a4
00000001
000020a8
0000aaaa
000020ac
00005555
000020b0
0000b5b5
000020b4
00004a4a
000020b8
00005656
000020bc
0000a9a9
000020c0
0000b7b7
000020c4
00004848
000020c8
00000000
000020cc
00000000
000020d0
00000000
000020d4
001bffff
000020d8
000007d0
000020dc
00000300
000020e0
00000000
000020e4
00000000
000020e8
08080000
000020ec
00010101
000020f0
01000000
000020f4
00000000
000020f8
00000003
000020fc
17ff0000
00002100
00000000
00002104
00000000
00002108
00000000
0000210c
0a140a00
00002110
0204030a
00002114
00021010
00002118
00040401
0000211c
00000005
00002120
03010e00
00002124
ff000001
00002128
00000102
0000212c
00003401
00002130
00000000
00002134
00000000
00002138
00000000
0000213c
00000000
0000214c
00000000
00002150
01000001
00002154
02000008
00002158
01000200
0000215c
00000100
00002160
02000100
00002164
02000200
00002168
00000000
0000216c
00000000
00002170
00000000
00002174
00000000
00002178
00000004
00002184
02000101
00002188
00080103
0000218c
00010000
00002190
00000000
00002194
00000000
00002198
00000000
0000219c
0000000a
000021a0
00000019
000021a4
00000100
000021a8
00000000
000021ac
00000000
000021b0
00000000
000021b4
00000000
000021b8
00000000
000021bc
01000000
000021c0
00000003
000021cc
01000100
000021d0
01020001
000021d4
00010300
000021d8
05000104
000021dc
01060001
000021e0
00010700
000021e4
00000000
000021e8
00000000
000021ec
00010001
000021f0
00000000
000021f4
00000000
000021f8
00000000
000021fc
00000000
00002200
01000000
00002204
00000004
00002208
00000000
0000220c
00010000
00002210
00000000
00002214
00000000
00002240
002b2b01
00002244
00000034
00002248
00000065
0000224c
00020065
00002250
02000200
00002254
00000004
00002258
0000120c
0000225c
00124800
00002260
00480000
00002264
00000013
00002268
000000bb
0000226c
0000032b
00002270
00002082
00002274
0000032b
00002278
04002082
0000227c
01010404
00002280
00001501
00002284
002a002a
00002288
01000100
0000228c
00000100
00002290
00000000
00002298
01010000
0000229c
01010101
000022a0
00000000
000022a4
03000000
000022a8
03030000
000022ac
04030000
000022b0
0e021515
000022b4
0404020e
000022b8
000c0034
000022bc
003d0065
000022c0
003d0065
000022c4
01010101
000022c8
00040017
000022cc
00040220
000022d0
01000220
000022d4
000e000e
000022dc
02170100
000022e0
00000217
000022e4
01000000
000022e8
02170217
000022f0
63532e1a
000022f4
01012510
000022f8
0a07060a
000022fc
1f130a0d
00002300
1f130a14
00002304
000c0014
00002308
00001000
0000230c
00000c00
00002310
00001000
00002314
00000c00
00002318
02001000
0000231c
0024000d
00002320
00240216
00002324
00000216
00002328
00001900
0000232c
24140056
00002330
00000101
00002334
00350000
00002338
2510005b
0000233c
00000101
00002340
00350000
00002344
2510005b
00002348
0000010a
00002350
05030900
00002354
00040900
00002358
0000062b
0000235c
20010004
00002360
000a0a03
00002364
2d110000
00002368
29170028
0000236c
0000752f
00002370
2008005c
00002374
00171e20
00002378
2d110000
0000237c
29170028
00002380
0000752f
00002384
2008005c
00002388
00171e20
00002390
00000176
00002394
00000e9c
00002398
00004104
0000239c
00028a28
000023a0
00004104
000023a4
00028a28
000023a8
033b0014
000023ac
0403033b
000023b0
00000004
000023c0
00002710
000023c4
000186a0
000023c8
00000005
000023cc
00000064
000023d0
00000014
000023d4
000681c8
000023d8
000186a0
000023dc
00000005
000023e0
000010a9
000023e4
0000033b
000023e8
000681c8
000023ec
000186a0
000023f0
00000005
000023f4
000010a9
000023f8
0100033b
000023fc
00320040
00002400
00010002
00002404
08550040
00002408
00010040
0000240c
08550040
00002410
00000340
00002414
006b006b
00002418
03040404
0000241c
00000303
00002450
55080000
00002454
00000000
00002458
3c00005a
0000245c
00005508
00002460
00005a00
00002464
0055083c
00002468
00000000
0000246c
3c00005a
00002470
00005508
00002474
00005a00
00002478
1a19183c
0000247c
1211101b
00002480
00000013
00002484
02010000
00002488
00000003
0000248c
00000000
00002490
00000000
00002494
00000000
00002498
01000000
0000249c
04020201
000024a0
00080804
000024a4
00000000
000024a8
00000000
000024ac
00000000
000024b0
00000000
00002530
00000004
00002534
00000000
00002538
00000031
00002544
00000000
00002548
4d4d004d
0000254c
00000004
00002554
00000074
00002558
0000003f
0000255c
00000031
00002568
14000000
0000256c
25250053
00002570
00000004
00002578
00000074
0000257c
0000003f
00002580
00000031
0000258c
24000000
00002590
25250053
00002594
00000004
0000259c
00000004
000025a0
00000000
000025a4
00000031
000025b0
00000000
000025b4
4d4d004d
000025b8
00000004
000025c0
00000074
000025c4
0000003f
000025c8
00000031
000025d4
14000000
000025d8
25250053
000025dc
00000004
000025e4
00000074
000025e8
0000003f
000025ec
00000031
000025f8
24000000
000025fc
25250053
00002600
0000002c
00002608
00000004
0000260c
00000000
00002610
00000031
0000261c
00000000
00002620
4d4d004d
00002624
00000004
0000262c
00000074
00002630
0000003f
00002634
00000031
00002640
14000000
00002644
25250053
00002648
00000024
00002650
00000074
00002654
0000003f
00002658
00000031
00002664
24000000
00002668
25250053
0000266c
00000004
00002674
00000004
00002678
00000000
0000267c
00000031
00002688
00000000
0000268c
4d4d004d
00002690
00000004
00002698
00000074
0000269c
0000003f
000026a0
00000031
000026ac
14000000
000026b0
25250053
000026b4
00000004
000026bc
00000074
000026c0
0000003f
000026c4
00000031
000026d0
24000000
000026d4
25250053
000026d8
0000002c
000026dc
ffffffff
000026e0
00000001
000026e4
00000000
000026e8
00000000
000026ec
00000000
000026f0
00000000
000026f4
00000000
000026f8
00000000
000026fc
00000000
00002700
00000000
00002704
00000000
00002708
00000000
0000270c
00000000
00002710
00000000
00002714
00000000
00002718
00000000
0000271c
00000000
00002720
00000000
00002724
00000000
00002728
00000000
0000272c
00000000
00002730
00000000
00002734
00000000
00002738
00000000
0000273c
00000000
00002740
00000000
00002744
05060700
00002748
00000004
0000274c
00010008
00002750
00000000
00002754
0000aa00
00002758
00000000
0000275c
00000000
00002760
00000000
00002764
00000000
00002768
00010000
0000276c
00000000
00002770
00000000
00002774
00000000
00002778
00000000
0000277c
00000000
00002780
00000000
00002784
00000000
00002788
00000000
0000278c
00000000
00002790
00000000
00002794
00000000
00002798
00000000
0000279c
00000000
000027a0
00000000
000027a4
00000000
000027a8
00000000
000027ac
00000000
000027b0
00000000
000027b4
00000000
000027b8
00000000
000027bc
00000000
000027c0
00000000
000027c4
00000000
000027c8
00000000
000027cc
00000000
000027d0
00000000
000027d4
00000000
000027d8
00000000
000027dc
00000009
000027e0
00000000
000027e4
00000000
000027e8
00000000
000027ec
00000000
000027f0
00000000
000027f4
00000000
000027f8
00000000
000027fc
00000000
00002800
0006000b
00002804
00d701ac
00002808
00d701ac
0000280c
00005508
00002810
083c5a00
00002814
00000055
00002818
55083c5a
0000281c
5a000000
00002820
0055083c
00002824
3c5a0000
00002828
1f1e1d1c
0000282c
17161514
00002830
07060504
00002834
00000000
00002838
20201010
0000283c
80804040
00002840
00000000
00002844
00000000
00002848
00000000
0000284c
00000000
00002850
00310004
00002854
4d4d004d
00002858
3f740004
0000285c
001d1431
00002860
00042525
00002864
24313f74
00002868
25250053
0000286c
04000004
00002870
00003100
00002874
4d4d004d
00002878
3f740004
0000287c
001d1431
00002880
00042525
00002884
24313f74
00002888
25250053
0000288c
0400002c
00002890
00003100
00002894
4d4d004d
00002898
3f740004
0000289c
001d1431
000028a0
00242525
000028a4
24313f74
000028a8
25250053
000028ac
04000004
000028b0
00003100
000028b4
4d4d004d
000028b8
3f740004
000028bc
001d1431
000028c0
00042525
000028c4
24313f74
000028c8
25250053
000028cc
0000002c
00004000
04f00000
00004004
00000000
00004008
01030200
0000400c
00000000
00004010
00000000
00004014
03000000
00004018
01000001
0000401c
03000400
00004020
00000001
00004024
00000001
00004028
00000000
0000402c
00000000
00004030
01010000
00004034
00010000
00004038
00c00004
0000403c
00cc0008
00004040
00660601
00004044
00000003
00004048
00000000
0000404c
00000001
00004050
0000aaaa
00004054
00005555
00004058
0000b5b5
0000405c
00004a4a
00004060
00005656
00004064
0000a9a9
00004068
0000b7b7
0000406c
00004848
00004070
00000000
00004074
00000000
00004078
08000000
0000407c
04080008
00004080
00000408
00004084
00e4e400
00004088
00071030
0000408c
000c0020
00004090
00062000
00004094
00000100
00004098
55555555
0000409c
aaaaaaaa
000040a0
55555555
000040a4
aaaaaaaa
000040a8
00005555
000040ac
01000100
000040b0
00800180
000040b4
00000000
000040b8
00000000
000040bc
00000000
000040c0
00000000
000040c4
00000000
000040c8
00000000
000040cc
00000000
000040d0
00000000
000040d4
00000000
000040d8
00000000
000040dc
00000000
000040e0
00000000
000040e4
00000000
000040e8
00000000
000040ec
00000000
000040f0
00000000
000040f4
00000000
000040f8
00000000
000040fc
00000000
00004100
00000000
00004104
00000000
00004108
00000000
0000410c
00000104
00004110
00000000
00004114
00000000
00004118
00000000
0000411c
00000000
00004120
00000000
00004124
00000000
00004128
081f07ff
0000412c
10200080
00004130
00000008
00004134
00010401
00004138
00000000
0000413c
00000000
00004140
05ff0805
00004144
2503ff08
00004148
20000137
0000414c
07ff0200
00004150
0000dd01
00004154
00000303
00004158
00000000
0000415c
00000000
00004160
00020000
00004164
00000000
00004168
00000000
0000416c
00000000
00004170
00000000
00004174
02020000
00004178
00000005
0000417c
51516042
00004180
31c06000
00004184
07ad01a0
00004188
00c0c001
0000418c
0e010000
00004190
000e0d0d
00004194
00000304
00004198
42100010
0000419c
010c083e
000041a0
000f0c37
000041a4
01000140
000041a8
01470120
000041ac
00000c00
000041b0
00000322
000041b4
00030200
000041b8
02800000
000041bc
80800000
000041c0
000e2010
000041c4
53204167
000041c8
00000008
000041cc
04a104a1
000041d0
04a104a1
000041d4
04a104a1
000041d8
04a104a1
000041dc
000004a1
000041e0
0000a000
000041e4
00a000a0
000041e8
00a000a0
000041ec
00a000a0
000041f0
00a000a0
000041f4
00a000a0
000041f8
00a000a0
000041fc
00a000a0
00004200
00a000a0
00004204
01c200a0
00004208
01a00005
0000420c
00000000
00004210
00060000
00004214
00080200
00004218
00000000
0000421c
20202020
00004220
20202020
00004224
0f0f2020
00004228
00000024
00004400
04f00000
00004404
00000000
00004408
01030200
0000440c
00000000
00004410
00000000
00004414
03000000
00004418
01000001
0000441c
03000400
00004420
00000001
00004424
00000001
00004428
00000000
0000442c
00000000
00004430
01010000
00004434
00010000
00004438
00c00004
0000443c
00cc0008
00004440
00660601
00004444
00000003
00004448
00000000
0000444c
00000001
00004450
0000aaaa
00004454
00005555
00004458
0000b5b5
0000445c
00004a4a
00004460
00005656
00004464
0000a9a9
00004468
0000b7b7
0000446c
00004848
00004470
00000000
00004474
00000000
00004478
08000000
0000447c
04080008
00004480
00000408
00004484
00e4e400
00004488
00071030
0000448c
000c0020
00004490
00062000
00004494
00000100
00004498
55555555
0000449c
aaaaaaaa
000044a0
55555555
000044a4
aaaaaaaa
000044a8
00005555
000044ac
01000100
000044b0
00800180
000044b4
00000001
000044b8
00000000
000044bc
00000000
000044c0
00000000
000044c4
00000000
000044c8
00000000
000044cc
00000000
000044d0
00000000
000044d4
00000000
000044d8
00000000
000044dc
00000000
000044e0
00000000
000044e4
00000000
000044e8
00000000
000044ec
00000000
000044f0
00000000
000044f4
00000000
000044f8
00000000
000044fc
00000000
00004500
00000000
00004504
00000000
00004508
00000000
0000450c
00000104
00004510
00000000
00004514
00000000
00004518
00000000
0000451c
00000000
00004520
00000000
00004524
00000000
00004528
081f07ff
0000452c
10200080
00004530
00000008
00004534
00010401
00004538
00000000
0000453c
00000000
00004540
05ff0805
00004544
2503ff08
00004548
20000137
0000454c
07ff0200
00004550
0000dd01
00004554
00000303
00004558
00000000
0000455c
00000000
00004560
00020000
00004564
00000000
00004568
00000000
0000456c
00000000
00004570
00000000
00004574
02020000
00004578
00000005
0000457c
51516042
00004580
31c06000
00004584
07ad01a0
00004588
00c0c001
0000458c
0e010000
00004590
000e0d0d
00004594
00000304
00004598
42100010
0000459c
010c083e
000045a0
000f0c37
000045a4
01000140
000045a8
01470120
000045ac
00000c00
000045b0
00000322
000045b4
00030200
000045b8
02800000
000045bc
80800000
000045c0
000e2010
000045c4
76043215
000045c8
00000008
000045cc
04a104a1
000045d0
04a104a1
000045d4
04a104a1
000045d8
04a104a1
000045dc
000004a1
000045e0
0000a000
000045e4
00a000a0
000045e8
00a000a0
000045ec
00a000a0
000045f0
00a000a0
000045f4
00a000a0
000045f8
00a000a0
000045fc
00a000a0
00004600
00a000a0
00004604
01c200a0
00004608
01a00005
0000460c
00000000
00004610
00060000
00004614
00080200
00004618
00000000
0000461c
20202020
00004620
20202020
00004624
0f0f2020
00004628
00000024
00004800
04f00000
00004804
00000000
00004808
01030200
0000480c
00000000
00004810
00000000
00004814
03000000
00004818
01000001
0000481c
03000400
00004820
00000001
00004824
00000001
00004828
00000000
0000482c
00000000
00004830
01010000
00004834
00010000
00004838
00c00004
0000483c
00cc0008
00004840
00660601
00004844
00000003
00004848
00000000
0000484c
00000001
00004850
0000aaaa
00004854
00005555
00004858
0000b5b5
0000485c
00004a4a
00004860
00005656
00004864
0000a9a9
00004868
0000b7b7
0000486c
00004848
00004870
00000000
00004874
00000000
00004878
08000000
0000487c
04080008
00004880
00000408
00004884
00e4e400
00004888
00071030
0000488c
000c0020
00004890
00062000
00004894
00000100
00004898
55555555
0000489c
aaaaaaaa
000048a0
55555555
000048a4
aaaaaaaa
000048a8
00005555
000048ac
01000100
000048b0
00800180
000048b4
00000001
000048b8
00000000
000048bc
00000000
000048c0
00000000
000048c4
00000000
000048c8
00000000
000048cc
00000000
000048d0
00000000
000048d4
00000000
000048d8
00000000
000048dc
00000000
000048e0
00000000
000048e4
00000000
000048e8
00000000
000048ec
00000000
000048f0
00000000
000048f4
00000000
000048f8
00000000
000048fc
00000000
00004900
00000000
00004904
00000000
00004908
00000000
0000490c
00000104
00004910
00000000
00004914
00000000
00004918
00000000
0000491c
00000000
00004920
00000000
00004924
00000000
00004928
081f07ff
0000492c
10200080
00004930
00000008
00004934
00010401
00004938
00000000
0000493c
00000000
00004940
05ff0805
00004944
2503ff08
00004948
20000137
0000494c
07ff0200
00004950
0000dd01
00004954
00000303
00004958
00000000
0000495c
00000000
00004960
00020000
00004964
00000000
00004968
00000000
0000496c
00000000
00004970
00000000
00004974
02020000
00004978
00000005
0000497c
51516042
00004980
31c06000
00004984
07ad01a0
00004988
00c0c001
0000498c
0e010000
00004990
000e0d0d
00004994
00000304
00004998
42100010
0000499c
010c083e
000049a0
000f0c37
000049a4
01000140
000049a8
01470120
000049ac
00000c00
000049b0
00000322
000049b4
00030200
000049b8
02800000
000049bc
80800000
000049c0
000e2010
000049c4
27354106
000049c8
00000008
000049cc
04a104a1
000049d0
04a104a1
000049d4
04a104a1
000049d8
04a104a1
000049dc
000004a1
000049e0
0000a000
000049e4
00a000a0
000049e8
00a000a0
000049ec
00a000a0
000049f0
00a000a0
000049f4
00a000a0
000049f8
00a000a0
000049fc
00a000a0
00004a00
00a000a0
00004a04
01c200a0
00004a08
01a00005
00004a0c
00000000
00004a10
00060000
00004a14
00080200
00004a18
00000000
00004a1c
20202020
00004a20
20202020
00004a24
0f0f2020
00004a28
00000024
00004c00
04f00000
00004c04
00000000
00004c08
01030200
00004c0c
00000000
00004c10
00000000
00004c14
03000000
00004c18
01000001
00004c1c
03000400
00004c20
00000001
00004c24
00000001
00004c28
00000000
00004c2c
00000000
00004c30
01010000
00004c34
00010000
00004c38
00c00004
00004c3c
00cc0008
00004c40
00660601
00004c44
00000003
00004c48
00000000
00004c4c
00000001
00004c50
0000aaaa
00004c54
00005555
00004c58
0000b5b5
00004c5c
00004a4a
00004c60
00005656
00004c64
0000a9a9
00004c68
0000b7b7
00004c6c
00004848
00004c70
00000000
00004c74
00000000
00004c78
08000000
00004c7c
04080008
00004c80
00000408
00004c84
00e4e400
00004c88
00071030
00004c8c
000c0020
00004c90
00062000
00004c94
00000100
00004c98
55555555
00004c9c
aaaaaaaa
00004ca0
55555555
00004ca4
aaaaaaaa
00004ca8
00005555
00004cac
01000100
00004cb0
00800180
00004cb4
00000000
00004cb8
00000000
00004cbc
00000000
00004cc0
00000000
00004cc4
00000000
00004cc8
00000000
00004ccc
00000000
00004cd0
00000000
00004cd4
00000000
00004cd8
00000000
00004cdc
00000000
00004ce0
00000000
00004ce4
00000000
00004ce8
00000000
00004cec
00000000
00004cf0
00000000
00004cf4
00000000
00004cf8
00000000
00004cfc
00000000
00004d00
00000000
00004d04
00000000
00004d08
00000000
00004d0c
00000104
00004d10
00000000
00004d14
00000000
00004d18
00000000
00004d1c
00000000
00004d20
00000000
00004d24
00000000
00004d28
081f07ff
00004d2c
10200080
00004d30
00000008
00004d34
00010401
00004d38
00000000
00004d3c
00000000
00004d40
05ff0805
00004d44
2503ff08
00004d48
20000137
00004d4c
07ff0200
00004d50
0000dd01
00004d54
00000303
00004d58
00000000
00004d5c
00000000
00004d60
00020000
00004d64
00000000
00004d68
00000000
00004d6c
00000000
00004d70
00000000
00004d74
02020000
00004d78
00000005
00004d7c
51516042
00004d80
31c06000
00004d84
07ad01a0
00004d88
00c0c001
00004d8c
0e010000
00004d90
000e0d0d
00004d94
00000304
00004d98
42100010
00004d9c
010c083e
00004da0
000f0c37
00004da4
01000140
00004da8
01470120
00004dac
00000c00
00004db0
00000322
00004db4
00030200
00004db8
02800000
00004dbc
80800000
00004dc0
000e2010
00004dc4
76132450
00004dc8
00000008
00004dcc
04a104a1
00004dd0
04a104a1
00004dd4
04a104a1
00004dd8
04a104a1
00004ddc
000004a1
00004de0
0000a000
00004de4
00a000a0
00004de8
00a000a0
00004dec
00a000a0
00004df0
00a000a0
00004df4
00a000a0
00004df8
00a000a0
00004dfc
00a000a0
00004e00
00a000a0
00004e04
01c200a0
00004e08
01a00005
00004e0c
00000000
00004e10
00060000
00004e14
00080200
00004e18
00000000
00004e1c
20202020
00004e20
20202020
00004e24
0f0f2020
00004e28
00000024
00005000
04f00000
00005004
00000000
00005008
01030200
0000500c
00000000
00005010
00000000
00005014
03000000
00005018
01000001
0000501c
03000400
00005020
00000001
00005024
00000001
00005028
00000000
0000502c
00000000
00005030
01010000
00005034
00010000
00005038
00c00004
0000503c
00cc0008
00005040
00660601
00005044
00000003
00005048
00000000
0000504c
00000001
00005050
0000aaaa
00005054
00005555
00005058
0000b5b5
0000505c
00004a4a
00005060
00005656
00005064
0000a9a9
00005068
0000b7b7
0000506c
00004848
00005070
00000000
00005074
00000000
00005078
08000000
0000507c
04080008
00005080
00000408
00005084
00e4e400
00005088
00071030
0000508c
000c0020
00005090
00062000
00005094
00000100
00005098
55555555
0000509c
aaaaaaaa
000050a0
55555555
000050a4
aaaaaaaa
000050a8
00005555
000050ac
01000100
000050b0
00800180
000050b4
00000000
000050b8
00000000
000050bc
00000000
000050c0
00000000
000050c4
00000000
000050c8
00000000
000050cc
00000000
000050d0
00000000
000050d4
00000000
000050d8
00000000
000050dc
00000000
000050e0
00000000
000050e4
00000000
000050e8
00000000
000050ec
00000000
000050f0
00000000
000050f4
00000000
000050f8
00000000
000050fc
00000000
00005100
00000000
00005104
00000000
00005108
00000000
0000510c
00000104
00005110
00000000
00005114
00000000
00005118
00000000
0000511c
00000000
00005120
00000000
00005124
00000000
00005128
081f07ff
0000512c
10200080
00005130
00000008
00005134
00010401
00005138
00000000
0000513c
00000000
00005140
05ff0805
00005144
2503ff08
00005148
20000137
0000514c
07ff0200
00005150
0000dd01
00005154
00000303
00005158
00000000
0000515c
00000000
00005160
00020000
00005164
00000000
00005168
00000000
0000516c
00000000
00005170
00000000
00005174
02020000
00005178
00000005
0000517c
51516042
00005180
31c06000
00005184
07ad01a0
00005188
00c0c001
0000518c
0e010000
00005190
000e0d0d
00005194
00000304
00005198
42100010
0000519c
010c083e
000051a0
000f0c37
000051a4
01000140
000051a8
01470120
000051ac
00000c00
000051b0
00000322
000051b4
00030200
000051b8
02800000
000051bc
80800000
000051c0
000e2010
000051c4
57130246
000051c8
00000008
000051cc
04a104a1
000051d0
04a104a1
000051d4
04a104a1
000051d8
04a104a1
000051dc
000004a1
000051e0
0000a000
000051e4
00a000a0
000051e8
00a000a0
000051ec
00a000a0
000051f0
00a000a0
000051f4
00a000a0
000051f8
00a000a0
000051fc
00a000a0
00005200
00a000a0
00005204
01c200a0
00005208
01a00005
0000520c
00000000
00005210
00060000
00005214
00080200
00005218
00000000
0000521c
20202020
00005220
20202020
00005224
0f0f2020
00005228
00000024
00005400
04f00000
00005404
00000000
00005408
01030200
0000540c
00000000
00005410
00000000
00005414
03000000
00005418
01000001
0000541c
03000400
00005420
00000001
00005424
00000001
00005428
00000000
0000542c
00000000
00005430
01010000
00005434
00010000
00005438
00c00004
0000543c
00cc0008
00005440
00660601
00005444
00000003
00005448
00000000
0000544c
00000001
00005450
0000aaaa
00005454
00005555
00005458
0000b5b5
0000545c
00004a4a
00005460
00005656
00005464
0000a9a9
00005468
0000b7b7
0000546c
00004848
00005470
00000000
00005474
00000000
00005478
08000000
0000547c
04080008
00005480
00000408
00005484
00e4e400
00005488
00071030
0000548c
000c0020
00005490
00062000
00005494
00000100
00005498
55555555
0000549c
aaaaaaaa
000054a0
55555555
000054a4
aaaaaaaa
000054a8
00005555
000054ac
01000100
000054b0
00800180
000054b4
00000001
000054b8
00000000
000054bc
00000000
000054c0
00000000
000054c4
00000000
000054c8
00000000
000054cc
00000000
000054d0
00000000
000054d4
00000000
000054d8
00000000
000054dc
00000000
000054e0
00000000
000054e4
00000000
000054e8
00000000
000054ec
00000000
000054f0
00000000
000054f4
00000000
000054f8
00000000
000054fc
00000000
00005500
00000000
00005504
00000000
00005508
00000000
0000550c
00000104
00005510
00000000
00005514
00000000
00005518
00000000
0000551c
00000000
00005520
00000000
00005524
00000000
00005528
081f07ff
0000552c
10200080
00005530
00000008
00005534
00010401
00005538
00000000
0000553c
00000000
00005540
05ff0805
00005544
2503ff08
00005548
20000137
0000554c
07ff0200
00005550
0000dd01
00005554
00000303
00005558
00000000
0000555c
00000000
00005560
00020000
00005564
00000000
00005568
00000000
0000556c
00000000
00005570
00000000
00005574
02020000
00005578
00000005
0000557c
51516042
00005580
31c06000
00005584
07ad01a0
00005588
00c0c001
0000558c
0e010000
00005590
000e0d0d
00005594
00000304
00005598
42100010
0000559c
010c083e
000055a0
000f0c37
000055a4
01000140
000055a8
01470120
000055ac
00000c00
000055b0
00000322
000055b4
00030200
000055b8
02800000
000055bc
80800000
000055c0
000e2010
000055c4
63421750
000055c8
00000008
000055cc
04a104a1
000055d0
04a104a1
000055d4
04a104a1
000055d8
04a104a1
000055dc
000004a1
000055e0
0000a000
000055e4
00a000a0
000055e8
00a000a0
000055ec
00a000a0
000055f0
00a000a0
000055f4
00a000a0
000055f8
00a000a0
000055fc
00a000a0
00005600
00a000a0
00005604
01c200a0
00005608
01a00005
0000560c
00000000
00005610
00060000
00005614
00080200
00005618
00000000
0000561c
20202020
00005620
20202020
00005624
0f0f2020
00005628
00000024
00005800
04f00000
00005804
00000000
00005808
01030200
0000580c
00000000
00005810
00000000
00005814
03000000
00005818
01000001
0000581c
03000400
00005820
00000001
00005824
00000001
00005828
00000000
0000582c
00000000
00005830
01010000
00005834
00010000
00005838
00c00004
0000583c
00cc0008
00005840
00660601
00005844
00000003
00005848
00000000
0000584c
00000001
00005850
0000aaaa
00005854
00005555
00005858
0000b5b5
0000585c
00004a4a
00005860
00005656
00005864
0000a9a9
00005868
0000b7b7
0000586c
00004848
00005870
00000000
00005874
00000000
00005878
08000000
0000587c
04080008
00005880
00000408
00005884
00e4e400
00005888
00071030
0000588c
000c0020
00005890
00062000
00005894
00000100
00005898
55555555
0000589c
aaaaaaaa
000058a0
55555555
000058a4
aaaaaaaa
000058a8
00005555
000058ac
01000100
000058b0
00800180
000058b4
00000000
000058b8
00000000
000058bc
00000000
000058c0
00000000
000058c4
00000000
000058c8
00000000
000058cc
00000000
000058d0
00000000
000058d4
00000000
000058d8
00000000
000058dc
00000000
000058e0
00000000
000058e4
00000000
000058e8
00000000
000058ec
00000000
000058f0
00000000
000058f4
00000000
000058f8
00000000
000058fc
00000000
00005900
00000000
00005904
00000000
00005908
00000000
0000590c
00000104
00005910
00000000
00005914
00000000
00005918
00000000
0000591c
00000000
00005920
00000000
00005924
00000000
00005928
081f07ff
0000592c
10200080
00005930
00000008
00005934
00010401
00005938
00000000
0000593c
00000000
00005940
05ff0805
00005944
2503ff08
00005948
20000137
0000594c
07ff0200
00005950
0000dd01
00005954
00000303
00005958
00000000
0000595c
00000000
00005960
00020000
00005964
00000000
00005968
00000000
0000596c
00000000
00005970
00000000
00005974
02020000
00005978
00000005
0000597c
51516042
00005980
31c06000
00005984
07ad01a0
00005988
00c0c001
0000598c
0e010000
00005990
000e0d0d
00005994
00000304
00005998
42100010
0000599c
010c083e
000059a0
000f0c37
000059a4
01000140
000059a8
01470120
000059ac
00000c00
000059b0
00000322
000059b4
00030200
000059b8
02800000
000059bc
80800000
000059c0
000e2010
000059c4
31572604
000059c8
00000008
000059cc
04a104a1
000059d0
04a104a1
000059d4
04a104a1
000059d8
04a104a1
000059dc
000004a1
000059e0
0000a000
000059e4
00a000a0
000059e8
00a000a0
000059ec
00a000a0
000059f0
00a000a0
000059f4
00a000a0
000059f8
00a000a0
000059fc
00a000a0
00005a00
00a000a0
00005a04
01c200a0
00005a08
01a00005
00005a0c
00000000
00005a10
00060000
00005a14
00080200
00005a18
00000000
00005a1c
20202020
00005a20
20202020
00005a24
0f0f2020
00005a28
00000024
00005c00
04f00000
00005c04
00000000
00005c08
01030200
00005c0c
00000000
00005c10
00000000
00005c14
03000000
00005c18
01000001
00005c1c
03000400
00005c20
00000001
00005c24
00000001
00005c28
00000000
00005c2c
00000000
00005c30
01010000
00005c34
00010000
00005c38
00c00004
00005c3c
00cc0008
00005c40
00660601
00005c44
00000003
00005c48
00000000
00005c4c
00000001
00005c50
0000aaaa
00005c54
00005555
00005c58
0000b5b5
00005c5c
00004a4a
00005c60
00005656
00005c64
0000a9a9
00005c68
0000b7b7
00005c6c
00004848
00005c70
00000000
00005c74
00000000
00005c78
08000000
00005c7c
04080008
00005c80
00000408
00005c84
00e4e400
00005c88
00071030
00005c8c
000c0020
00005c90
00062000
00005c94
00000100
00005c98
55555555
00005c9c
aaaaaaaa
00005ca0
55555555
00005ca4
aaaaaaaa
00005ca8
00005555
00005cac
01000100
00005cb0
00800180
00005cb4
00000001
00005cb8
00000000
00005cbc
00000000
00005cc0
00000000
00005cc4
00000000
00005cc8
00000000
00005ccc
00000000
00005cd0
00000000
00005cd4
00000000
00005cd8
00000000
00005cdc
00000000
00005ce0
00000000
00005ce4
00000000
00005ce8
00000000
00005cec
00000000
00005cf0
00000000
00005cf4
00000000
00005cf8
00000000
00005cfc
00000000
00005d00
00000000
00005d04
00000000
00005d08
00000000
00005d0c
00000104
00005d10
00000000
00005d14
00000000
00005d18
00000000
00005d1c
00000000
00005d20
00000000
00005d24
00000000
00005d28
081f07ff
00005d2c
10200080
00005d30
00000008
00005d34
00010401
00005d38
00000000
00005d3c
00000000
00005d40
05ff0805
00005d44
2503ff08
00005d48
20000137
00005d4c
07ff0200
00005d50
0000dd01
00005d54
00000303
00005d58
00000000
00005d5c
00000000
00005d60
00020000
00005d64
00000000
00005d68
00000000
00005d6c
00000000
00005d70
00000000
00005d74
02020000
00005d78
00000005
00005d7c
51516042
00005d80
31c06000
00005d84
07ad01a0
00005d88
00c0c001
00005d8c
0e010000
00005d90
000e0d0d
00005d94
00000304
00005d98
42100010
00005d9c
010c083e
00005da0
000f0c37
00005da4
01000140
00005da8
01470120
00005dac
00000c00
00005db0
00000322
00005db4
00030200
00005db8
02800000
00005dbc
80800000
00005dc0
000e2010
00005dc4
02453761
00005dc8
00000008
00005dcc
04a104a1
00005dd0
04a104a1
00005dd4
04a104a1
00005dd8
04a104a1
00005ddc
000004a1
00005de0
0000a000
00005de4
00a000a0
00005de8
00a000a0
00005dec
00a000a0
00005df0
00a000a0
00005df4
00a000a0
00005df8
00a000a0
00005dfc
00a000a0
00005e00
00a000a0
00005e04
01c200a0
00005e08
01a00005
00005e0c
00000000
00005e10
00060000
00005e14
00080200
00005e18
00000000
00005e1c
20202020
00005e20
20202020
00005e24
0f0f2020
00005e28
00000024
00006000
00000000
00006004
00000000
00006008
00000000
0000600c
00000000
00006010
00000000
00006014
00010000
00006018
00000101
0000601c
00000002
00006020
00000000
00006024
00000000
00006028
00000000
0000602c
00000000
00006030
00400000
00006034
00000080
00006038
00dcba98
0000603c
03dcba98
00006040
00200000
00006044
00000000
00006048
00000000
0000604c
00000000
00006050
00000000
00006054
00000000
00006058
00000000
0000605c
00000000
00006060
0000002a
00006064
00000015
00006068
00000015
0000606c
0000002a
00006070
00000033
00006074
0000000c
00006078
0000000c
0000607c
00000033
00006080
0a418820
00006084
003f0000
00006088
000f013f
0000608c
20202001
00006090
00202020
00006094
20008008
00006098
00000810
0000609c
00010f00
000060a0
000202ff
000060a4
03000003
000060a8
00030000
000060ac
00000300
000060b0
00000300
000060b4
00000300
000060b8
04000300
000060bc
00100003
000060c0
003e4208
000060c4
01000080
000060c8
01000102
000060cc
00008000
00006400
00000000
00006404
00000000
00006408
00000000
0000640c
00000000
00006410
00000000
00006414
00010000
00006418
00000101
0000641c
00000002
00006420
00000000
00006424
00000000
00006428
00000000
0000642c
00000000
00006430
00400000
00006434
00000080
00006438
00dcba98
0000643c
03dcba98
00006440
00200000
00006444
00000000
00006448
00000000
0000644c
00000000
00006450
00000000
00006454
00000000
00006458
00000000
0000645c
00000000
00006460
0000002a
00006464
00000015
00006468
00000015
0000646c
0000002a
00006470
00000033
00006474
0000000c
00006478
0000000c
0000647c
00000033
00006480
0a418820
00006484
003f0000
00006488
000f013f
0000648c
20202001
00006490
00202020
00006494
20008008
00006498
00000810
0000649c
00010f00
000064a0
000202ff
000064a4
03000003
000064a8
00030000
000064ac
00000300
000064b0
00000300
000064b4
00000300
000064b8
04000300
000064bc
00100003
000064c0
003e4208
000064c4
01000080
000064c8
01000102
000064cc
00008000
00006800
00000000
00006804
00010100
00006808
00000000
0000680c
00000000
00006810
00000000
00006818
00050000
0000681c
04000100
00006820
00000055
00006824
00000000
00006828
00000000
0000682c
00000000
00006830
00000000
00006834
00002001
00006838
000040ff
0000683c
00020028
00006840
01010000
00006844
80080001
00006848
10200000
0000684c
00000008
00006850
00000000
00006854
0e000000
00006858
0100090f
0000685c
00000000
00006860
00000000
00006864
00000000
00006868
00000000
0000686c
00040101
00006870
0000010f
00006874
00000000
00006878
00000064
0000687c
00000000
00006880
00000000
00006884
04020101
00006888
40201008
0000688c
ff020180
00006894
80012020
00006898
00241b42
0000689c
00505001
000068a0
00000000
000068a4
00000000
000068a8
00000000
000068ac
00000000
000068b0
00000000
000068b4
00000000
000068b8
07050102
000068bc
01005401
000068c0
000040a2
000068c4
04102000
000068c8
00024410
000068cc
00004410
000068d0
00004410
000068d4
00004410
000068d8
00004410
000068e0
00004410
000068e4
00004410
000068e8
00004410
000068ec
00004410
000068f0
00000000
000068f4
00000000
000068f8
00060000
000068fc
00000000
00006900
00000074
00006904
00000000
00006908
00000008
0000690c
00000000
00006910
00000000
00006914
00000000
00006918
00000000
0000691c
00000000
00006920
03000000
00006924
00000000
00006928
00000000
0000692c
00000000
00006930
04102000
00006934
00041020
00006938
01c98c98
0000693c
3f400000
00006940
3f3f1f3f
00006944
0000001f
00006948
00000000
0000694c
00000000
00006950
00000000
00006954
00000001
00006958
00000000
0000695c
00000000
00006960
00000000
00006964
00000001
00006968
45673201
0000696c
00010198
00006970
00000000
00006974
00000000
00006978
00000000
0000697c
00040700
00006980
00000000
00006984
00000000
00006988
00000000
0000698c
00000000
00006990
00000000
00006994
00000000
00006998
00000002
0000699c
00000000
000069a0
00000000
000069a4
0001f7c4
000069a8
06000002
000069ac
00000000
000069b0
00001142
000069b4
010207a5
000069b8
01000080
000069bc
00000000
000069c0
00000000
000069c4
00000000
000069cc
03000300
000069d0
03000300
000069d4
03000300
000069d8
03000300
000069dc
03000300
000069e0
03000300
000069f4
00000005
000069f8
0003bfcc
000069fc
00000008
00006a00
000001ff
00006a04
000001ff
00006a08
0001ff11
00006a0c
0199ff00
00006a10
0001ffff
00006a14
00004011
00006a20
0001ff11
00006a24
0199ff00
00006a28
0001ff11
00006a2c
0199ff00
00006a30
0001ff11
00006a34
0199ff00
00006a38
00018011
00006a3c
0089ff00
00006a40
20040006
00006a44
0050fa50
00006a48
00000000
00006a4c
00000000
00006a50
00000000
00006a54
00000000
00006a58
00000000
00006a5c
00000000
00006a60
00000000
64f0b27d
2ad38360
db2e1772
b347a028
6ce0cd56
47b62261
b24f513f
c3b2d8bf
7f83a28f
370a9fb4
1dccd55e
4e3075f5
1edd8479
b727b8a1
c5893a4e
d763903b
a2000005
00000240
00025afc
00000000
00000000
00000000
00000000
00000000
ffc6dcca
daba243d
43928741
480174d3
d3d4499e
aca92767
0eb3a180
69dc57eb
c3eb6ac1
3ee2bc64
dd0fc93e
5c98eaed
90feca2f
2f2f8c2b
04049d8f
f4c077a4
00000000
00000000
00000000
00000000
00000000
00000000
00000000
00000000
00000000
00000000
00000000
00000000
00000000
00000000
00000000
00000000
00000000
00000000
00000000
00000000
00000000
00000000
00000000
00000000
00000000
00000000
00000000
00000000
00000000
00000000
00000000
00000000
00000000
00000000
00000000
00000000
00000000
00000000
00000000
00000000
00000000
00000000
00000000
00000000
00000000
00000000
00000000
00000000
00000000
00000000
00000000
00000000
00000000
00000000
00000000
00000000
00000000
00000000
00000000
00000000
00000000
00000000
00000000
00000000
00000000
00000000
00000000
00000000
00000000
00000000
00000000
00000000
00000000
00000000
00000000
00000000
00000000
00000000
00000000
00000000
00000000
00000000
00000000
00000000
00000000
00000000
00000000
00000000
00000000
00000000
00000000
00000000
00000000
00000000
00000000
00000000
00000000
00000000
00000000
00000000
00000000
00000000
00000000
00000000
00000000
00000000
00000000
00000000
00000000
00000000
00000000
00000000
00000000
00000000
00000000
00000000
00000000
00000000
00000000
00000000
00000000
00000000
00000000
00000000
00000000
00000000
00000000
00000000
00000000
00000000
00000000
00000000
00000000
00000000
00000000
00000000
00000000
00000000
00000000
00000000
00000000
00000000
00000000
00000000
ec193c71
a234877a
bb685ffc
73d81b6d
be021fc8
9ba4a487
2875dbd1
4fa72c22
a1ade62b
c79c76ac
d7b2700a
71628eb0
6c78eb9a
6b6a5562
ac8095ef
e42525a6
a2000003
00007350
0002ceec
00000000
00000000
00000000
00000000
00000000
9081bc0c
ccb8eb6d
729fe852
f52a8f66
b38dc8bf
b11920b8
e268391e
012cd566
a647761d
6358bb11
4d43981e
30f377cc
389ae35d
b9484ba8
ab4ad210
2281e34e
00000001
00000000
00000000
127c0000
00007310
00000000
00000000
00000000
00000000
00000000
00000000
00000000
00000001
00000000
00000000
00000000
00008197
a9818193
00000297
01828293
30529073
00100293
00028463
7c105073
00000297
13428293
30529073
00000113
00011663
00017117
63c10113
f1402573
03174281
0313ed85
7113fbe3
8563ff01
911a00a2
bfd50285
00000097
07e08093
00008363
25739082
4581f140
00ef4601
00930f60
83630000
90820000
00000297
00c28293
30529073
00002303
0000bff5
80820000
b37346a1
42a13006
0055c563
00757613
0023ca11
05050005
47e315fd
1073feb0
80823003
00053023
15e10521
fcb04ee3
30031073
30238082
03210003
fe734de3
84068082
ed840297
f2828293
06028763
ed840297
f1c28293
f14027f3
b07346a1
03173006
0313ed85
7397f0a3
83930000
03335723
53634061
831e0073
0463838a
f0ef0073
9a63fb5f
73170257
03130000
7397a023
83930000
04631ea3
f0ef0073
0317f99f
03130000
03976da3
83930000
04636d23
f0ef0073
80a2f81f
00008082
342022f3
34102373
343023f3
8082bfd5
81978406
81930000
02939321
11630000
72970e55
82930000
73179aa2
03130000
73979a23
83930000
8c6318a3
5a630062
b5030073
02a10002
00a33023
4ae30321
0297fe73
82930000
031766a2
03130000
03976623
83930000
8c6365a3
5a630062
b5030073
02a10002
00a33023
4ae30321
100ffe73
02970000
82930000
03176362
03130000
039762e3
83930000
8c636263
5a630062
b5030073
02a10002
00a33023
4ae30321
100ffe73
73170000
03130000
83931023
5763bd81
30230073
03210003
fe734de3
00007217
0e820213
9602c211
00006517
3cc50513
3b0060ef
3f4060ef
00006517
66a50513
3a0060ef
65a060ef
f0fff0ef
b07356fd
b0733046
27f33446
27373010
8f7d0004
b073c709
b0733036
07373026
8f7d0004
b073c319
67411806
0287071b
cb898ff9
300027f3
8fd96709
30079073
00305073
610060ef
05974505
85930000
06175365
06130000
00ef5366
30ef00e0
80a24700
80828082
e4061141
f14022f3
00000313
00628563
10500073
00efbff5
60a262a0
80820141
127c02e8
00000000
65a0606f
00000000
00002272
0000228a
00002296
000022a4
00002272
00002272
0000226e
000022b0
00002272
00002272
00002272
00002272
00002272
00002272
00002272
0000227e
60288b9d
3ca6f937
00000304
00000318
0000031a
00000312
65637845
6f697470
6948206e
6d202174
73756163
30203a65
38302578
6d202c78
3a637065
25783020
2c783830
76746d20
203a6c61
30257830
000a7838
00000000
7561634d
45206573
70656378
6e6f6974
646f4320
30203a65
38302578
00000a78
20776f4e
74697845
2e676e69
000a2e2e
20746f4e
61762061
2064696c
65726874
6c6f6873
6f632064
6769666e
74617275
216e6f69
65684320
73206b63
70757465
00000a21
00000000
20746f4e
61762061
2064696c
69616c63
6f632d6d
656c706d
63206574
69666e6f
61727567
6e6f6974
68432021
206b6365
75746573
000a2170
0000318d
00000002
00000000
00000000
00000000
00000000
00000000
00000000
00000000
00000000
00000000
00000000
00000000
00000000
00000000
00000000
00000000
00000000
00000000
00000000
00000000
00000000
00000000
00000000
00000000
00000000
00000000
00000000
00000000
00000000
00000000
00000000
00000000
00000000
00000000
00000000
00000000
00000000
00000000
00000000
00000000
00000000
00000000
00000000
2b302d23
00000020
004c6c68
00000000
45676665
00004746
33323130
37363534
42413938
46454443
00000000
00000000
33323130
37363534
62613938
66656463
00000000
00004272
00004288
00004248
00004248
00004248
00004248
00004288
00004248
00004248
00004248
00004248
000043e2
000042c6
00004380
00004248
00004248
00004416
00004248
000042c6
00004248
00004248
00004388
00000000
127c4a64
00000000
127c4b5e
00000000
127c4ad0
00000000
00000000
00000000
00000000
00000000
127c4cfa
00000000
127c4d1a
00000000
127c4aea
00000000
127c4acc
00000000
127c4b84
00000000
127c4bde
00000000
00000000
00000000
00000000
00000000
00000000
00000000
00000000
00000000
00000000
00000000
00000000
00000000
00000000
00000000
00000000
00000000
127c4c70
00000000
127c4a30
00000000
00000000
00000000
00000000
00000000
00000000
00000000
00000000
00000000
00000000
00000000
00000000
00000000
00000000
00000000
127c4f86
00000000
127c4f8c
00000000
127c4fac
00000000
127c4fda
00000000
127c50f6
00000000
127c4fdc
00000000
127c4fe6
00000000
127c517a
00000000
127c4fea
00000000
127c4fee
00000000
127c5022
00000000
127c5056
00000000
127c508a
00000000
127c62ce
00000000
127c50a4
00000000
127c50b6
00000000
127c50bc
00000000
127c50c4
00000000
127c50da
00000000
127c4d3a
00000000
127c511a
00000000
127c5184
00000000
127c612a
00000000
00000000
00000000
00000000
00000000
00000000
00000000
00000000
00000000
127c6158
00000000
00000000
00000000
127c62ac
00000000
127c62b0
00000000
00000000
00000000
00000000
00000000
00000000
00000000
00000000
00000000
00000000
00000000
00000000
00000000
00000000
00000000
00000000
00000000
127c4f82
00000000
00000000
00000000
00000000
00000000
00000000
00000000
00000000
00000000
00000000
00000000
00000000
00000000
00000000
00000000
00000000
00000000
127c07e8
00000000
00000000
00000000
6762696c
73736f6c
00000000
00000000
127c71e8
00000000
00040301
00000000
127c62e8
00000000
00000000
00000000
00000000
00000000
00000000
00000000
00000000
00000000
00000000
00000000
00000000
00000000
00000000
00000000
00000000
00000000
00000000
00000000
00000000
00000000
00000000
00000000
00000000
00000000
00000000
00000000
00000000
00000000
00000000
00000000
00000000
00000000
00000000
00000000
00000000
00000000
00000000
00000000
00000000
00000000
00000000
00000000
00000000
00000000
00000000
00000000
00000000
00000000
00000000
00000000
00000000
00000000
00000000
00000000
00000000
00000000
00000000
00000000
00000000
00000000
87010113
00007597
9dc5b583
34234501
30237811
20ef7881
20ef4fd0
1d636100
77971405
b7830000
e8839be7
f5b70007
0697fdb6
b6830000
88469fe6
874687c6
03300613
b5e58593
c0024509
047020ef
1e5050ef
20ef842a
852251c0
542020ef
c9092501
30832501
34037881
01137801
80827901
3dc020ef
3e4020ef
0800577d
0c0027b7
0613c398
77977700
b7830000
458193e7
e3808522
697020ef
478d4705
02571f93
02471f13
02071893
02171e13
02271313
20e13423
47351786
0a230789
081320e1
07130ff0
46e50400
20e12c23
0737e23e
e63e127e
100255b7
00007797
91c7b783
16861802
00007e97
8e8ebe83
0f910885
080f0f13
030d0e05
02974501
b2830000
0813a2a2
86930ff8
30230ff6
30232ae1
77172cf1
37030000
47918da7
85934611
e8164245
f036ec42
3023fffe
282321e1
2e232001
3c232801
30237401
34237601
e3462ae1
f802e746
2223fc02
34232201
28232201
3c232201
38232bd1
34232dd1
d5be2dd1
f91af572
5d0020ef
10ef8522
a00177d0
100065b7
46014501
08c58593
5b8020ef
bdf1557d
ff857793
02010737
08a585bb
20f73023
ede307a1
000ffeb7
80820ff0
e0221141
29053403
fff60713
9722972e
02c75733
00c587bb
e40637fd
458186aa
c7bb8522
073302c7
863b02c7
b82302c7
063b28e6
20ef0806
60a25510
64028522
80820141
1f452783
7139c7e9
f04af426
e852ec4e
f822fc06
8a2ae456
5b850493
79414981
1e8a2583
04000613
959b8552
f0ef0045
2583f8ff
842a1e8a
959be088
06130035
85520400
f79ff0ef
1e8a2583
cda9e4c8
25834a81
06131eca
85520400
0045959b
f5dff0ef
64d84010
fe057693
8ed18a7d
20eae73b
4418e308
2683c014
77331eca
57930127
959b0205
c6bb0046
8f550806
c418c05c
f0dff0ef
1e8a2583
04412a85
fabae9e3
0045959b
29856088
f0ef04a1
2783ef3f
e5e31f4a
70e2f6f9
74a27442
69e27902
6aa26a42
61214501
45018082
715d8082
e0a24785
8432ec56
00e79abb
0014181b
fc269f95
02000613
959b84ae
e486003a
f052f84a
e85a892a
8b3ae45e
00f80bbb
f0eff44e
ea33eb7f
0613212b
3c230200
959b38aa
854a002a
ea1ff0ef
48aa3c23
060b0863
212bc7b3
0034141b
0e87a783
74136621
169b0784
061300ab
6741c006
8f418ef1
979b8f55
06b70037
f6130400
8693ff09
f7935006
8fd50387
0209d993
00166693
a6238526
c0980134
c494c0dc
f0ef45c1
60a6e2bf
79426406
7a0279a2
6b426ae2
85136ba2
74e20104
80826161
1f092583
02000613
959b854a
f0ef0045
45c1e1bf
f0ef89aa
3703df7f
07b3398a
30230179
37030137
2023498a
47050007
58e78c23
7179b785
6485ec26
80048593
04000613
f022f406
e44ee84a
89aae052
dd9ff0ef
0613842a
45a10200
f0ef854e
bc23dcbf
e10038a9
02000613
854e4591
db9ff0ef
48a9bc23
00052023
85934785
8c238004
061358f9
854e0400
d9dff0ef
bc2385aa
841362a9
44850209
4a414905
2783a809
85631544
24850327
8c630421
27830344
96e31504
4018ff27
46858626
f0ef854e
2783e7df
85aa1544
fd279fe3
86264058
854e4681
e67ff0ef
85aa2485
98e30421
70a2fd44
64e27402
69a26942
45016a02
80826145
e486715d
fc26e0a2
f84aec56
f052f44e
07b7e85a
3823127e
478528f5
16f52423
74053423
74052023
f0ef8aaa
8556f15f
d45ff0ef
04000613
40000593
f0ef8556
a5b7cf3f
05e11000
76aab423
20ef4501
77132800
08930035
35b70837
87c66dac
f6978846
b683ffff
85935566
06135e35
450909a0
543784c6
c0021002
39e020ef
05938626
45014104
23c020ef
00115637
57b60613
41440593
20ef4501
a78322a0
cbc91f4a
5b8a8913
6c0a8493
50840413
4b054981
461185a2
20ef4501
3a0320a0
05930009
45010084
000a061b
1f8020ef
00c40593
420a5613
20ef4501
37831ea0
05930889
a0230104
ba030164
45010007
0404a023
000a061b
1cc020ef
01440593
420a5613
20ef4501
05931be0
4601ffc4
20ef4501
05931b20
460dff84
20ef4501
a7831a60
29851f4a
02040413
04910921
f8f9e2e3
638ab483
10025437
42840593
0004861b
20ef4501
d61317e0
05934204
450142c4
170020ef
398ab783
47040593
43904501
000204b7
00166613
158020ef
47440593
45014601
14c020ef
00348613
47840593
20ef4501
059313e0
06374704
45010200
130020ef
47440593
45014601
124020ef
01348613
47840593
20ef4501
66051160
05934501
06134204
20ef80d6
60a61060
74e26406
79a27942
6ae27a02
45016b42
80826161
0105959b
00b56633
100255b7
45011141
85932601
e4064405
0d4020ef
450160a2
80820141
f052715d
8a32e85a
46418b2e
e4864581
fc26e0a2
f44ef84a
e45eec56
843a892a
89b68ac2
84c68bbe
093020ef
00c95783
001af813
00147713
0048181b
0019f693
003e0637
40076713
0114949b
8cf11a3e
02fa5a13
01076733
0056969b
0144e4b3
9b9b8f55
f693016b
8f553ce7
0174e7b3
020b5693
2023854a
22230169
242300d9
162300f9
45c100e9
a91ff0ef
640660a6
79a274e2
6ae27a02
6ba26b42
01090513
61617942
179b8082
9f950016
28032785
c7b37445
a50320a7
488d0e87
40000713
ffb57313
0108eb63
20000713
01180763
fff80713
00173713
969b071a
8e550076
5693489d
82230087
471900e5
8023890d
83a30115
489500e5
03000713
00e58423
011580a3
00c58123
00a581a3
00d582a3
00058323
1563470d
478102e3
84a34701
852300f5
85a300e5
86230005
478d0005
00758513
0107f563
00d58513
80828082
0187c703
bfe147bd
e04a1101
10025937
0593e426
84aa4309
ec064501
10efe822
041b7750
86220005
43090593
10ef4501
579375b0
8b850154
a783c799
c3d57544
a8234785
543774f4
04131002
85a24304
10ef4501
77937410
25010015
551bdbed
779300a5
a22300f5
893174f4
02000937
0937e119
54b70040
84131002
85a24784
10ef4501
89057110
8593f97d
864a4704
6f9010ef
47448593
45014601
6ed010ef
00020637
47848593
4501064d
100254b7
6d9010ef
47848413
450185a2
6d7010ef
f97d8905
00115637
41448593
57b60613
6b9010ef
644260e2
690264a2
61054501
541b8082
883500a4
1ee34785
a783f4f4
fbb17584
7484a823
7484ac23
7139b7a9
e933f04a
370320a5
e8524989
00261a13
1f052783
43189752
f822fc06
ec4ef426
37fde456
00f70c63
744270e2
790274a2
6a4269e2
45016aa2
80826121
39893783
00361493
00b50433
ba8397a6
171b0007
46410847
85564581
40ea89b3
61e020ef
59844783
000aa603
00cad683
07136709
8b858027
8a3d8fd9
3fc6f693
c037f793
ff09f713
8f518fd5
00fa9623
00eaa023
855645c1
845ff0ef
39893783
b02397a6
37830137
97d24989
0007a023
59844783
0017b793
58f40c23
7139bf85
4581f822
46018432
f426fc06
ec4ef04a
e456e852
8a36892a
84be89ba
f27ff0ef
39893783
45814641
0007ba83
005a1a1b
020a7a13
20ef8556
45835880
67855989
0119971b
0015f693
07b78edd
e6b30006
8f7d0146
00e6e7b3
0134949b
00080737
141b8cf9
07370144
8c790010
07378fc5
a603001f
8fc100ca
c2170713
07378ff9
0713ffe1
8f713de7
85568fd9
00faa623
f0ef45c1
3703f8af
70e24989
431c7442
790274a2
c31c2785
6a4269e2
010a8513
61216aa2
c7838082
c6030035
11010025
07a2e04a
10025937
e426e822
84aa8e5d
4501842e
47090593
10efec06
05934f30
46014749
10ef4501
05934e70
06134789
45010230
4d9010ef
3984b903
47814458
00093583
0157571b
46858b0d
85264605
eefff0ef
00a93023
45014581
bc5ff0ef
644260e2
690264a2
61054501
11418082
3403e022
45d83985
600c4785
0157571b
46818b0d
e4064601
eb7ff0ef
4581e008
f0ef4501
60a2b8ff
45016402
80820141
17052703
f0227179
e44ee84a
f406e052
4905ec26
8a2e842a
13634981
49150127
17442783
94634685
691300d7
26030089
46851784
00d61463
01096913
17c42603
14634685
691300d6
26030209
46851804
00d61463
04096913
18442603
14634685
691300d6
26030809
46851884
00d61463
10096913
18c42603
14634685
691300d6
26032009
46851904
00d61463
40096913
19442603
17634685
668500d6
80068693
00d96933
19842603
15634685
668500d6
00d96933
19c42603
15634685
668900d6
00d96933
1a042603
15634685
669100d6
00d96933
1a442603
15634685
66a100d6
00d96933
1a842603
15634685
66c100d6
00d96933
1ac42603
16634685
06b700d6
69330002
260300d9
46851b04
00d61663
000406b7
00d96933
1b442603
16634685
06b700d6
69330008
260300d9
46851b84
00d61663
001006b7
00d96933
1bc42603
16634685
06b700d6
69330020
260300d9
46851c04
00d61663
004006b7
00d96933
1c442603
16634685
06b700d6
69330080
260300d9
46851c84
00d61663
010006b7
00d96933
1cc42603
16634685
06b700d6
69330200
260300d9
46851d04
00d61663
040006b7
00d96933
1d442603
16634685
06b700d6
69330800
260300d9
46851d84
00d61663
100006b7
00d96933
1dc42603
16634685
06b700d6
69332000
260300d9
46851e04
00d61663
400006b7
00d96933
1e442603
16634685
06b700d6
69338000
268300d9
460d7444
63843483
3cd66863
56c68063
95634605
46853cc6
04000993
3cd71363
0044d783
0109971b
8fd98526
45c1c0dc
c88ff0ef
17442783
04c14705
3ae79663
0044d783
0109971b
8fd98526
45c1c0dc
c68ff0ef
17842703
04c14785
38f71b63
0044d783
0109971b
8fd98526
45c1c0dc
c48ff0ef
17c42703
04c14785
38f71063
0044d783
0109971b
8fd98526
45c1c0dc
c28ff0ef
18042703
04c14785
36f71563
0044d783
0109971b
8fd98526
45c1c0dc
c08ff0ef
18442703
04c14785
34f71a63
0044d783
0109971b
8fd98526
45c1c0dc
be8ff0ef
18842703
04c14785
32f71f63
0044d783
0109971b
8fd98526
45c1c0dc
bc8ff0ef
18c42703
04c14785
32f71463
0044d783
0109971b
8fd98526
45c1c0dc
ba8ff0ef
19042703
04c14785
30f71963
0044d783
0109971b
8fd98526
45c1c0dc
b88ff0ef
19442703
04c14785
2ef71e63
0044d783
0109971b
8fd98526
45c1c0dc
b68ff0ef
19842703
04c14785
2ef71363
0044d783
0109971b
8fd98526
45c1c0dc
b48ff0ef
19c42703
04c14785
2cf71863
0044d783
0109971b
8fd98526
45c1c0dc
b28ff0ef
1a042703
04c14785
2af71d63
0044d783
0109971b
8fd98526
45c1c0dc
b08ff0ef
1a442703
04c14785
2af71263
0044d783
0109971b
8fd98526
45c1c0dc
ae8ff0ef
1a842703
04c14785
28f71763
0044d783
0109971b
8fd98526
45c1c0dc
ac8ff0ef
1ac42703
04c14785
26f71c63
0044d783
0109971b
8fd98526
45c1c0dc
aa8ff0ef
1b042703
04c14785
26f71163
0044d783
0109971b
8fd98526
45c1c0dc
a88ff0ef
1b442703
04c14785
24f71663
0044d783
0109971b
8fd98526
45c1c0dc
a68ff0ef
1b842703
04c14785
22f71b63
0044d783
0109971b
8fd98526
45c1c0dc
a48ff0ef
1bc42703
04c14785
22f71063
0044d783
0109971b
8fd98526
45c1c0dc
a28ff0ef
1c042703
04c14785
20f71563
0044d783
0109971b
8fd98526
45c1c0dc
a08ff0ef
1c442703
04c14785
1ef71a63
0044d783
0109971b
8fd98526
45c1c0dc
9e8ff0ef
1c842703
04c14785
1cf71f63
0044d783
0109971b
8fd98526
45c1c0dc
9c8ff0ef
1cc42703
04c14785
1cf71463
0044d783
0109971b
8fd98526
45c1c0dc
9a8ff0ef
1d042703
04c14785
1af71963
0044d783
0109971b
8fd98526
45c1c0dc
988ff0ef
1d442703
04c14785
18f71e63
0044d783
0109971b
8fd98526
45c1c0dc
968ff0ef
1d842703
04c14785
18f71363
0044d783
0109971b
8fd98526
45c1c0dc
948ff0ef
1dc42703
04c14785
16f71863
0044d783
0109971b
8fd98526
45c1c0dc
928ff0ef
1e042703
04c14785
14f71d63
0044d783
0109971b
8fd98526
45c1c0dc
908ff0ef
1e442703
04c14785
14f71263
0044d783
0109999b
e7b345c1
c0dc0137
f0ef8526
a22d8e6f
40000993
01e34685
4705c4d7
c4e78ee3
17842703
09e34785
2703c6f7
478517c4
c8f704e3
18042703
0fe34785
2703c8f7
47851844
caf70ae3
18842703
05e34785
2703ccf7
478518c4
cef700e3
19042703
0be34785
2703cef7
47851944
d0f706e3
19842703
01e34785
2703d2f7
478519c4
d2f70ce3
1a042703
07e34785
2703d4f7
47851a44
d6f702e3
1a842703
0de34785
2703d6f7
47851ac4
d8f708e3
1b042703
03e34785
2703daf7
47851b44
daf70ee3
1b842703
09e34785
2703dcf7
47851bc4
def704e3
1c042703
0fe34785
2703def7
47851c44
e0f70ae3
1c842703
05e34785
2703e2f7
47851cc4
e4f700e3
1d042703
0be34785
2703e4f7
47851d44
e6f706e3
1d842703
01e34785
2703e8f7
47851dc4
e8f70ce3
1e042703
07e34785
2703eaf7
47851e44
ecf702e3
100254b7
8593864a
45014704
55c010ef
47448593
45014601
550010ef
00020637
47848593
04360613
10ef4501
348353e0
27033984
478100ca
571b608c
8b0d0157
46014685
f0ef8522
e088f54f
45014581
c2cff0ef
70a24785
74f42023
64e27402
69a26942
45016a02
80826145
20000993
7139b5b5
4581e05a
46018b32
f822fc06
f04af426
e852ec4e
89aae456
89368aba
8a42843e
e4aff0ef
3989b783
45814641
1a1b6384
193e011a
10ef8526
57934b10
a023020b
c0dc0164
5989c603
179b6705
07130044
8a05c007
8bc18e59
005a971b
8fd14494
02077713
07378fd9
7a330006
770100ea
06b78f75
44cc0007
0147e7b3
c3168693
06b78ff5
8693fff9
8eed3ce6
02f95913
01276733
85268fd5
c4dcc498
e0ef45c1
b703ea7f
70e24989
431c7442
69e27902
c31c2785
6aa26a42
85136b02
74a20104
80826121
e84a7179
76853903
f022f406
e44eec26
4785e052
84ae842a
0023854a
458500f9
e61fe0ef
39843a03
00c4a803
3983864a
581b000a
78130158
85ce0038
47054781
85224685
ef7ff0ef
302344d8
348300aa
571b3984
85ce0157
8b0d4781
46014685
f0ef8522
e088e00f
45014581
ad8ff0ef
740270a2
694264e2
6a0269a2
61454501
c7838082
c7030075
26830065
71797445
8fd907a2
ec26f022
4649e84a
e44ef406
470de052
0ac7d7b3
76853403
84aa892e
0ff7f793
0cd77f63
31000813
40904e25
af8340d4
af030084
ae8300c4
00230104
478900f4
00885293
00865313
0086d893
07a34705
478d00f4
005401a3
01f40223
01e402a3
01d40323
01c403a3
006404a3
011405a3
00a38522
012300e4
04230104
052300c4
072300d4
082300e4
08a300f4
45c900e4
00040623
000406a3
d55fe0ef
3984ba03
00c92803
00044683
000a3983
0158581b
00387813
85ce8622
47014785
f0ef8526
2703de9f
302300c9
b40300aa
571b3984
85ce0157
8b0d4781
46014685
f0ef8526
e008cf0f
45014581
9c8ff0ef
740270a2
694264e2
6a0269a2
61454501
08138082
0e132100
b7150400
74452703
f8227139
e456e852
f426fc06
ec4ef04a
842a478d
4a358aae
00e7e363
c9834a1d
c703007a
4785006a
e9b309a2
451d00e9
00f60363
34834509
23037684
28831f84
47a50144
17042803
0af9d6b3
577d82a1
46054591
00d481a3
fc000693
00b48523
00b486a3
0af9de33
00f48023
00a480a3
01c48123
00648223
00c482a3
00048323
00d483a3
01148423
00f484a3
000485a3
00048623
00e48723
00e487a3
00e48823
000488a3
01248593
0e634949
270318c8
47851744
1af70563
17842703
0d634785
27031af7
478517c4
1cf70563
18042703
0d634785
27031cf7
47851844
1ef70563
18842703
0d634785
27031ef7
478518c4
20f70563
19042703
0d634785
270320f7
47851944
22f70563
19842703
0d634785
270322f7
478519c4
24f70563
1a042703
0d634785
270324f7
47851a44
26f70563
1a842703
0d634785
270326f7
47851ac4
28f70563
1b042703
0d634785
270328f7
47851b44
2af70563
1b842703
0d634785
27032af7
47851bc4
2cf70563
1c042703
0d634785
27032cf7
47851c44
2ef70563
1c842703
0d634785
27032ef7
47851cc4
30f70563
1d042703
0d634785
270330f7
47851d44
32f70563
1d842703
0d634785
270332f7
47851dc4
34f70563
1e042703
0d634785
270334f7
47851e44
36f70563
00895793
852685ca
01248123
00f481a3
b01fe0ef
39843a03
00caa803
390386ce
581b000a
78130158
86260038
478185ca
85224705
b97ff0ef
00caa703
00aa3023
39843483
0157571b
478185ca
46858b0d
85224601
a9eff0ef
4581e088
e0ef4501
70e2f77f
74a27442
69e27902
6aa26a42
61214501
46858082
f0ef8522
2703824f
47851744
091385aa
1fe3012a
4681e4f7
85224605
80aff0ef
17842703
85aa4785
012a093b
e4f717e3
46094685
e0ef8522
2703ff1f
478517c4
093b85aa
1fe3012a
4681e2f7
85224609
fd7fe0ef
18042703
85aa4785
012a093b
e2f717e3
460d4685
e0ef8522
2703fbdf
47851844
093b85aa
1fe3012a
4681e0f7
8522460d
fa3fe0ef
18842703
85aa4785
012a093b
e0f717e3
46114685
e0ef8522
2703f89f
478518c4
093b85aa
1fe3012a
4681def7
85224611
f6ffe0ef
19042703
85aa4785
012a093b
def717e3
46154685
e0ef8522
2703f55f
47851944
093b85aa
1fe3012a
4681dcf7
85224615
f3bfe0ef
19842703
85aa4785
012a093b
dcf717e3
46194685
e0ef8522
2703f21f
478519c4
093b85aa
1fe3012a
4681daf7
85224619
f07fe0ef
1a042703
85aa4785
012a093b
daf717e3
461d4685
e0ef8522
2703eedf
47851a44
093b85aa
1fe3012a
4681d8f7
8522461d
ed3fe0ef
1a842703
85aa4785
012a093b
d8f717e3
46214685
e0ef8522
2703eb9f
47851ac4
093b85aa
1fe3012a
4681d6f7
85224621
e9ffe0ef
1b042703
85aa4785
012a093b
d6f717e3
46254685
e0ef8522
2703e85f
47851b44
093b85aa
1fe3012a
4681d4f7
85224625
e6bfe0ef
1b842703
85aa4785
012a093b
d4f717e3
46294685
e0ef8522
2703e51f
47851bc4
093b85aa
1fe3012a
4681d2f7
85224629
e37fe0ef
1c042703
85aa4785
012a093b
d2f717e3
462d4685
e0ef8522
2703e1df
47851c44
093b85aa
1fe3012a
4681d0f7
8522462d
e03fe0ef
1c842703
85aa4785
012a093b
d0f717e3
46314685
e0ef8522
2703de9f
47851cc4
093b85aa
1fe3012a
4681cef7
85224631
dcffe0ef
1d042703
85aa4785
012a093b
cef717e3
46354685
e0ef8522
2703db5f
47851d44
093b85aa
1fe3012a
4681ccf7
85224635
d9bfe0ef
1d842703
85aa4785
012a093b
ccf717e3
46394685
e0ef8522
2703d81f
47851dc4
093b85aa
1fe3012a
4681caf7
85224639
d67fe0ef
1e042703
85aa4785
012a093b
caf717e3
463d4685
e0ef8522
2703d4df
47851e44
093b85aa
1fe3012a
4681c8f7
8522463d
d33fe0ef
0149093b
7139b171
c483f426
c6830075
27030065
f8227445
e852f04a
fc0604a2
e456ec4e
892e478d
8cd5842a
02a00a13
00e7e363
39834a31
46157684
00004597
7f858593
10ef854e
27034200
478d7444
00598513
08e7e263
4597461d
85930000
10ef7f25
854e4040
080484bb
0a9a54b3
e0ef85a6
3a83f2ef
28033984
86a600c9
000aba03
0158581b
00387813
85d2864e
47054785
f0ef8522
2703fc4f
b02300c9
348300aa
571b3984
85d20157
8b0d4781
46014685
e0ef8522
e088ecdf
45014581
ba5fe0ef
744270e2
790274a2
6a4269e2
45016aa2
80826121
45974629
85930000
10ef7ca5
46513840
00004597
7cc58593
00f98513
372010ef
02398513
c783bfb1
e6970025
8693ffff
7139f4a6
00479713
20d7c7b3
00004697
74068693
96baf04a
76853903
0007c703
0017c783
84aef426
fc06668c
ec4ef822
e456e852
061b842a
0023ffe7
00a300e9
051300f9
0a9b0029
10ef0007
85d63140
e0ef854a
3a03e46f
a8033984
86d600c4
000a3983
0158581b
00387813
85ce864a
47054785
f0ef8522
44d8edcf
00aa3023
39843483
0157571b
478185ce
46858b0d
85224601
de7fe0ef
4581e088
e0ef4501
70e2abff
74a27442
69e27902
6aa26a42
61214501
71798082
3903e84a
f0227685
842aec26
462984ae
4597854a
85930000
f40666a5
e052e44e
286010ef
45a9854a
db8fe0ef
39843a03
00c4a803
3983864a
581b000a
78130158
85ce0038
47054785
852246a9
e4eff0ef
302344d8
348300aa
571b3984
85ce0157
8b0d4781
46014685
e0ef8522
e088d59f
45014581
a31fe0ef
740270a2
694264e2
6a0269a2
61454501
c7838082
473d0035
0007869b
02d76563
ffffe717
dac70713
0807c7bb
20e7c7b3
1141439c
97bae406
f0ef8782
60a2f4df
01414501
45018082
f0ef8082
60a2d85f
01414501
f0ef8082
60a2f14f
01414501
46018082
821ff0ef
450160a2
80820141
e57ff0ef
450160a2
80820141
f0ef4605
60a2807f
01414501
c7838082
11410015
4621e406
02c78b63
86aa872e
00f66e63
82634615
461904c7
02c79763
f67ff0ef
450160a2
80820141
9e634625
e0ef00c7
60a2deff
01414501
f0ef8082
60a2e1ef
01414501
85ba8082
e0ef8536
60a2da1f
01414501
e0ef8082
60a2d1df
01414501
711d8082
19b7fc4e
899b0080
89bb2a89
e8a20135
0059941b
e862e4a6
8c2a84ae
450185a2
e0caec86
f456f852
ec5ef05a
00efe466
77932010
ef990015
644660e6
690664a6
7a4279e2
7b027aa2
6c426be2
45016ca2
80826125
0005061b
450185a2
1c9000ef
c43389a2
84932184
26830c84
27831ecc
09137004
0b130220
0a930280
0a130200
e4b30210
a02d2184
01479763
298c3783
856285de
27839782
27857004
70f42023
1ecc2683
1e8c2703
02d7073b
06e7fa63
02d7dcbb
45c16098
02d7f7bb
20ece733
00073b83
0847979b
855e9bbe
ba8fe0ef
00cba703
6c042683
00dbc783
97638b05
838906e6
8e63c7a5
65630527
9de304f9
c783f957
85de00eb
8bfd8562
2187e7b3
2987b783
27839782
27857004
70f42023
1ecc2683
1e8c2703
02d7073b
f8e7eae3
6c042603
20239f99
361370f4
20230016
bfbd6cc4
f76791e3
856285de
e5bff0ef
85debf99
e0ef8562
b7b195ff
008cec93
019bebb3
000b861b
0189859b
00ef4501
d6130c70
859b420b
450101c9
0b9000ef
7135b5e1
37c167c1
0d1be0ea
4d3bfff6
179302fd
e43e0037
00271793
e83ef4d6
07b36ac1
f8d200d5
8a13f43e
87930806
e526ff0a
fccee14a
ecdef0da
e4e6e8e2
ed06ec3e
20aa47b3
8cb2e922
8b368c2a
84ae8bba
49054981
fc6ef03e
20a6edb3
865e67e2
c7b385da
8a1b0afc
85620007
8cbb8ad2
1463414c
4901000d
e0ef4985
66a29adf
398db403
77227782
47dc9436
59874703
85a66008
884a4885
865686ce
f4cfe0ef
b783e008
6742498d
04bb3d7d
97ba089a
27054398
43e3c398
85defb90
e0ef855a
60eaf06f
64aa644a
79e6690a
7aa67a46
6be67b06
6ca66c46
7de26d06
610d4501
27838082
110174c5
ec06e822
842ae426
3483c78d
85267605
04000593
a04fe0ef
852285a6
468d4701
f0ef4631
60e2ef5f
64a26442
61054501
06138082
05930400
e0ef0400
47859faf
302384aa
262376a4
b7d174f4
e4261101
74052483
e822ec06
88634785
60e200f4
64a26442
61054501
27838082
842a7485
f0eff7fd
60e2f89f
74942423
64a26442
61054501
e7838082
e7030045
11010005
8fd91782
e403e822
e7830047
e4260007
8c5d1402
84aae04a
8522892e
04000593
e0efec06
4683966f
47830054
48830044
48030064
45030074
06a20084
00944703
08c28edd
00344603
00a44783
00d8e8b3
4e030862
46830024
43030004
45830014
683300b4
15020118
01056533
8f491722
17c20622
131b8fd9
66330103
481501c6
8a854505
aa2315e2
8ddd74a4
06bb4701
063b40d8
852600c3
defff0ef
852685ca
ecbff0ef
644260e2
690264a2
61054501
45018082
27838082
c7951f45
e8221101
ec06e426
440184aa
852685a2
c47ff0ef
1f44a783
69e32405
60e2fef4
64a26442
61054501
45018082
715d8082
f84afc26
f052f44e
e85aec56
e062e45e
5c37e486
e0a21002
430c0493
424c0a13
2c23892a
59977405
89930000
5a979269
8a930000
4b05922a
420c0c13
27834b91
eb9d7509
450185a6
60e000ef
0035579b
450185a6
0017f413
5fe000ef
0009a783
a783ebb9
8d63000a
d8710b77
a0232785
278300fa
d7f97509
03a00593
74093823
00ef4501
05931710
45010450
167000ef
03a00593
00ef4501
059318b0
45010450
181000ef
00005797
8a07a623
00005797
8a07a023
e829bf41
f96793e3
450185e2
596000ef
0005061b
45019a79
00ef85e2
85e257e0
00ef4501
061b5800
66130005
85e20026
00ef4501
85e25660
00ef4501
89095680
5797f97d
ad230000
57978407
a7230000
bf258407
f3679be3
450185d2
546000ef
d97d8921
f0ef854a
b705eb1f
e0ef854a
a023a66f
bf110169
00000000
00000000
00000000
00000000
00000000
00000000
00000000
00000000
00000000
00000000
00000000
00000000
00000000
00000000
00000000
00000000
00000000
00000000
00000000
00000000
00000000
00000000
00000000
00000000
00000000
00000000
00000000
00000000
00000000
00000000
00000000
00000000
00000000
00000000
00000000
00000000
00000000
00000000
00000000
00000000
00000000
00000000
00000000
00000000
00000000
00000000
00000000
00000000
00000000
00000000
00000000
00000000
00000000
00000000
00000000
00000000
00000000
1060006f
0fc0006f
0f80006f
0f60006f
0f00006f
0ec0006f
0e80006f
0e80006f
0e00006f
0dc0006f
0d80006f
3200006f
0d00006f
0cc0006f
0c80006f
0c40006f
0c00006f
0bc0006f
0b80006f
0b40006f
0b00006f
0ac0006f
0a80006f
0a40006f
0a00006f
09c0006f
0980006f
0940006f
0900006f
08c0006f
0880006f
0840006f
0800006f
07c0006f
0780006f
0740006f
0700006f
06c0006f
0680006f
0640006f
0600006f
05c0006f
0580006f
0540006f
0500006f
04c0006f
0480006f
0440006f
00000000
00000000
00000000
00000000
00000000
00000000
00000000
00000000
00000000
00000000
00000000
00000000
00000000
00000000
00000000
00000000
a001a001
1141a001
e022e406
34202473
26732401
26f33410
d5173430
0513ffff
268162e5
85a22601
3b1000ef
3ff47593
ffffd517
65850513
3a1000ef
ffffd517
66c50513
395000ef
0ee00513
1db000ef
879b6785
a7f38007
80823047
a7f347a1
80823007
b7f347a1
80823007
0025151b
020007b7
a02397aa
000f0007
80820ff0
03100793
02f58963
05100793
00f59963
0c2017b7
00d5151b
08f5053b
11418082
ffffd517
61850513
00efe406
60a232f0
01414501
07b78082
151b0c20
053b00d5
808208f5
03100793
02f58a63
05100793
00f59a63
0c2017b7
151b0791
053b00d5
808208f5
d5171141
0513ffff
e40660a5
2e9000ef
450160a2
80820141
0c2007b7
151b0791
053b00d5
808208f5
03100793
04f68163
05100793
02f69c63
0c002737
08070713
0055579b
0027979b
0086161b
080787bb
07bb4805
97ba08f6
43944705
00a7173b
01058a63
40e6f733
c3982701
27378082
b7f90c00
871b8ed9
c3980006
151bbfc5
07b70025
053b0c00
c10c08f5
11018082
e426e822
4401ec06
ee9ff0ef
08100493
45898522
f0ef2405
1be3fd9f
60e2fe94
64a26442
61054501
71798082
f406e84a
ec26f022
892ae44e
eb9ff0ef
00004797
4287b783
0017e793
30579073
00004497
4284b483
f0ef854a
2901ea3f
20048993
40088426
03100693
4581864a
f2dff0ef
06934008
04110510
4581864a
f1dff0ef
ff3411e3
06934088
04910310
4585864a
f09ff0ef
ff3498e3
0593854a
f0ef0310
70a2e6ff
47857402
64e2c11c
69a26942
61454501
11018082
04500613
4501006c
c602ec06
506000ef
47b2e509
851bc399
60e20007
80826105
fe067129
f61afa16
ee22f21e
e62aea26
fdb2e22e
f5baf9b6
edc2f1be
e5f2e9c6
fd7ae1f6
b502f97e
ad0ab106
a512a90e
bc9aa116
b4aab89e
acb2b0ae
a4baa8b6
bc42a0be
b472b846
ac7ab076
2573a87e
0593f140
25010310
e21ff0ef
e8b14104
70f26472
733272d2
64d27392
65926532
76ce766e
778e772e
68ce686e
6e8e6e2e
7fca7f6a
308a302a
21ca216a
228a222a
33c63366
35863526
26c62666
27862726
38c23862
3e823e22
2fc22f62
00736131
842a3020
450145f1
570000ef
450145f5
568000ef
a20167b7
c5c78793
006cc63e
020107b7
20b7b023
00004797
2a47b783
47016388
46114689
f56ff0ef
bf8dc004
179a4785
c19095be
47858082
95be179a
80824188
002c1101
ec064501
300030ef
652260e2
80826105
e4a6711d
004a04b7
fdc4849b
f8529da5
0065949b
e8a28a0a
fc4ee0ca
080484bb
89aaec86
09138452
84b302c1
05b34144
45010094
fafff0ef
0411c008
ff2419e3
854e85d2
02c00613
6a6000ef
644660e6
690664a6
854e7a42
612579e2
711d8082
006ce8a2
4501842a
e4a6ec86
542000ef
080ccd09
06138522
00ef02c0
60e66740
64468522
612564a6
45b28082
85260804
f71ff0ef
852285a6
02c00613
652000ef
852260e6
64a66446
80826125
f0227179
842a006c
f4064501
e84aec26
4f2000ef
47b2e51d
004a04b7
fdc4849b
949b9cbd
84bb0064
09130804
8c8102c4
05b34010
45010094
f0ef0411
19e3ef3f
70a2ff24
64e27402
61456942
11018082
e426e822
ec06e04a
8493842e
09330405
401040b5
012405b3
04114501
ec1ff0ef
fe9419e3
644260e2
690264a2
61054501
712d8082
84aae626
ee060088
e24aea22
892efdce
f5d6f9d2
8ac28a46
eddef1da
8bba8b3e
e5e6e9e2
8cb28c36
fd6ee1ea
f03ff0ef
06814783
0084971b
8fd946f6
561b4766
18230109
6d8606f1
44466d26
e03a49d6
1923e436
1a230721
1b2306c1
fc820791
e5dff0ef
06014783
e562e12a
ed5ae95e
f552f156
0097e463
eb256702
06414783
0097e463
e3b167a2
57a66766
f43a1982
08087706
0804043b
01346433
ec6ae86e
f83af022
f0efdc3e
60f2ed7f
64b26452
79ee6912
7aae7a4e
6bee7b0e
6cae6c4e
7dea6d0e
61154501
856a8082
f0ef188c
6722efdf
0d132985
f7bb040d
f7cd02e9
0867179b
40fd0d33
856eb745
f0ef188c
6702eddf
8d932405
77bb040d
ffbd02e4
0867179b
40fd8db3
7139bf95
f822fc06
34230080
87aefca4
22238732
87bafcf4
fcf42023
fe042623
fe042423
fc442783
22238bfd
2783fef4
d79bfc44
20230057
2783fef4
871bfc44
07930007
f4630460
57f500e7
2783a8c5
871bfc04
47850007
00e7d463
a8f957f5
fe042783
0007871b
02634789
278304f7
871bfe04
47890007
04e7e263
fe042783
cb892781
fe042783
0007871b
09634785
a02d00f7
100067b7
262307f1
a839fef4
100067b7
02078793
fef42623
67b7a801
87931000
26230587
0001fef4
fec46783
350385be
f0effc84
87aace5f
fef42423
fe442783
0007871b
0a6347fd
278300f7
873efe44
97bb4785
278100e7
07b7a019
2e238000
2783fcf4
c793fdc4
2781fff7
27032781
8ff9fe84
0007869b
fc042783
c7812781
fdc42783
4781a011
87b6873e
24238fd9
6783fef4
2703fec4
863afe84
350385be
f0effc84
4781c6bf
70e2853e
61217442
11018082
e822ec06
34231000
87aefea4
fef42223
fe442783
85be4605
fe843503
e9fff0ef
853e87aa
644260e2
80826105
ec061101
1000e822
fea43423
222387ae
2783fef4
4601fe44
350385be
f0effe84
87aae71f
60e2853e
61056442
715d8082
e0a2e486
34230880
3023fca4
87b2fcb4
faf42e23
fe042623
fe042423
fbc42783
22238bfd
2783fef4
d79bfbc4
20230057
2783fef4
871bfbc4
07930007
f4630460
57f500e7
2783a87d
871bfe04
47890007
04f70263
fe042783
0007871b
e2634789
278304e7
2781fe04
2783cb89
871bfe04
47850007
00f70963
67b7a02d
07f11000
fef42623
67b7a839
87931000
26230207
a801fef4
100067b7
05878793
fef42623
67830001
85befec4
fc843503
b5bff0ef
242387aa
2783fef4
871bfe44
47fd0007
00f70a63
fe442783
4785873e
00e797bb
a0192781
800007b7
fcf42e23
fdc42783
fe842703
24238ff9
2783fef4
2703fe44
57bbfe84
871b00f7
37830007
c398fc04
853e4781
640660a6
80826161
ec221101
87aa1000
fef42623
fec42783
0007871b
f46347fd
57f500e7
4781a011
6462853e
80826105
f4067179
1800f022
fca43c23
2a2387ae
2623fcf4
2783fe04
853efd44
fbdff0ef
873e87aa
fec42783
26238fd9
2783fef4
2781fec4
57f5c399
77b7a8b1
87931000
24233f07
2223fef4
6783fe04
85befe84
fd843503
a7fff0ef
222387aa
2783fef4
873efd44
97bb4785
278100e7
fff7c793
27812781
fe442703
22238ff9
6783fef4
2703fe84
863afe44
350385be
f0effd84
4781a3bf
70a2853e
61457402
71718082
f122f506
3c231900
3823f4a4
2623f4b4
0793fe04
0713f684
863a0800
853e4581
1fa000ef
242347b1
0793f6f4
26230ff0
0793f6f4
28230ff0
0793f6f4
2a230ff0
0793f6f4
2c230ff0
0793f6f4
2e230ff0
0793f6f4
20230ff0
0793f8f4
22230ff0
4789f8f4
f8f42423
2623478d
4791f8f4
f8f42823
2a234795
4799f8f4
f8f42c23
2e23479d
47a1f8f4
faf42023
222347a5
4785faf4
faf42823
2a234785
47b5faf4
faf42c23
2e2347b5
0793faf4
20230ff0
0793fcf4
22230ff0
47a9fcf4
fcf42423
262347a9
47adfcf4
fcf42823
2a2347ad
87b7fcf4
87931000
2423aa07
6783fef4
85befe84
f5843503
94bff0ef
262387aa
6783fef4
078afec4
97a217c1
f787a703
f5043783
4781c398
70aa853e
614d740a
11418082
e406e022
00003797
fdc78793
c781842a
20ef4581
d5177cf0
3503ffff
653c0ba5
9782c391
20ef8522
47b35c90
8b9d00b5
00c506b3
479de781
00c7ee63
716387aa
c70306d5
07850005
8fa30585
eae3fee7
8082fed7
00757713
cb1187aa
0005c703
05850785
fee78fa3
0077f713
f713b7fd
0833ff86
061340f7
44630400
882e0306
6b63863e
881306e6
4601ff97
01076663
8f1d071d
ff877613
95b297b2
fad7e3e3
b3838082
b2830005
bf830085
bf030105
be830185
be030205
b3030285
b8830305
b0230385
b4230077
b8030057
b8230405
bc2301f7
b02301e7
b42303d7
b82303c7
bc230267
87930317
85930487
bc230485
0833ff07
b75140f7
00083883
08210621
ff163c23
433dbfbd
7163872a
779302c3
e3c100f7
7693e1bd
8a3dff06
e30c96ba
0741e70c
fed76de3
8082e211
40c306b3
0297068a
96960000
00a68067
00b70723
00b706a3
00b70623
00b705a3
00b70523
00b704a3
00b70423
00b703a3
00b70323
00b702a3
00b70223
00b701a3
00b70123
00b700a3
00b70023
f5938082
96930ff5
8dd50085
01059693
96938dd5
8dd50205
9693b759
02970027
96960000
80e78286
8096fa26
8f1d17c1
71e3963e
b79df8c3
f0227159
842af406
e0b2fc2e
e8bae4b6
f0c2ecbe
4517f4c6
35030000
c5199aa5
e789591c
00efe42a
65220d20
1834690c
ec368622
39a000ef
740270a2
80826165
e0221141
842ae406
00b51823
00c51923
00053023
00053423
0a052623
00053c23
02052023
02052423
45814621
0a450513
ee7ff0ef
00000797
63678793
0797e03c
87930000
e43c65e7
00000797
6a478793
0797e83c
87930000
60a26d27
ec3cfc00
01416402
15978082
85930000
aab9a345
e4261101
0b000793
fff5849b
02f484b3
892ee04a
ec06e822
0c848593
1ac000ef
cd01842a
00053023
01252423
e8080561
0b048613
f0ef4581
60e2e71f
64428522
690264a2
80826105
ebad591c
e0221141
0797e406
87930000
e53cfa47
08053023
08052423
08053823
ffffd797
e087b783
1463842a
478500f5
8522d91c
042000ef
8522e408
03a000ef
8522e808
032000ef
6408ec08
45914601
ef9ff0ef
46056808
f0ef45a5
6c08eeff
45c94609
ee5ff0ef
60a24785
6402d81c
80820141
11018082
d497e426
b483ffff
589cdae4
ec06e04a
892ae822
8526e781
f71ff0ef
08048493
449c6880
d66337fd
609c0007
6084cfa9
1703bfc5
e7290104
078577c1
0a042623
00043023
00043423
3c23c81c
20230004
24230204
46210204
05134581
f0ef0a44
3023d89f
24230604
30230604
24230804
60e20804
64428522
690264a2
80826105
0b040413
4591b745
f0ef854a
e088eb7f
fd51842a
202347b1
bfe100f9
e0a2715d
f44efc26
e85af052
e486e45e
ec56f84a
8a2e89aa
08050493
4b054401
b9035bfd
aa830104
3afd0084
020ad063
f8e56084
852260a6
74e26406
79a27942
6ae27a02
6ba26b42
80826161
01095783
00fb7b63
01291783
01778763
854e85ca
8c499a02
09132401
b7c10b09
00758793
9be17179
80000737
e84aec26
494107a1
f022f406
4713e44e
84aafff7
0b27f933
00f76463
00b97c63
c09c47b1
70a24501
64e27402
69a26942
80826145
1d7000ef
00003697
77c68693
843a6298
3417e80d
04130000
601c7764
4581e791
00ef8526
e0083a00
852685ca
396000ef
1e6359fd
47b10535
8526c09c
19d000ef
601cbf45
412787bb
0407c063
5763463d
e01c00f6
3023943e
a0290124
1363641c
e29c0287
00ef8526
05131730
079300f4
99610084
40f507bb
943edfad
40f007bb
bf85e01c
bff9e71c
64008722
0413b751
98610075
fc8501e3
40a405b3
00ef8526
1ae33240
bf41fb35
871b465c
c658fff7
00075963
4563561c
47a900f7
00f59363
621caecd
8713852e
e2180017
00b78023
71798082
ec26f022
e44ee84a
f406e052
89ae892a
04b38432
5a7d00d6
00941463
a8114501
00044583
854a864e
fadff0ef
15e30405
70a2ff45
64e27402
69a26942
61456a02
71558082
fd26e1a2
f54ef94a
e586f152
e95aed56
e162e55e
f8eafce6
84ae89aa
84368932
c5094a01
e399591c
d01ff0ef
ffffc797
79478793
0cf49e63
0089b483
0104d783
cbed8ba1
c7fd6c9c
02000793
02f104a3
07935afd
d2020300
02f10523
0b93e422
9c130250
cb17020a
0b13ffff
4c857cab
4783844a
c3990004
0f779263
41240d3b
000d0e63
864a86ea
854e85a6
f2fff0ef
1f550a63
87bb5792
d23e01a7
00044783
1e078263
00140913
ec02e862
040109a3
4583d482
46150009
00ef855a
47c27ea0
00190413
f713ed51
c7090107
02000713
04e109a3
0087f713
0713c709
09a302b0
468304e1
07130009
836302a0
47f208e6
4681844a
48294625
00044703
00140513
fd07059b
7a63872e
cabd0ab6
a88dce3e
ffffc797
6e878793
00f49563
0109b483
c797bf31
8793ffff
99e36667
b483f0f4
b7290189
854e85a6
35c000ef
557dd511
640e60ae
794a74ea
7a0a79aa
6b4a6aea
6c0a6baa
7d467ce6
80826169
bf110405
41650533
00ac953b
c83e8fc9
b7918922
06936722
43180087
4963e436
ce3a0207
00044703
02e00793
04f71063
00144703
02a00793
0af71063
040967a2
00878713
e43a439c
0207c163
a839ca3e
40e0073b
0027e793
c83ece3a
07bbb7e1
842a02f8
9fb94685
ca56bf15
00044583
c517460d
0513ffff
00ef66a5
cd116ce0
ffffc797
65c78793
47c28d1d
04000713
00a7173b
04058fd9
4583c83e
46190004
ffffc517
64450513
00140913
02b10423
698000ef
0793c151
eba10000
67a24742
10077713
07bdc329
07c19bc1
5792e43e
014787bb
bd3dd23e
ca020405
47814681
48294625
00044703
00140513
fd07059b
7463872e
fab900b6
07bbbf95
842a02f8
9fb94685
07a1b7c5
0038b7d1
00000697
d5268693
080c8626
0097854e
00e70000
8a2a0000
fb5515e3
0104d783
0407f793
ea0799e3
b57d5512
06970038
86930000
8626d246
854e080c
7d2000ef
1141bfd9
842ae022
3797852e
a3230000
e4063c07
604020ef
186357fd
379700f5
a7830000
c3913b27
60a2c01c
01416402
11418082
842ee022
01259583
00efe406
496320d0
6c5c0005
ec5c97aa
640260a2
80820141
01045783
177d777d
18238ff9
b7ed00f4
0105d783
f0227179
e84aec26
f406e44e
1007f793
842e84aa
89b68932
9583c799
46890125
00ef4601
578343e0
777d0104
8ff9177d
01241583
00f41823
70a27402
864a86ce
694269a2
64e28526
a2196145
e0221141
9583842e
e4060125
408000ef
5783577d
1b630104
777d00e5
8ff9177d
00f41823
640260a2
80820141
8fd96705
00f41823
b7fdec48
01259583
7179a421
ec26f022
f406e84a
84aae44e
8432892e
591cc509
f0efe399
c797977f
8793ffff
1a6340a7
648006f4
c45c541c
01045783
c3d18ba1
c3c16c1c
60086c1c
0ff97993
9d1d894e
4763501c
85a200f5
00ef8526
e53d3200
2505445c
c45c37fd
8713601c
e0180017
01378023
8963501c
578300a7
8b850104
47a9cb89
00f91763
852685a2
2ee000ef
70a2ed15
64e27402
854a69a2
61456942
c7978082
8793ffff
14633c67
688000f4
c797b751
8793ffff
1de33467
6c80f6f4
85a2bf95
00ef8526
dd2d03e0
b7d1597d
e0221141
852e842a
863685b2
00003797
2007a623
20efe406
57fd48a0
00f51863
00003797
1f87a783
c01cc391
640260a2
80820141
e8221101
e04ae426
3497ec06
b4830000
892a1524
c491842e
e781589c
f0ef8526
c797877f
8793ffff
166330a7
648002f4
01041783
0087f693
0807c73b
7693eab5
ea950107
20234725
e79300e9
18230407
557d00f4
c797a879
8793ffff
146330e7
688000f4
c797b7f1
8793ffff
11e328e7
6c80fcf4
8b11bf75
702cc715
0793c991
856307c4
854a00f5
3a6000ef
06043023
01045783
00042423
fdb7f793
00f41823
e01c6c1c
01045783
0087e793
00f41823
ef896c1c
01045783
20000713
2807f793
00e78663
854a85a2
2a6000ef
01041783
0017f693
0807c73b
5014c29d
00042623
40d006bb
6c14d414
e6814501
08077713
60e2ff29
64a26442
61056902
76938082
46010027
5010e291
bff1c450
e0221141
852e842a
00003797
0c07a823
20efe406
57fd2a60
00f51863
00003797
0bc7a783
c01cc391
640260a2
80820141
0105d783
f0227179
f406ec26
e44ee84a
0087f713
842e84aa
4598ef69
00e04d63
4a635db8
450100e0
740270a2
694264e2
614569a2
68388082
6685d77d
0004a903
a0238ff5
7c0c0004
6c50cfa5
01045783
c7998b91
8e1d441c
c399703c
8e1d5c3c
7c0c683c
85264681
57fd9782
01045703
00f51d63
47f54094
06d7e763
dfc007b7
d7b317f9
8b8540d7
6c1cefb9
00042423
6785e01c
c7198f7d
146357fd
409c00f5
ec48e391
a023702c
ddb50124
07c40793
00f58563
00ef8526
302323c0
b7a50604
46854601
97028526
862a57fd
f8f510e3
dfad409c
85634775
475900e7
04e79463
0124a023
6713b789
18230407
557d00e4
b983bf25
88e30185
b903f209
8b8d0005
0135b023
4139093b
e3914701
c4585198
f1205be3
7c0c643c
864e86ca
97828526
00a04963
01045783
0407e793
00f41823
99aabf7d
40a9093b
6d9cbfe1
1101c3a5
ec06e822
c519842a
e789591c
f0efe42e
65a2e0af
ffffc797
09c78793
00f59b63
9783640c
c7950105
64428522
610560e2
c797bd41
8793ffff
94630b67
680c00f5
c797b7cd
8793ffff
9ce30367
6c0cfcf5
60e2bfc9
45016442
80826105
80824501
e0221141
852e842a
863685b2
00003797
ee07ae23
20efe406
57fd10e0
00f51863
00003797
ee87a783
c01cc391
640260a2
80820141
e1227175
9583842e
fca60125
e506f8ca
893684b2
0205d463
01045783
0807f793
4781cf8d
04000713
640a60aa
00f92023
7946e098
450174e6
80826149
00ef0030
4be35440
47b2fc05
8ff9673d
8f996709
0017b793
40000713
4781bfc1
d783bfe5
71790105
f406f022
e84aec26
842e8b89
0793cf89
e01c07f4
4785ec1c
70a2d01c
64e27402
61456942
00548082
84aa0030
f71ff0ef
892a65a2
f0ef8526
ed01e6af
01041783
2007f713
9bf1fb79
0027e793
00f41823
f797bf7d
8793ffff
e4bc47c7
01045783
ec08e008
0807e793
00f41823
d01c67a2
cf914792
01241583
00ef8526
c9014d60
01045783
e7939bf1
18230017
578300f4
e5330104
18230127
b74100a4
0ff5f593
1463962a
450100c5
47838082
8de30005
0505feb7
8082b7fd
c1cd8082
ff85b783
e8221101
8413ec06
d363ff85
943e0007
f0efe42a
3717fe5f
07130000
631cd8a7
eb816522
00043423
6442e300
610560e2
7d63b7e1
601000f4
00c406b3
00d79663
679c6394
e01496b2
bff9e41c
679c873e
7de3c399
6314fef4
00d70633
00861f63
96b26010
0633e314
90e300d7
6390fcc7
96b2679c
e71ce314
7563bf4d
47b100c4
b765c11c
06b36010
966300c4
639400d7
96b2679c
e41ce014
bf41e700
715d8082
499cf052
45988a3a
fc26e0a2
ec56f44e
f84ae486
e45ee85a
0ae7e7b3
c703c21c
89aa0435
84b2842e
c3198ab6
c21c2785
f793401c
c7810207
2789409c
2903c09c
79130004
1a630069
0b130009
5bfd0194
4098445c
4d639f99
478304f9
36330434
36b300f0
401c00f0
0207f793
0613e7bd
85d60434
9a02854e
026357fd
401c04f5
49014711
97638b99
445c00e7
9f994098
0b27e933
4818441c
00f75563
893b9f99
44810127
5b7d0469
04991a63
a8094501
865a4685
854e85d6
1e639a02
557d0175
640660a6
794274e2
7a0279a2
6b426ae2
61616ba2
29058082
07b3bfa5
069300d4
81a30300
071b04d7
069b0016
46030026
07b30454
81a300e4
bf9504c7
86224685
854e85d6
0ce39a02
2485fb65
715dbf71
f84ae0a2
f052f44e
fc26e486
e85aec56
0185c803
07800793
842e892a
8a3689b2
0307e263
06200793
04358693
0307e163
1c080363
05800793
ffffc617
d9860613
14f80863
04240493
05040123
079ba815
f793f9d8
46550ff7
fef666e3
ffffc617
da060613
20c7c7b3
97b2439c
631c8782
04258493
00878693
e314439c
04f58123
a2754785
6308419c
0807f613
00850593
611cc20d
d863e30c
07130007
07b302d0
01a340f0
c61704e4
0613ffff
4829d2a6
f613a82d
411c0407
de71e30c
60579793
4190bfd9
7513631c
85930806
cd410087
e30c639c
06f00713
ffffc617
cf860613
0ee80d63
01a34829
40580404
4563c418
400c0007
c00c99ed
84b6e399
84b6cf19
0307f733
973214fd
00074703
00e48023
d7b3873e
75e30307
47a1ff07
00f81e63
8b85401c
4058cb91
c763481c
079300e7
8fa30300
14fdfef4
c8148e85
86ce8752
85a20070
f0ef854a
5afdda9f
0f551563
60a6557d
74e26406
79a27942
6ae27a02
61616b42
439c8082
04067613
c601e30c
0807c7bb
87bbb785
bfa90807
e793419c
c19c0a07
07800813
ffffc617
c6060613
050402a3
631c400c
0805f813
00878513
02080163
e308639c
0015f713
e593c701
c00c0205
fb854841
77134018
c018fdf7
439cb71d
0405f813
0563e308
c7bb0008
bfd90807
080787bb
4821bfc1
4190b729
49cc631c
08067813
00878513
00080963
639ce308
2823e38c
84b60004
e308b781
04067613
c601639c
00b79023
c38cb7ed
631cb7dd
458141d0
00878693
6384e314
f0ef8526
c119c0bf
c0488d05
c81c405c
040401a3
4814b721
85ce8626
9a02854a
f15508e3
8b89401c
4448e785
653347b2
b7010af5
86564685
854a85ce
09e39a02
2485ef65
4732445c
c5e39f99
bff1fef4
0a934481
5b7d0194
1141b7f5
842ae022
85b2852e
37978636
ad230000
e4069607
3a3010ef
186357fd
379700f5
a7830000
c3919667
60a2c01c
01416402
11418082
842ae022
85b2852e
00003797
9407a423
10efe406
57fd33d0
00f51863
00003797
9347a783
c01cc391
640260a2
80820141
e0221141
852e842a
00003797
9007ac23
10efe406
57fd3230
00f51863
00003797
9047a783
c01cc391
640260a2
80820141
00002797
1d878793
40f507b3
0017b793
959b6691
07e60035
871397ae
973e0046
c30c55fd
069b97b6
c3940006
c3109601
80824501
e84a7179
00852903
f022f406
e44eec26
02091563
00002417
19040413
40850433
00143413
141b84aa
29970014
89930000
1b631a29
47850089
70a2c49c
64e27402
69a26942
80826145
0363458d
459d0009
0009b783
460186a6
25177f9c
05130000
29051725
b7f19782
8082557d
6380106f
e4061141
f1402573
10ef2501
60a20470
106f0141
71390390
f822fc06
842af426
e832ec2e
10efe436
049b60e0
f0ef0005
2797fd3f
87930000
8c1d1027
e0634785
66a20297
65e26642
00143413
0014141b
28174781
08130000
186310a8
70e200f4
74a27442
6121557d
470d8082
471dc391
01051463
00e58463
b7c52785
7442611c
74a270e2
61217f9c
11018782
e42eec06
f71ff0ef
65a2c911
67634705
611c00b7
679c60e2
87826105
557d60e2
80826105
ec061101
e42ee822
842ac58d
f45ff0ef
00002797
07478793
65a28c1d
00143413
0014141b
26974781
86930000
17630866
60e200f4
557d6442
80826105
c391470d
1463471d
846300d5
278500e5
611cb7cd
60e26442
610567bc
11018782
e822ec06
c58de42e
f0ef842a
2797eebf
87930000
8c1d01a7
341365a2
141b0014
47810014
00002697
02c68693
00f41763
644260e2
6105557d
470d8082
471dc391
00d51463
00e58463
b7cd2785
6442611c
6bbc60e2
87826105
00002797
fd078793
35138d1d
67b10015
87130566
17e1ffc7
953e972a
411c430c
27814310
0006069b
feb61ae3
02069513
080787bb
80828d5d
00002797
f9878793
07331141
e02240f5
00173713
478de406
07668432
04f58b63
00b7ce63
86634785
478902f5
02f58a63
60a257fd
853e6402
80820141
99e34791
4781fef5
421cd67d
0027979b
439c97ba
57fdb7cd
f0efde79
e008f73f
bfd14781
da6157fd
979b421c
97ba0027
0007a023
57fdb7f5
421cde5d
0027979b
470597ba
000fc398
439c0480
1101bfd1
e822ec06
10ef842a
c62a6320
85220070
f0ef4589
60e2f63f
61056442
11018082
e822ec06
10ef842a
c62a6120
85220070
f0ef458d
60e2f43f
61056442
45018082
85aa8082
f14027f3
00002717
ebc70713
20e7e7b3
27f36388
c5153420
3ff7f793
00002717
ebc70713
0a678793
00e51a63
00002717
ec470713
20e7e7b3
8782639c
639c078e
80829002
00008082
00000000
00000000
00000000
00000000
00000000
00000000
00000000
00000000
00000000
00000000
00000000
00000000
00000000
00000000
00000000
00000000
00000000
00000000
00000000
00000000
00000000
00000000
00000000
00000000
00000000
00000000
00000000
00000000
00000000
00000000
ee06712d
e61aea16
fdaae21e
f5b2f9ae
edbaf1b6
e5c2e9be
fd72e1c6
f57af976
ad02f17e
a50aa906
bc92a10e
b49ab896
acaab09e
a4b2a8ae
bc3aa0b6
b442b83e
ac72b046
a47aa876
27f3a07e
2717f140
07130000
e7b3db27
639420e7
34202673
341027f3
343027f3
30502773
2597cea9
85930000
2797daa5
87930000
8363dba7
478100b6
3ff67513
08065f63
08000693
00d51a63
5187b703
5287b583
08000513
a0159702
d56346ad
771300a6
e33d03f7
00950713
16930716
973e0055
b78397b6
670c1187
60f29782
633262d2
756e6392
762e75ce
676e768e
682e67ce
7e6a688e
7f2a7eca
206a7f8a
212a20ca
3266218a
332632c6
25663386
262625c6
37622686
382237c2
2e623882
2f222ec2
61152f82
30200073
18e34689
2773fad7
63183070
1807b583
67b3bfb5
b78320f5
85aa5307
97828536
0000bf49
00000000
00000000
00000000
00000000
00000000
00000000
00000000
00000000
00000000
00000000
00000000
00000000
00000000
00000000
00000000
00000000
00000000
00000000
45010000
25738082
8082b000
cd0987aa
00002717
c8870713
98634501
453700e7
0513000f
80822405
80824501
ec061101
2797e402
87930000
9c63c667
251700a7
35030000
c511e725
0030611c
6fdc4585
60e29782
61056522
bf4d8082
00002517
c2c50513
451d8082
450d8082
11018082
c62eec06
00002797
c2478793
02a79163
00002797
db07b783
c799557d
00706398
6f58458d
9702853e
610560e2
557d8082
1101bfe5
c62eec06
00002797
bf078793
02a79163
00002797
d7c7b783
c799557d
00706398
6f584589
9702853e
610560e2
557d8082
1101bfe5
c62eec06
00002797
bbc78793
02a79163
00002797
d487b783
c7994501
00706398
6f584591
9702853e
610560e2
45018082
2797bfe5
87930000
8463b8e7
450100a7
25178082
05130000
8082b965
0005d783
4511470d
83638b8d
450900e7
25738082
80823410
34159073
80824501
00002797
b5478793
00a78463
80824501
ab018513
65088082
11418082
06400513
10efe406
11412600
0c800513
10efe406
27972540
87930000
862eb227
00a79b63
00002517
d2c53503
611cc509
73dc4581
557d8782
451c8082
0793efb1
07131185
b0235185
b4230007
b8230007
87930007
98e30207
0793fee7
07135305
06975b05
86930000
e394f9c6
1ee307a1
2773fef7
b7973050
8793ffff
1b63ffe7
27f300f7
07973050
87930000
9bf1c9a7
30579073
c51c4785
25178082
05130000
8082a8e5
27f3ed81
07973050
87930000
9bf1c767
30579073
80824501
557d4785
fef59de3
305027f3
00001797
25878793
0017e793
4a63b7c5
279700a0
87930000
6533a467
610820f5
45018082
11418082
e022e406
f1402573
f0ef2501
842afddf
dcdff0ef
00a50593
64028522
014160a2
712db719
ee06fdaa
e61aea16
f9aee21e
f1b6f5b2
e9beedba
e1c6e5c2
f976fd72
f17ef57a
a906ad02
a10ea50a
b896bc92
b09eb49a
a8aeacaa
a0b6a4b2
b83ebc3a
b046b442
12c00513
a876ac72
a07ea47a
106010ef
ee06712d
e61aea16
fdaae21e
f5b2f9ae
edbaf1b6
e5c2e9be
fd72e1c6
f57af976
ad02f17e
a50aa906
bc92a10e
b49ab896
acaab09e
a4b2a8ae
bc3aa0b6
b442b83e
ac72b046
a47aa876
27f3a07e
2717f140
07130000
e7b396e7
639c20e7
2717c38d
07130000
93639767
279706e7
87930000
b7039827
b5831787
450d1887
60f29702
633262d2
756e6392
762e75ce
676e768e
682e67ce
7e6a688e
7f2a7eca
206a7f8a
212a20ca
3266218a
332632c6
25663386
262625c6
37622686
382237c2
2e623882
2f222ec2
61152f82
30200073
18803783
712d9002
ea16ee06
e21ee61a
f9aefdaa
f1b6f5b2
e9beedba
e1c6e5c2
f976fd72
f17ef57a
a906ad02
a10ea50a
b896bc92
b09eb49a
a8aeacaa
a0b6a4b2
b83ebc3a
b046b442
a876ac72
a07ea47a
f14027f3
00002717
89c70713
20e7e7b3
c38d639c
00002717
8a470713
06e79363
00002797
8b078793
1f87b703
2087b583
9702451d
62d260f2
63926332
75ce756e
768e762e
67ce676e
688e682e
7eca7e6a
7f8a7f2a
20ca206a
218a212a
32c63266
33863326
25c62566
26862626
37c23762
38823822
2ec22e62
2f822f22
00736115
37833020
90022080
ee06712d
e61aea16
fdaae21e
f5b2f9ae
edbaf1b6
e5c2e9be
fd72e1c6
f57af976
ad02f17e
a50aa906
bc92a10e
b49ab896
acaab09e
a4b2a8ae
bc3aa0b6
b442b83e
ac72b046
a47aa876
27f3a07e
1717f140
07130000
e7b37ca7
639c20e7
1717c38d
07130000
93637d27
179706e7
87930000
b7037de7
b5833187
45413287
60f29702
633262d2
756e6392
762e75ce
676e768e
682e67ce
7e6a688e
7f2a7eca
206a7f8a
212a20ca
3266218a
332632c6
25663386
262625c6
37622686
382237c2
2e623882
2f222ec2
61152f82
30200073
32803783
712d9002
ea16ee06
e21ee61a
f9aefdaa
f1b6f5b2
e9beedba
e1c6e5c2
f976fd72
f17ef57a
a906ad02
a10ea50a
b896bc92
b09eb49a
a8aeacaa
a0b6a4b2
b83ebc3a
b046b442
a876ac72
a07ea47a
f14027f3
00001717
6f870713
20e7e7b3
c38d639c
00001717
70070713
06e79363
00001797
70c78793
3387b703
3487b583
97024545
62d260f2
63926332
75ce756e
768e762e
67ce676e
688e682e
7eca7e6a
7f8a7f2a
20ca206a
218a212a
32c63266
33863326
25c62566
26862626
37c23762
38823822
2ec22e62
2f822f22
00736115
37833020
90023480
ee06712d
e61aea16
fdaae21e
f5b2f9ae
edbaf1b6
e5c2e9be
fd72e1c6
f57af976
ad02f17e
a50aa906
bc92a10e
b49ab896
acaab09e
a4b2a8ae
bc3aa0b6
b442b83e
ac72b046
a47aa876
27f3a07e
1717f140
07130000
e7b36267
639c20e7
1717c38d
07130000
936362e7
179706e7
87930000
b70363a7
b5833587
45493687
60f29702
633262d2
756e6392
762e75ce
676e768e
682e67ce
7e6a688e
7f2a7eca
206a7f8a
212a20ca
3266218a
332632c6
25663386
262625c6
37622686
382237c2
2e623882
2f222ec2
61152f82
30200073
36803783
712d9002
ea16ee06
e21ee61a
f9aefdaa
f1b6f5b2
e9beedba
e1c6e5c2
f976fd72
f17ef57a
a906ad02
a10ea50a
b896bc92
b09eb49a
a8aeacaa
a0b6a4b2
b83ebc3a
b046b442
a876ac72
a07ea47a
f14027f3
00001717
55470713
20e7e7b3
c38d639c
00001717
55c70713
06e79363
00001797
56878793
3787b703
3887b583
9702454d
62d260f2
63926332
75ce756e
768e762e
67ce676e
688e682e
7eca7e6a
7f8a7f2a
20ca206a
218a212a
32c63266
33863326
25c62566
26862626
37c23762
38823822
2ec22e62
2f822f22
00736115
37833020
90023880
ee06712d
e61aea16
fdaae21e
f5b2f9ae
edbaf1b6
e5c2e9be
fd72e1c6
f57af976
ad02f17e
a50aa906
bc92a10e
b49ab896
acaab09e
a4b2a8ae
bc3aa0b6
b442b83e
ac72b046
a47aa876
27f3a07e
1717f140
07130000
e7b34827
639c20e7
1717c38d
07130000
936348a7
179706e7
87930000
b7034967
b5833987
45513a87
60f29702
633262d2
756e6392
762e75ce
676e768e
682e67ce
7e6a688e
7f2a7eca
206a7f8a
212a20ca
3266218a
332632c6
25663386
262625c6
37622686
382237c2
2e623882
2f222ec2
61152f82
30200073
3a803783
712d9002
ea16ee06
e21ee61a
f9aefdaa
f1b6f5b2
e9beedba
e1c6e5c2
f976fd72
f17ef57a
a906ad02
a10ea50a
b896bc92
b09eb49a
a8aeacaa
a0b6a4b2
b83ebc3a
b046b442
a876ac72
a07ea47a
f14027f3
00001717
3b070713
20e7e7b3
c38d639c
00001717
3b870713
06e79363
00001797
3c478793
3b87b703
3c87b583
97024555
62d260f2
63926332
75ce756e
768e762e
67ce676e
688e682e
7eca7e6a
7f8a7f2a
20ca206a
218a212a
32c63266
33863326
25c62566
26862626
37c23762
38823822
2ec22e62
2f822f22
00736115
37833020
90023c80
ee06712d
e61aea16
fdaae21e
f5b2f9ae
edbaf1b6
e5c2e9be
fd72e1c6
f57af976
ad02f17e
a50aa906
bc92a10e
b49ab896
acaab09e
a4b2a8ae
bc3aa0b6
b442b83e
ac72b046
a47aa876
27f3a07e
1717f140
07130000
e7b32de7
639c20e7
1717c38d
07130000
93632e67
179706e7
87930000
b7032f27
b5833d87
45593e87
60f29702
633262d2
756e6392
762e75ce
676e768e
682e67ce
7e6a688e
7f2a7eca
206a7f8a
212a20ca
3266218a
332632c6
25663386
262625c6
37622686
382237c2
2e623882
2f222ec2
61152f82
30200073
3e803783
712d9002
ea16ee06
e21ee61a
f9aefdaa
f1b6f5b2
e9beedba
e1c6e5c2
f976fd72
f17ef57a
a906ad02
a10ea50a
b896bc92
b09eb49a
a8aeacaa
a0b6a4b2
b83ebc3a
b046b442
a876ac72
a07ea47a
f14027f3
00001717
20c70713
20e7e7b3
c38d639c
00001717
21470713
06e79363
00001797
22078793
3f87b703
4087b583
9702455d
62d260f2
63926332
75ce756e
768e762e
67ce676e
688e682e
7eca7e6a
7f8a7f2a
20ca206a
218a212a
32c63266
33863326
25c62566
26862626
37c23762
38823822
2ec22e62
2f822f22
00736115
37833020
90024080
ee06712d
e61aea16
fdaae21e
f5b2f9ae
edbaf1b6
e5c2e9be
fd72e1c6
f57af976
ad02f17e
a50aa906
bc92a10e
b49ab896
acaab09e
a4b2a8ae
bc3aa0b6
b442b83e
ac72b046
a47aa876
27f3a07e
1717f140
07130000
e7b313a7
639c20e7
1717c38d
07130000
93631427
179706e7
87930000
b70314e7
b5834187
45614287
60f29702
633262d2
756e6392
762e75ce
676e768e
682e67ce
7e6a688e
7f2a7eca
206a7f8a
212a20ca
3266218a
332632c6
25663386
262625c6
37622686
382237c2
2e623882
2f222ec2
61152f82
30200073
42803783
712d9002
ea16ee06
e21ee61a
f9aefdaa
f1b6f5b2
e9beedba
e1c6e5c2
f976fd72
f17ef57a
a906ad02
a10ea50a
b896bc92
b09eb49a
a8aeacaa
a0b6a4b2
b83ebc3a
b046b442
a876ac72
a07ea47a
f14027f3
00001717
06870713
20e7e7b3
c38d639c
00001717
07070713
06e79363
00001797
07c78793
4387b703
4487b583
97024565
62d260f2
63926332
75ce756e
768e762e
67ce676e
688e682e
7eca7e6a
7f8a7f2a
20ca206a
218a212a
32c63266
33863326
25c62566
26862626
37c23762
38823822
2ec22e62
2f822f22
00736115
37833020
90024480
ee06712d
e61aea16
fdaae21e
f5b2f9ae
edbaf1b6
e5c2e9be
fd72e1c6
f57af976
ad02f17e
a50aa906
bc92a10e
b49ab896
acaab09e
a4b2a8ae
bc3aa0b6
b442b83e
ac72b046
a47aa876
27f3a07e
1717f140
07130000
e7b3f967
639c20e7
1717c38d
07130000
9363f9e7
179706e7
87930000
b703faa7
b5834587
45694687
60f29702
633262d2
756e6392
762e75ce
676e768e
682e67ce
7e6a688e
7f2a7eca
206a7f8a
212a20ca
3266218a
332632c6
25663386
262625c6
37622686
382237c2
2e623882
2f222ec2
61152f82
30200073
46803783
712d9002
ea16ee06
e21ee61a
f9aefdaa
f1b6f5b2
e9beedba
e1c6e5c2
f976fd72
f17ef57a
a906ad02
a10ea50a
b896bc92
b09eb49a
a8aeacaa
a0b6a4b2
b83ebc3a
b046b442
a876ac72
a07ea47a
f14027f3
00001717
ec470713
20e7e7b3
c38d639c
00001717
ecc70713
06e79363
00001797
ed878793
4787b703
4887b583
9702456d
62d260f2
63926332
75ce756e
768e762e
67ce676e
688e682e
7eca7e6a
7f8a7f2a
20ca206a
218a212a
32c63266
33863326
25c62566
26862626
37c23762
38823822
2ec22e62
2f822f22
00736115
37833020
90024880
ee06712d
e61aea16
fdaae21e
f5b2f9ae
edbaf1b6
e5c2e9be
fd72e1c6
f57af976
ad02f17e
a50aa906
bc92a10e
b49ab896
acaab09e
a4b2a8ae
bc3aa0b6
b442b83e
ac72b046
a47aa876
27f3a07e
1717f140
07130000
e7b3df27
639c20e7
1717c38d
07130000
9363dfa7
179706e7
87930000
b703e067
b5834987
45714a87
60f29702
633262d2
756e6392
762e75ce
676e768e
682e67ce
7e6a688e
7f2a7eca
206a7f8a
212a20ca
3266218a
332632c6
25663386
262625c6
37622686
382237c2
2e623882
2f222ec2
61152f82
30200073
4a803783
712d9002
ea16ee06
e21ee61a
f9aefdaa
f1b6f5b2
e9beedba
e1c6e5c2
f976fd72
f17ef57a
a906ad02
a10ea50a
b896bc92
b09eb49a
a8aeacaa
a0b6a4b2
b83ebc3a
b046b442
a876ac72
a07ea47a
f14027f3
00001717
d2070713
20e7e7b3
c38d639c
00001717
d2870713
06e79363
00001797
d3478793
4b87b703
4c87b583
97024575
62d260f2
63926332
75ce756e
768e762e
67ce676e
688e682e
7eca7e6a
7f8a7f2a
20ca206a
218a212a
32c63266
33863326
25c62566
26862626
37c23762
38823822
2ec22e62
2f822f22
00736115
37833020
90024c80
ee06712d
e61aea16
fdaae21e
f5b2f9ae
edbaf1b6
e5c2e9be
fd72e1c6
f57af976
ad02f17e
a50aa906
bc92a10e
b49ab896
acaab09e
a4b2a8ae
bc3aa0b6
b442b83e
ac72b046
a47aa876
27f3a07e
1717f140
07130000
e7b3c4e7
639c20e7
1717c38d
07130000
9363c567
179706e7
87930000
b703c627
b5834d87
45794e87
60f29702
633262d2
756e6392
762e75ce
676e768e
682e67ce
7e6a688e
7f2a7eca
206a7f8a
212a20ca
3266218a
332632c6
25663386
262625c6
37622686
382237c2
2e623882
2f222ec2
61152f82
30200073
4e803783
712d9002
ea16ee06
e21ee61a
f9aefdaa
f1b6f5b2
e9beedba
e1c6e5c2
f976fd72
f17ef57a
a906ad02
a10ea50a
b896bc92
b09eb49a
a8aeacaa
a0b6a4b2
b83ebc3a
b046b442
a876ac72
a07ea47a
f14027f3
00001717
b7c70713
20e7e7b3
c38d639c
00001717
b8470713
06e79363
00001797
b9078793
4f87b703
5087b583
9702457d
62d260f2
63926332
75ce756e
768e762e
67ce676e
688e682e
7eca7e6a
7f8a7f2a
20ca206a
218a212a
32c63266
33863326
25c62566
26862626
37c23762
38823822
2ec22e62
2f822f22
00736115
37833020
90025080
305027f3
03f7f793
470917fd
69634501
a71700f7
0713ffff
97ba6e67
0007c503
bff98082
872a47fd
00a7cf63
45014789
00e7df63
1fffe7b7
11178793
d533078e
890500e7
07138082
3513f805
80820017
ec267179
852e84aa
e84af022
f406e44e
89b2842e
f0ef8936
c541fbff
08000793
08f41c63
f8dff0ef
0005079b
cfa5554d
740270a2
694264e2
614569a2
bc238082
b4235134
a8215324
00541793
97a60425
bc230416
85331137
34230084
45010125
47fdbfc1
c5e35551
47bdfc87
fc87d2e3
00541793
97a60425
fffff717
f1a70713
bc230416
853310e7
30230084
bfc10125
fffff797
b5678793
16f4bc23
1924b023
5555bf7d
9ce3b771
f797f809
8793ffff
bc23b827
b77150f4
f80998e3
09e347ad
c0e3faf4
478dfa87
fcf404e3
5551479d
f6f410e3
fffff797
fa278793
1ef4bc23
2124b023
c911bfad
8863479d
e86304f5
c58d00b7
8d63478d
567d02f5
47ada805
04f58063
ff05879b
68e3473d
4785fef7
00b797bb
b7f3ee0d
a8093047
c60947a1
3007a7f3
a0194601
3007b7f3
80828532
ca1947a1
3047a7f3
0793b7f5
bfd50800
879b6785
b7f58007
3047b7f3
a7f3b7c5
bfc93047
bf414605
b7714601
87aa473d
4963557d
c61900b7
20f5e5b3
b8234501
808252c5
17978082
87930000
976394a7
151700a7
05130000
bfc99565
8082557d
00001797
ef878793
35138d1d
053a0015
0105971b
678dc599
33378793
c11c9fb9
6795bffd
55578793
611cbfd5
8782639c
779c611c
611c8782
878273bc
1517e511
35030000
80828da5
80824501
f1402573
80822501
1141611c
639ce406
11419782
151785aa
05130000
e406e965
fe9ff0ef
e0221141
842ee406
fc5ff0ef
f0efc909
e008fadf
60a24501
01416402
557d8082
0000bfdd
00000000
00000000
00000000
00000000
00000000
00000000
00000000
00000000
00000000
00000000
00000000
00000000
00000000
00000000
00000000
00000000
00000000
00000000
00000000
00000000
00000000
00000000
00000000
00000000
00000000
00000000
00000000
00000000
00000000
00000000
00000000
00000000
00000000
df3fe06f
deffe06f
debfe06f
e39fe06f
de3fe06f
ddffe06f
ddbfe06f
efbfe06f
dd3fe06f
dcffe06f
dcbfe06f
dc7fe06f
dc3fe06f
dbffe06f
dbbfe06f
db7fe06f
fa9fe06f
876ff06f
944ff06f
a12ff06f
ae0ff06f
baeff06f
c7cff06f
d4aff06f
e18ff06f
ee6ff06f
fb4ff06f
883ff06f
951ff06f
a1fff06f
aedff06f
bbbff06f
00000000
00000000
00000000
00000000
00000000
00000000
00000000
00000000
00000000
00000000
00000000
00000000
00000000
00000000
00000000
00000000
00000000
00000000
00000000
00000000
00000000
00000000
00000000
00000000
00000000
00000000
00000000
00000000
00000000
00000000
00000000
00000000
e4061141
0f2000ef
079360a2
c11c0580
0141557d
11418082
f0efe406
1141e2df
00efe406
60a20d40
fa800793
557dc11c
80820141
3513157d
80820015
e4061141
0b6000ef
079360a2
c11c0580
0141557d
11418082
00efe406
60a20a00
05800793
557dc11c
80820141
00011797
10878793
00021717
10070713
02e78663
80818793
638885aa
00b506b3
00e6fd63
ec061101
e42a2581
90efe394
60e2afff
61056522
e3988082
8082557d
ec061101
e426e822
4785e04a
00f51a63
84b2842e
00c58933
03241063
a0398526
02e000ef
05800793
557dc11c
644260e2
690264a2
80826105
00044503
00ef0405
bfd92d00
468185aa
45014601
1517a879
35030000
8082ca25
e8221101
a417e426
0413ffff
a497ce24
8493ffff
8c05cda4
840dec06
60e2e411
64a26442
80826105
67b3147d
639c2094
b7ed9782
e8221101
a417e426
0413ffff
a497ca64
8493ffff
8c81c9e4
ec06e04a
4901848d
02991563
ffffa417
c8840413
ffffa497
c8048493
848d8c81
1d634901
60e20099
64a26442
61056902
601c8082
04210905
b7f99782
0905601c
97820421
88aabff9
00001517
c9450513
ef016118
ac018793
0513e11c
873e0000
6118c509
10e7b823
471c873e
557d487d
04f84563
02088c63
11073803
02080f63
2107e333
00c33023
20082503
163b4605
8d5100f6
20a82023
10d33023
97634689
268300d8
8ed12048
20d82223
0017869b
e7b3c714
450120e7
8082eb8c
f852711d
f05af456
ec86ec5e
e4a6e8a2
fc4ee0ca
e466e862
8a2e8aaa
00001b17
c04b0b13
34834b85
cc81000b
b9834480
091b1104
040efff4
00898cb3
5f639426
60e60009
64a66446
79e26906
7aa27a42
6be27b02
6ca26c42
80826125
000a0c63
00099663
1ce1397d
bfd11461
0f8cb783
ff479ae3
6418449c
996337fd
a4230327
d36d0124
0084ac03
00098963
2009a783
012b96bb
27818ff5
9702ef89
37834498
12e3000b
8fe3f987
bfb5faf4
00043423
a783bfc9
b5832049
8ff5ff8c
e7812781
97028556
852ebfe1
bfc99702
00001797
b6478793
ef054398
e8221101
ec06e426
c3984705
ffffa417
af440413
ffffa497
af448493
00947463
00941763
644260e2
610564a2
601c8082
97820421
8082b7f5
00001797
b1878793
ef054398
e8221101
ec06e426
c3984705
ffffa417
ab840413
ffffa497
ab048493
00947463
00941763
644260e2
610564a2
601c8082
97820421
8082b7f5
e0221141
00001417
ad440413
e406401c
00efe789
47850d40
00efc01c
f0ef2340
2501abbf
aa5ff0ef
cd11842a
a97ff0ef
00efc919
85220220
a85ff0ef
6402c509
014160a2
60a2a801
01416402
b72d8082
b7adbf45
639c611c
852a8782
01151013
8082557d
07b7c91d
439c0201
f7134689
c1180ff7
0087d71b
0ff77713
d71bc158
77130107
d79b0ff7
377d0187
973b37fd
96bb00e6
c51800f6
8082c554
020107b7
75134788
05050ff5
11418082
e406e022
f0ef842a
2501febf
02a46563
fff4079b
0ff7f793
02010737
f0efc71c
079bfd3f
45010005
00878363
60a25579
01416402
557d8082
1101bfdd
ec06850a
f79ff0ef
020117b7
a6974398
8693ffff
9b79ebe6
4398c398
c3989b75
ffffa717
eac70713
43329e99
488247a2
ce89883a
026785bb
45014612
031585bb
fff60e1b
02d04f63
c232c111
16974512
86930000
87bb97e6
87bb0267
87bb0317
e66302a7
06330106
e06300f7
869302c6
e563bd81
973e0106
00e6e963
610560e2
9e8db789
45058672
60e2bf65
6105557d
050e8082
81018793
639497aa
8793c6e1
97aa8201
4705639c
10000637
00f7173b
0095c783
20000537
979b377d
8ff101c7
00a5c603
01d6161b
8fd18e69
0005c603
8fd18a05
0015c603
161b8e79
8fd10026
8e7941d0
0086161b
c6038fd1
8f710085
00e7171b
27818fd9
c783c29c
c70300c5
660900d5
e0060613
0047979b
0097171b
f7938f71
8fd91f07
00b5c703
0007e637
8fd98b3d
00e5c703
00d7171b
8fd98f71
00f5c703
00080637
0137171b
8fd98f71
0105c703
00100637
0147171b
8fd98f71
0115c703
00200637
0157171b
8fd98f71
c2dc2781
b7038082
47858201
00e797bb
37fd7139
04234705
f71300e1
04a30047
f71300e1
8b951587
00f10823
87936785
1923e007
07b700f1
87930106
ca3e4047
10100793
f426f822
c63afc06
000108a3
00f11c23
84934401
409c8181
00f44763
744270e2
612174a2
85228082
f0ef002c
2405ec5f
0000b7dd
00000000
002a0f05
00000003
0200010a
40000000
00000001
00000000
1e021007
000000fa
00000000
00000000
127c6bb8
00000000
00000001
00000000
127c6bc0
00000000
00000002
00000000
127c6bd8
00000000
00000003
00000000
127c6bf0
00000000
00000000
00000000
00000000
00000000
0003100a
0a01000f
000007ff
00000000
000a1014
00000001
00001100
000a4030
000a40b0
00000000
00000409
00000000
0069004b
0061006e
00610072
00490020
0063006e
0000002e
00630041
00650063
0065006c
00610072
006f0074
002e0072
00310031
00310031
00320032
00330032
127c6c18
00000000
127c0578
00000000
00000000
00000000
127c0658
00000000
00000000
00000000
00000000
00000000
127c06f8
00000000
00000000
00000000
00000000
00000000
00000000
00000000
00000000
00000000
00000000
00000000
00000000
00000000
00000000
00000000
00000000
00000000
00000000
00000000
00000000
00000000
00000000
00000000
00000000
00000000
00000000
00000000
00000000
00000000
00000000
00000000
00000000
00000000
00000000
00000000
00000000
00000000
00000000
00000000
00000000
00000000
00000000
00000000
00000000
00000000
00000000
00000000
00000000
00000000
00000000
00000000
00000000
00000000
00000000
00000000
00000000
00000000
00000000
00000000
00000000
00000000
00000000
00000000
00000000
00000000
00000000
00000000
00000000
00000000
00000000
00000000
00000000
00000000
00000000
00000000
00000000
00000000
00000000
00000000
00000000
00000000
00000000
00000000
00000000
00000000
00000000
00000000
00000000
00000000
00000000
00000000
00000000
00000000
00000000
00000000
00000000
00000000
00000000
00000000
00000000
00000000
00000000
00000000
00000000
00000000
00000000
00000000
00000000
00000000
00000000
00000000
00000000
00000000
00000000
00000000
00000000
00000000
00000000
00000000
00000000
00000000
00000000
00000000
00000000
00000000
00000000
00000000
00000000
00000000
00000000
00000000
00000000
00000000
00000000
00000000
00000000
00000000
00000000
00000000
00000000
00000000
00000000
00000000
00000000
00000000
00000000
00000000
00000000
00000000
00000000
00000000
00000000
00000000
00000000
00000000
00000000
00000000
00000000
00000000
00000000
00000000
00000000
00000000
00000000
00000000
00000000
00000000
00000000
00000000
00000000
00000000
00000000
00000000
00000000
00000000
00000000
00000000
00000000
00000000
00000000
00000000
00000000
00000000
00000000
00000000
00000000
00000000
00000000
00000000
00000000
00000000
00000000
00000000
00000000
00000000
00000000
00000000
00000000
00000000
00000000
00000000
00000000
00000000
00000000
00000000
00000000
00000000
00000000
00000000
00000000
00000000
00000000
00000000
00000000
00000000
00000000
00000000
00000000
00000000
00000000
00000000
00000000
00000000
00000000
00000000
00000000
00000000
00000000
00000000
00000000
00000000
00000000
00000000
00000000
00000000
00000000
00000000
00000000
00000000
00000000
00000000
00000000
00000000
00000000
00000000
00000000
00000000
00000000
00000000
00000000
00000000
00000000
00000000
00000000
00000000
00000000
00000000
00000000
00000000
00000000
00000000
00000000
00000000
00000000
00000000
00000000
00000000
00000000
00000000
00000000
00000000
00000000
00000000
00000000
00000000
00000000
00000000
00000000
00000000
00000000
00000000
00000000
00000000
00000000
00000000
00000000
00000000
00000000
00000000
00000000
00000000
00000000
00000000
00000000
00000000
00000000
00000000
00000000
00000000
00000000
00000000
00000000
00000000
00000000
00000000
00000000
00000000
00000000
00000000
00000000
00000000
00000000
00000000
00000000
00000000
00000000
00000000
00000000
00000000
00000000
00000000
00000000
00000000
00000000
00000000
00000000
00000000
00000000
00000000
00000000
00000000
00000000
00000000
00000000
00000000
00000000
00000000
00000000
00000000
00000000
00000000
00000000
00000000
00000000
00000000
00000000
00000000
00000000
00000000
00000000
00000000
00000000
00000000
00000000
00000000
00000000
00000000
00000000
00000000
00000000
00000000
00000000
00000000
127c0808
00000000
00000000
00000000
127c0468
00000000
127c04a0
00000000
127c0430
00000000
00000000
00000000
00000000
00000000
00000000
00000000
00000000
00000000
00000000
00000000
00000000
00000000
00000000
00000000
00000000
00000000
00000000
00000000
00000000
00000000
00000000
00000000
00000000
00000000
00000000
00000000
00000000
00000000
00000000
00000000
00000000
00000000
00000000
00000000
00000000
00000000
127c71e8
00000000
127d7670
00000000
02030000
00000000
00000001
00000000
00000006
00000000
00000000
00000000
127c7550
00000000
127c29b6
00000000
127c2c00
00000000
127c754c
00000000
127c7348
00000000
127c28c0
00000000
127c28fa
00000000
ffffffff
ffffffff
00000000
00000000
2bc96d70
76a8dd01
fc7e30b5
bc024063
a16ceb12
256a2b49
19bf1470
ecd44307
948e6e58
f29e9cd9
98350022
f902cff3
935acca2
2c63b5ab
f3a84324
a2953f64
a2000010
00001ee0
0002ee6c
00000000
00000000
00000000
00000000
00000000
f63c49d6
f9193a0c
23d2132d
45a9fedf
dead28f5
2243e5a5
20f59d71
723374de
98bfe6aa
21064221
cfb4bdbe
9f8e7edf
d041b29f
de3d0663
7599d791
d074e401
00000000
00000000
000000ff
00040000
0009f000
00000ea0
00001000
00000000
00000000
00000000
00000000
00000000
00000000
00000000
00000000
00000000
00000b06
00000000
00040400
22222222
e0000000
00040073
00000000
00000000
00040c7c
0009f850
00000000
00000000
8cfff521
0002c012
e400000c
fff22113
2013e720
f1210061
fff151ff
0cfff261
50027d03
06461066
00000000
00000000
00506340
f03d0020
3350f03d
14b3b6c0
70417470
13673440
506340e6
f6c03350
2000edb3
ffe25100
027d030c
40344070
335050e3
417470c0
30f0b3f6
61200020
ffdd3103
20202230
dc211361
008216ff
020002c0
f25600a0
01a012ff
00134910
20101348
41000c00
d240ffd6
ffd55113
6a850549
00000000
00000000
00000000
00000000
00000000
00000000
00000000
00000000
00000000
00000000
00000000
00000000
00000000
00000000
00000000
00000000
00000000
00000000
00000000
00000000
00000000
00000000
00000000
00000000
00000000
00000000
00000000
00000000
00000000
00000000
00000000
00000000
00000000
00000000
00000000
00000000
00000000
00000000
00000000
00000000
00000000
00000000
00000000
00000000
00000000
00000000
00000000
00000000
00000000
00000000
00000000
00000000
00000000
00000000
00000000
00000000
00000000
00000000
00000000
00000000
00000000
00000000
00000000
00000000
00000000
00000000
00000000
00000000
00000000
00000000
00000000
00000000
00000000
00000000
00000000
00000000
00000000
00000000
00000000
00000000
00000000
00000000
00000000
00000000
00000000
00000000
00000000
00000000
00000000
00000000
00000000
00000000
00000000
00000000
00000000
00000000
00000000
00000000
00000000
00000000
00000000
00000000
00000000
00000000
00000000
00000000
00000000
00000000
00000000
00000000
00000000
00000000
00000000
00000000
00000000
00000000
00000000
00000000
00000000
00000000
00000000
00000000
00000000
00000000
00000000
00000000
00000000
00000000
00000000
00000000
00000000
00000000
00000000
00000000
00000000
00000000
00000000
00000000
00000000
00000000
00000000
00000000
00000000
00000000
00000000
00000000
00000000
00000000
00000000
00000000
00000000
00000000
00000000
00000000
00000000
00000000
00000000
00000000
00000000
00000000
00000000
00000000
00000000
00000000
00000000
00000000
00000000
00000000
00000000
00000000
00000000
00000000
00000000
00000000
00000000
00000000
00000000
00000000
00000000
00000000
00000000
00000000
00000000
00000000
00000000
00000000
00000000
00000000
00000000
00000000
00000000
00000000
00000000
00000000
00000000
00000000
00000000
00000000
00000000
00000000
00000000
00000000
00000000
1049c500
e52049d5
49f53049
00003400
51384128
c1126148
13d10060
f0034800
e6204080
34382003
46303340
00000008
00000000
00000000
00000000
00000000
1009c500
e52009d5
09f53009
00003500
8003d140
22301133
13e62030
f7002010
80f0dd74
5778e740
464080f0
00000034
00000000
00000000
00000000
00000000
0049c900
d91009d1
49e92049
4049f930
90504980
49a06049
0049b070
00000034
00000000
00000000
00000000
00000000
00000000
00000000
00000000
00000000
1009c900
e92009d9
09d17009
4009f930
97500987
09a76009
0009b770
00000035
00000000
00000000
00000000
00000000
00000000
00000000
00000000
00000000
0049cd00
dd1009d1
49ed2049
4049fd30
50504940
49606049
80497070
90904980
49a0a049
0049b0b0
00000034
00000000
00000000
00000000
00000000
00000000
1009cd00
ed2009dd
09d1b009
4009fd30
5b50094b
096b6009
80097b70
9b90098b
09aba009
0009bbb0
00000035
00000000
00000000
00000000
00000000
00000000
a061d220
00000002
00000000
00000000
00000000
00000000
00000000
00000000
00000000
00000000
00000000
00000000
00000000
00000000
00000000
00000000
7c13d320
00510082
00ffff06
00000000
00000000
00000000
00000000
00000000
00000000
00000000
00000000
00000000
00000000
00000000
00000000
00000000
46004100
0000fffe
00040868
0009fde0
0009f750
00000000
00000000
00000000
00000000
00000000
00000000
00000000
00000000
00000000
00000000
00000000
3113d130
03a0fff1
fff03100
03090338
23291319
53594349
73796369
93998389
b3b9a3a9
d3d9c3c9
f3f9e3e9
2203e820
ee201063
11632203
2203b120
d1201263
28332903
03d13023
00004110
29a0c112
31513941
e820ffdf
a0323003
61490338
000003a0
00000000
00000000
00000000
00000000
00000000
00000000
00000000
46004140
0000fffe
00000000
00000000
00000000
00000000
00000000
00000000
00000000
00000000
00000000
00000000
00000000
00000000
00000000
00000000
000407e8
000a0400
00040020
0009fde0
000a0340
0009f91c
00000000
0009f740
00000000
0009f904
0009f938
0009f93c
0009fd40
0009f930
00040000
00040e44
fffbfff0
00050021
c0000000
0009f858
80000000
0009f7a8
00040e70
000a01f0
0009f850
00050022
80000007
000407ac
81008136
f03dffe3
000008e0
1100a002
e131ffe1
13e630ff
61002010
e071ffe0
77f03dff
060906b6
3677664b
000715f8
5100120c
0041f000
00fffd06
21004136
0232ffd9
48a3ec00
4e043812
3200a04c
c8d00018
140e2044
03e01249
fff98600
a1ffd231
438cffd2
e0ffd081
130c0008
1d004232
000000f0
21004136
cba1ffcd
ffccb1ff
ca81428c
0008e0ff
0000f01d
00040b58
127ff000
0009fde0
deadbeef
31006136
204efffb
b4804101
a4408150
e0140c86
31380003
51fff741
3390fff7
39334a11
13e32005
e430034c
0020c013
0cfff3f1
0261f213
c0d007a4
21390020
00202a48
0004e013
c0130120
21480020
46e00744
0000fff8
2603e830
d1300543
00411003
0984c132
29131903
59434923
79636953
99838973
b9a3a993
d9c3c9b3
f9e3e9d3
03d120f3
00203329
10632203
22030120
02201163
12632203
22030320
e6201363
14632203
2203b120
020c1563
00130220
98210020
210239ff
0239ff98
11f0c122
0208ff97
12080109
22081109
32082109
c1123109
ff920110
63220028
03e22016
3003e430
72161022
6030200a
32102320
220b22ae
1b203320
08003922
10330010
0113e430
0008ff84
86310008
13e630ff
20002010
24206040
1fa04210
2040f220
8141c044
0004d0ff
38ff7b31
14234203
1013e640
7a510020
162322ff
15580529
20102250
752113e4
020208ff
12081b63
081c6302
1d630222
63023208
5843481e
78636853
98838873
b8a3a893
d8c3c8b3
f8e3e8d3
ff6721f3
08ff6811
17011802
02190e10
04051318
ff623100
f2c60338
142322ff
1013e620
23020020
13b10015
00132302
23021303
13000010
00112302
23021301
13020012
08002000
28131803
00333823
00000030
1b034820
40020022
6e034930
8102f138
06449614
140c4eb4
300e43d6
22307538
60302020
30103320
130040f3
91202040
20134920
c2220348
c032301f
10134830
49200020
09721603
1708e207
e22721e2
002c0652
49f0c932
6e135903
416a1561
02847014
140c4ea4
80103379
fff50640
49f0cd32
69135903
947c6e23
08303180
fa6548d1
0338140e
89e0c332
6e139903
416a15a2
04847014
140c4ea4
802033b9
ffe80640
d2408010
0d09f0cd
2d291d19
ac653d6e
0150d441
0c88a742
32033814
0349d0c3
23691359
43893379
63a95399
80f073b9
41e32040
86408030
0000ffd9
20408010
308e0348
14414011
84028452
00140c4e
4920a122
00201013
f00d020c
f00d120c
1122f000
4830221b
12e27703
0090fc6e
d5103039
0eff64c8
ef627714
8e243030
41439430
04847214
140c4e84
20812230
49207420
03033013
3230022c
134830c0
0c002010
00f00d22
61002136
e650ff05
60004d03
221b1025
1013e620
e9c50020
50040dff
201013e6
00f01d00
10007aa0
00040e4c
0009fd60
c1004136
fc41fffc
02284eff
50248051
4ba48082
04e0140c
fff8f100
48a04af0
1d034904
000000f0
f0217159
03b130fe
3961e620
12112901
201060c1
feec4100
30203430
c1369044
feeae100
c003e2f0
1ed803e4
c010ffc0
31d90303
c9080f16
7c812921
40ffc0f2
00fee4f1
f0f0400c
3022f091
f0fee2d1
ccd013e3
122cd2b0
f80063f0
d01ed90e
e4f010ff
00201013
d00060f0
00f00302
d091d903
a1f90301
2cd2b1d9
20f11000
0df01ce8
e891d800
d0b1f8a1
00e01302
1301f013
f0fecee1
63d003e2
c80ed800
10ddc031
5610ffd0
8128021f
c2016ec2
e4d00221
0061d013
d1fec801
03c0fec3
2000d013
d0900d00
f01d0061
c140ffd0
cdc0fec1
132ce2b0
e010ff20
bbe110ff
f58f56fe
00febbf1
d0f0400d
132cf291
f013e3d0
22d02022
ffd60630
09feb821
feb701b2
0008c219
d200e239
09f24961
03b130d2
3903e840
30424932
523903ee
4903d140
52801c62
62621062
12627211
92136282
62a21462
1662b215
d21762c2
62e21862
1a62f219
a2f8c082
802020c2
fdb05640
30408020
48400349
49123903
0c130c22
13493004
10134840
9b110020
21000cfe
e620fe9c
00201013
e90303e0
0302e001
00e081e9
e091e903
a1e90301
c003e2f0
2d2c03e4
d010ffc0
bf1610ff
60e0f002
e010eef0
8ac113e3
40fee0fe
d2b0cec0
2c62002c
000dd001
c003e2f0
2d2c03e4
d010ffc0
3f5610ff
e881d8fd
d0a1f891
00e01302
1301f013
03f001f8
20223c13
201013e6
32112800
49200221
13483013
11002010
a062fe79
e0c17218
f2f8c6e2
ff4820c7
62102f52
2f72112f
132f8212
a2142f92
2fb2152f
40802016
42fdc656
27521727
19276218
201a2772
31284080
b1204138
13e83013
ee205128
30613813
b10813d1
e138d128
3210c118
00000000
2003b130
333b0301
200c9237
628c0302
0220220b
03003013
b1304128
56513813
61320442
12614211
31136152
e620fe51
13e63003
1203b130
201060c1
36040c00
01f50081
fe53e100
f01d0cea
0c13e620
10a54802
b1300020
58953813
003000b5
fd006136
7cf01d0f
60c112f2
00003000
1d004136
000000f0
c0004136
04280020
0000f01d
51384128
1060c112
30000041
00000000
f0002136
f01d0041
05381528
2813e620
10654845
b1300020
58553813
00300075
81008136
f03dfe38
000008e0
00000000
00000000
00000000
00000000
00000000
00000000
00000000
00000000
00000000
00000000
00000000
00000000
00000000
00000000
00000000
00000000
00000000
00000000
00000000
00000000
00000000
00000000
00000000
00000000
00000000
00000000
00000000
00000000
00000000
00000000
00000000
00000000
00000000
00000000
00000000
00000000
00000000
00000000
00000000
00000000
00000000
00000000
00000000
00000000
00000000
00000000
00000000
00000000
00000000
00000000
00000000
00000000
00000000
00000000
00000000
00000000
00000000
00000000
00000000
00000000
00000000
00000000
00000000
00000000
00000000
00000000
00000000
00000000
00000000
00000000
00000000
00000000
00000000
00000000
00000000
00000000
00000000
00000000
00000000
00000000
00000000
00000000
00000000
00000000
00000000
00000000
00000000
00000000
00000000
00000000
00000000
00000000
00000000
00000000
00000000
00000000
00000000
00000000
00000000
00000000
00000000
00000000
00000000
00000000
00000000
00000000
00000000
00000000
00000000
00000000
00000000
00000000
00000000
00000000
00000000
00000000
00000000
00000000
00000000
00000000
00000000
00000000
00000000
00000000
00000000
00000000
00000000
00000000
00000000
00000000
00000000
00000000
00000000
00000000
00000000
00000000
00000000
00000000
00000000
00000000
00000000
00000000
00000000
00000000
00000000
00000000
00000000
00000000
00000000
00000000
00000000
00000000
00000000
00000000
00000000
00000000
00000000
00000000
00000000
00000000
00000000
00000000
00000000
00000000
00000000
00000000
00000000
00000000
00000000
00000000
00000000
00000000
00000000
00000000
00000000
00000000
00000000
00000000
00000000
00000000
00000000
00000000
00000000
00000000
00000000
00000000
00000000
00000000
00000000
00000000
00000000
00000000
00000000
00000000
00000000
00000000
00000000
00000000
00000000
00000000
00000000
00000000
00000000
00000000
00000000
00000000
00000000
00000000
00000000
00000000
00000000
00000000
00000000
00000000
00000000
00000000
00000000
00000000
00000000
00000000
00000000
00000000
00000000
00000000
00000000
00000000
00000000
00000000
00000000
00000000
00000000
00000000
00000000
00000000
00000000
00000000
00000000
00000000
00000000
00000000
00000000
00000000
00000000
00000000
00000000
00000000
00000000
00000000
00000000
00000000
00000000
00000000
00000000
00000000
00000000
00000000
00000000
00000000
00000000
00000000
00000000
00000000
00000000
00000000
00000000
00000000
00000000
00000000
00000000
00000000
00000000
00000000
00000000
00000000
00000000
00000000
00000000
00000000
00000000
00000000
00000000
00000000
00000000
00000000
00000000
00000000
00000000
00000000
00000000
00000000
00000000
00000000
00000000
00000000
00000000
00000000
00000000
00000000
00000000
00000000
00000000
00000000
00000000
00000000
00000000
00000000
00000000
00000000
00000000
00000000
00000000
00000000
00000000
00000000
00000000
00000000
00000000
00000000
00000000
00000000
00000000
00000000
00000000
00000000
00000000
00000000
00000000
00000000
00000000
00000000
00000000
00000000
00000000
00000000
00000000
00000000
00000000
00000000
00000000
00000000
00000000
00000000
00000000
00000000
00000000
00000000
00000000
00000000
00000000
00000000
00000000
00000000
00000000
00000000
00000000
00000000
00000000
00000000
00000000
00000000
00000000
00000000
00000000
00000000
00000000
00000000
00000000
00000000
00000000
00000000
00000000
00000000
00000000
00000000
00000000
00000000
00000000
00000000
00000000
00000000
00000000
00000000
00000000
00000000
00000000
00000000
00000000
00000000
00000000
00000000
00000000
00000000
00000000
00000000
00000000
00000000
00000000
00000000
00000000
00000000
00000000
00000000
00000000
00000000
00000000
00000000
00000000
00000000
00000000
00000000
00000000
00000000
00000000
00000000
00000000
00000000
00000000
00000000
00000000
00000000
00000000
00000000
00000000
00000000
00000000
00000000
00000000
00000000
00000000
00000000
00000000
00000000
00000000
00000000
00000000
00000000
00000000
00000000
00000000
00000000
00000000
00000000
00000000
00000000
00000000
00000000
00000000
00000000
00000000
00000000
00000000
00000000
00000000
00000000
00000000
00000000
00000000
00000000
00000000
00000000
00000000
00000000
00000000
00000000
00000000
00000000
00000000
ffffffff
ffffffff
0009fde0
000a0340
00040e58
00040dd4
00040e58
00040e58
00040b80
00040410
00040e58
00040e58
00040e58
00040e58
00040e58
00040e58
00040e58
00040e58
00040e58
00040e58
00040e58
00040e58
00040e58
00040e58
00040e58
00040e58
00040e58
00040e58
00040e58
00040e58
00040e58
00040e58
00040e58
00040e58
00040e58
00040e58
00040e58
00040e58
00040e58
00040e58
00040e58
00040e58
00040e58
00040e58
00040e58
00040e58
00040e58
00040e58
00040e58
00040e58
00040e58
00040e58
00040e58
00040e58
00040e58
00040e58
00040e58
00040e58
00040e58
00040e58
00040e58
00040e58
00040e58
00040e58
00040e58
00040e58
00040e58
00040e58
00000000
00000000
00000000
ffffffff
00040e68
00000008
00040e68
00000007
00040e68
00000006
00040e68
00000005
00040e68
00000004
00040e68
00000003
00040e68
00000002
00040e68
00000001
00040e68
00000000
fffffe22
00000100
ffffff22
00000080
ffffffa2
00000040
ffffffe2
00000020
ffffffe2
00000010
fffffff2
00000008
fffffffa
00000004
fffffffe
00000002
fffffffe
00000001
00000000
00000000
00000000
00000000
00000000
00000000
00000000
00000000
00000000
00000000
00000000
00000000
0009f748
00000000
00000000
00000000
ffffffff
00000040
00000000
00000000
00000000
00000000
00000000
00000000
00000000
00000000
00000000
00000000
00000000
00000000
00000000
00000000
00000000
00000000
00000000
00000000
00000000
00000000
00000000
00000000
00000000
00000000
00000000
00000000
00000000
00000000
00000000
00000000
00000000
00000000
00000000
00000000
00000000
00000000
00000000
00000000
00000000
00000000
00000000
00000000
00000000
00000000
00000000
00000000
00000000
00000000
00000000
00000000
00000000
00000000
00000000
00000000
00000000
00000000
00000000
00000000
00000000
00000000
00000000
00000000
00000000
00000000
00000000
00000000
00000000
00000000
00000000
00000000
00000000
00000000
00000000
00000000
00000000
00000000
00000000
00000000
00000000
00000000
00000000
00000000
00000000
00000000
00000000
00000000
00000000
00000000
00000000
00000000
00000000
00000000
00000000
00000000
00000000
00000000
00000000
00000000
00000000
00000000
00000000
00000000
00000000
00000000
00000000
00000000
00000000
00000000
00000000
00000000
00000000
00000000
00000000
00000000
00000000
00000000
00000000
00000000
00000000
00000000
00000000
00000000
00000000
00000000
00000000
00000000
00000000
00000000
00000000
00000000
00000000
00000000
00000000
00000000
00000000
00000000
00000000
00000000
00000000
00000000
00000000
00000000
00000000
00000000
00000000
00000000
00000000
00000000
00000000
00000000
00000000
00000000
00000000
00000000
00000000
00000000
00000000
00000000
00000000
00000000
00000000
00000000
00000000
00000000
00000000
00000000
00000000
00000000
00000000
00000000
00000000
00000000
00000000
00000000
00000000
00000000
00000000
00000000
00000000
00000000
00000000
00000000
00000000
00000000
00000000
00000000
00000000
00000000
00000000
00000000
00000000
00000000
00000000
00000000
00000000
00000000
00000000
00000000
00000000
00000000
00000000
00000000
00000000
00000000
00000000
00000000
00000000
00000000
00000000
00000000
00000000
00000000
00000000
00000000
00000000
00000000
00000000
00000000
00000000
00000000
00000000
00000000
00000000
00000000
00000000
00000000
00000000
00000000
00000000
00000000
00000000
00000000
00000000
00000000
00000000
00000000
00000000
00000000
00000000
00000000
00000000
00000000
00000000
00000000
00000000
00000000
00000000
00000000
00000000
00000000
00000000
00000000
00000000
00000000
00000000
00000000
00000000
00000000
00000000
00000000
00000000
00000000
00000000
00000000
00000000
00000000
0000000c
000000ff
000000ff
000000ff
000000ff
000000ff
000000ff
000000ff
00000002
00000003
00000004
00000005
00000006
00000007
00000008
00000009
00000000
00000000
00000001
00000001
0000000d
0000000d
000000ff
000000ff
0000000a
0000000a
0000000b
0000000b
00000000
00000000
00000000
00000000
00000000
00000000
00000000
00000000
00000000
00000000
00000000
00000000
00000000
00000000
00000000
00000000
00000000
00000000
00000000
00000000
00000000
00000000
00000000
00000000
00000000
00000000
00000000
00000000
00000000
00000000
00000000
00000000
00000000
00000000
00000000
00000000
00000000
00000000
00000000
00000000
00000000
00000000
00000000
00000000
00000000
00000000
00000000
00000000
00000000
00000000
00000000
00000000
00000000
00000000
00000000
00000000
00000000
00000000
00000000
00000000
00000000
00000000
00000000
00000000
00000000
00000000
00000000
00000000
00000000
00000000
00000000
00000000
00000000
00000000
00000000
00000000
00000000
00000000
00000000
00000000
00000000
00000000
00000000
00000000
00000000
00000000
00000000
00000000
00000000
00000000
00000000
00000000
00000000
00000000
00000000
00000000
00000000
00000000
00000000
00000000
00000000
00000000
00000000
00000000
00000000
00000000
00000000
00000000
00000000
00000000
00000000
00000000
00000000
00000000
00000000
00000000
00000000
00000000
00000000
00000000
00000000
00000000
00000000
00000000
00000000
00000000
00000000
00000000
00000000
00000000
00000000
00000000
00000000
00000000
00000000
00000000
00000000
00000000
00000000
00000000
fc7e4344
5c982595
df8289cc
ec66c960
210de8dd
a0055939
73eb3288
3c60536b
d6cae509
51e9829a
7b5434dd
1b68f006
b54cc0ed
19a8f1ca
9acff4ff
338c8b89
a2000011
0000c040
0003af4c
00000000
00000000
00000000
00000000
00000000
b2428ead
8b22fdc9
d4398d87
4ecc053a
8375e51f
59b6c34b
006f8f33
69962f78
f5f4ec7a
4641174a
06f51e6f
2a869c8b
cf1bd41c
33b98980
5f7870bf
9e3e168e
10050000
10058000
00008000
00004000
00000000
00000000
00000000
00000000
00000000
00000000
00000000
00000000
00000000
00000000
00000000
00000000
00000000
00000000
00000000
00000000
00000000
00000000
00000000
00000000
00000000
00000000
00000000
00000000
00000000
00000000
00000000
00000000
00000000
00000000
00000000
00000000
00000000
00000000
00000000
00000000
00000000
00000000
00000000
00000000
00000000
00000000
00000000
00000000
00000000
00000000
00000000
00000000
00000000
00000000
00000000
00000000
00000000
00000000
00000000
00000000
00000000
00000000
00000000
00000000
00000000
00000000
00000000
00000000
00000000
00000000
00000000
00000000
00000000
00000000
00000000
00000000
00000000
00000000
00000000
00000000
00000000
00000000
00000000
00000000
00000000
00000000
00000000
00000000
00000000
00000000
00000000
00000000
00000000
00000000
00000000
00000000
00000000
00000000
00000000
00000000
00000000
00000000
00000000
00000000
00000000
00000000
00000000
00000000
00000000
00000000
00000000
00000000
00000000
00000000
00000000
00000000
00000000
00000000
00000000
00000000
00000000
00000000
00000000
00000000
00000000
00000000
00000000
00000000
00000000
00000000
00000000
00000000
00000000
00000000
00000000
00000000
00000000
00000000
00000000
00000000
00000000
00000000
00000000
00000000
00000000
00000000
00000000
00000000
00000000
00000000
00000000
00000000
00000000
00000000
00000000
00000000
00000000
00000000
00000000
00000000
00000000
00000000
00000000
00000000
00000000
00000000
00000000
00000000
00000000
00000000
00000000
00000000
00000000
00000000
00000000
00000000
00000000
00000000
00000000
00000000
00000000
00000000
00000000
00000000
00000000
00000000
00000000
00000000
00000000
00000000
00000000
00000000
00000000
00000000
00000000
00000000
00000000
00000000
00000000
00000000
00000000
00000000
00000000
00000000
00000000
00000000
00000000
00000000
00000000
00000000
00000000
00000000
00000000
00000000
00000000
00000000
00000000
00000000
00000000
00000000
00000000
00000000
00000000
00000000
00000000
00000000
00000000
00000000
00000000
00000000
00000000
00000000
00000000
00000000
00000000
00000000
00000000
00000000
00000000
00000000
00000000
00000000
00000000
00000000
00000000
00000000
00000000
00000000
00000000
00000000
00000000
00000000
00000000
00000000
00000000
00000000
00000000
00000000
00000000
00000000
00000000
00000000
00000000
00000000
00000000
00000000
00000000
00000000
00000000
00000000
00000000
00000000
1049c500
e52049d5
49f53049
00003400
51384128
c1126148
13d10060
f0034800
e6204080
34382003
46303340
00000008
00000000
00000000
00000000
00000000
1009c500
e52009d5
09f53009
00003500
8003d140
22301133
13e62030
f7002010
80f0dd74
5778e740
464080f0
00000034
00000000
00000000
00000000
00000000
0049c900
d91009d1
49e92049
4049f930
90504980
49a06049
0049b070
00000034
00000000
00000000
00000000
00000000
00000000
00000000
00000000
00000000
1009c900
e92009d9
09d17009
4009f930
97500987
09a76009
0009b770
00000035
00000000
00000000
00000000
00000000
00000000
00000000
00000000
00000000
0049cd00
dd1009d1
49ed2049
4049fd30
50504940
49606049
80497070
90904980
49a0a049
0049b0b0
00000034
00000000
00000000
00000000
00000000
00000000
1009cd00
ed2009dd
09d1b009
4009fd30
5b50094b
096b6009
80097b70
9b90098b
09aba009
0009bbb0
00000035
00000000
00000000
00000000
00000000
00000000
a061d220
00000002
00000000
00000000
00000000
00000000
00000000
00000000
00000000
00000000
00000000
00000000
00000000
00000000
00000000
00000000
7c13d320
00510082
00ffff06
00000000
00000000
00000000
00000000
00000000
00000000
00000000
00000000
00000000
00000000
00000000
00000000
00000000
46004100
0000fffe
00000000
00000000
00000000
00000000
00000000
00000000
00000000
00000000
00000000
00000000
00000000
00000000
000810f0
00040038
3113d130
03a0fffd
00000000
29a0c112
31513941
e820fffa
a0323003
61490338
000003a0
00000000
00000000
00000000
00000000
00000000
00000000
00000000
00000000
00000000
00000000
00000000
00000000
00000000
00000000
00000000
00000000
00000000
00000000
00000000
00000000
00000000
00000000
00000000
46004140
0000fffe
00000000
00000000
00000000
00000000
00000000
00000000
00000000
00000000
00000000
00000000
00000000
00000000
00000000
00000000
00000b06
00000000
00080400
11112222
e0000000
00080774
00000001
00000000
00081544
00040138
00000000
00000000
8cfff521
0002c012
e400000c
fff22113
2013e720
f1210061
fff151ff
0cfff261
50027d03
06861066
00000000
00000000
00506340
f03d0020
500020f0
b3b6c033
41747014
67344070
6340e513
c0335050
00edb3f6
e2510020
7d030cff
34407002
5050e340
7470c033
f0b3f641
20002030
dd310361
202230ff
21136120
f03dffdc
02c0628c
56000c00
a012fff2
13491001
10134800
a0020020
ffd54100
5113d240
6542ffd5
00300500
00000000
00000000
00000000
00000000
00000000
00000000
00000000
00000000
00000000
00000000
00000000
00000000
00000000
00000000
00000000
00000000
00000000
00000000
00000000
00000000
00000000
00000000
00000000
00000000
00000000
00000000
00000000
00000000
00000000
00000000
00000000
00000000
00000000
00000000
00000000
00000000
00000000
00000000
00000000
00000000
00000000
00000000
00000000
00000000
00000000
00000000
00000000
00000000
00000000
00000000
00000000
00000000
00000000
00000000
00000000
00000000
00000000
00000000
00000000
00000000
00000000
00000000
00000000
00000000
00000000
00000000
00000000
00000000
00000000
00000000
00000000
00000000
00000000
00000000
00000000
00000000
00000000
00000000
00000000
00000000
00000000
00000000
00000000
00000000
00000000
00000000
00000000
00000000
00000000
00000000
00000000
00000000
00000000
00000000
00000000
00000000
00000000
00000000
00000000
00000000
00000000
00000000
00000000
00000000
00000000
00000000
00000000
00000000
00000000
00000000
00000000
00000000
00000000
00000000
00000000
00000000
00000000
00000000
00000000
00000000
00000000
00000000
00000000
00000000
00000000
00000000
00000000
00000000
00000000
00000000
00000000
00000000
00000000
00000000
00000000
00000000
00000000
00000000
00080bcc
0008170c
00000000
00044000
00040020
00000000
00040018
00040028
00000000
00040220
00040224
00000000
00040228
00080ac0
00081794
00040248
00000000
00040004
00000000
00040230
00040258
0004025c
00042260
00040250
ffffe022
00040000
0008172c
fffbfff0
00042270
00040030
00042274
00040028
00000000
0004237c
00042284
00040000
00050021
c0000000
00040140
80000000
000400b0
0008177c
00042780
00040138
00050022
80000007
0004000c
00080b98
81008136
f03dffcf
810008e0
f03dffce
1d0008e0
000000f0
cb21000c
ffcb11ff
c0004216
000c0002
30ffca31
201013e6
ffc84100
d0004416
000c0004
71ffc761
b677ffc7
ffc64142
6100d416
c371ffc3
0004d0ff
0b86000c
98068800
80668b16
6a27c0a9
4b080903
076a3788
68020809
08c88201
7641a4a0
08090a9a
28091809
c8823809
d0367710
6100bf55
b671ffb6
002662ff
16ffb641
eb5000e4
34505003
8c55558c
00030600
ffb18100
a1ffb291
8295ffb2
ffab6100
68ffac71
ffac8106
41000b55
a416ffaa
03eb5000
8c345050
00bb5515
00008215
21004136
0232ffa8
4823ec00
4b043812
49738c44
0003e012
00fffbc6
a1ffa331
438cffa3
e0ffa181
130c0008
1d004232
000000f0
21004136
9ca1ff9e
ff9db1ff
9b81428c
0008e0ff
0000f01d
1000a020
00044404
00044190
00044110
00044090
00044010
1002e028
00044004
00044024
00044025
00044084
00044080
00044180
000440a4
000440a5
00044104
00044124
00044125
00044184
000441a4
000441a5
c1006136
0a0cffea
af250d0c
ffa02200
860282a7
20a00046
02222674
21012486
e441ffe4
ffe4a1ff
31ffe5d1
a152ffe5
1c1e1c11
60161c1f
a0721155
0ea0821e
2011ee70
668011ff
6f807611
980020c0
1c690702
c2000fb2
4cb6fecb
00210602
b00003b2
cbb244b0
0043b260
690020c0
1c691705
b2ffd9b1
cbc2000b
7b4cf6fe
b0000db2
cbb244b0
004db260
e90020c0
24692705
8041a4b2
0bb211bb
fecbc200
b26c4cf6
b0b0000a
60cbb244
c0004ab2
1b1c0020
b911bb60
03e93705
00ffe246
92ffc791
c9b20009
534bf6fe
90000492
c9924490
00449260
1c0020c0
11995019
d9860599
029b87ff
77ffdd06
db86029b
0003b2ff
8644b0b0
0000ffdb
87801b77
de86029b
000db2ff
8644b0b0
0000ffde
878f1b77
0ab28c1b
44b0b000
00ffe306
87a81977
0492a519
44909000
00ffe946
ffa4c100
a07568a0
70a07438
0c0a0c75
009ba50d
0c2ca152
e25a5034
f0c0f620
87209356
e24a40c0
a0921c0c
93478080
0e0c0d0c
31590f0c
00000906
ffa3e100
4822020c
004e2200
1e0cdd1b
220020c0
a06211a1
11226011
1b116650
006262ff
210020c0
161cff87
78116620
04d41602
66042070
37860214
37f2ac00
24661abd
143f5717
6620161c
b2062811
315800af
1b1022b0
29dd1bee
0020c006
1c11a122
11226016
1b116680
006262ff
86026717
6727002f
003b0602
46a46737
1b1c0047
bb20420c
34707011
8276060c
40160068
005e5767
bd37a12c
a20b8842
049d040b
5774c080
6edc193f
9c47e40c
130b8212
1e0cdd1b
4b82881b
4d1c0c13
00060609
1966094d
303f5733
2c66deec
82080c2b
dd1b125b
a0c21e0c
80a09201
80348020
32801188
0020c0ca
6011a122
ff1b1122
661b0289
c986bb9a
921c0cff
246680a0
d73f57da
5000af52
31581088
1b044ba2
89dd1bee
fff0c60b
170a8256
41860267
02672700
37005946
bc8602e7
0071c6ff
18bd3700
57152466
4b61123f
00afb2ff
06283158
dd1bee1b
291022b0
0020c006
1c11a122
11226016
1b116670
270269ff
c48602e7
1bbd37ff
57182466
a462153f
11668041
afb20628
b0315800
ee1b1022
0629dd1b
220020c0
161c11a1
60112260
ff1b1166
e7370269
ffa0c602
46023d37
2426ff9a
ff98c602
4602bf57
2f61ff97
00afb2ff
06283158
dd1bee1b
291022b0
ff91c606
2148bd37
0668ff24
22ff24a1
3f570002
608edc1b
28667480
ff20e113
4a22020c
004e2200
1e0cdd1b
00000806
1b246600
81183f57
afa2ff18
1c315800
0048221b
201066a0
ee1b112b
0269dd1b
220020c0
161c11a1
80112260
ff1b1166
e7170269
ffbe0602
2149bd37
0e61ff0e
ff0fa1ff
68000222
1b3f5706
80608edc
13286674
0cff0ce1
004a2202
1b004e22
861e0cdd
00000007
57192466
0181163f
ff01b1ff
5800afa2
1066a031
1b004822
69dd1bee
0020c00b
1c11a122
11226016
1b116670
270269ff
a64602e7
4fbd37ff
62fefa21
668041a4
00022211
3f570668
60bedc1e
28667480
fef46116
0cfef5e1
00462202
1b004e22
461e0cdd
00000008
571c2466
ec81193f
00afa2fe
a4b23158
00482241
801066a0
ee1b112b
0269dd1b
220020c0
161c11a1
60112260
ff1b1166
e7370269
ff49c602
46023d37
e121ff43
feda61fe
22fee181
26620002
0b3f5700
60008e56
27667470
ff380602
46022426
bf57ff3a
ff38c602
b1fed771
afa2fed0
a0315800
47221066
1bee1b00
460b69dd
020cff32
0000f01d
2603e830
d1300543
00411003
0984c132
29131903
59434923
79636953
99838973
b9a3a993
d9c3c9b3
f9e3e9d3
03d120f3
00203329
10632203
22030120
02201163
12632203
22030320
e6201363
14632203
2203b120
020c1563
00130220
40210020
210239fe
0239fe40
11f0c122
0208fe3f
12080109
22081109
32082109
c1123109
fe3a0110
63220028
03e22016
3003e430
72161022
6030200a
31102320
220bfe35
1b203320
08003922
10330010
0113e430
0008fe2c
2f310008
13e630fe
20002010
24206040
1fa04210
2040f220
2a41c044
0004d0fe
38fe2331
14234203
1013e640
22510020
162322fe
15580529
20102250
1d2113e4
020208fe
12081b63
081c6302
1d630222
63023208
5843481e
78636853
98838873
b8a3a893
d8c3c8b3
f8e3e8d3
fe0f21f3
08fe1011
17011802
02190e10
04051318
fe0a3100
f2c60338
142322ff
1013e620
23020020
13b10015
00132302
23021303
13000010
00112302
23021301
13020012
08002000
28131803
00333823
00000030
1b034820
40020022
30034930
33009120
0bf3d6a1
30753830
30202022
10332060
0040f330
20204013
13492091
22034820
32301fc2
134830c0
20002010
a2160349
08e20707
2719e217
22c63ae2
f0c93200
13590349
33792369
10416120
f7064080
f0cd32ff
13590349
33792369
38f4c532
e0c33203
13990389
33b923a9
2041a220
ee064080
408010ff
09f0cdd2
291d190d
323d392d
0338f4c1
3210cdd2
0349d0c3
23691359
43893379
63a95399
80f073b9
41e32040
c6408030
0000ffe0
20408010
12000348
00120c40
4920a122
00201013
f00d020c
f00d120c
1122f000
3001c222
e2770348
f0330b0a
62771122
243030f7
80401300
22300132
74202081
30134920
022c0303
30c03230
20101348
0d220c00
000000f0
61002136
e650fdbc
60004d03
221b1025
1013e620
ed450020
50040dff
201013e6
00f01d00
8c004136
fdb32153
02390338
49fdb321
0007a502
05e0158c
00f01d00
31004136
2316fd9f
003d2500
41fdad31
2352fdad
01246201
a5160478
a0565004
582cb677
f9f61b05
0005e014
04681458
f51b1378
f918b567
a0657014
06e00668
fff9c600
0349440b
58a05450
0005e005
13580348
48fec456
fd9b5123
648c13a8
9981458c
0008e0fd
01e502ad
00000000
21004136
9631fd96
51140cfd
0239fd96
591c6342
00f01d13
ad004136
00302502
91217159
03b130fd
3961e620
12112901
201060c1
fd8d4100
30203430
c1369044
fd8be100
c003e2f0
1ed803e4
c010ffc0
31d90303
c9080f16
7c812921
40ffc0f2
00fd85f1
f0f0400c
3022f091
f0fd83d1
ccd013e3
1a2cd2b0
f80063f0
d01ed90e
e4f010ff
00201013
d00060f0
00f00302
d091d903
a1f90301
2cd2b1d9
20f11000
0df01ce8
e891d800
d0b1f8a1
00e01302
1301f013
f0fd6fe1
63d003e2
c80ed800
10ddc031
5610ffd0
8128021f
c2016ec2
e4d00221
0061d013
d1fd6901
03c0fd64
2000d013
d0900d00
f01d0061
c140ffd0
cdc0fd62
1b2ce2b0
e010ff20
5ce110ff
f58f56fd
00fd5cf1
d0f0400d
1b2cf291
f013e3d0
22d02022
ffd60630
09fd5921
fd5801b2
0008c219
d200e239
09f24961
03b130d2
3903e840
30424932
523903ee
4903d140
52801c62
62621062
12627211
92136282
62a21462
1662b215
d21762c2
62e21862
1a62f219
a2f8c082
802020c2
fdb05640
30408020
48400349
49123903
0c130c22
13493004
10134840
3c110020
21000cfd
e620fd3d
00201013
e90303e0
0302e001
00e081e9
e091e903
a1e90301
c003e2f0
2d2c03e4
d010ffc0
bf1610ff
60e0f002
e010eef0
2bc113e3
40fee0fd
d2b0cec0
2c62002c
000dd001
c003e2f0
2d2c03e4
d010ffc0
3f5610ff
e881d8fd
d0a1f891
00e01302
1301f013
03f001f8
20223c13
201013e6
32112800
49200221
13483013
11002010
a062fd1a
e0c17218
f2f8c6e2
ff4820c7
62102f52
2f72112f
132f8212
a2142f92
2fb2152f
40802016
42fdc656
27521727
19276218
201a2772
31284080
b1204138
13e83013
ee205128
30613813
b10813d1
e138d128
3210c118
00000000
2003b130
333b0301
200c9237
628c0302
0220220b
03003013
b1304128
56513813
61320442
12614211
31136152
e620fcf2
13e63003
1203b130
201060c1
36040c00
01f50081
fcf4e100
f01d0cea
0c13e620
10a54802
b1300020
58953813
003000b5
fd006136
7cf01d0f
60c112f2
00003000
31004136
c322fcea
320228fc
0226f8c3
0002e00a
c3320328
f40266fc
0000f01d
1d004136
000000f0
c0004136
04280020
0000f01d
1d004136
000000f0
d0002136
023d0020
120c034d
2d005100
0041f004
c6007f00
0000fffa
51384128
1060c112
30000041
00000000
f0002136
f01d0041
05381528
2813e620
10654845
b1300020
58553813
00300075
81008136
f03dfcc9
1d0008e0
000000f0
00000000
00000000
00000000
00000000
00000000
00000000
00000000
00000000
00000000
00000000
00000000
00000000
00000000
00000000
00000000
00000000
00000000
00000000
00000000
00000000
00000000
00000000
00000000
00000000
00000000
00000000
00000000
00000000
00000000
00000000
00000000
00000000
00000000
00000000
00000000
00000000
00000000
00000000
00000000
00000000
00000000
00000000
00000000
00000000
00000000
00000000
00000000
00000000
00000000
00000000
00000000
00000000
00000000
00000000
00000000
00000000
00000000
00000000
00000000
00000000
00000000
00000000
00000000
00000000
00000000
00000000
00000000
00000000
00000000
00000000
00000000
00000000
00000000
00000000
00000000
00000000
00000000
00000000
00000000
00000000
00000000
00000000
00000000
00000000
00000000
00000000
00000000
00000000
00000000
00000000
00000000
00000000
00000000
00000000
00000000
00000000
00000000
00000000
00000000
00000000
00000000
00000000
00000000
00000000
00000000
00000000
00000000
00000000
00000000
00000000
00000000
00000000
00000000
00000000
00000000
00000000
00000000
00000000
00000000
00000000
00000000
00000000
00000000
00000000
00000000
00000000
00000000
00000000
00000000
00000000
00000000
00000000
00000000
00000000
00000000
00000000
00000000
00000000
00000000
00000000
00000000
00000000
00000000
00000000
00000000
00000000
00000000
00000000
00000000
00000000
00000000
00000000
00000000
00000000
00000000
00000000
00000000
00000000
00000000
00000000
00000000
00000000
00000000
00000000
00000000
00000000
00000000
00000000
00000000
00000000
00000000
00000000
00000000
00000000
00000000
00000000
00000000
00000000
00000000
00000000
00000000
00000000
00000000
00000000
00000000
00000000
00000000
00000000
00000000
00000000
00000000
00000000
00000000
00000000
00000000
00000000
00000000
00000000
00000000
00000000
00000000
00000000
00000000
00000000
00000000
00000000
00000000
00000000
00000000
00000000
00000000
00000000
00000000
00000000
00000000
00000000
00000000
00000000
00000000
00000000
00000000
00000000
00000000
00000000
00000000
00000000
00000000
00000000
00000000
00000000
00000000
00000000
00000000
00000000
00000000
00000000
00000000
00000000
00000000
00000000
00000000
00000000
00000000
00000000
00000000
00000000
00000000
00000000
00000000
00000000
00000000
00000000
00000000
00000000
00000000
00000000
00000000
00000000
00000000
00000000
00000000
00000000
00000000
00000000
00000000
00000000
00000000
00000000
00000000
00000000
00000000
00000000
00000000
00000000
00000000
00000000
00000000
00000000
00000000
00000000
00000000
00000000
00000000
00000000
00000000
00000000
00000000
00000000
00000000
00000000
00000000
00000000
00000000
00000000
00000000
00000000
00000000
00000000
00000000
00000000
00000000
00000000
00000000
00000000
00000000
00000000
00000000
00000000
00000000
00000000
00000000
00000000
00000000
00000000
00000000
00000000
00000000
00000000
00000000
00000000
00000000
00000000
00000000
00000000
00000000
00000000
00000000
00000000
00000000
00000000
00000000
00000000
00000000
00000000
00000000
00000000
00000000
00000000
00000000
00000000
00000000
00000000
00000000
00000000
00000000
00000000
00000000
00000000
00000000
00000000
00000000
00000000
00000000
00000000
00000000
00000000
00000000
00000000
00000000
00000000
00000000
00000000
00000000
00000000
00000000
00000000
00000000
00000000
00000000
00000000
00000000
00000000
00000000
00000000
00000000
00000000
00000000
00000000
00000000
00000000
00000000
00000000
00000000
00000000
00000000
00000000
00000000
00000000
00000000
00000000
00000000
00000000
00000000
00000000
00000000
00000000
00000000
00000000
00000000
00000000
00000000
00000000
00000000
00000000
00000000
00000000
00000000
00000000
00000000
00000000
00000000
00000000
00000000
00000000
00000000
00000000
00000000
00000000
00000000
00000000
00000000
00000000
00000000
00000000
00000000
00000000
00000000
00000000
00000000
00000000
00000000
00000000
00000000
00000000
00000000
00000000
00000000
00000000
00000000
00000000
00000000
00000000
00000000
00000000
00000000
00000000
00000000
00000000
00000000
00000000
00000000
00000000
00000000
00000000
00000000
00000000
00000000
00000000
00000000
00000000
00000000
00000000
00000000
00000000
00000000
00000000
00000000
00000000
00000000
00000000
00000000
00000000
00000000
00000000
00000000
00000000
00000000
00000000
00000000
00000000
00000000
00000000
00000000
00000000
00000000
00000000
00000000
00000000
00000000
00000000
00000000
00000000
00000000
00000000
00000000
00000000
00000000
00000000
00000000
00000000
00000000
00000000
00000000
00000000
00000000
00000000
00000000
00000000
00000000
00000000
00000000
00000000
00000000
00000000
00000000
00000000
00000000
00000000
00000000
00000000
00000000
00000000
00000000
00000000
00000000
00000000
00000000
00000000
00000000
00000000
00000000
00000000
00000000
00000000
00000000
00000000
00000000
00000000
00000000
00000000
00000000
00000000
00000000
00000000
00000000
00000000
00000000
00000000
00000000
00000000
00000000
00000000
00000000
00000000
00000000
00000000
00000000
00000000
00000000
00000000
00000000
00000000
00000000
00000000
00000000
00000000
00000000
00000000
00000000
00000000
00000000
00000000
00000000
00000000
00000000
00000000
00000000
00000000
00000000
00000000
00000000
00000000
00000000
00000000
00000000
00000000
00000000
00000000
00000000
00000000
00000000
00000000
00000000
00000000
00000000
00000000
00000000
00000000
00000000
00000000
00000000
00000000
00000000
00000000
00000000
00000000
00000000
00000000
00000000
00000000
00000000
00000000
00000000
00000000
00000000
00000000
00000000
00000000
00000000
00000000
00000000
00000000
00000000
00000000
00000000
00000000
00000000
00000000
00000000
00000000
00000000
00000000
00000000
00000000
00000000
00000000
00000000
00000000
00000000
00000000
00000000
00000000
00000000
00000000
00000000
00000000
00000000
00000000
00000000
00000000
00000000
00000000
00000000
00000000
00000000
00000000
00000000
00000000
00000000
00000000
00000000
00000000
00000000
00000000
00000000
00000000
00000000
00000000
00000000
00000000
00000000
00000000
00000000
00000000
00000000
00000000
00000000
00000000
00000000
00000000
00000000
00000000
00000000
00000000
00000000
00000000
00000000
00000000
00000000
00000000
00000000
00000000
00000000
00000000
00000000
00000000
00000000
00000000
00000000
00000000
00000000
00000000
00000000
00000000
00000000
00000000
00000000
00000000
00000000
00000000
00000000
00000000
00000000
00000000
00000000
00000000
00000000
00000000
00000000
00000000
00000000
00000000
00000000
00000000
00000000
00000000
00000000
00000000
00000000
00000000
00000000
00000000
00000000
00000000
00000000
00000000
00000000
00000000
00000000
00000000
00000000
00000000
00000000
00000000
00000000
00000000
00000000
00000000
00000000
00000000
00000000
00000000
00000000
00000000
00000000
00000000
00000000
00000000
00000000
00000000
00000000
00000000
00000000
00000000
00000000
00000000
00000000
00000000
00000000
00000000
00000000
00000000
00000000
00000000
00000000
00000000
00000000
00000000
00000000
00000000
00000000
00000000
00000000
00000000
00000000
00000000
00000000
00000000
00000000
00000000
00000000
00000000
00000000
00000000
00000000
00000000
00000000
00000000
00000000
00000000
00000000
00000000
00000000
00000000
00000000
00000000
00000000
00000000
00000000
00000000
00000000
00000000
00000000
00000000
00000000
00000000
00000000
00000000
00000000
00000000
00000000
00000000
00000000
00000000
00000000
00000000
00000000
00000000
00000000
00000000
00000000
00000000
00000000
00000000
00000000
00000000
00000000
00000000
00000000
00000000
00000000
00000000
00000000
00000000
00000000
00000000
00000000
00000000
00000000
00000000
00000000
00000000
00000000
00000000
00000000
00000000
00000000
00000000
00000000
00000000
00000000
00000000
00000000
00000000
00000000
00000000
00000000
00000000
00000000
00000000
00000000
00000000
00000000
00000000
00000000
00000000
00000000
00000000
00000000
00000000
00000000
00000000
00000000
00000000
00000000
00000000
00000000
00000000
00000000
00000000
00000000
00000000
00000000
00000000
00000000
00000000
00000000
00000000
00000000
00000000
00000000
00000000
00000000
00000000
00000000
00000000
00000000
00000000
00000000
00000000
00000000
00000000
00000000
00000000
00000000
00000000
00000000
00000000
00000000
00000000
00000000
00000000
00000000
00000000
00000000
00000000
00000000
00000000
00000000
00000000
00000000
00000000
00000000
00000000
00000000
00000000
00000000
00000000
00000000
00000000
00000000
00000000
00000000
00000000
00000000
00000000
00000000
00000000
00000000
00000000
00000000
00000000
00000000
00000000
00000000
00000000
00000000
00000000
00000000
00000000
00000000
00000000
00000000
00000000
00000000
00000000
00000000
00000000
00000000
00000000
00000000
00000000
00000000
00000000
00000000
00000000
00000000
00000000
00000000
00000000
00000000
00000000
00000000
00000000
00000000
00000000
00000000
00000000
00000000
00000000
00000000
00000000
00000000
00000000
00000000
00000000
00000000
00000000
00000000
00000000
00000000
00000000
00000000
00000000
00000000
00000000
00000000
00000000
00000000
00000000
00000000
00000000
00000000
00000000
00000000
00000000
00000000
00000000
00000000
00000000
00000000
00000000
00000000
00000000
00000000
00000000
00000000
00000000
00000000
00000000
00000000
00000000
00000000
00000000
00000000
00000000
00000000
00000000
00000000
00000000
00000000
00000000
00000000
00000000
00000000
00000000
00000000
00000000
00000000
00000000
00000000
00000000
00000000
00000000
00000000
00000000
00000000
00000000
00000000
00000000
00000000
00000000
00000000
00000000
00000000
00000000
00000000
00000000
00000000
00000000
00000000
00000000
00000000
00000000
00000000
00000000
00000000
00000000
00000000
00000000
00000000
00000000
00000000
00000000
00000000
00000000
00000000
00000000
00000000
00000000
00000000
00000000
00000000
00000000
00000000
00000000
00000000
00000000
00000000
00000000
00000000
00000000
00000000
00000000
00000000
00000000
00000000
00000000
00000000
00000000
00000000
00000000
00000000
00000000
00000000
00000000
00000000
00000000
00000000
00000000
00000000
00000000
00000000
00000000
00000000
00000000
00000000
00000000
00000000
00000000
00000000
00000000
00000000
00000000
00000000
00000000
00000000
00000000
00000000
00000000
00000000
00000000
00000000
00000000
00000000
00000000
00000000
00000000
00000000
00000000
00000000
00000000
00000000
00000000
00000000
00000000
00000000
00000000
00000000
00000000
00000000
00000000
00000000
00000000
00000000
00000000
00000000
00000000
00000000
00000000
00000000
00000000
00000000
00000000
00000000
00000000
00000000
00000000
00000000
00000000
00000000
00000000
00000000
00000000
00000000
00000000
00000000
00000000
00000000
00000000
00000000
00000000
00000000
00000000
00000000
00000000
00000000
00000000
00000000
00000000
00000000
00000000
00000000
00000000
00000000
00000000
00000000
00000000
00000000
00000000
00000000
00000000
00000000
00000000
00000000
00000000
00000000
00000000
00000000
00000000
00000000
00000000
00000000
00000000
00000000
00000000
00000000
00000000
00000000
00000000
00000000
00000000
00000000
00000000
00000000
00000000
00000000
00000000
00000000
00000000
00000000
00000000
00000000
00000000
00000000
00000000
00000000
00000000
00000000
00000000
00000000
00000000
00000000
00000000
00000000
00000000
00000000
00000000
00000000
00000000
00000000
00000000
00000000
00000000
00000000
00000000
00000000
00000000
00000000
00000000
00000000
00000000
00000000
00000000
00000000
00000000
00000000
00000000
00000000
00000000
00000000
00000000
00000000
00000000
00000000
00000000
00000000
00000000
00000000
00000000
00000000
00000000
00000000
00000000
00000000
00000000
00000000
00000000
00000000
00000000
00000000
00000000
00000000
00000000
00000000
00000000
00000000
00000000
00000000
00000000
00000000
00000000
00000000
00000000
00000000
00000000
00000000
00000000
00000000
00000000
00000000
00000000
00000000
00000000
00000000
00000000
00000000
00000000
00000000
00000000
00000000
00000000
00000000
00000000
00000000
00000000
00000000
00000000
00000000
00000000
00000000
00000000
00000000
00000000
00000000
00000000
00000000
00000000
00000000
00000000
00000000
00000000
00000000
00000000
00000000
00000000
00000000
00000000
00000000
00000000
00000000
00000000
00000000
00000000
00000000
00000000
00000000
00000000
00000000
00000000
00000000
00000000
00000000
00000000
00000000
00000000
00000000
00000000
00000000
00000000
00000000
00000000
00000000
00000000
00000000
00000000
00000000
00000000
00000000
00000000
00000000
00000000
00000000
00000000
00000000
00000000
00000000
00000000
00000000
00000000
00000000
00000000
00000000
00000000
00000000
00000000
00000000
00000000
00000000
00000000
00000000
00000000
00000000
00000000
00000000
00000000
00000000
00000000
00000000
00000000
00000000
00000000
00000000
00000000
00000000
00000000
00000000
00000000
00000000
00000000
00000000
00000000
00000000
00000000
00000000
00000000
00000000
00000000
00000000
00000000
00000000
00000000
00000000
00000000
00000000
00000000
00000000
00000000
00000000
00000000
00000000
00000000
00000000
00000000
00000000
00000000
00000000
00000000
00000000
00000000
00000000
00000000
00000000
00000000
00000000
00000000
00000000
00000000
00000000
00000000
00000000
00000000
00000000
00000000
00000000
00000000
00000000
00000000
00000000
00000000
00000000
00000000
00000000
00000000
00000000
00000000
00000000
00000000
00000000
00000000
00000000
00000000
00000000
00000000
00000000
00000000
00000000
00000000
00000000
00000000
00000000
00000000
00000000
00000000
00000000
00000000
00000000
00000000
00000000
00000000
00000000
00000000
00000000
00000000
00000000
00000000
00000000
00000000
00000000
00000000
00000000
00000000
00000000
00000000
00000000
00000000
00000000
00000000
00000000
00000000
00000000
00000000
00000000
00000000
00000000
00000000
00000000
00000000
00000000
00000000
00000000
00000000
00000000
00000000
00000000
00000000
00000000
00000000
00000000
00000000
00000000
00000000
00000000
00000000
00000000
00000000
00000000
00000000
00000000
00000000
00000000
00000000
00000000
00000000
00000000
00000000
00000000
00000000
00000000
00000000
00000000
00000000
00000000
00000000
00000000
00000000
00000000
00000000
00000000
00000000
00000000
00000000
00000000
00000000
00000000
00000000
00000000
00000000
00000000
00000000
00000000
00000000
00000000
00000000
00000000
00000000
00000000
00000000
00000000
00000000
00000000
00000000
00000000
00000000
00000000
00000000
00000000
00000000
00000000
00000000
00000000
00000000
00000000
00000000
00000000
00000000
00000000
00000000
00000000
00000000
00000000
00000000
00000000
00000000
00000000
00000000
00000000
00000000
00000000
00000000
00000000
00000000
00000000
00000000
00000000
00000000
00000000
00000000
00000000
00000000
00000000
00000000
00000000
00000000
00000000
00000000
00000000
00000000
00000000
00000000
00000000
00000000
00000000
00000000
00000000
00000000
00000000
00000000
00000000
00000000
00000000
00000000
00000000
00000000
00000000
00000000
00000000
00000000
00000000
00000000
00000000
00000000
00000000
00000000
00000000
00000000
00000000
00000000
00000000
00000000
00000000
00000000
00000000
00000000
00000000
00000000
00000000
00000000
00000000
00000000
00000000
00000000
00000000
00000000
00000000
00000000
00000000
00000000
00000000
00000000
00000000
00000000
00000000
00000000
00000000
00000000
00000000
00000000
00000000
00000000
00000000
00000000
00000000
00000000
00000000
00000000
00000000
00000000
00000000
00000000
00000000
00000000
00000000
00000000
00000000
00000000
00000000
00000000
00000000
00000000
00000000
00000000
00000000
00000000
00000000
00000000
00000000
00000000
00000000
00000000
00000000
00000000
00000000
00000000
00000000
00000000
00000000
00000000
00000000
00000000
00000000
00000000
00000000
00000000
00000000
00000000
00000000
00000000
00000000
00000000
00000000
00000000
00000000
00000000
00000000
00000000
00000000
00000000
00000000
00000000
00000000
00000000
00000000
00000000
00000000
00000000
00000000
00000000
00000000
00000000
00000000
00000000
00000000
00000000
00000000
00000000
00000000
00000000
00000000
00000000
00000000
00000000
00000000
00000000
00000000
00000000
00000000
00000000
00000000
00000000
00000000
00000000
00000000
00000000
00000000
00000000
00000000
00000000
00000000
00000000
00000000
00000000
00000000
00000000
00000000
00000000
00000000
00000000
00000000
00000000
00000000
00000000
00000000
00000000
00000000
00000000
00000000
00000000
00000000
00000000
00000000
00000000
00000000
00000000
00000000
00000000
00000000
00000000
00000000
00000000
00000000
00000000
00000000
00000000
00000000
00000000
00000000
00000000
00000000
00000000
00000000
00000000
00000000
00000000
00000000
00000000
00000000
00000000
00000000
00000000
00000000
00000000
00000000
00000000
00000000
00000000
00000000
00000000
00000000
00000000
00000000
00000000
00000000
00000000
00000000
00000000
00000000
00000000
00000000
00000000
00000000
00000000
00000000
00000000
00000000
00000000
00000000
00000000
00000000
00000000
00000000
00000000
00000000
00000000
00000000
00000000
00000000
00000000
00000000
00000000
00000000
00000000
00000000
00000000
00000000
00000000
00000000
00000000
00000000
00000000
00000000
00000000
00000000
00000000
00000000
00000000
00000000
00000000
00000000
00000000
00000000
00000000
00000000
00000000
00000000
00000000
00000000
00000000
00000000
00000000
00000000
00000000
00000000
00000000
00000000
00000000
00000000
00000000
00000000
00000000
00000000
00000000
00000000
00000000
00000000
00000000
00000000
00000000
00000000
00000000
00000000
00000000
00000000
00000000
00000000
00000000
00000000
00000000
00000000
00000000
00000000
00000000
00000000
00000000
00000000
00000000
00000000
00000000
00000000
00000000
00000000
00000000
00000000
00000000
00000000
00000000
00000000
00000000
00000000
00000000
00000000
00000000
00000000
00000000
00000000
00000000
00000000
00000000
00000000
00000000
00000000
00000000
00000000
00000000
00000000
00000000
00000000
00000000
00000000
00000000
00000000
00000000
00000000
00000000
00000000
00000000
00000000
00000000
00000000
00000000
00000000
00000000
00000000
00000000
00000000
00000000
00000000
00000000
00000000
00000000
00000000
00000000
00000000
00000000
00000000
00000000
00000000
00000000
00000000
00000000
00000000
00000000
00000000
00000000
00000000
00000000
00000000
00000000
00000000
00000000
00000000
00000000
00000000
00000000
00000000
00000000
00000000
00000000
00000000
00000000
00000000
00000000
00000000
00000000
00000000
00000000
00000000
00000000
00000000
00000000
00000000
00000000
00000000
00000000
00000000
00000000
00000000
00000000
00000000
00000000
00000000
00000000
00000000
00000000
00000000
00000000
00000000
00000000
00000000
00000000
00000000
00000000
00000000
00000000
00000000
00000000
00000000
00000000
00000000
00000000
00000000
00000000
00000000
00000000
00000000
00000000
00000000
00000000
00000000
00000000
00000000
00000000
00000000
00000000
00000000
00000000
00000000
00000000
00000000
00000000
00000000
00000000
00000000
00000000
00000000
00000000
00000000
00000000
00000000
00000000
00000000
00000000
00000000
00000000
00000000
00000000
00000000
00000000
00000000
00000000
00000000
00000000
00000000
00000000
00000000
00000000
00000000
00000000
00000000
00000000
00000000
00000000
00000000
00000000
00000000
00000000
00000000
00000000
00000000
00000000
00000000
00000000
00000000
00000000
00000000
00000000
00000000
00000000
00000000
00000000
00000000
00000000
00000000
00000000
00000000
00000000
00000000
00000000
00000000
00000000
00000000
00000000
00000000
00000000
00000000
00000000
00000000
00000000
00000000
00000000
00000000
00000000
00000000
00000000
00000000
00000000
00000000
00000000
00000000
00000000
00000000
00000000
00000000
00000000
00000000
00000000
00000000
00000000
00000000
00000000
00000000
00000000
00000000
00000000
00000000
00000000
00000000
00000000
00000000
00000000
00000000
00000000
00000000
00000000
00000000
00000000
00000000
00000000
00000000
00000000
00000000
00000000
00000000
00000000
00000000
00000000
00000000
00000000
00000000
00000000
00000000
00000000
00000000
00000000
00000000
00000000
00000000
00000000
00000000
00000000
00000000
00000000
00000000
00000000
00000000
00000000
00000000
00000000
00000000
00000000
00000000
00000000
00000000
00000000
00000000
00000000
00000000
00000000
00000000
00000000
00000000
00000000
00000000
00000000
00000000
00000000
00000000
00000000
00000000
00000000
00000000
00000000
00000000
00000000
00000000
00000000
00000000
00000000
00000000
00000000
00000000
00000000
00000000
00000000
00000000
00000000
00000000
00000000
00000000
00000000
00000000
00000000
00000000
00000000
00000000
00000000
00000000
00000000
00000000
00000000
00000000
00000000
00000000
00000000
00000000
00000000
00000000
00000000
00000000
00000000
00000000
00000000
00000000
00000000
00000000
00000000
00000000
00000000
00000000
00000000
00000000
00000000
00000000
00000000
00000000
00000000
00000000
00000000
00000000
00000000
00000000
00000000
00000000
00000000
00000000
00000000
00000000
00000000
00000000
00000000
00000000
00000000
00000000
00000000
00000000
00000000
00000000
00000000
00000000
00000000
00000000
00000000
00000000
00000000
00000000
00000000
00000000
00000000
00000000
00000000
00000000
00000000
00000000
00000000
00000000
00000000
00000000
00000000
00000000
00000000
00000000
00000000
00000000
00000000
00000000
00000000
00000000
00000000
00000000
00000000
00000000
00000000
00000000
00000000
00000000
00000000
00000000
00000000
00000000
00000000
00000000
00000000
00000000
00000000
00000000
00000000
00000000
00000000
00000000
00000000
00000000
00000000
00000000
00000000
00000000
00000000
00000000
00000000
00000000
00000000
00000000
00000000
00000000
00000000
00000000
00000000
00000000
00000000
00000000
00000000
00000000
00000000
00000000
00000000
00000000
00000000
00000000
00000000
00000000
00000000
00000000
00000000
00000000
00000000
00000000
00000000
00000000
00000000
00000000
00000000
00000000
00000000
00000000
00000000
00000000
00000000
00000000
00000000
00000000
00000000
00000000
00000000
00000000
00000000
00000000
00000000
00000000
00000000
00000000
00000000
00000000
00000000
00000000
00000000
00000000
00000000
00000000
00000000
00000000
00000000
00000000
00000000
00000000
00000000
00000000
00000000
00000000
00000000
00000000
00000000
00000000
00000000
00000000
00000000
00000000
00000000
00000000
00000000
00000000
00000000
00000000
00000000
00000000
00000000
00000000
00000000
00000000
00000000
00000000
00000000
00000000
00000000
00000000
00000000
00000000
00000000
00000000
00000000
00000000
00000000
00000000
00000000
00000000
00000000
00000000
00000000
00000000
00000000
00000000
00000000
00000000
00000000
00000000
00000000
00000000
00000000
00000000
00000000
00000000
00000000
00000000
00000000
00000000
00000000
00000000
00000000
00000000
00000000
00000000
00000000
00000000
00000000
00000000
00000000
00000000
00000000
00000000
00000000
00000000
00000000
00000000
00000000
00000000
00000000
00000000
00000000
00000000
00000000
00000000
00000000
00000000
00000000
00000000
00000000
00000000
00000000
00000000
00000000
00000000
00000000
00000000
00000000
00000000
00000000
00000000
00000000
00000000
00000000
00000000
00000000
00000000
00000000
00000000
00000000
00000000
00000000
00000000
00000000
00000000
00000000
00000000
00000000
00000000
00000000
00000000
00000000
00000000
00000000
00000000
00000000
00000000
00000000
00000000
00000000
00000000
00000000
00000000
00000000
00000000
00000000
00000000
00000000
00000000
00000000
00000000
00000000
00000000
00000000
00000000
00000000
00000000
00000000
00000000
00000000
00000000
00000000
00000000
00000000
00000000
00000000
00000000
00000000
00000000
00000000
00000000
00000000
00000000
00000000
00000000
00000000
00000000
00000000
00000000
00000000
00000000
00000000
00000000
00000000
00000000
00000000
00000000
00000000
00000000
00000000
00000000
00000000
00000000
00000000
00000000
00000000
00000000
00000000
00000000
00000000
00000000
00000000
00000000
00000000
00000000
00000000
00000000
00000000
00000000
00000000
00000000
00000000
00000000
00000000
00000000
00000000
00000000
00000000
00000000
00000000
00000000
00000000
00000000
00000000
00000000
00000000
00000000
00000000
00000000
00000000
00000000
00000000
00000000
00000000
00000000
00000000
00000000
00000000
00000000
00000000
00000000
00000000
00000000
00000000
00000000
00000000
00000000
00000000
00000000
00000000
00000000
00000000
00000000
00000000
00000000
00000000
00000000
00000000
00000000
00000000
00000000
00000000
00000000
00000000
00000000
00000000
00000000
00000000
00000000
00000000
00000000
00000000
00000000
00000000
00000000
00000000
00000000
00000000
00000000
00000000
00000000
00000000
00000000
00000000
00000000
00000000
00000000
00000000
00000000
00000000
00000000
00000000
00000000
00000000
00000000
00000000
00000000
00000000
00000000
00000000
00000000
00000000
00000000
00000000
00000000
00000000
00000000
00000000
00000000
00000000
00000000
00000000
00000000
00000000
00000000
00000000
00000000
00000000
00000000
00000000
00000000
00000000
00000000
00000000
00000000
00000000
00000000
00000000
00000000
00000000
00000000
00000000
00000000
00000000
00000000
00000000
00000000
00000000
00000000
00000000
00000000
00000000
00000000
00000000
00000000
00000000
00000000
00000000
00000000
00000000
00000000
00000000
00000000
00000000
00000000
00000000
00000000
00000000
00000000
00000000
00000000
00000000
00000000
00000000
00000000
00000000
00000000
00000000
00000000
00000000
00000000
00000000
00000000
00000000
00000000
00000000
00000000
00000000
00000000
00000000
00000000
00000000
00000000
00000000
00000000
00000000
00000000
00000000
00000000
00000000
00000000
00000000
00000000
00000000
00000000
00000000
00000000
00000000
00000000
00000000
00000000
00000000
00000000
00000000
00000000
00000000
00000000
00000000
00000000
00000000
00000000
00000000
00000000
00000000
00000000
00000000
00000000
00000000
00000000
00000000
00000000
00000000
00000000
00000000
00000000
00000000
00000000
00000000
00000000
00000000
00000000
00000000
00000000
00000000
00000000
00000000
00000000
00000000
00000000
00000000
00000000
00000000
00000000
00000000
00000000
00000000
00000000
00000000
00000000
00000000
00000000
00000000
00000000
00000000
00000000
00000000
00000000
00000000
00000000
00000000
00000000
00000000
00000000
00000000
00000000
00000000
00000000
00000000
00000000
00000000
00000000
00000000
00000000
00000000
00000000
00000000
00000000
00000000
00000000
00000000
00000000
00000000
00000000
00000000
00000000
00000000
00000000
00000000
00000000
00000000
00000000
00000000
00000000
00000000
00000000
00000000
00000000
00000000
00000000
00000000
00000000
00000000
00000000
00000000
00000000
00000000
00000000
00000000
00000000
00000000
00000000
00000000
00000000
00000000
00000000
00000000
00000000
00000000
00000000
00000000
00000000
00000000
00000000
00000000
00000000
00000000
00000000
00000000
00000000
00000000
00000000
00000000
00000000
00000000
00000000
00000000
00000000
00000000
00000000
00000000
00000000
00000000
00000000
00000000
00000000
00000000
00000000
00000000
00000000
00000000
00000000
00000000
00000000
00000000
00000000
00000000
00000000
00000000
00000000
00000000
00000000
00000000
00000000
00000000
00000000
00000000
00000000
00000000
00000000
00000000
00000000
00000000
00000000
00000000
00000000
00000000
00000000
00000000
00000000
00000000
00000000
00000000
00000000
00000000
00000000
00000000
00000000
00000000
00000000
00000000
00000000
00000000
00000000
00000000
00000000
00000000
00000000
00000000
00000000
00000000
00000000
00000000
00000000
00000000
00000000
00000000
00000000
00000000
00000000
00000000
00000000
00000000
00000000
00000000
00000000
00000000
00000000
00000000
00000000
00000000
00000000
00000000
00000000
00000000
00000000
00000000
00000000
00000000
00000000
00000000
00000000
00000000
00000000
00000000
00000000
00000000
00000000
00000000
00000000
00000000
00000000
00000000
00000000
00000000
00000000
00000000
00000000
00000000
00000000
00000000
00000000
00000000
00000000
00000000
00000000
00000000
00000000
00000000
00000000
00000000
00000000
00000000
00000000
00000000
00000000
00000000
00000000
00000000
00000000
00000000
00000000
00000000
00000000
00000000
00000000
00000000
00000000
00000000
00000000
00000000
00000000
00000000
00000000
00000000
00000000
00000000
00000000
00000000
00000000
00000000
00000000
00000000
00000000
00000000
00000000
00000000
00000000
00000000
00000000
00000000
00000000
00000000
00000000
00000000
00000000
00000000
00000000
00000000
00000000
00000000
00000000
00000000
00000000
00000000
00000000
00000000
00000000
00000000
00000000
00000000
00000000
00000000
00000000
00000000
00000000
00000000
00000000
00000000
00000000
00000000
00000000
00000000
00000000
00000000
00000000
00000000
00000000
00000000
00000000
00000000
00000000
00000000
00000000
00000000
00000000
00000000
00000000
00000000
00000000
00000000
00000000
00000000
00000000
00000000
00000000
00000000
00000000
00000000
00000000
00000000
00000000
00000000
00000000
00000000
00000000
00000000
00000000
00000000
00000000
00000000
00000000
00000000
00000000
00000000
00000000
00000000
00000000
00000000
00000000
00000000
00000000
00000000
00000000
00000000
00000000
00000000
00000000
00000000
00000000
00000000
00000000
00000000
00000000
00000000
00000000
00000000
00000000
00000000
00000000
00000000
00000000
00000000
00000000
00000000
00000000
00000000
00000000
00000000
00000000
00000000
00000000
00000000
00000000
00000000
00000000
00000000
00000000
00000000
00000000
00000000
00000000
00000000
00000000
00000000
00000000
00000000
00000000
00000000
00000000
00000000
00000000
00000000
00000000
00000000
00000000
00000000
00000000
00000000
00000000
00000000
00000000
00000000
00000000
00000000
00000000
00000000
00000000
00000000
00000000
00000000
00000000
00000000
00000000
00000000
00000000
00000000
00000000
00000000
00000000
00000000
00000000
00000000
00000000
00000000
00000000
00000000
00000000
00000000
00000000
00000000
00000000
00000000
00000000
00000000
00000000
00000000
00000000
00000000
00000000
00000000
00000000
00000000
00000000
00000000
00000000
00000000
00000000
00000000
00000000
00000000
00000000
00000000
00000000
00000000
00000000
00000000
00000000
00000000
00000000
00000000
00000000
00000000
00000000
00000000
00000000
00000000
00000000
00000000
00000000
00000000
00000000
00000000
00000000
00000000
00000000
00000000
00000000
00000000
00000000
00000000
00000000
00000000
00000000
00000000
00000000
00000000
00000000
00000000
00000000
00000000
00000000
00000000
00000000
00000000
00000000
00000000
00000000
00000000
00000000
00000000
00000000
00000000
00000000
00000000
00000000
00000000
00000000
00000000
00000000
00000000
00000000
00000000
00000000
00000000
00000000
00000000
00000000
00000000
00000000
00000000
00000000
00000000
00000000
00000000
00000000
00000000
00000000
00000000
00000000
00000000
00000000
00000000
00000000
00000000
00000000
00000000
00000000
00000000
00000000
00000000
00000000
00000000
00000000
00000000
00000000
00000000
00000000
00000000
00000000
00000000
00000000
00000000
00000000
00000000
00000000
00000000
00000000
00000000
00000000
00000000
00000000
00000000
00000000
00000000
00000000
00000000
00000000
00000000
00000000
00000000
00000000
00000000
00000000
00000000
00000000
00000000
00000000
00000000
00000000
00000000
00000000
00000000
00000000
00000000
00000000
00000000
00000000
00000000
00000000
00000000
00000000
00000000
00000000
00000000
00000000
00000000
00000000
00000000
00000000
00000000
00000000
00000000
00000000
00000000
00000000
00000000
00000000
00000000
00000000
00000000
00000000
00000000
00000000
00000000
00000000
00000000
00000000
00000000
00000000
00000000
00000000
00000000
00000000
00000000
00000000
00000000
00000000
00000000
00000000
00000000
00000000
00000000
00000000
00000000
00000000
00000000
00000000
00000000
00000000
00000000
00000000
00000000
00000000
00000000
00000000
00000000
00000000
00000000
00000000
00000000
00000000
00000000
00000000
00000000
00000000
00000000
00000000
00000000
00000000
00000000
00000000
00000000
00000000
00000000
00000000
00000000
00000000
00000000
00000000
00000000
00000000
00000000
00000000
00000000
00000000
00000000
00000000
00000000
00000000
00000000
00000000
00000000
00000000
00000000
00000000
00000000
00000000
00000000
00000000
00000000
00000000
00000000
00000000
00000000
00000000
00000000
00000000
00000000
00000000
00000000
00000000
00000000
00000000
00000000
00000000
00000000
00000000
00000000
00000000
00000000
00000000
00000000
00000000
00000000
00000000
00000000
00000000
00000000
00000000
00000000
00000000
00000000
00000000
00000000
00000000
00000000
00000000
00000000
00000000
00000000
00000000
00000000
00000000
00000000
00000000
00000000
00000000
00000000
00000000
00000000
00000000
00000000
00000000
00000000
00000000
00000000
00000000
00000000
00000000
00000000
00000000
00000000
00000000
00000000
00000000
00000000
00000000
00000000
00000000
00000000
00000000
00000000
00000000
00000000
00000000
00000000
00000000
00000000
00000000
00000000
00000000
00000000
00000000
00000000
00000000
00000000
00000000
00000000
00000000
00000000
00000000
00000000
00000000
00000000
00000000
00000000
00000000
00000000
00000000
00000000
00000000
00000000
00000000
00000000
00000000
00000000
00000000
00000000
00000000
00000000
00000000
00000000
00000000
00000000
00000000
00000000
00000000
00000000
00000000
00000000
00000000
00000000
00000000
00000000
00000000
00000000
00000000
00000000
00000000
00000000
00000000
00000000
00000000
00000000
00000000
00000000
00000000
00000000
00000000
00000000
00000000
00000000
00000000
00000000
00000000
00000000
00000000
00000000
00000000
00000000
00000000
00000000
00000000
00000000
00000000
00000000
00000000
00000000
00000000
00000000
00000000
00000000
00000000
00000000
00000000
00000000
00000000
00000000
00000000
00000000
00000000
00000000
00000000
00000000
00000000
00000000
00000000
00000000
00000000
00000000
00000000
00000000
00000000
00000000
00000000
00000000
00000000
00000000
00000000
00000000
00000000
00000000
00000000
00000000
00000000
00000000
00000000
00000000
00000000
00000000
00000000
00000000
00000000
00000000
00000000
00000000
00000000
00000000
00000000
00000000
00000000
00000000
00000000
00000000
00000000
00000000
00000000
00000000
00000000
00000000
00000000
00000000
00000000
00000000
00000000
00000000
00000000
00000000
00000000
00000000
00000000
00000000
00000000
00000000
00000000
00000000
00000000
00000000
00000000
00000000
00000000
00000000
00000000
00000000
00000000
00000000
00000000
00000000
00000000
00000000
00000000
00000000
00000000
00000000
00000000
00000000
00000000
00000000
00000000
00000000
00000000
00000000
00000000
00000000
00000000
00000000
00000000
00000000
00000000
00000000
00000000
00000000
00000000
00000000
00000000
00000000
00000000
00000000
00000000
00000000
00000000
00000000
00000000
00000000
00000000
00000000
00000000
00000000
00000000
00000000
00000000
00000000
00000000
00000000
00000000
00000000
00000000
00000000
00000000
00000000
00000000
00000000
00000000
00000000
00000000
00000000
00000000
00000000
00000000
00000000
00000000
00000000
00000000
00000000
00000000
00000000
00000000
00000000
00000000
00000000
00000000
00000000
00000000
00000000
00000000
00000000
00000000
00000000
00000000
00000000
00000000
00000000
00000000
00000000
00000000
00000000
00000000
00000000
00000000
00000000
00000000
00000000
00000000
00000000
00000000
00000000
00000000
00000000
00000000
00000000
00000000
00000000
00000000
00000000
00000000
00000000
00000000
00000000
00000000
00000000
00000000
00000000
00000000
00000000
00000000
00000000
00000000
00000000
00000000
00000000
00000000
00000000
00000000
00000000
00000000
00000000
00000000
00000000
00000000
00000000
00000000
00000000
00000000
00000000
00000000
00000000
00000000
00000000
00000000
00000000
00000000
00000000
00000000
00000000
00000000
00000000
00000000
00000000
00000000
00000000
00000000
00000000
00000000
00000000
00000000
00000000
00000000
00000000
00000000
00000000
00000000
00000000
00000000
00000000
00000000
00000000
00000000
00000000
00000000
00000000
00000000
00000000
00000000
00000000
00000000
00000000
00000000
00000000
00000000
00000000
00000000
00000000
00000000
00000000
00000000
00000000
00000000
00000000
00000000
00000000
00000000
00000000
00000000
00000000
00000000
00000000
00000000
00000000
00000000
00000000
00000000
00000000
00000000
00000000
00000000
00000000
00000000
00000000
00000000
00000000
00000000
00000000
00000000
00000000
00000000
00000000
00000000
00000000
00000000
00000000
00000000
00000000
00000000
00000000
00000000
00000000
00000000
00000000
00000000
00000000
00000000
00000000
00000000
00000000
00000000
00000000
00000000
00000000
00000000
00000000
00000000
00000000
00000000
00000000
00000000
00000000
00000000
00000000
00000000
00000000
00000000
00000000
00000000
00000000
00000000
00000000
00000000
00000000
00000000
00000000
00000000
00000000
00000000
00000000
00000000
00000000
00000000
00000000
00000000
00000000
00000000
00000000
00000000
00000000
00000000
00000000
00000000
00000000
00000000
00000000
00000000
00000000
00000000
00000000
00000000
00000000
00000000
00000000
00000000
00000000
00000000
00000000
00000000
00000000
00000000
00000000
00000000
00000000
00000000
00000000
00000000
00000000
00000000
00000000
00000000
00000000
00000000
00000000
00000000
00000000
00000000
00000000
00000000
00000000
00000000
00000000
00000000
00000000
00000000
00000000
00000000
00000000
00000000
00000000
00000000
00000000
00000000
00000000
00000000
00000000
00000000
00000000
00000000
00000000
00000000
00000000
00000000
00000000
00000000
00000000
00000000
00000000
00000000
00000000
00000000
00000000
00000000
00000000
00000000
00000000
00000000
00000000
00000000
00000000
00000000
00000000
00000000
00000000
00000000
00000000
00000000
00000000
00000000
00000000
00000000
00000000
00000000
00000000
00000000
00000000
00000000
00000000
00000000
00000000
00000000
00000000
00000000
00000000
00000000
00000000
00000000
00000000
00000000
00000000
00000000
00000000
00000000
00000000
00000000
00000000
00000000
00000000
00000000
00000000
00000000
00000000
00000000
00000000
00000000
00000000
00000000
00000000
00000000
00000000
00000000
00000000
00000000
00000000
00000000
00000000
00000000
00000000
00000000
00000000
00000000
00000000
00000000
00000000
00000000
00000000
00000000
00000000
00000000
00000000
00000000
00000000
00000000
00000000
00000000
00000000
00000000
00000000
00000000
00000000
00000000
00000000
00000000
00000000
00000000
00000000
00000000
00000000
00000000
00000000
00000000
00000000
00000000
00000000
00000000
00000000
00000000
00000000
00000000
00000000
00000000
00000000
00000000
00000000
00000000
00000000
00000000
00000000
00000000
00000000
00000000
00000000
00000000
00000000
00000000
00000000
00000000
00000000
00000000
00000000
00000000
00000000
00000000
00000000
00000000
00000000
00000000
00000000
00000000
00000000
00000000
00000000
00000000
00000000
00000000
00000000
00000000
00000000
00000000
00000000
00000000
00000000
00000000
00000000
00000000
00000000
00000000
00000000
00000000
00000000
00000000
00000000
00000000
00000000
00000000
00000000
00000000
00000000
00000000
00000000
00000000
00000000
00000000
00000000
00000000
00000000
00000000
00000000
00000000
00000000
00000000
00000000
00000000
00000000
00000000
00000000
00000000
00000000
00000000
00000000
00000000
00000000
00000000
00000000
00000000
00000000
00000000
00000000
00000000
00000000
00000000
00000000
00000000
00000000
00000000
00000000
00000000
00000000
00000000
00000000
00000000
00000000
00000000
00000000
00000000
00000000
00000000
00000000
00000000
00000000
00000000
00000000
00000000
00000000
00000000
00000000
00000000
00000000
00000000
00000000
00000000
00000000
00000000
00000000
00000000
00000000
00000000
00000000
00000000
00000000
00000000
00000000
00000000
00000000
00000000
00000000
00000000
00000000
00000000
00000000
00000000
00000000
00000000
00000000
00000000
00000000
00000000
00000000
00000000
00000000
00000000
00000000
00000000
00000000
00000000
00000000
00000000
00000000
00000000
00000000
00000000
00000000
00000000
00000000
00000000
00000000
00000000
00000000
00000000
00000000
00000000
00000000
00000000
00000000
00000000
00000000
00000000
00000000
00000000
00000000
00000000
00000000
00000000
00000000
00000000
00000000
00000000
00000000
00000000
00000000
00000000
00000000
00000000
00000000
00000000
00000000
00000000
00000000
00000000
00000000
00000000
00000000
00000000
00000000
00000000
00000000
00000000
00000000
00000000
00000000
00000000
00000000
00000000
00000000
00000000
00000000
00000000
00000000
00000000
00000000
00000000
00000000
00000000
00000000
00000000
00000000
00000000
00000000
00000000
00000000
00000000
00000000
00000000
00000000
00000000
00000000
00000000
00000000
00000000
00000000
00000000
00000000
00000000
00000000
00000000
00000000
00000000
00000000
00000000
00000000
00000000
00000000
00000000
00000000
00000000
00000000
00000000
00000000
00000000
00000000
00000000
00000000
00000000
00000000
00000000
00000000
00000000
00000000
00000000
00000000
00000000
00000000
00000000
00000000
00000000
00000000
00000000
00000000
00000000
00000000
00000000
00000000
00000000
00000000
00000000
00000000
00000000
00000000
00000000
00000000
00000000
00000000
00000000
00000000
00000000
00000000
00000000
00000000
00000000
00000000
00000000
00000000
00000000
00000000
00000000
00000000
00000000
00000000
00000000
00000000
00000000
00000000
00000000
00000000
00000000
00000000
00000000
00000000
00000000
00000000
00000000
00000000
00000000
00000000
00000000
00000000
00000000
00000000
00000000
00000000
00000000
00000000
00000000
00000000
00000000
00000000
00000000
00000000
00000000
00000000
00000000
00000000
00000000
00000000
00000000
00000000
00000000
00000000
00000000
00000000
00000000
00000000
00000000
00000000
00000000
00000000
00000000
00000000
00000000
00000000
00000000
00000000
00000000
00000000
00000000
00000000
00000000
00000000
00000000
00000000
00000000
00000000
00000000
00000000
00000000
00000000
00000000
00000000
00000000
00000000
00000000
00000000
00000000
00000000
00000000
00000000
00000000
00000000
00000000
00000000
00000000
00000000
00000000
00000000
00000000
00000000
00000000
00000000
00000000
00000000
00000000
00000000
00000000
00000000
00000000
00000000
00000000
00000000
00000000
00000000
00000000
00000000
00000000
00000000
00000000
00000000
00000000
00000000
00000000
00000000
00000000
00000000
00000000
00000000
00000000
00000000
00000000
00000000
00000000
00000000
00000000
00000000
00000000
00000000
00000000
00000000
00000000
00000000
00000000
00000000
00000000
00000000
00000000
00000000
00000000
00000000
00000000
00000000
00000000
00000000
00000000
00000000
00000000
00000000
00000000
00000000
00000000
00000000
00000000
00000000
00000000
00000000
00000000
00000000
00000000
00000000
00000000
00000000
00000000
00000000
00000000
00000000
00000000
00000000
00000000
00000000
00000000
00000000
00000000
00000000
00000000
00000000
00000000
00000000
00000000
00000000
00000000
00000000
00000000
00000000
00000000
00000000
00000000
00000000
00000000
00000000
00000000
00000000
00000000
00000000
00000000
00000000
00000000
00000000
00000000
00000000
00000000
00000000
00000000
00000000
00000000
00000000
00000000
00000000
00000000
00000000
00000000
00000000
00000000
00000000
00000000
00000000
00000000
00000000
00000000
00000000
00000000
00000000
00000000
00000000
00000000
00000000
00000000
00000000
00000000
00000000
00000000
00000000
00000000
00000000
00000000
00000000
00000000
00000000
00000000
00000000
00000000
00000000
00000000
00000000
00000000
00000000
00000000
00000000
00000000
00000000
00000000
00000000
00000000
00000000
00000000
00000000
00000000
00000000
00000000
00000000
00000000
00000000
00000000
00000000
00000000
00000000
00000000
00000000
00000000
00000000
00000000
00000000
00000000
00000000
00000000
00000000
00000000
00000000
00000000
00000000
00000000
00000000
00000000
00000000
00000000
00000000
00000000
00000000
00000000
00000000
00000000
00000000
00000000
00000000
00000000
00000000
00000000
00000000
00000000
00000000
00000000
00000000
00000000
00000000
00000000
00000000
00000000
00000000
00000000
00000000
00000000
00000000
00000000
00000000
00000000
00000000
00000000
00000000
00000000
00000000
00000000
00000000
00000000
00000000
00000000
00000000
00000000
00000000
00000000
00000000
00000000
00000000
00000000
00000000
00000000
00000000
00000000
00000000
00000000
00000000
00000000
00000000
00000000
00000000
00000000
00000000
00000000
00000000
00000000
00000000
00000000
00000000
00000000
00000000
00000000
00000000
00000000
00000000
00000000
00000000
00000000
00000000
00000000
00000000
00000000
00000000
00000000
00000000
00000000
00000000
00000000
00000000
00000000
00000000
00000000
00000000
00000000
00000000
00000000
00000000
00000000
00000000
00000000
00000000
00000000
00000000
00000000
00000000
00000000
00000000
00000000
00000000
00000000
00000000
00000000
00000000
00000000
00000000
00000000
00000000
00000000
00000000
00000000
00000000
00000000
00000000
00000000
00000000
00000000
00000000
00000000
00000000
00000000
00000000
00000000
00000000
00000000
00000000
00000000
00000000
00000000
00000000
00000000
00000000
00000000
00000000
00000000
00000000
00000000
00000000
00000000
00000000
00000000
00000000
00000000
00000000
00000000
00000000
00000000
00000000
00000000
00000000
00000000
00000000
00000000
00000000
00000000
00000000
00000000
00000000
00000000
00000000
00000000
00000000
00000000
00000000
00000000
00000000
00000000
00000000
00000000
00000000
00000000
00000000
00000000
00000000
00000000
00000000
00000000
00000000
00000000
00000000
00000000
00000000
00000000
00000000
00000000
00000000
00000000
00000000
00000000
00000000
00000000
00000000
00000000
00000000
00000000
00000000
00000000
00000000
00000000
00000000
00000000
00000000
00000000
00000000
00000000
00000000
00000000
00000000
00000000
00000000
00000000
00000000
00000000
00000000
00000000
00000000
00000000
00000000
00000000
00000000
00000000
00000000
00000000
00000000
00000000
00000000
00000000
00000000
00000000
00000000
00000000
00000000
00000000
00000000
00000000
00000000
00000000
00000000
00000000
00000000
00000000
00000000
00000000
00000000
00000000
00000000
00000000
00000000
00000000
00000000
00000000
00000000
00000000
00000000
00000000
00000000
00000000
00000000
00000000
00000000
00000000
00000000
00000000
00000000
00000000
00000000
00000000
00000000
00000000
00000000
00000000
00000000
00000000
00000000
00000000
00000000
00000000
00000000
00000000
00000000
00000000
00000000
00000000
00000000
00000000
00000000
00000000
00000000
00000000
00000000
00000000
00000000
00000000
00000000
00000000
00000000
00000000
00000000
00000000
00000000
00000000
00000000
00000000
00000000
00000000
00000000
00000000
00000000
00000000
00000000
00000000
00000000
00000000
00000000
00000000
00000000
00000000
00000000
00000000
00000000
00000000
00000000
00000000
00000000
00000000
00000000
00000000
00000000
00000000
00000000
00000000
00000000
00000000
00000000
00000000
00000000
00000000
00000000
00000000
00000000
00000000
00000000
00000000
00000000
00000000
00000000
00000000
00000000
00000000
00000000
00000000
00000000
00000000
00000000
00000000
00000000
00000000
00000000
00000000
00000000
00000000
00000000
00000000
00000000
00000000
00000000
00000000
00000000
00000000
00000000
00000000
00000000
00000000
00000000
00000000
00000000
00000000
00000000
00000000
00000000
00000000
00000000
00000000
00000000
00000000
00000000
00000000
00000000
00000000
00000000
00000000
00000000
00000000
00000000
00000000
00000000
00000000
00000000
00000000
00000000
00000000
00000000
00000000
00000000
00000000
00000000
00000000
00000000
00000000
00000000
00000000
00000000
00000000
00000000
00000000
00000000
00000000
00000000
00000000
00000000
00000000
00000000
00000000
00000000
00000000
00000000
00000000
00000000
00000000
00000000
00000000
00000000
00000000
00000000
00000000
00000000
00000000
00000000
00000000
00000000
00000000
00000000
00000000
00000000
00000000
00000000
00000000
00000000
00000000
00000000
00000000
00000000
00000000
00000000
00000000
00000000
00000000
00000000
00000000
00000000
00000000
00000000
00000000
00000000
00000000
00000000
00000000
00000000
00000000
00000000
00000000
00000000
00000000
00000000
00000000
00000000
00000000
00000000
00000000
00000000
00000000
00000000
00000000
00000000
00000000
00000000
00000000
00000000
00000000
00000000
00000000
00000000
00000000
00000000
00000000
00000000
00000000
00000000
00000000
00000000
00000000
00000000
00000000
00000000
00000000
00000000
00000000
00000000
00000000
00000000
00000000
00000000
00000000
00000000
00000000
00000000
00000000
00000000
00000000
00000000
00000000
00000000
00000000
00000000
00000000
00000000
00000000
00000000
00000000
00000000
00000000
00000000
00000000
00000000
00000000
00000000
00000000
00000000
00000000
00000000
00000000
00000000
00000000
00000000
00000000
00000000
00000000
00000000
00000000
00000000
00000000
00000000
00000000
00000000
00000000
00000000
00000000
00000000
00000000
00000000
00000000
00000000
00000000
00000000
00000000
00000000
00000000
00000000
00000000
00000000
00000000
00000000
00000000
00000000
00000000
00000000
00000000
00000000
00000000
00000000
00000000
00000000
00000000
00000000
00000000
00000000
00000000
00000000
00000000
00000000
00000000
00000000
00000000
00000000
00000000
00000000
00000000
00000000
00000000
00000000
00000000
00000000
00000000
00000000
00000000
00000000
00000000
00000000
00000000
00000000
00000000
00000000
00000000
00000000
00000000
00000000
00000000
00000000
00000000
00000000
00000000
00000000
00000000
00000000
00000000
00000000
00000000
00000000
00000000
00000000
00000000
00000000
00000000
00000000
00000000
00000000
00000000
00000000
00000000
00000000
00000000
00000000
00000000
00000000
00000000
00000000
00000000
00000000
00000000
00000000
00000000
00000000
00000000
00000000
00000000
00000000
00000000
00000000
00000000
00000000
00000000
00000000
00000000
00000000
00000000
00000000
00000000
00000000
00000000
00000000
00000000
00000000
00000000
00000000
00000000
00000000
00000000
00000000
00000000
00000000
00000000
00000000
00000000
00000000
00000000
00000000
00000000
00000000
00000000
00000000
00000000
00000000
00000000
00000000
00000000
00000000
00000000
00000000
00000000
00000000
00000000
00000000
00000000
00000000
00000000
00000000
00000000
00000000
00000000
00000000
00000000
00000000
00000000
00000000
00000000
00000000
00000000
00000000
00000000
00000000
00000000
00000000
00000000
00000000
00000000
00000000
00000000
00000000
00000000
00000000
00000000
00000000
00000000
00000000
00000000
00000000
00000000
00000000
00000000
00000000
00000000
00000000
00000000
00000000
00000000
00000000
00000000
00000000
00000000
00000000
00000000
00000000
00000000
00000000
00000000
00000000
00000000
00000000
00000000
00000000
00000000
00000000
00000000
00000000
00000000
00000000
00000000
00000000
00000000
00000000
00000000
00000000
00000000
00000000
00000000
00000000
00000000
00000000
00000000
00000000
00000000
00000000
00000000
00000000
00000000
00000000
00000000
00000000
00000000
00000000
00000000
00000000
00000000
00000000
00000000
00000000
00000000
00000000
00000000
00000000
00000000
00000000
00000000
00000000
00000000
00000000
00000000
00000000
00000000
00000000
00000000
00000000
00000000
00000000
00000000
00000000
00000000
00000000
00000000
00000000
00000000
00000000
00000000
00000000
00000000
00000000
00000000
00000000
00000000
00000000
00000000
00000000
00000000
00000000
00000000
00000000
00000000
00000000
00000000
00000000
00000000
00000000
00000000
00000000
00000000
00000000
00000000
00000000
00000000
00000000
00000000
00000000
00000000
00000000
00000000
00000000
00000000
00000000
00000000
00000000
00000000
00000000
00000000
00000000
00000000
00000000
00000000
00000000
00000000
00000000
00000000
00000000
00000000
00000000
00000000
00000000
00000000
00000000
00000000
00000000
00000000
00000000
00000000
00000000
00000000
00000000
00000000
00000000
00000000
00000000
00000000
00000000
00000000
00000000
00000000
00000000
00000000
00000000
00000000
00000000
00000000
00000000
00000000
00000000
00000000
00000000
00000000
00000000
00000000
00000000
00000000
00000000
00000000
00000000
00000000
00000000
00000000
00000000
00000000
00000000
00000000
00000000
00000000
00000000
00000000
00000000
00000000
00000000
00000000
00000000
00000000
00000000
00000000
00000000
00000000
00000000
00000000
00000000
00000000
00000000
00000000
00000000
00000000
00000000
00000000
00000000
00000000
00000000
00000000
00000000
00000000
00000000
00000000
00000000
00000000
00000000
00000000
00000000
00000000
00000000
00000000
00000000
00000000
00000000
00000000
00000000
00000000
00000000
00000000
00000000
00000000
00000000
00000000
00000000
00000000
00000000
00000000
00000000
00000000
00000000
00000000
00000000
00000000
00000000
00000000
00000000
00000000
00000000
00000000
00000000
00000000
00000000
00000000
00000000
00000000
00000000
00000000
00000000
00000000
00000000
00000000
00000000
00000000
00000000
00000000
00000000
00000000
00000000
00000000
00000000
00000000
00000000
00000000
00000000
00000000
00000000
00000000
00000000
00000000
00000000
00000000
00000000
00000000
00000000
00000000
00000000
00000000
00000000
00000000
00000000
00000000
00000000
00000000
00000000
00000000
00000000
00000000
00000000
00000000
00000000
00000000
00000000
00000000
00000000
00000000
00000000
00000000
00000000
00000000
00000000
00000000
00000000
00000000
00000000
00000000
00000000
00000000
00000000
00000000
00000000
00000000
00000000
00000000
00000000
00000000
00000000
00000000
00000000
00000000
00000000
00000000
00000000
00000000
00000000
00000000
00000000
00000000
00000000
00000000
00000000
00000000
00000000
00000000
00000000
00000000
00000000
00000000
00000000
00000000
00000000
00000000
00000000
00000000
00000000
00000000
00000000
00000000
00000000
00000000
00000000
00000000
00000000
00000000
00000000
00000000
00000000
00000000
00000000
00000000
00000000
00000000
00000000
00000000
00000000
00000000
00000000
00000000
00000000
00000000
00000000
00000000
00000000
00000000
00000000
00000000
00000000
00000000
00000000
00000000
00000000
00000000
00000000
00000000
00000000
00000000
00000000
00000000
00000000
00000000
00000000
00000000
00000000
00000000
00000000
00000000
00000000
00000000
00000000
00000000
00000000
00000000
00000000
00000000
00000000
00000000
00000000
00000000
00000000
00000000
00000000
00000000
00000000
00000000
00000000
00000000
00000000
00000000
00000000
00000000
00000000
00000000
00000000
00000000
00000000
00000000
00000000
00000000
00000000
00000000
00000000
00000000
00000000
00000000
00000000
00000000
00000000
00000000
00000000
00000000
00000000
00000000
00000000
00000000
00000000
00000000
00000000
00000000
00000000
00000000
00000000
00000000
00000000
00000000
00000000
00000000
00000000
00000000
00000000
00000000
00000000
00000000
00000000
00000000
00000000
00000000
00000000
00000000
00000000
00000000
00000000
00000000
00000000
00000000
00000000
00000000
00000000
00000000
00000000
00000000
00000000
00000000
00000000
00000000
00000000
00000000
00000000
00000000
00000000
00000000
00000000
00000000
00000000
00000000
00000000
00000000
00000000
00000000
00000000
00000000
00000000
00000000
00000000
00000000
00000000
00000000
00000000
00000000
00000000
00000000
00000000
00000000
00000000
00000000
00000000
00000000
00000000
00000000
00000000
00000000
00000000
00000000
00000000
00000000
00000000
00000000
00000000
00000000
00000000
00000000
00000000
00000000
00000000
00000000
00000000
00000000
00000000
00000000
00000000
00000000
00000000
00000000
00000000
00000000
00000000
00000000
00000000
00000000
00000000
00000000
00000000
00000000
00000000
00000000
00000000
00000000
00000000
00000000
00000000
00000000
00000000
00000000
00000000
00000000
00000000
00000000
00000000
00000000
00000000
00000000
00000000
00000000
00000000
00000000
00000000
00000000
00000000
00000000
00000000
00000000
00000000
00000000
00000000
00000000
00000000
00000000
00000000
00000000
00000000
00000000
00000000
00000000
00000000
00000000
00000000
00000000
00000000
00000000
00000000
00000000
00000000
00000000
00000000
00000000
00000000
00000000
00000000
00000000
00000000
00000000
00000000
00000000
00000000
00000000
00000000
00000000
00000000
00000000
00000000
00000000
00000000
00000000
00000000
00000000
00000000
00000000
00000000
00000000
00000000
00000000
00000000
00000000
00000000
00000000
00000000
00000000
00000000
00000000
00000000
00000000
00000000
00000000
00000000
00000000
00000000
00000000
00000000
00000000
00000000
00000000
00000000
00000000
00000000
00000000
00000000
00000000
00000000
00000000
00000000
00000000
00000000
00000000
00000000
00000000
00000000
00000000
00000000
00000000
00000000
00000000
00000000
00000000
00000000
00000000
00000000
00000000
00000000
00000000
00000000
00000000
00000000
00000000
00000000
00000000
00000000
00000000
00000000
00000000
00000000
00000000
00000000
00000000
00000000
00000000
00000000
00000000
00000000
00000000
00000000
00000000
00000000
00000000
00000000
00000000
00000000
00000000
00000000
00000000
00000000
00000000
00000000
00000000
00000000
00000000
00000000
00000000
00000000
00000000
00000000
00000000
00000000
00000000
00000000
00000000
00000000
00000000
00000000
00000000
00000000
00000000
00000000
00000000
00000000
00000000
00000000
00000000
00000000
00000000
00000000
00000000
00000000
00000000
00000000
00000000
00000000
00000000
00000000
00000000
00000000
00000000
00000000
00000000
00000000
00000000
00000000
00000000
00000000
00000000
00000000
00000000
00000000
00000000
00000000
00000000
00000000
00000000
00000000
00000000
00000000
00000000
00000000
00000000
00000000
00000000
00000000
00000000
00000000
00000000
00000000
00000000
00000000
00000000
00000000
00000000
00000000
00000000
00000000
00000000
00000000
00000000
00000000
00000000
00000000
00000000
00000000
00000000
00000000
00000000
00000000
00000000
00000000
00000000
00000000
00000000
00000000
00000000
00000000
00000000
00000000
00000000
00000000
00000000
00000000
00000000
00000000
00000000
00000000
00000000
00000000
00000000
00000000
00000000
00000000
00000000
00000000
00000000
00000000
00000000
00000000
00000000
00000000
00000000
00000000
00000000
00000000
00000000
00000000
00000000
00000000
00000000
00000000
00000000
00000000
00000000
00000000
00000000
00000000
00000000
00000000
00000000
00000000
00000000
00000000
00000000
00000000
00000000
00000000
00000000
00000000
00000000
00000000
00000000
00000000
00000000
00000000
00000000
00000000
00000000
00000000
00000000
00000000
00000000
00000000
00000000
00000000
00000000
00000000
00000000
00000000
00000000
00000000
00000000
00000000
00000000
00000000
00000000
00000000
00000000
00000000
00000000
00000000
00000000
00000000
00000000
00000000
00000000
00000000
00000000
00000000
00000000
00000000
00000000
00000000
00000000
00000000
00000000
00000000
00000000
00000000
00000000
00000000
00000000
00000000
00000000
00000000
00000000
00000000
00000000
00000000
00000000
00000000
00000000
00000000
00000000
00000000
00000000
00000000
00000000
00000000
00000000
00000000
00000000
00000000
00000000
00000000
00000000
00000000
00000000
00000000
00000000
00000000
00000000
00000000
00000000
00000000
00000000
00000000
00000000
00000000
00000000
00000000
00000000
00000000
00000000
00000000
00000000
00000000
00000000
00000000
00000000
00000000
00000000
00000000
00000000
00000000
00000000
00000000
00000000
00000000
00000000
00000000
00000000
00000000
00000000
00000000
00000000
00000000
00000000
00000000
00000000
00000000
00000000
00000000
00000000
00000000
00000000
00000000
00000000
00000000
00000000
00000000
00000000
00000000
00000000
00000000
00000000
00000000
00000000
00000000
00000000
00000000
00000000
00000000
00000000
00000000
00000000
00000000
00000000
00000000
00000000
00000000
00000000
00000000
00000000
00000000
00000000
00000000
00000000
00000000
00000000
00000000
00000000
00000000
00000000
00000000
00000000
00000000
00000000
00000000
00000000
00000000
00000000
00000000
00000000
00000000
00000000
ffffffff
00000000
ffffffff
00000000
00042270
000428d0
80000000
80000000
00000040
00000040
00042280
00000000
00081764
0008169c
00081764
00081764
00081448
00080410
00081764
00081764
00081764
00081764
00081764
00081764
00081764
00081764
00081764
00081764
00081764
00081764
00081764
00081764
00081764
00081764
00081764
00081764
00081764
00081764
00081764
00081764
00081764
00081764
00081764
00081764
00081764
00081764
00081764
00081764
00081764
00081764
00081764
00081764
00081764
00081764
00081764
00081764
00081764
00081764
00081764
00081764
00081764
00081764
00081764
00081764
00081764
00081764
00081764
00081764
00081764
00081764
00081764
00081764
00081764
00081764
00081764
00081764
00000000
00000000
00000000
ffffffff
00081774
0000000c
00081774
0000000b
00081774
0000000a
00081774
00000009
00081774
00000008
00081774
00000007
00081774
00000006
00081774
00000005
00081774
00000004
00081774
00000003
00081774
00000002
00081774
00000001
00081774
00000000
ffffe022
00001000
fffff022
00000800
fffff822
00000400
fffffc22
00000200
fffffe22
00000100
ffffff22
00000080
ffffffa2
00000040
ffffffe2
00000020
ffffffe2
00000010
fffffff2
00000008
fffffffa
00000004
fffffffe
00000002
fffffffe
00000001
00000000
00000000
00000001
00040228
00000000
00000000
00000000
00000000
00000000
00000000
00000000
00000000
00000000
00040014
ffffffff
00000040
00000000
00000000
00000000
00000000
00000000
00000000
00000000
00000000
00000000
00000000
00000000
00000000
00000000
00000000
00000000
00000000
00000000
00000000
00000000
00000000
00000000
00000000
00000000
00000000
00000000
00000000
00000000
00000000
00000000
00000000
00000000
00000000
00000000
00000000
00000000
00000000
00000000
00000000
00000000
00000000
00000000
00000000
00000000
00000000
00000000
00000000
00000000
00000000
00000000
00000000
00000000
00000000
00000000
00000000
00000000
00000000
00000000
00000000
00000000
00000000
00000000
00000000
00000000
00000000
00000000
00000000
00000000
00000000
00000000
00000000
00000000
00000000
00000000
00000000
00000000
00000000
00000000
00000000
00000000
00000000
00000000
00000000
00000000
00000000
00000000
00000000
00000000
00000000
00000000
00000000
00000000
00000000
00000000
00000000
00000000
00000000
00000000
00000000
00000000
00000000
00000000
00000000
00000000
00000000
00000000
00000000
00000000
00000000
00000000
00000000
00000000
00000000
00000000
00000000
00000000
00000000
00000000
00000000
00000000
00000000
00000000
00000000
00000000
00000000
00000000
00000000
00000000
00000000
00000000
00000000
00000000
00000000
00000000
00000000
00000000
00000000
00000000
00000000
00000000
00000000
00000000
00000000
00000000
00000000
00000000
00000000
00000000
00000000
00000000
00000000
00000000
00000000
00000000
00000000
00000000
00000000
00000000
00000000
00000000
00000000
00000000
00000000
00000000
00000000
00000000
00000000
00000000
00000000
00000000
00000000
00000000
00000000
00000000
00000000
00000000
00000000
00000000
00000000
00000000
00000000
00000000
00000000
00000000
00000000
00000000
00000000
00000000
00000000
00000000
00000000
00000000
00000000
00000000
00000000
00000000
00000000
00000000
00000000
00000000
00000000
00000000
00000000
00000000
00000000
00000000
00000000
00000000
00000000
00000000
00000000
00000000
00000000
00000000
00000000
00000000
00000000
00000000
00000000
00000000
00000000
00000000
00000000
00000000
00000000
00000000
00000000
00000000
00000000
00000000
00000000
00000000
00000000
00000000
00000000
00000000
00000000
00000000
00000000
00000000
00000000
00000000
00000000
00000000
00000000
00000000
00000000
00000000
00000000
00000000
00000000
00000000
00000000
00000000
00000000
00000000
00000000
00000000
00000000
00000000
00000000
00000000
00000000
00000000
00000000
00000000
00000000
00000000
00000000
00000000
00000000
00000000
00000000
00000000
00000000
00000000
00000000
00000000
00000000
00000000
00000000
00000000
00000000
00000000
00000000
00000000
00000000
00000000
00000000
00000000
00000000
00000000
00000000
00000000
00000000
00000000
00000000
00000000
00000000
00000000
00000000
00000000
00000000
00000000
00000000
00000000
00000000
00000000
00000000
00000000
00000000
00000000
00000000
00000000
00000000
00000000
00000000
00000000
00000000
00000000
00000000
00000000
00000000
00000000
00000000
00000000
00000000
00000000
00000000
00000000
00000000
00000000
00000000
00000000
00000000
00000000
00000000
00000000
00000000
00000000
00000000
00000000
00000000
00000000
00000000
00000000
00000000
00000000
00000000
00000000
00000000
00000000
00000000
00000000
00000000
00000000
00000000
00000000
00000000
00000000
00000000
00000000
00000000
00000000
00000000
00000000
00000000
00000000
00000000
00000000
00000000
00000000
00000000
00000000
00000000
00000000
00000000
00000000
00000000
00000000
00000000
00000000
00000000
00000000
00000000
00000000
00000000
00000000
00000000
00000000
00000000
00000000
00000000
00000000
00000000
00000000
00000000
00000000
00000000
00000000
00000000
00000000
00000000
00000000
00000000
00000000
00000000
00000000
00000000
00000000
00000000
00000000
00000000
00000000
00000000
00000000
00000000
00000000
00000000
00000000
00000000
00000000
00000000
00000000
00000000
00000000
00000000
00000000
00000000
00000000
00000000
00000000
00000000
00000000
00000000
00000000
00000000
00000000
00000000
00000000
00000000
00000000
00000000
00000000
00000000
00000000
00000000
00000000
00000000
00000000
00000000
00000000
00000000
00000000
00000000
00000000
00000000
00000000
00000000
00000000
00000000
00000000
00000000
00000000
00000000
00000000
00000000
00000000
00000000
00000000
00000000
00000000
00000000
00000000
00000000
00000000
00000000
00000000
00000000
00000000
00000000
00000000
00000000
00000000
00000000
00000000
00000000
00000000
00000000
00000000
00000000
00000000
00000000
00000000
00000000
00000000
00000000
00000000
00000000
00000000
00000000
00000000
00000000
00000000
00000000
00000000
00000000
00000000
00000000
00000000
00000000
00000000
00000000
00000000
00000000
00000000
00000000
00000000
00000000
00000000
00000000
00000000
00000000
00000000
00000000
00000000
00000000
00000000
00000000
00000000
00000000
00000000
00000000
00000000
00000000
00000000
00000000
00000000
00000000
00000000
00000000
00000000
00000000
00000000
00000000
00000000
00000000
00000000
00000000
00000000
00000000
00000000
00000000
00000000
00000000
00000000
00000000
00000000
00000000
00000000
00000000
00000000
00000000
00000000
00000000
00000000
00000000
00000000
00000000
00000000
00000000
00000000
00000000
00000000
00000000
00000000
00000000
00000000
00000000
00000000
00000000
00000000
00000000
00000000
00000000
00000000
00000000
00000000
00000000
00000000
00000000
00000000
00000000
00000000
00000000
00000000
00000000
00000000
00000000
00000000
00000000
00000000
00000000
00000000
00000000
00000000
00000000
00000000
00000000
00000000
00000000
00000000
00000000
00000000
00000000
00000000
00000000
00000000
00000000
00000000
00000000
00000000
00000000
00000000
00000000
00000000
00000000
00000000
00000000
00000000
00000000
00000000
00000000
00000000
00000000
00000000
00000000
00000000
00000000
00000000
00000000
00000000
00000000
00000000
00000000
00000000
00000000
00000000
00000000
00000000
00000000
00000000
00000000
00000000
00000000
00000000
00000000
00000000
00000000
00000000
00000000
00000000
00000000
00000000
00000000
00000000
00000000
00000000
00000000
00000000
00000000
00000000
00000000
00000000
00000000
00000000
00000000
00000000
00000000
00000000
00000000
00000000
00000000
00000000
00000000
00000000
00000000
00000000
00000000
00000000
00000000
00000000
00000000
00000000
00000000
00000000
00000000
00000000
00000000
00000000
00000000
00000000
00000000
00000000
00000000
00000000
00000000
00000000
00000000
00000000
00000000
00000000
00000000
00000000
00000000
00000000
00000000
00000000
00000000
00000000
00000000
00000000
00000000
00000000
00000000
00000000
00000000
00000000
00000000
00000000
00000000
00000000
00000000
00000000
00000000
00000000
00000000
00000000
00000000
00000000
00000000
00000000
00000000
00000000
00000000
00000000
00000000
00000000
00000000
00000000
00000000
00000000
00000000
00000000
00000000
00000000
00000000
00000000
00000000
00000000
00000000
00000000
00000000
00000000
00000000
00000000
00000000
00000000
00000000
00000000
00000000
00000000
00000000
00000000
00000000
00000000
00000000
00000000
00000000
00000000
00000000
00000000
00000000
00000000
00000000
00000000
00000000
00000000
00000000
00000000
00000000
00000000
00000000
00000000
00000000
00000000
00000000
00000000
00000000
00000000
00000000
00000000
00000000
00000000
00000000
00000000
00000000
00000000
00000000
00000000
00000000
00000000
00000000
00000000
00000000
00000000
00000000
00000000
00000000
00000000
00000000
00000000
00000000
00000000
00000000
00000000
00000000
00000000
00000000
00000000
00000000
00000000
00000000
00000000
00000000
00000000
00000000
00000000
00000000
00000000
00000000
00000000
00000000
00000000
00000000
00000000
00000000
00000000
00000000
00000000
00000000
00000000
00000000
00000000
00000000
00000000
00000000
00000000
00000000
00000000
00000000
00000000
00000000
00000000
00000000
00000000
00000000
00000000
00000000
00000000
00000000
00000000
00000000
00000000
00000000
00000000
00000000
00000000
00000000
00000000
00000000
00000000
00000000
00000000
00000000
00000000
00000000
00000000
00000000
00000000
00000000
00000000
00000000
00000000
00000000
00000000
00000000
00000000
00000000
00000000
00000000
00000000
00000000
00000000
00000000
00000000
00000000
00000000
00000000
00000000
00000000
00000000
00000000
00000000
00000000
00000000
00000000
00000000
00000000
00000000
00000000
00000000
00000000
00000000
00000000
00000000
00000000
00000000
00000000
00000000
00000000
00000000
00000000
00000000
00000000
00000000
00000000
00000000
00000000
00000000
00000000
00000000
00000000
00000000
00000000
00000000
00000000
00000000
00000000
00000000
00000000
00000000
00000000
00000000
00000000
00000000
00000000
00000000
00000000
00000000
00000000
00000000
00000000
00000000
00000000
00000000
00000000
00000000
00000000
00000000
00000000
00000000
00000000
00000000
00000000
00000000
00000000
00000000
00000000
00000000
00000000
00000000
00000000
00000000
00000000
00000000
00000000
00000000
00000000
00000000
00000000
00000000
00000000
00000000
00000000
00000000
00000000
00000000
00000000
00000000
00000000
00000000
00000000
00000000
00000000
00000000
00000000
00000000
00000000
00000000
00000000
00000000
00000000
00000000
00000000
00000000
00000000
00000000
00000000
00000000
00000000
00000000
00000000
00000000
00000000
00000000
00000000
00000000
00000000
00000000
00000000
00000000
00000000
00000000
00000000
00000000
00000000
00000000
00000000
00000000
00000000
00000000
00000000
00000000
00000000
00000000
00000000
00000000
00000000
00000000
00000000
00000000
00000000
00000000
00000000
00000000
00000000
00000000
00000000
00000000
00000000
00000000
00000000
00000000
00000000
00000000
00000000
00000000
00000000
00000000
00000000
00000000
00000000
00000000
00000000
00000000
00000000
00000000
00000000
00000000
00000000
00000000
00000000
00000000
00000000
00000000
00000000
00000000
00000000
00000000
00000000
00000000
00000000
00000000
00000000
00000000
00000000
00000000
00000000
00000000
00000000
00000000
00000000
00000000
00000000
00000000
00000000
00000000
00000000
00000000
00000000
00000000
00000000
00000000
00000000
00000000
00000000
00000000
00000000
00000000
00000000
00000000
00000000
00000000
00000000
00000000
00000000
00000000
00000000
00000000
00000000
00000000
00000000
00000000
00000000
00000000
00000000
00000000
00000000
00000000
00000000
00000000
00000000
00000000
00000000
00000000
00000000
00000000
00000000
00000000
00000000
00000000
00000000
00000000
00000000
00000000
00000000
00000000
00000000
00000000
00000000
00000000
00000000
00000000
00000000
00000000
00000000
00000000
00000000
00000000
00000000
00000000
00000000
00000000
00000000
00000000
00000000
00000000
00000000
00000000
00000000
00000000
00000000
00000000
00000000
00000000
00000000
00000000
00000000
00000000
00000000
00000000
00000000
00000000
00000000
00000000
00000000
00000000
00000000
00000000
00000000
00000000
00000000
00000000
00000000
00000000
00000000
00000000
00000000
00000000
00000000
00000000
00000000
00000000
00000000
00000000
00000000
00000000
00000000
00000000
00000000
00000000
00000000
00000000
00000000
00000000
00000000
00000000
00000000
00000000
00000000
00000000
00000000
00000000
00000000
00000000
00000000
00000000
00000000
00000000
00000000
00000000
00000000
00000000
00000000
00000000
00000000
00000000
00000000
00000000
00000000
00000000
00000000
00000000
00000000
00000000
00000000
00000000
00000000
00000000
00000000
00000000
00000000
00000000
00000000
00000000
00000000
00000000
00000000
00000000
00000000
00000000
00000000
00000000
00000000
00000000
00000000
00000000
00000000
00000000
00000000
00000000
00000000
00000000
00000000
00000000
00000000
00000000
00000000
00000000
00000000
00000000
00000000
00000000
00000000
00000000
00000000
00000000
00000000
00000000
00000000
00000000
00000000
00000000
00000000
00000000
00000000
00000000
00000000
00000000
00000000
00000000
00000000
00000000
00000000
00000000
00000000
00000000
00000000
00000000
00000000
00000000
00000000
00000000
00000000
00000000
00000000
00000000
00000000
00000000
00000000
00000000
00000000
00000000
00000000
00000000
00000000
00000000
00000000
00000000
00000000
00000000
00000000
00000000
00000000
00000000
00000000
00000000
00000000
00000000
00000000
00000000
00000000
00000000
00000000
00000000
00000000
00000000
00000000
00000000
00000000
00000000
00000000
00000000
00000000
00000000
00000000
00000000
00000000
00000000
00000000
00000000
00000000
00000000
00000000
00000000
00000000
00000000
00000000
00000000
00000000
00000000
00000000
00000000
00000000
00000000
00000000
00000000
00000000
00000000
00000000
00000000
00000000
00000000
00000000
00000000
00000000
00000000
00000000
00000000
00000000
00000000
00000000
00000000
00000000
00000000
00000000
00000000
00000000
00000000
00000000
00000000
00000000
00000000
00000000
00000000
00000000
00000000
00000000
00000000
00000000
00000000
00000000
00000000
00000000
00000000
00000000
00000000
00000000
00000000
00000000
00000000
00000000
00000000
00000000
00000000
00000000
00000000
00000000
00000000
00000000
00000000
00000000
00000000
00000000
00000000
00000000
00000000
00000000
00000000
00000000
00000000
00000000
00000000
00000000
00000000
00000000
00000000
00000000
00000000
00000000
00000000
00000000
00000000
00000000
00000000
00000000
00000000
00000000
00000000
00000000
00000000
00000000
00000000
00000000
00000000
00000000
00000000
00000000
00000000
00000000
00000000
00000000
00000000
00000000
00000000
00000000
00000000
00000000
00000000
00000000
00000000
00000000
00000000
00000000
00000000
00000000
00000000
00000000
00000000
00000000
00000000
00000000
00000000
00000000
00000000
00000000
00000000
00000000
00000000
00000000
00000000
00000000
00000000
00000000
00000000
00000000
00000000
00000000
00000000
00000000
00000000
00000000
00000000
00000000
00000000
00000000
00000000
00000000
00000000
00000000
00000000
00000000
00000000
00000000
00000000
00000000
00000000
00000000
00000000
00000000
00000000
00000000
00000000
00000000
00000000
00000000
00000000
00000000
00000000
00000000
00000000
00000000
00000000
00000000
00000000
00000000
00000000
00000000
00000000
00000000
00000000
00000000
00000000
00000000
00000000
00000000
00000000
00000000
00000000
00000000
00000000
00000000
00000000
00000000
00000000
00000000
00000000
00000000
00000000
00000000
00000000
00000000
00000000
00000000
00000000
00000000
00000000
00000000
00000000
00000000
00000000
00000000
00000000
00000000
00000000
00000000
00000000
00000000
00000000
00000000
00000000
00000000
00000000
00000000
00000000
00000000
00000000
00000000
00000000
00000000
00000000
00000000
00000000
00000000
00000000
00000000
00000000
00000000
00000000
00000000
00000000
00000000
00000000
00000000
00000000
00000000
00000000
00000000
00000000
00000000
00000000
00000000
00000000
00000000
00000000
00000000
00000000
00000000
00000000
00000000
00000000
00000000
00000000
00000000
00000000
00000000
00000000
00000000
00000000
00000000
00000000
00000000
00000000
00000000
00000000
00000000
00000000
00000000
00000000
00000000
00000000
00000000
00000000
00000000
00000000
00000000
00000000
00000000
00000000
00000000
00000000
00000000
00000000
00000000
00000000
00000000
00000000
00000000
00000000
00000000
00000000
00000000
00000000
00000000
00000000
00000000
00000000
00000000
00000000
00000000
00000000
00000000
00000000
00000000
00000000
00000000
00000000
00000000
00000000
00000000
00000000
00000000
00000000
00000000
00000000
00000000
00000000
00000000
00000000
00000000
00000000
00000000
00000000
00000000
00000000
00000000
00000000
00000000
00000000
00000000
00000000
00000000
00000000
00000000
00000000
00000000
00000000
00000000
00000000
00000000
00000000
00000000
00000000
00000000
00000000
00000000
00000000
00000000
00000000
00000000
00000000
00000000
00000000
00000000
00000000
00000000
00000000
00000000
00000000
00000000
00000000
00000000
00000000
00000000
00000000
00000000
00000000
00000000
00000000
00000000
00000000
00000000
00000000
00000000
00000000
00000000
00000000
00000000
00000000
00000000
00000000
00000000
00000000
00000000
00000000
00000000
00000000
00000000
00000000
00000000
00000000
00000000
00000000
00000000
00000000
00000000
00000000
00000000
00000000
00000000
00000000
00000000
00000000
00000000
00000000
00000000
00000000
00000000
00000000
00000000
00000000
00000000
00000000
00000000
00000000
00000000
00000000
00000000
00000000
00000000
00000000
00000000
00000000
00000000
00000000
00000000
00000000
00000000
00000000
00000000
00000000
00000000
00000000
00000000
00000000
00000000
00000000
00000000
00000000
00000000
00000000
00000000
00000000
00000000
00000000
00000000
00000000
00000000
00000000
00000000
00000000
00000000
00000000
00000000
00000000
00000000
00000000
00000000
00000000
00000000
00000000
00000000
00000000
00000000
00000000
00000000
00000000
00000000
00000000
00000000
00000000
00000000
00000000
00000000
00000000
00000000
00000000
00000000
00000000
00000000
00000000
00000000
00000000
00000000
00000000
00000000
00000000
00000000
00000000
00000000
00000000
00000000
00000000
00000000
00000000
00000000
00000000
00000000
00000000
00000000
00000000
00000000
00000000
00000000
00000000
00000000
00000000
00000000
00000000
00000000
00000000
00000000
00000000
00000000
00000000
00000000
00000000
00000000
00000000
00000000
00000000
00000000
00000000
00000000
00000000
00000000
00000000
00000000
00000000
00000000
00000000
00000000
00000000
00000000
00000000
00000000
00000000
00000000
00000000
00000000
00000000
00000000
00000000
00000000
00000000
00000000
00000000
00000000
00000000
00000000
00000000
00000000
00000000
00000000
00000000
00000000
00000000
00000000
00000000
00000000
00000000
00000000
00000000
00000000
00000000
00000000
00000000
00000000
00000000
00000000
00000000
00000000
00000000
00000000
00000000
00000000
00000000
00000000
00000000
00000000
00000000
00000000
00000000
00000000
00000000
00000000
00000000
00000000
00000000
00000000
00000000
00000000
00000000
00000000
00000000
00000000
00000000
00000000
00000000
00000000
00000000
00000000
00000000
00000000
00000000
00000000
00000000
00000000
00000000
00000000
00000000
00000000
00000000
00000000
00000000
00000000
00000000
00000000
00000000
00000000
00000000
00000000
00000000
00000000
00000000
00000000
00000000
00000000
00000000
00000000
00000000
00000000
00000000
00000000
00000000
00000000
00000000
00000000
00000000
00000000
00000000
00000000
00000000
00000000
00000000
00000000
00000000
00000000
00000000
00000000
00000000
00000000
00000000
00000000
00000000
00000000
00000000
00000000
00000000
00000000
00000000
00000000
00000000
00000000
00000000
00000000
00000000
00000000
00000000
00000000
00000000
00000000
00000000
00000000
00000000
00000000
00000000
00000000
00000000
00000000
00000000
00000000
00000000
00000000
00000000
00000000
00000000
00000000
00000000
00000000
00000000
00000000
00000000
00000000
00000000
00000000
00000000
00000000
00000000
00000000
00000000
00000000
00000000
00000000
00000000
00000000
00000000
00000000
00000000
00000000
00000000
00000000
00000000
00000000
00000000
00000000
00000000
00000000
00000000
00000000
00000000
00000000
00000000
00000000
00000000
00000000
00000000
00000000
00000000
00000000
00000000
00000000
00000000
00000000
00000000
00000000
00000000
00000000
00000000
00000000
00000000
00000000
00000000
00000000
00000000
00000000
00000000
00000000
00000000
00000000
00000000
00000000
00000000
00000000
00000000
00000000
00000000
00000000
00000000
00000000
00000000
00000000
00000000
00000000
00000000
00000000
00000000
00000000
00000000
00000000
00000000
00000000
00000000
00000000
00000000
00000000
00000000
00000000
00000000
00000000
00000000
00000000
00000000
00000000
00000000
00000000
00000000
00000000
00000000
00000000
00000000
00000000
00000000
00000000
00000000
00000000
00000000
00000000
00000000
00000000
00000000
00000000
00000000
00000000
00000000
00000000
00000000
00000000
00000000
00000000
00000000
00000000
00000000
00000000
00000000
00000000
00000000
00000000
00000000
00000000
00000000
00000000
00000000
00000000
00000000
00000000
00000000
00000000
00000000
00000000
00000000
00000000
00000000
00000000
00000000
00000000
00000000
00000000
00000000
00000000
00000000
00000000
00000000
00000000
00000000
00000000
00000000
00000000
00000000
00000000
00000000
00000000
00000000
00000000
00000000
00000000
00000000
00000000
00000000
00000000
00000000
00000000
00000000
00000000
00000000
00000000
00000000
00000000
00000000
00000000
00000000
00000000
00000000
00000000
00000000
00000000
00000000
00000000
00000000
00000000
00000000
00000000
00000000
00000000
00000000
00000000
00000000
00000000
00000000
00000000
00000000
00000000
00000000
00000000
00000000
00000000
00000000
00000000
00000000
00000000
00000000
00000000
00000000
00000000
00000000
00000000
00000000
00000000
00000000
00000000
00000000
00000000
00000000
00000000
00000000
00000000
00000000
00000000
00000000
00000000
00000000
00000000
00000000
00000000
00000000
00000000
00000000
00000000
00000000
00000000
00000000
00000000
00000000
00000000
00000000
00000000
00000000
00000000
00000000
00000000
00000000
00000000
00000000
00000000
00000000
00000000
00000000
00000000
00000000
00000000
00000000
00000000
00000000
00000000
00000000
00000000
00000000
00000000
00000000
00000000
00000000
00000000
00000000
00000000
00000000
00000000
00000000
00000000
00000000
00000000
00000000
00000000
00000000
00000000
00000000
00000000
00000000
00000000
00000000
00000000
00000000
00000000
00000000
00000000
00000000
00000000
00000000
00000000
00000000
00000000
00000000
00000000
00000000
00000000
00000000
00000000
00000000
00000000
00000000
00000000
00000000
00000000
00000000
00000000
00000000
00000000
00000000
00000000
00000000
00000000
00000000
00000000
00000000
00000000
00000000
00000000
00000000
00000000
00000000
00000000
00000000
00000000
00000000
00000000
00000000
00000000
00000000
00000000
00000000
00000000
00000000
00000000
00000000
00000000
00000000
00000000
00000000
00000000
00000000
00000000
00000000
00000000
00000000
00000000
00000000
00000000
00000000
00000000
00000000
00000000
00000000
00000000
00000000
00000000
00000000
00000000
00000000
00000000
00000000
00000000
00000000
00000000
00000000
00000000
00000000
00000000
00000000
00000000
00000000
00000000
00000000
00000000
00000000
00000000
00000000
00000000
00000000
00000000
00000000
00000000
00000000
00000000
00000000
00000000
00000000
00000000
00000000
00000000
00000000
00000000
00000000
00000000
00000000
00000000
00000000
00000000
00000000
00000000
00000000
00000000
00000000
00000000
00000000
00000000
00000000
00000000
00000000
00000000
00000000
00000000
00000000
00000000
00000000
00000000
00000000
00000000
00000000
00000000
00000000
00000000
00000000
00000000
00000000
00000000
00000000
00000000
00000000
00000000
00000000
00000000
00000000
00000000
00000000
00000000
00000000
00000000
00000000
00000000
00000000
00000000
00000000
00000000
00000000
00000000
00000000
00000000
00000000
00000000
00000000
00000000
00000000
00000000
00000000
00000000
00000000
00000000
00000000
00000000
00000000
00000000
00000000
00000000
00000000
00000000
00000000
00000000
00000000
00000000
00000000
00000000
00000000
00000000
00000000
00000000
00000000
00000000
00000000
00000000
00000000
00000000
00000000
00000000
00000000
00000000
00000000
00000000
00000000
00000000
00000000
00000000
00000000
00000000
00000000
00000000
00000000
00000000
00000000
00000000
00000000
00000000
00000000
00000000
00000000
00000000
00000000
00000000
00000000
00000000
00000000
00000000
00000000
00000000
00000000
00000000
00000000
00000000
00000000
00000000
00000000
00000000
00000000
00000000
00000000
00000000
00000000
00000000
00000000
00000000
00000000
00000000
00000000
00000000
00000000
00000000
00000000
00000000
00000000
00000000
00000000
00000000
00000000
00000000
00000000
00000000
00000000
00000000
00000000
00000000
00000000
00000000
00000000
00000000
00000000
00000000
00000000
00000000
00000000
00000000
00000000
00000000
00000000
00000000
00000000
00000000
00000000
00000000
00000000
00000000
00000000
00000000
00000000
00000000
00000000
00000000
00000000
00000000
00000000
00000000
00000000
00000000
00000000
00000000
00000000
00000000
00000000
00000000
00000000
00000000
00000000
00000000
00000000
00000000
00000000
00000000
00000000
00000000
00000000
00000000
00000000
00000000
00000000
00000000
00000000
00000000
00000000
00000000
00000000
00000000
00000000
00000000
00000000
00000000
00000000
00000000
00000000
00000000
00000000
00000000
00000000
00000000
00000000
00000000
00000000
00000000
00000000
00000000
00000000
00000000
00000000
00000000
00000000
00000000
00000000
00000000
00000000
00000000
00000000
00000000
00000000
00000000
00000000
00000000
00000000
00000000
00000000
00000000
00000000
00000000
00000000
00000000
00000000
00000000
00000000
00000000
00000000
00000000
00000000
00000000
00000000
00000000
00000000
00000000
00000000
00000000
00000000
00000000
00000000
00000000
00000000
00000000
00000000
00000000
00000000
00000000
00000000
00000000
00000000
00000000
00000000
00000000
00000000
00000000
00000000
00000000
00000000
00000000
00000000
00000000
00000000
00000000
00000000
00000000
00000000
00000000
00000000
00000000
00000000
00000000
00000000
00000000
00000000
00000000
00000000
00000000
00000000
00000000
00000000
00000000
00000000
00000000
00000000
00000000
00000000
00000000
00000000
00000000
00000000
00000000
00000000
00000000
00000000
00000000
00000000
00000000
00000000
00000000
00000000
00000000
00000000
00000000
00000000
00000000
00000000
00000000
00000000
00000000
00000000
00000000
00000000
00000000
00000000
00000000
00000000
00000000
00000000
00000000
00000000
00000000
00000000
00000000
00000000
00000000
00000000
00000000
00000000
00000000
00000000
00000000
00000000
00000000
00000000
00000000
00000000
00000000
00000000
00000000
00000000
00000000
00000000
00000000
00000000
00000000
00000000
00000000
00000000
00000000
00000000
00000000
00000000
00000000
00000000
00000000
00000000
00000000
00000000
00000000
00000000
00000000
00000000
00000000
00000000
00000000
00000000
00000000
00000000
00000000
00000000
00000000
00000000
00000000
00000000
00000000
00000000
00000000
00000000
00000000
00000000
00000000
00000000
00000000
00000000
00000000
00000000
00000000
00000000
00000000
00000000
00000000
00000000
00000000
00000000
00000000
00000000
00000000
00000000
00000000
00000000
00000000
00000000
00000000
00000000
00000000
00000000
00000000
00000000
00000000
00000000
00000000
00000000
00000000
00000000
00000000
00000000
00000000
00000000
00000000
00000000
00000000
00000000
00000000
00000000
00000000
00000000
00000000
00000000
00000000
00000000
00000000
00000000
00000000
00000000
00000000
00000000
00000000
00000000
00000000
00000000
00000000
00000000
00000000
00000000
00000000
00000000
00000000
00000000
00000000
00000000
00000000
00000000
00000000
00000000
00000000
00000000
00000000
00000000
00000000
00000000
00000000
00000000
00000000
00000000
00000000
00000000
00000000
00000000
00000000
00000000
00000000
00000000
00000000
00000000
00000000
00000000
00000000
00000000
00000000
00000000
00000000
00000000
00000000
00000000
00000000
00000000
00000000
00000000
00000000
00000000
00000000
00000000
00000000
00000000
00000000
00000000
00000000
00000000
00000000
00000000
00000000
00000000
00000000
00000000
00000000
00000000
00000000
00000000
00000000
00000000
00000000
00000000
00000000
00000000
00000000
00000000
00000000
00000000
00000000
00000000
00000000
00000000
00000000
00000000
00000000
00000000
00000000
00000000
00000000
00000000
00000000
00000000
00000000
00000000
00000000
00000000
00000000
00000000
00000000
00000000
00000000
00000000
00000000
00000000
00000000
00000000
00000000
00000000
00000000
00000000
00000000
00000000
00000000
00000000
00000000
00000000
00000000
00000000
00000000
00000000
00000000
00000000
00000000
00000000
00000000
00000000
00000000
00000000
00000000
00000000
00000000
00000000
00000000
00000000
00000000
00000000
00000000
00000000
00000000
00000000
00000000
00000000
00000000
00000000
00000000
00000000
00000000
00000000
00000000
00000000
00000000
00000000
00000000
00000000
00000000
00000000
00000000
00000000
00000000
00000000
00000000
00000000
00000000
00000000
00000000
00000000
00000000
00000000
00000000
00000000
00000000
00000000
00000000
00000000
00000000
00000000
00000000
00000000
00000000
00000000
00000000
00000000
00000000
00000000
00000000
00000000
00000000
00000000
00000000
00000000
00000000
00000000
00000000
00000000
00000000
00000000
00000000
00000000
00000000
00000000
00000000
00000000
00000000
00000000
00000000
00000000
00000000
00000000
00000000
00000000
00000000
00000000
00000000
00000000
00000000
00000000
00000000
00000000
00000000
00000000
00000000
00000000
00000000
00000000
00000000
00000000
00000000
00000000
00000000
00000000
00000000
00000000
00000000
00000000
00000000
00000000
00000000
00000000
00000000
00000000
00000000
00000000
00000000
00000000
00000000
00000000
00000000
00000000
00000000
00000000
00000000
00000000
00000000
00000000
00000000
00000000
00000000
00000000
00000000
00000000
00000000
00000000
00000000
00000000
00000000
00000000
00000000
00000000
00000000
00000000
00000000
00000000
00000000
00000000
00000000
00000000
00000000
00000000
00000000
00000000
00000000
00000000
00000000
00000000
00000000
00000000
00000000
00000000
00000000
00000000
00000000
00000000
00000000
00000000
00000000
00000000
00000000
00000000
00000000
00000000
00000000
00000000
00000000
00000000
00000000
00000000
00000000
00000000
00000000
00000000
00000000
00000000
00000000
00000000
00000000
00000000
00000000
00000000
00000000
00000000
00000000
00000000
00000000
00000000
00000000
00000000
00000000
00000000
00000000
00000000
00000000
00000000
00000000
00000000
00000000
00000000
00000000
00000000
00000000
00000000
00000000
00000000
00000000
00000000
00000000
00000000
00000000
00000000
00000000
00000000
00000000
00000000
00000000
00000000
00000000
00000000
00000000
00000000
00000000
00000000
00000000
00000000
00000000
00000000
00000000
00000000
00000000
00000000
00000000
00000000
00000000
00000000
00000000
00000000
00000000
00000000
00000000
00000000
00000000
00000000
00000000
00000000
00000000
00000000
00000000
00000000
00000000
00000000
00000000
00000000
00000000
00000000
00000000
00000000
00000000
00000000
00000000
00000000
00000000
00000000
00000000
00000000
00000000
00000000
00000000
00000000
00000000
00000000
00000000
00000000
00000000
00000000
00000000
00000000
00000000
00000000
00000000
00000000
00000000
00000000
00000000
00000000
00000000
00000000
00000000
00000000
00000000
00000000
00000000
00000000
00000000
00000000
00000000
00000000
00000000
00000000
00000000
00000000
00000000
00000000
00000000
00000000
00000000
00000000
00000000
00000000
00000000
00000000
00000000
00000000
00000000
00000000
00000000
00000000
00000000
00000000
00000000
00000000
00000000
00000000
00000000
00000000
00000000
00000000
00000000
00000000
00000000
00000000
00000000
00000000
00000000
00000000
00000000
00000000
00000000
00000000
00000000
00000000
00000000
00000000
00000000
00000000
00000000
00000000
00000000
00000000
00000000
00000000
00000000
00000000
00000000
00000000
00000000
00000000
00000000
00000000
00000000
00000000
00000000
00000000
00000000
00000000
00000000
00000000
00000000
00000000
00000000
00000000
00000000
00000000
00000000
00000000
00000000
00000000
00000000
00000000
00000000
00000000
00000000
00000000
00000000
00000000
00000000
00000000
00000000
00000000
00000000
00000000
00000000
00000000
00000000
00000000
00000000
00000000
00000000
00000000
00000000
00000000
00000000
00000000
00000000
00000000
00000000
00000000
00000000
00000000
00000000
00000000
00000000
00000000
00000000
00000000
00000000
00000000
00000000
00000000
00000000
00000000
00000000
00000000
00000000
00000000
00000000
00000000
00000000
00000000
00000000
00000000
00000000
00000000
00000000
00000000
00000000
00000000
00000000
00000000
00000000
00000000
00000000
00000000
00000000
00000000
00000000
00000000
00000000
00000000
00000000
00000000
00000000
00000000
00000000
00000000
00000000
00000000
00000000
00000000
00000000
00000000
00000000
00000000
00000000
00000000
00000000
00000000
00000000
00000000
00000000
00000000
00000000
00000000
00000000
00000000
00000000
00000000
00000000
00000000
00000000
00000000
00000000
00000000
00000000
00000000
00000000
00000000
00000000
00000000
00000000
00000000
00000000
00000000
00000000
00000000
00000000
00000000
00000000
00000000
00000000
00000000
00000000
00000000
00000000
00000000
00000000
00000000
00000000
00000000
00000000
00000000
00000000
00000000
00000000
00000000
00000000
00000000
00000000
00000000
00000000
00000000
00000000
00000000
00000000
00000000
00000000
00000000
00000000
00000000
00000000
00000000
00000000
00000000
00000000
00000000
00000000
00000000
00000000
00000000
00000000
00000000
00000000
00000000
00000000
00000000
00000000
00000000
00000000
00000000
00000000
00000000
00000000
00000000
00000000
00000000
00000000
00000000
00000000
00000000
00000000
00000000
00000000
00000000
00000000
00000000
00000000
00000000
00000000
00000000
00000000
00000000
00000000
00000000
00000000
00000000
00000000
00000000
00000000
00000000
00000000
00000000
00000000
00000000
00000000
00000000
00000000
00000000
00000000
00000000
00000000
00000000
00000000
00000000
00000000
00000000
00000000
00000000
00000000
00000000
00000000
00000000
00000000
00000000
00000000
00000000
00000000
00000000
00000000
00000000
00000000
00000000
00000000
00000000
00000000
00000000
00000000
00000000
00000000
00000000
00000000
00000000
00000000
00000000
00000000
00000000
00000000
00000000
00000000
00000000
00000000
00000000
00000000
00000000
00000000
00000000
00000000
00000000
00000000
00000000
00000000
00000000
00000000
00000000
00000000
00000000
00000000
00000000
00000000
00000000
00000000
00000000
00000000
00000000
00000000
00000000
00000000
00000000
00000000
00000000
00000000
00000000
00000000
00000000
00000000
00000000
00000000
00000000
00000000
00000000
00000000
00000000
00000000
00000000
00000000
00000000
00000000
00000000
00000000
00000000
00000000
00000000
00000000
00000000
00000000
00000000
00000000
00000000
00000000
00000000
00000000
00000000
00000000
00000000
00000000
00000000
00000000
00000000
00000000
00000000
00000000
00000000
00000000
00000000
00000000
00000000
00000000
00000000
00000000
00000000
00000000
00000000
00000000
00000000
00000000
00000000
00000000
00000000
00000000
00000000
00000000
00000000
00000000
00000000
00000000
00000000
00000000
00000000
00000000
00000000
00000000
00000000
00000000
00000000
00000000
00000000
00000000
00000000
00000000
00000000
00000000
00000000
00000000
00000000
00000000
00000000
00000000
00000000
00000000
00000000
00000000
00000000
00000000
00000000
00000000
00000000
00000000
00000000
00000000
00000000
00000000
00000000
00000000
00000000
00000000
00000000
00000000
00000000
00000000
00000000
00000000
00000000
00000000
00000000
00000000
00000000
00000000
00000000
00000000
00000000
00000000
00000000
00000000
00000000
00000000
00000000
00000000
00000000
00000000
00000000
00000000
00000000
00000000
00000000
00000000
00000000
00000000
00000000
00000000
00000000
00000000
00000000
00000000
00000000
00000000
00000000
00000000
00000000
00000000
00000000
00000000
00000000
00000000
00000000
00000000
00000000
00000000
00000000
00000000
00000000
00000000
00000000
00000000
00000000
00000000
00000000
00000000
00000000
00000000
00000000
00000000
00000000
00000000
00000000
00000000
00000000
00000000
00000000
00000000
00000000
00000000
00000000
00000000
00000000
00000000
00000000
00000000
00000000
00000000
00000000
00000000
00000000
00000000
8e3efddf
4a2bd83c
515116fe
f8ef5bc7
16214a79
6d802655
8cb24613
31c3d7de
97a93b17
f06f27f4
4b7bb0c6
27f79994
0beafadf
fe1a625e
c7b88290
eab8756e
a2000003
00004a38
0003fa24
00000000
00000000
00000000
00000000
00000000
18b76a8a
8305bcac
880581b7
613e5710
9764f5d9
23dc768c
5500cf5d
d87fa482
2e0ce55e
8d613cd9
96347541
0af4598e
539a4954
f81ffbe8
aa201a1e
c05b35d5
0000000a
00000000
00000000
12700000
000049f8
00000000
00000000
00000000
00000000
00000000
00000000
00000001
00000000
00000000
00000000
00000000
00005197
1b818193
00000297
01828293
30529073
00100293
00028463
7c105073
00000297
13428293
30529073
00000113
00011663
00006117
d4c10113
f1402573
13174281
0313ede0
7113fbe3
8563ff01
911a00a2
bfd50285
00000097
07e08093
00008363
25739082
4581f140
00ef4601
00930f60
83630000
90820000
00000297
00c28293
30529073
00002303
0000bff5
80820000
b37346a1
42a13006
0055c563
00757613
0023ca11
05050005
47e315fd
1073feb0
80823003
00053023
15e10521
fcb04ee3
30031073
30238082
03210003
fe734de3
84068082
ede00297
f2828293
06028763
ede00297
f1c28293
f14027f3
b07346a1
13173006
0313ede0
5397f0a3
83930000
0333c823
53634061
831e0073
0463838a
f0ef0073
9a63fb5f
43170257
03130000
53972123
83930000
04638d23
f0ef0073
0317f99f
03130000
039768a3
83930000
04636823
f0ef0073
80a2f81f
00008082
342022f3
34102373
343023f3
8082bfd5
51978406
81930000
02930521
11630000
42970e55
82930000
43171ba2
03130000
53971b23
83930000
8c638723
5a630062
b5030073
02a10002
00a33023
4ae30321
0297fe73
82930000
031761a2
03130000
03976123
83930000
8c6360a3
5a630062
b5030073
02a10002
00a33023
4ae30321
100ffe73
02970000
82930000
03175e62
03130000
03975de3
83930000
8c635d63
5a630062
b5030073
02a10002
00a33023
4ae30321
100ffe73
43170000
03130000
83937ea3
5763bc01
30230073
03210003
fe734de3
00004217
7d020213
9602c211
00004517
ccc50513
4b1030ef
4f5030ef
00004517
f6a50513
4a1030ef
75b030ef
f0fff0ef
b07356fd
b0733046
27f33446
27373010
8f7d0004
b073c709
b0733036
07373026
8f7d0004
b073c319
67411806
0287071b
cb898ff9
300027f3
8fd96709
30079073
00305073
60000793
3007a073
300027f3
6007f793
7057c789
5073cc00
30ef00f0
45056f70
00000597
4cc58593
00000617
4cc60613
2cd000ef
6b5000ef
808280a2
11418082
22f3e406
0313f140
85630000
00730062
bff51050
510000ef
014160a2
00008082
00000000
65637845
6f697470
6948206e
6d202174
73756163
30203a65
38302578
6d202c78
3a637065
25783020
2c783830
76746d20
203a6c61
30257830
000a7838
00000000
7561634d
45206573
70656378
6e6f6974
646f4320
30203a65
38302578
00000a78
20776f4e
74697845
2e676e69
000a2e2e
20746f4e
61762061
2064696c
65726874
6c6f6873
6f632064
6769666e
74617275
216e6f69
65684320
73206b63
70757465
00000a21
00000000
20746f4e
61762061
2064696c
69616c63
6f632d6d
656c706d
63206574
69666e6f
61727567
6e6f6974
68432021
206b6365
75746573
000a2170
00000000
00000000
00000000
00000000
00000000
00000000
00000000
00000000
00000000
00000000
00000000
00000000
00000000
00000000
00000000
00000000
00000000
00000000
00000000
00000000
00000000
00000000
00000000
00000000
00000000
00000000
00000000
00000000
00000000
00000000
00000000
00000000
00000000
00000000
00000000
00000000
00000000
00000000
00000000
00000000
00000000
00000000
2b302d23
00000020
004c6c68
00000000
45676665
00004746
33323130
37363534
42413938
46454443
00000000
00000000
33323130
37363534
62613938
66656463
00000000
00001c44
00001c5a
00001c1a
00001c1a
00001c1a
00001c1a
00001c5a
00001c1a
00001c1a
00001c1a
00001c1a
00001db4
00001c98
00001d52
00001c1a
00001c1a
00001de8
00001c1a
00001c98
00001c1a
00001c1a
00001d5a
00000000
122023e6
00000000
122024e0
00000000
12202452
00000000
00000000
00000000
00000000
00000000
1220267c
00000000
1220269c
00000000
1220246c
00000000
1220244e
00000000
12202506
00000000
12202560
00000000
00000000
00000000
00000000
00000000
00000000
00000000
00000000
00000000
00000000
00000000
00000000
00000000
00000000
00000000
00000000
00000000
122025f2
00000000
122023b2
00000000
00000000
00000000
00000000
00000000
00000000
00000000
00000000
00000000
00000000
00000000
00000000
00000000
00000000
00000000
12202906
00000000
1220290c
00000000
1220292c
00000000
1220295a
00000000
12202a7a
00000000
1220295c
00000000
12202966
00000000
12202afe
00000000
1220296a
00000000
1220296e
00000000
122029a2
00000000
122029d6
00000000
12202a0a
00000000
12203c52
00000000
12202a24
00000000
12202a36
00000000
12202a3c
00000000
12202a44
00000000
12202a5e
00000000
122026bc
00000000
12202a9e
00000000
12202b08
00000000
12203aae
00000000
00000000
00000000
00000000
00000000
00000000
00000000
00000000
00000000
12203adc
00000000
00000000
00000000
12203c30
00000000
12203c34
00000000
00000000
00000000
00000000
00000000
00000000
00000000
00000000
00000000
00000000
00000000
00000000
00000000
00000000
00000000
00000000
00000000
12202902
00000000
00000000
00000000
00000000
00000000
00000000
00000000
00000000
00000000
00000000
00000000
00000000
00000000
00000000
00000000
00000000
00000000
12200798
00000000
00000000
00000000
6762696c
73736f6c
00000000
00000000
12204330
00000000
00040301
00000000
12203c6c
00000000
00000000
00000000
00000000
00000000
00000000
00000000
00000000
00000000
00000000
00000000
00000000
00000000
00000000
00000000
00000000
00000000
006c7179
f4064501
c602f026
065000ef
49e030ef
00ef84aa
85263500
376000ef
e9052501
22c000ef
234000ef
0c0027b7
c398577d
b7b745b2
879bfabf
9fadb007
0814c83e
46094785
ca3e4501
72a000ef
70a2a001
25017482
80826145
00000000
00000000
00000000
00000000
00000000
00000000
00000000
00000000
00000000
00000000
00000000
00000000
00000000
00000000
00000000
00000000
00000000
00000000
00000000
00000000
00000000
00000000
00000000
00000000
00000000
00000000
00000000
00000000
00000000
00000000
00000000
00000000
00000000
00000000
00000000
00000000
00000000
00000000
00000000
00000000
00000000
1060006f
0fc0006f
0f80006f
0f60006f
0f00006f
0ec0006f
0e80006f
0e80006f
0e00006f
0dc0006f
0d80006f
2f40006f
0d00006f
0cc0006f
0c80006f
0c40006f
0c00006f
0bc0006f
0b80006f
0b40006f
0b00006f
0ac0006f
0a80006f
0a40006f
0a00006f
09c0006f
0980006f
0940006f
0900006f
08c0006f
0880006f
0840006f
0800006f
07c0006f
0780006f
0740006f
0700006f
06c0006f
0680006f
0640006f
0600006f
05c0006f
0580006f
0540006f
0500006f
04c0006f
0480006f
0440006f
00000000
00000000
00000000
00000000
00000000
00000000
00000000
00000000
00000000
00000000
00000000
00000000
00000000
00000000
00000000
00000000
a001a001
1141a001
e022e406
34202473
26732401
26f33410
05173430
05130000
26818e65
85a22601
033000ef
3ff47593
00000517
91050513
023000ef
00000517
92450513
017000ef
0ee00513
738000ef
879b6785
a7f38007
80823047
a7f347a1
80823007
b7f347a1
80823007
0025151b
020007b7
a02397aa
000f0007
80820ff0
03100793
00f59963
00d5151b
0c2007b7
08f5053b
07938082
97630510
151b00f5
17b700d5
b7ed0c20
05171141
05130000
e4068c65
7a6000ef
450160a2
80820141
03100793
00f59a63
00d5151b
0c2007b7
053b0791
808208f5
05100793
00f59763
00d5151b
0c2017b7
1141b7e5
00000517
8bc50513
00efe406
60a27640
01414501
07938082
81630310
079304f6
9c630510
26b702f6
86930c00
571b0806
171b0055
073b0027
179b0807
87bb0086
470508e7
153b97b6
470500a7
9a634394
8ec900e5
0006871b
8082c398
0c0026b7
f733b7f9
270140a6
151bbfc5
07b70025
053b0c00
c10c08f5
11018082
e44ae826
4481ec06
ef5ff0ef
02200913
45898526
f0ef2485
9be3fd9f
60e2ff24
692264c2
61054501
71798082
f406f026
e84eec4a
84aae452
ec5ff0ef
00000797
d5c78793
0017e793
30579073
a2018913
f0ef8526
8a13eb3f
89caaa41
a5032481
06930009
86260310
f0ef4581
a503f31f
06930009
86260510
09914581
f1fff0ef
fd499fe3
00092503
03100693
45858626
f0ef0911
17e3f09f
8526ff49
03100593
e79ff0ef
478570a2
7482c11c
69c26962
45016a22
80826145
f6867149
ee9af296
e6a6ea9e
fe2ee2aa
f636fa32
ee3ef23a
e646ea42
fdcee24a
f5d6f9d2
edf6f1f2
e5fee9fa
b906bd02
b10eb50a
a916ad12
a11ea51a
b8aebcaa
b0b6b4b2
a8beacba
a0c6a4c2
b876bc72
b07eb47a
f14024f3
00048a9b
03100593
f0ef8556
2983e3ff
892a0005
4501006c
3e0000ef
00004a17
d70a0a13
000a2783
00249693
20232785
8e6300fa
87930c09
863b9101
47b30809
439820f6
053b6505
073b0155
861308c7
47339981
061320c7
84b30210
c30802c4
00004717
d2070713
43149736
00004617
d5c60613
450145b2
089684bb
20c4c4b3
26854390
0134a023
c3902605
00efc314
20230f80
27830139
cf91000a
07b745b2
879b1011
9fad1007
46090814
c83e4501
00efca2e
70b624c0
63767296
64b663d6
75f26516
76b27652
67f27712
68b26852
79ee6912
7aae7a4e
6eee7e0e
6fae6f4e
30ca306a
318a312a
22ca226a
238a232a
35c63566
36863626
27c62766
28862826
3ec23e62
3f823f22
00736175
47973020
87930000
97b6c7a7
27054398
bfa5c398
4785b4a5
95be179a
8082c190
179a4785
418895be
11018082
1000ec22
262387aa
2783fef4
871bfec4
47fd0007
00e7f463
a01157f5
853e4781
61056462
11018082
1000ec22
262387aa
2783fef4
871bfec4
47fd0007
00e7f463
a01157f5
853e4781
61056462
71798082
f022f406
3c231800
87aefca4
fcf42a23
fe042623
fd442783
f0ef853e
87aaf95f
2783873e
8fd9fec4
fef42623
fec42783
c3992781
a82d57f5
100077b7
38078793
fef42423
fe042223
fd442783
4785873e
00e797bb
22232781
6783fef4
2703fe84
863afe44
350385be
f0effd84
4781f31f
70a2853e
61457402
71398082
f822fc06
3c230080
87aefca4
fcc43423
fcf42a23
fe042623
fd442783
f0ef853e
87aaf3df
2783873e
8fd9fec4
fef42623
fec42783
c3992781
a82557f5
fd442783
27b7873e
879b0400
9fb9c937
979b2781
24230027
6783fef4
85befe84
fd843503
ec9ff0ef
871b87aa
37830007
c398fc84
853e4781
744270e2
80826121
fc067139
0080f822
fca43c23
342387ae
2a23fcc4
2623fcf4
2783fe04
853efd44
ebfff0ef
873e87aa
fec42783
26238fd9
2783fef4
2781fec4
57f5c399
2783a825
873efd44
040027b7
c337879b
27819fb9
0027979b
fef42423
fe846783
350385be
f0effd84
87aae4bf
0007871b
fc843783
4781c398
70e2853e
61217442
715d8082
e0a2e486
34230880
87aefca4
3c238732
2223fad4
87bafcf4
fcf42023
fe042423
fc442783
f0ef853e
87aae39f
2783873e
8fd9fe84
fef42423
fe842783
c3992781
a07557f5
fdc40713
fc442783
85be863a
fc843503
f2dff0ef
fd840713
fc442783
85be863a
fc843503
e9bff0ef
fdc42703
fd842783
40f707bb
fef42223
fc442783
27b7873e
879b0400
9fb9cb37
979b2781
20230027
2783fef4
873efc04
fe442783
27812701
00e7f463
a09157fd
fe042623
6683a02d
6783fe04
078afec4
fb843703
439c97ba
85b6863e
fc843503
d57ff0ef
fec42783
26232785
2783fef4
873efec4
fc042783
27812701
fcf765e3
853e4781
640660a6
80826161
f5067171
1900f122
f4a43c23
f4b43823
fe042623
f6840793
08000713
4581863a
00ef853e
47b111e0
f6f42423
0ff00793
f6f42623
0ff00793
f6f42823
0ff00793
f6f42a23
0ff00793
f6f42c23
0ff00793
f6f42e23
0ff00793
f8f42023
0ff00793
f8f42223
24234789
478df8f4
f8f42623
28234791
4795f8f4
f8f42a23
2c234799
479df8f4
f8f42e23
202347a1
47a5faf4
faf42223
28234785
4785faf4
faf42a23
2c2347b5
47b5faf4
faf42e23
0ff00793
fcf42023
0ff00793
fcf42223
242347a9
47a9fcf4
fcf42623
282347ad
47adfcf4
fcf42a23
100087b7
aa078793
fef42423
fe846783
350385be
f0eff584
87aac4bf
fef42623
fec46783
17c1078a
a70397a2
3783f787
c398f504
853e4781
740a70aa
8082614d
e0221141
3797e406
87930000
842ae7e7
4581c781
671020ef
fffff517
60c53503
c391653c
85229782
46b020ef
872a433d
02c37163
00f77793
e1bde3c1
ff067693
96ba8a3d
e70ce30c
6de30741
e211fed7
06b38082
068a40c3
00000297
80679696
072300a6
06a300b7
062300b7
05a300b7
052300b7
04a300b7
042300b7
03a300b7
032300b7
02a300b7
022300b7
01a300b7
012300b7
00a300b7
002300b7
808200b7
0ff5f593
00859693
96938dd5
8dd50105
02059693
b7598dd5
00279693
00000297
82869696
fa2680e7
17c18096
963e8f1d
f8c371e3
7159b79d
f406f022
fc2e842a
e4b6e0b2
ecbee8ba
f4c6f0c2
00003517
75053503
591cc519
e42ae789
0d2000ef
690c6522
86221834
00efec36
70a239a0
61657402
11418082
e406e022
1823842a
192300b5
302300c5
34230005
26230005
3c230a05
20230005
24230205
46210205
05134581
f0ef0a45
0797ee7f
87930000
e03c6367
00000797
65e78793
0797e43c
87930000
e83c6a47
00000797
6d278793
fc0060a2
6402ec3c
80820141
00001597
a3458593
1101aab9
0793e426
849b0b00
84b3fff5
e04a02f4
e822892e
8593ec06
00ef0c84
842a1ac0
3023cd01
24230005
05610125
8613e808
45810b04
e71ff0ef
852260e2
64a26442
61056902
591c8082
1141ebad
e406e022
00000797
fa478793
3023e53c
24230805
38230805
f7970805
b783ffff
842a4367
00f51463
d91c4785
00ef8522
e4080420
00ef8522
e80803a0
00ef8522
ec080320
46016408
f0ef4591
6808ef9f
45a54605
eefff0ef
46096c08
f0ef45c9
4785ee5f
d81c60a2
01416402
80828082
e4261101
fffff497
3dc4b483
e04a589c
e822ec06
e781892a
f0ef8526
8493f71f
68800804
37fd449c
0007d663
cfa9609c
bfc56084
01041703
77c1e729
26230785
30230a04
34230004
c81c0004
00043c23
02042023
02042423
45814621
0a440513
d89ff0ef
06043023
06042423
08043023
08042423
852260e2
64a26442
61056902
04138082
b7450b04
854a4591
eb7ff0ef
842ae088
47b1fd51
00f92023
715dbfe1
fc26e0a2
f052f44e
e45ee85a
f84ae486
89aaec56
04938a2e
44010805
5bfd4b05
0104b903
0084aa83
d0633afd
6084020a
60a6f8e5
64068522
794274e2
7a0279a2
6b426ae2
61616ba2
57838082
7b630109
178300fb
87630129
85ca0177
9a02854e
24018c49
0b090913
8793b7c1
71790075
07379be1
ec268000
07a1e84a
f4064941
e44ef022
fff74713
f93384aa
64630b27
7c6300f7
47b100b9
4501c09c
740270a2
694264e2
614569a2
00ef8082
36971d70
86930000
62984f26
e80d843a
00003417
4ec40413
e791601c
85264581
3a0000ef
85cae008
00ef8526
59fd3960
05351e63
c09c47b1
00ef8526
bf4519d0
87bb601c
c0634127
463d0407
00f65763
943ee01c
01243023
641ca029
02871363
8526e29c
173000ef
00f40513
00840793
07bb9961
dfad40f5
07bb943e
e01c40f0
e71cbf85
8722bff9
b7516400
00750413
01e39861
05b3fc85
852640a4
324000ef
fb351ae3
465cbf41
fff7871b
5963c658
561c0007
00f74563
936347a9
aecd00f5
852e621c
00178713
8023e218
808200b7
f0227179
e84aec26
e052e44e
892af406
843289ae
00d604b3
14635a7d
45010094
4583a811
864e0004
f0ef854a
0405fadf
ff4515e3
740270a2
694264e2
6a0269a2
80826145
e1a27155
f94afd26
f152f54e
ed56e586
e55ee95a
fce6e162
89aaf8ea
893284ae
4a018436
591cc509
f0efe399
f797d01f
8793ffff
9e63dc27
b4830cf4
d7830089
8ba10104
6c9ccbed
0793c7fd
04a30200
5afd02f1
03000793
0523d202
e42202f1
02500b93
020a9c13
fffffb17
df8b0b13
844a4c85
00044783
9263c399
0d3b0f77
0e634124
86ea000d
85a6864a
f0ef854e
0a63f2ff
57921f55
01a787bb
4783d23e
82630004
09131e07
e8620014
09a3ec02
d4820401
00094583
855a4615
7ea000ef
041347c2
ed510019
0107f713
0713c709
09a30200
f71304e1
c7090087
02b00713
04e109a3
00094683
02a00713
08e68363
844a47f2
46254681
47034829
05130004
059b0014
872efd07
0ab67a63
ce3ecabd
f797a88d
8793ffff
9563d167
b48300f4
bf310109
fffff797
c9478793
f0f499e3
0189b483
85a6b729
00ef854e
d51135c0
60ae557d
74ea640e
79aa794a
6aea7a0a
6baa6b4a
7ce66c0a
61697d46
04058082
0533bf11
953b4165
8fc900ac
8922c83e
6722b791
00870693
e4364318
02074963
4703ce3a
07930004
106302e0
470304f7
07930014
106302a0
67a20af7
87130409
439c0087
c163e43a
ca3e0207
073ba839
e79340e0
ce3a0027
b7e1c83e
02f807bb
4685842a
bf159fb9
4583ca56
460d0004
fffff517
c9850513
6ce000ef
f797cd11
8793ffff
8d1dc8a7
071347c2
173b0400
8fd900a7
c83e0405
00044583
f5174619
0513ffff
0913c725
04230014
00ef02b1
c1516980
00000793
4742eba1
771367a2
c3291007
9bc107bd
e43e07c1
87bb5792
d23e0147
0405bd3d
4681ca02
46254781
47034829
05130004
059b0014
872efd07
00b67463
bf95fab9
02f807bb
4685842a
b7c59fb9
b7d107a1
06970038
86930000
8626d526
854e080c
00000097
000000e7
15e38a2a
d783fb55
f7930104
99e30407
5512ea07
0038b57d
00000697
d2468693
080c8626
00ef854e
bfd97d20
e0221141
852e842a
00003797
1207ae23
20efe406
57fd5820
00f51863
00003797
1287a783
c01cc391
640260a2
80820141
e0221141
9583842e
e4060125
20d000ef
00054963
97aa6c5c
60a2ec5c
01416402
57838082
777d0104
8ff9177d
00f41823
d783b7ed
71790105
ec26f022
e44ee84a
f793f406
84aa1007
8932842e
c79989b6
01259583
46014689
43e000ef
01045783
177d777d
15838ff9
18230124
740200f4
86ce70a2
69a2864a
85266942
614564e2
1141a219
842ee022
01259583
00efe406
577d4080
01045783
00e51b63
177d777d
18238ff9
60a200f4
01416402
67058082
18238fd9
ec4800f4
9583b7fd
a4210125
f0227179
e84aec26
e44ef406
892e84aa
c5098432
e399591c
977ff0ef
fffff797
a3878793
06f41a63
541c6480
5783c45c
8ba10104
6c1cc3d1
6c1cc3c1
79936008
894e0ff9
501c9d1d
00f54763
852685a2
320000ef
445ce53d
37fd2505
601cc45c
00178713
8023e018
501c0137
00a78963
01045783
cb898b85
176347a9
85a200f9
00ef8526
ed152ee0
740270a2
69a264e2
6942854a
80826145
fffff797
9f478793
00f41463
b7516880
fffff797
97478793
f6f41de3
bf956c80
852685a2
03e000ef
597ddd2d
1141b7d1
842ae022
85b2852e
37978636
a1230000
e406f807
408020ef
186357fd
379700f5
a7830000
c391f6e7
60a2c01c
01416402
11018082
e426e822
ec06e04a
00003497
ef84b483
842e892a
589cc491
8526e781
877ff0ef
fffff797
93878793
02f41663
17836480
f6930104
c73b0087
eab50807
01077693
4725ea95
00e92023
0407e793
00f41823
a879557d
fffff797
93c78793
00f41463
b7f16880
fffff797
8bc78793
fcf411e3
bf756c80
c7158b11
c991702c
07c40793
00f58563
00ef854a
30233a60
57830604
24230104
f7930004
1823fdb7
6c1c00f4
5783e01c
e7930104
18230087
6c1c00f4
5783ef89
07130104
f7932000
86632807
85a200e7
00ef854a
17832a60
f6930104
c73b0017
c29d0807
26235014
06bb0004
d41440d0
45016c14
7713e681
ff290807
644260e2
690264a2
80826105
00277693
e2914601
c4505010
1141bff1
842ae022
3797852e
a3230000
e406e407
224020ef
186357fd
379700f5
a7830000
c391e327
60a2c01c
01416402
d7838082
71790105
ec26f022
e84af406
f713e44e
84aa0087
ef69842e
4d634598
5db800e0
00e04a63
70a24501
64e27402
69a26942
80826145
d77d6838
a9036685
8ff50004
0004a023
cfa57c0c
57836c50
8b910104
441cc799
703c8e1d
5c3cc399
683c8e1d
46817c0c
97828526
570357fd
1d630104
409400f5
e76347f5
07b706d7
17f9dfc0
40d7d7b3
efb98b85
24236c1c
e01c0004
8f7d6785
57fdc719
00f51463
e391409c
702cec48
0124a023
0793ddb5
856307c4
852600f5
23c000ef
06043023
4601b7a5
85264685
57fd9702
10e3862a
409cf8f5
4775dfad
00e78563
94634759
a02304e7
b7890124
04076713
00e41823
bf25557d
0185b983
f20988e3
0005b903
b0238b8d
093b0135
47014139
5198e391
5be3c458
643cf120
86ca7c0c
8526864e
49639782
578300a0
e7930104
18230407
bf7d00f4
093b99aa
bfe140a9
c3a56d9c
e8221101
842aec06
591cc519
e42ee789
e0aff0ef
e79765a2
8793ffff
9b636ca7
640c00f5
01059783
8522c795
60e26442
bd416105
ffffe797
6e478793
00f59463
b7cd680c
ffffe797
66478793
fcf59ce3
bfc96c0c
644260e2
61054501
45018082
11418082
842ae022
85b2852e
37978636
a9230000
e406c607
08c020ef
186357fd
379700f5
a7830000
c391c5e7
60a2c01c
01416402
71758082
842ee122
01259583
f8cafca6
84b2e506
d4638936
57830205
f7930104
cf8d0807
07134781
60aa0400
2023640a
e09800f9
74e67946
61494501
00308082
544000ef
fc054be3
673d47b2
67098ff9
b7938f99
07130017
bfc14000
bfe54781
0105d783
f0227179
ec26f406
8b89e84a
cf89842e
07f40793
ec1ce01c
d01c4785
740270a2
694264e2
80826145
00300054
f0ef84aa
65a2f71f
8526892a
e6aff0ef
1783ed01
f7130104
fb792007
e7939bf1
18230027
bf7d00f4
fffff797
47c78793
5783e4bc
e0080104
e793ec08
18230807
67a200f4
4792d01c
1583cf91
85260124
4d6000ef
5783c901
9bf10104
0017e793
00f41823
01045783
0127e533
00a41823
f593b741
962a0ff5
00c51463
80824501
00054783
feb78de3
b7fd0505
80828082
b783c1cd
1101ff85
ec06e822
ff858413
0007d363
e42a943e
fe5ff0ef
00003717
b0070713
6522631c
3423eb81
e3000004
60e26442
b7e16105
00f47d63
06b36010
966300c4
639400d7
96b2679c
e41ce014
873ebff9
c399679c
fef47de3
06336314
1f6300d7
60100086
e31496b2
00d70633
fcc790e3
679c6390
e31496b2
bf4de71c
00c47563
c11c47b1
6010b765
00c406b3
00d79663
679c6394
e01496b2
e700e41c
8082bf41
f052715d
8a3a499c
e0a24598
f44efc26
e486ec56
e85af84a
e7b3e45e
c21c0ae7
0435c703
842e89aa
8ab684b2
2785c319
401cc21c
0207f793
409cc781
c09c2789
00042903
00697913
00091a63
01940b13
445c5bfd
9f994098
04f94d63
04344783
00f03633
00f036b3
f793401c
e7bd0207
04340613
854e85d6
57fd9a02
04f50263
4711401c
8b994901
00e79763
4098445c
e9339f99
441c0b27
55634818
9f9900f7
0127893b
04694481
1a635b7d
45010499
4685a809
85d6865a
9a02854e
01751e63
60a6557d
74e26406
79a27942
6ae27a02
6ba26b42
80826161
bfa52905
00d407b3
03000693
04d781a3
0016071b
0026069b
04544603
00e407b3
04c781a3
4685bf95
85d68622
9a02854e
fb650ce3
bf712485
e0a2715d
f44ef84a
e486f052
ec56fc26
c803e85a
07930185
892a0780
89b2842e
e2638a36
07930307
86930620
e1630435
03630307
07931c08
e6170580
0613ffff
08633c66
049314f8
01230424
a8150504
f9d8079b
0ff7f793
66e34655
e617fef6
0613ffff
c7b33ce6
439c20c7
878297b2
8493631c
86930425
439c0087
8123e314
478504f5
419ca275
f6136308
05930807
c20d0085
e30c611c
0007d863
02d00713
40f007b3
04e401a3
ffffe617
35860613
a82d4829
0407f613
e30c411c
9793de71
bfd96057
631c4190
08067513
00878593
639ccd41
0713e30c
e61706f0
0613ffff
0d633266
48290ee8
040401a3
c4184058
00074563
99ed400c
e399c00c
cf1984b6
f73384b6
14fd0307
47039732
80230007
873e00e4
0307d7b3
ff0775e3
1e6347a1
401c00f8
cb918b85
481c4058
00e7c763
03000793
fef48fa3
8e8514fd
8752c814
007086ce
854a85a2
da9ff0ef
15635afd
557d0f55
640660a6
794274e2
7a0279a2
6b426ae2
80826161
7613439c
e30c0406
c7bbc601
b7850807
080787bb
419cbfa9
0a07e793
0813c19c
e6170780
0613ffff
02a328e6
400c0504
f813631c
85130805
01630087
639c0208
f713e308
c7010015
0205e593
4841c00c
4018fb85
fdf77713
b71dc018
f813439c
e3080405
00080563
0807c7bb
87bbbfd9
bfc10807
b7294821
631c4190
781349cc
85130806
09630087
e3080008
e38c639c
00042823
b78184b6
7613e308
639c0406
9023c601
b7ed00b7
b7ddc38c
41d0631c
86934581
e3140087
85266384
c0bff0ef
8d05c119
405cc048
01a3c81c
b7210404
86264814
854a85ce
08e39a02
401cf155
e7858b89
47b24448
0af56533
4685b701
85ce8656
9a02854a
ef6509e3
445c2485
9f994732
fef4c5e3
4481bff1
01940a93
b7f55b7d
e0221141
852e842a
863685b2
00002797
6e07a823
10efe406
57fd3210
00f51863
00002797
6dc7a783
c01cc391
640260a2
80820141
e0221141
852e842a
279785b2
af230000
e4066a07
2bb010ef
186357fd
279700f5
a7830000
c3916aa7
60a2c01c
01416402
11418082
842ae022
2797852e
a7230000
e4066807
2a1010ef
186357fd
279700f5
a7830000
c39167a7
60a2c01c
01416402
27978082
87930000
07b302e7
b79340f5
66910017
0035959b
97ae07e6
00468713
55fd973e
97b6c30c
0006069b
9601c394
4501c310
71798082
2903e84a
f4060085
ec26f022
1563e44e
24170209
04130000
0433fe64
34134085
84aa0014
0014141b
00002997
ff898993
00891b63
c49c4785
740270a2
694264e2
614569a2
458d8082
00090363
b783459d
86a60009
7f9c4601
00002517
fc850513
97822905
557db7f1
106f8082
114163a0
2573e406
2501f140
03f010ef
014160a2
0310106f
fc067139
f426f822
ec2e842a
e436e832
610010ef
0005049b
fd3ff0ef
00002797
f5878793
47858c1d
0297e063
664266a2
341365e2
141b0014
47810014
00002817
f6080813
00f41863
744270e2
557d74a2
80826121
c391470d
1463471d
84630105
278500e5
611cb7c5
70e27442
7f9c74a2
87826121
ec061101
f0efe42e
c911f71f
470565a2
00b76763
60e2611c
6105679c
60e28782
6105557d
11018082
e822ec06
c58de42e
f0ef842a
2797f45f
87930000
8c1deca7
341365a2
141b0014
47810014
00002697
edc68693
00f41763
644260e2
6105557d
470d8082
471dc391
00d51463
00e58463
b7cd2785
6442611c
67bc60e2
87826105
ec061101
e42ee822
842ac58d
eebff0ef
00002797
e7078793
65a28c1d
00143413
0014141b
26974781
86930000
1763e826
60e200f4
557d6442
80826105
c391470d
1463471d
846300d5
278500e5
611cb7cd
60e26442
61056bbc
27978782
87930000
8d1de267
00153513
056667b1
ffc78713
972a17e1
430c953e
4310411c
069b2781
1ae30006
9513feb6
87bb0206
8d5d0807
27978082
87930000
1141dee7
40f50733
3713e022
e4060017
8432478d
8b630766
ce6304f5
478500b7
02f58663
8a634789
57fd02f5
640260a2
0141853e
47918082
fef599e3
d67d4781
979b421c
97ba0027
b7cd439c
de7957fd
f73ff0ef
4781e008
57fdbfd1
421cda61
0027979b
a02397ba
b7f50007
de5d57fd
979b421c
97ba0027
c3984705
0480000f
bfd1439c
ec061101
842ae822
62a010ef
0070c62a
45898522
f63ff0ef
644260e2
80826105
ec061101
842ae822
60a010ef
0070c62a
458d8522
f43ff0ef
644260e2
80826105
80824501
27f385aa
2717f140
07130000
e7b32f27
638820e7
342027f3
f793c515
27173ff7
07130000
8793d127
1a630a67
271700e5
07130000
e7b3d1a7
639c20e7
078e8782
9002639c
80828082
00000000
00000000
00000000
00000000
00000000
00000000
00000000
00000000
00000000
00000000
00000000
00000000
00000000
00000000
00000000
00000000
00000000
00000000
00000000
00000000
00000000
00000000
00000000
00000000
00000000
00000000
00000000
00000000
00000000
00000000
ee06712d
e61aea16
fdaae21e
f5b2f9ae
edbaf1b6
e5c2e9be
fd72e1c6
f57af976
ad02f17e
a50aa906
bc92a10e
b49ab896
acaab09e
a4b2a8ae
bc3aa0b6
b442b83e
ac72b046
a47aa876
27f3a07e
2717f140
07130000
e7b31ea7
639420e7
34202673
341027f3
343027f3
30502773
2597cea9
85930000
2797c025
87930000
8363c127
478100b6
3ff67513
08065f63
08000693
00d51a63
5187b703
5287b583
08000513
a0159702
d56346ad
771300a6
e33d03f7
00950713
16930716
973e0055
b78397b6
670c1187
60f29782
633262d2
756e6392
762e75ce
676e768e
682e67ce
7e6a688e
7f2a7eca
206a7f8a
212a20ca
3266218a
332632c6
25663386
262625c6
37622686
382237c2
2e623882
2f222ec2
61152f82
30200073
18e34689
2773fad7
63183070
1807b583
67b3bfb5
b78320f5
85aa5307
97828536
0000bf49
00000000
00000000
00000000
00000000
00000000
00000000
00000000
00000000
00000000
00000000
00000000
00000000
00000000
00000000
00000000
00000000
00000000
00000000
45010000
25738082
8082b000
cd0987aa
00002717
ae070713
98634501
453700e7
0513000f
80822405
80824501
ec061101
2797e402
87930000
9c63abe7
251700a7
35030000
c511cca5
0030611c
6fdc4585
60e29782
61056522
bf4d8082
00002517
a8450513
451d8082
450d8082
11018082
c62eec06
00002797
a7c78793
02a79163
00002797
c087b783
c799557d
00706398
6f58458d
9702853e
610560e2
557d8082
1101bfe5
c62eec06
00002797
a4878793
02a79163
00002797
bd47b783
c799557d
00706398
6f584589
9702853e
610560e2
557d8082
1101bfe5
c62eec06
00002797
a1478793
02a79163
00002797
ba07b783
c7994501
00706398
6f584591
9702853e
610560e2
45018082
2797bfe5
87930000
84639e67
450100a7
25178082
05130000
80829ee5
0005d783
4511470d
83638b8d
450900e7
25738082
80823410
34159073
80824501
00002797
9ac78793
00a78463
80824501
00002517
fcc50513
65088082
11418082
06400513
10efe406
11412560
0c800513
10efe406
279724a0
87930000
862e9767
00a79b63
00002517
b8053503
611cc509
73dc4581
557d8782
451c8082
0793efb1
07131185
b0235185
b4230007
b8230007
87930007
98e30207
0793fee7
07135305
06975b05
86930000
e394f9c6
1ee307a1
2773fef7
d7973050
8793ffff
1b6367a7
27f300f7
07973050
87930000
9bf1c967
30579073
c51c4785
25178082
05130000
80828e25
27f3ed81
07973050
87930000
9bf1c727
30579073
80824501
557d4785
fef59de3
305027f3
00001797
1d478793
0017e793
4a63b7c5
279700a0
87930000
6533e7a7
610820f5
45018082
11418082
e022e406
f1402573
f0ef2501
842afddf
dc9ff0ef
00a50593
64028522
014160a2
712db719
ee06fdaa
e61aea16
f9aee21e
f1b6f5b2
e9beedba
e1c6e5c2
f976fd72
f17ef57a
a906ad02
a10ea50a
b896bc92
b09eb49a
a8aeacaa
a0b6a4b2
b83ebc3a
b046b442
12c00513
a876ac72
a07ea47a
0fc010ef
ee06712d
e61aea16
fdaae21e
f5b2f9ae
edbaf1b6
e5c2e9be
fd72e1c6
f57af976
ad02f17e
a50aa906
bc92a10e
b49ab896
acaab09e
a4b2a8ae
bc3aa0b6
b442b83e
ac72b046
a47aa876
27f3a07e
2717f140
07130000
e7b3da27
639c20e7
1717c38d
07130000
93637ca7
179706e7
87930000
b7037d67
b5831787
450d1887
60f29702
633262d2
756e6392
762e75ce
676e768e
682e67ce
7e6a688e
7f2a7eca
206a7f8a
212a20ca
3266218a
332632c6
25663386
262625c6
37622686
382237c2
2e623882
2f222ec2
61152f82
30200073
18803783
712d9002
ea16ee06
e21ee61a
f9aefdaa
f1b6f5b2
e9beedba
e1c6e5c2
f976fd72
f17ef57a
a906ad02
a10ea50a
b896bc92
b09eb49a
a8aeacaa
a0b6a4b2
b83ebc3a
b046b442
a876ac72
a07ea47a
f14027f3
00002717
cd070713
20e7e7b3
c38d639c
00001717
6f870713
06e79363
00001797
70478793
1f87b703
2087b583
9702451d
62d260f2
63926332
75ce756e
768e762e
67ce676e
688e682e
7eca7e6a
7f8a7f2a
20ca206a
218a212a
32c63266
33863326
25c62566
26862626
37c23762
38823822
2ec22e62
2f822f22
00736115
37833020
90022080
ee06712d
e61aea16
fdaae21e
f5b2f9ae
edbaf1b6
e5c2e9be
fd72e1c6
f57af976
ad02f17e
a50aa906
bc92a10e
b49ab896
acaab09e
a4b2a8ae
bc3aa0b6
b442b83e
ac72b046
a47aa876
27f3a07e
2717f140
07130000
e7b3bfe7
639c20e7
1717c38d
07130000
93636267
179706e7
87930000
b7036327
b5833187
45413287
60f29702
633262d2
756e6392
762e75ce
676e768e
682e67ce
7e6a688e
7f2a7eca
206a7f8a
212a20ca
3266218a
332632c6
25663386
262625c6
37622686
382237c2
2e623882
2f222ec2
61152f82
30200073
32803783
712d9002
ea16ee06
e21ee61a
f9aefdaa
f1b6f5b2
e9beedba
e1c6e5c2
f976fd72
f17ef57a
a906ad02
a10ea50a
b896bc92
b09eb49a
a8aeacaa
a0b6a4b2
b83ebc3a
b046b442
a876ac72
a07ea47a
f14027f3
00002717
b2c70713
20e7e7b3
c38d639c
00001717
55470713
06e79363
00001797
56078793
3387b703
3487b583
97024545
62d260f2
63926332
75ce756e
768e762e
67ce676e
688e682e
7eca7e6a
7f8a7f2a
20ca206a
218a212a
32c63266
33863326
25c62566
26862626
37c23762
38823822
2ec22e62
2f822f22
00736115
37833020
90023480
ee06712d
e61aea16
fdaae21e
f5b2f9ae
edbaf1b6
e5c2e9be
fd72e1c6
f57af976
ad02f17e
a50aa906
bc92a10e
b49ab896
acaab09e
a4b2a8ae
bc3aa0b6
b442b83e
ac72b046
a47aa876
27f3a07e
2717f140
07130000
e7b3a5a7
639c20e7
1717c38d
07130000
93634827
179706e7
87930000
b70348e7
b5833587
45493687
60f29702
633262d2
756e6392
762e75ce
676e768e
682e67ce
7e6a688e
7f2a7eca
206a7f8a
212a20ca
3266218a
332632c6
25663386
262625c6
37622686
382237c2
2e623882
2f222ec2
61152f82
30200073
36803783
712d9002
ea16ee06
e21ee61a
f9aefdaa
f1b6f5b2
e9beedba
e1c6e5c2
f976fd72
f17ef57a
a906ad02
a10ea50a
b896bc92
b09eb49a
a8aeacaa
a0b6a4b2
b83ebc3a
b046b442
a876ac72
a07ea47a
f14027f3
00002717
98870713
20e7e7b3
c38d639c
00001717
3b070713
06e79363
00001797
3bc78793
3787b703
3887b583
9702454d
62d260f2
63926332
75ce756e
768e762e
67ce676e
688e682e
7eca7e6a
7f8a7f2a
20ca206a
218a212a
32c63266
33863326
25c62566
26862626
37c23762
38823822
2ec22e62
2f822f22
00736115
37833020
90023880
ee06712d
e61aea16
fdaae21e
f5b2f9ae
edbaf1b6
e5c2e9be
fd72e1c6
f57af976
ad02f17e
a50aa906
bc92a10e
b49ab896
acaab09e
a4b2a8ae
bc3aa0b6
b442b83e
ac72b046
a47aa876
27f3a07e
2717f140
07130000
e7b38b67
639c20e7
1717c38d
07130000
93632de7
179706e7
87930000
b7032ea7
b5833987
45513a87
60f29702
633262d2
756e6392
762e75ce
676e768e
682e67ce
7e6a688e
7f2a7eca
206a7f8a
212a20ca
3266218a
332632c6
25663386
262625c6
37622686
382237c2
2e623882
2f222ec2
61152f82
30200073
3a803783
712d9002
ea16ee06
e21ee61a
f9aefdaa
f1b6f5b2
e9beedba
e1c6e5c2
f976fd72
f17ef57a
a906ad02
a10ea50a
b896bc92
b09eb49a
a8aeacaa
a0b6a4b2
b83ebc3a
b046b442
a876ac72
a07ea47a
f14027f3
00001717
7e470713
20e7e7b3
c38d639c
00001717
20c70713
06e79363
00001797
21878793
3b87b703
3c87b583
97024555
62d260f2
63926332
75ce756e
768e762e
67ce676e
688e682e
7eca7e6a
7f8a7f2a
20ca206a
218a212a
32c63266
33863326
25c62566
26862626
37c23762
38823822
2ec22e62
2f822f22
00736115
37833020
90023c80
ee06712d
e61aea16
fdaae21e
f5b2f9ae
edbaf1b6
e5c2e9be
fd72e1c6
f57af976
ad02f17e
a50aa906
bc92a10e
b49ab896
acaab09e
a4b2a8ae
bc3aa0b6
b442b83e
ac72b046
a47aa876
27f3a07e
1717f140
07130000
e7b37127
639c20e7
1717c38d
07130000
936313a7
179706e7
87930000
b7031467
b5833d87
45593e87
60f29702
633262d2
756e6392
762e75ce
676e768e
682e67ce
7e6a688e
7f2a7eca
206a7f8a
212a20ca
3266218a
332632c6
25663386
262625c6
37622686
382237c2
2e623882
2f222ec2
61152f82
30200073
3e803783
712d9002
ea16ee06
e21ee61a
f9aefdaa
f1b6f5b2
e9beedba
e1c6e5c2
f976fd72
f17ef57a
a906ad02
a10ea50a
b896bc92
b09eb49a
a8aeacaa
a0b6a4b2
b83ebc3a
b046b442
a876ac72
a07ea47a
f14027f3
00001717
64070713
20e7e7b3
c38d639c
00001717
06870713
06e79363
00001797
07478793
3f87b703
4087b583
9702455d
62d260f2
63926332
75ce756e
768e762e
67ce676e
688e682e
7eca7e6a
7f8a7f2a
20ca206a
218a212a
32c63266
33863326
25c62566
26862626
37c23762
38823822
2ec22e62
2f822f22
00736115
37833020
90024080
ee06712d
e61aea16
fdaae21e
f5b2f9ae
edbaf1b6
e5c2e9be
fd72e1c6
f57af976
ad02f17e
a50aa906
bc92a10e
b49ab896
acaab09e
a4b2a8ae
bc3aa0b6
b442b83e
ac72b046
a47aa876
27f3a07e
1717f140
07130000
e7b356e7
639c20e7
1717c38d
07130000
9363f967
179706e7
87930000
b703fa27
b5834187
45614287
60f29702
633262d2
756e6392
762e75ce
676e768e
682e67ce
7e6a688e
7f2a7eca
206a7f8a
212a20ca
3266218a
332632c6
25663386
262625c6
37622686
382237c2
2e623882
2f222ec2
61152f82
30200073
42803783
712d9002
ea16ee06
e21ee61a
f9aefdaa
f1b6f5b2
e9beedba
e1c6e5c2
f976fd72
f17ef57a
a906ad02
a10ea50a
b896bc92
b09eb49a
a8aeacaa
a0b6a4b2
b83ebc3a
b046b442
a876ac72
a07ea47a
f14027f3
00001717
49c70713
20e7e7b3
c38d639c
00001717
ec470713
06e79363
00001797
ed078793
4387b703
4487b583
97024565
62d260f2
63926332
75ce756e
768e762e
67ce676e
688e682e
7eca7e6a
7f8a7f2a
20ca206a
218a212a
32c63266
33863326
25c62566
26862626
37c23762
38823822
2ec22e62
2f822f22
00736115
37833020
90024480
ee06712d
e61aea16
fdaae21e
f5b2f9ae
edbaf1b6
e5c2e9be
fd72e1c6
f57af976
ad02f17e
a50aa906
bc92a10e
b49ab896
acaab09e
a4b2a8ae
bc3aa0b6
b442b83e
ac72b046
a47aa876
27f3a07e
1717f140
07130000
e7b33ca7
639c20e7
1717c38d
07130000
9363df27
179706e7
87930000
b703dfe7
b5834587
45694687
60f29702
633262d2
756e6392
762e75ce
676e768e
682e67ce
7e6a688e
7f2a7eca
206a7f8a
212a20ca
3266218a
332632c6
25663386
262625c6
37622686
382237c2
2e623882
2f222ec2
61152f82
30200073
46803783
712d9002
ea16ee06
e21ee61a
f9aefdaa
f1b6f5b2
e9beedba
e1c6e5c2
f976fd72
f17ef57a
a906ad02
a10ea50a
b896bc92
b09eb49a
a8aeacaa
a0b6a4b2
b83ebc3a
b046b442
a876ac72
a07ea47a
f14027f3
00001717
2f870713
20e7e7b3
c38d639c
00001717
d2070713
06e79363
00001797
d2c78793
4787b703
4887b583
9702456d
62d260f2
63926332
75ce756e
768e762e
67ce676e
688e682e
7eca7e6a
7f8a7f2a
20ca206a
218a212a
32c63266
33863326
25c62566
26862626
37c23762
38823822
2ec22e62
2f822f22
00736115
37833020
90024880
ee06712d
e61aea16
fdaae21e
f5b2f9ae
edbaf1b6
e5c2e9be
fd72e1c6
f57af976
ad02f17e
a50aa906
bc92a10e
b49ab896
acaab09e
a4b2a8ae
bc3aa0b6
b442b83e
ac72b046
a47aa876
27f3a07e
1717f140
07130000
e7b32267
639c20e7
1717c38d
07130000
9363c4e7
179706e7
87930000
b703c5a7
b5834987
45714a87
60f29702
633262d2
756e6392
762e75ce
676e768e
682e67ce
7e6a688e
7f2a7eca
206a7f8a
212a20ca
3266218a
332632c6
25663386
262625c6
37622686
382237c2
2e623882
2f222ec2
61152f82
30200073
4a803783
712d9002
ea16ee06
e21ee61a
f9aefdaa
f1b6f5b2
e9beedba
e1c6e5c2
f976fd72
f17ef57a
a906ad02
a10ea50a
b896bc92
b09eb49a
a8aeacaa
a0b6a4b2
b83ebc3a
b046b442
a876ac72
a07ea47a
f14027f3
00001717
15470713
20e7e7b3
c38d639c
00001717
b7c70713
06e79363
00001797
b8878793
4b87b703
4c87b583
97024575
62d260f2
63926332
75ce756e
768e762e
67ce676e
688e682e
7eca7e6a
7f8a7f2a
20ca206a
218a212a
32c63266
33863326
25c62566
26862626
37c23762
38823822
2ec22e62
2f822f22
00736115
37833020
90024c80
ee06712d
e61aea16
fdaae21e
f5b2f9ae
edbaf1b6
e5c2e9be
fd72e1c6
f57af976
ad02f17e
a50aa906
bc92a10e
b49ab896
acaab09e
a4b2a8ae
bc3aa0b6
b442b83e
ac72b046
a47aa876
27f3a07e
1717f140
07130000
e7b30827
639c20e7
1717c38d
07130000
9363aaa7
179706e7
87930000
b703ab67
b5834d87
45794e87
60f29702
633262d2
756e6392
762e75ce
676e768e
682e67ce
7e6a688e
7f2a7eca
206a7f8a
212a20ca
3266218a
332632c6
25663386
262625c6
37622686
382237c2
2e623882
2f222ec2
61152f82
30200073
4e803783
712d9002
ea16ee06
e21ee61a
f9aefdaa
f1b6f5b2
e9beedba
e1c6e5c2
f976fd72
f17ef57a
a906ad02
a10ea50a
b896bc92
b09eb49a
a8aeacaa
a0b6a4b2
b83ebc3a
b046b442
a876ac72
a07ea47a
f14027f3
00001717
fb070713
20e7e7b3
c38d639c
00001717
9d870713
06e79363
00001797
9e478793
4f87b703
5087b583
9702457d
62d260f2
63926332
75ce756e
768e762e
67ce676e
688e682e
7eca7e6a
7f8a7f2a
20ca206a
218a212a
32c63266
33863326
25c62566
26862626
37c23762
38823822
2ec22e62
2f822f22
00736115
37833020
90025080
305027f3
03f7f793
470917fd
69634501
d71700f7
0713ffff
97bad127
0007c503
bff98082
872a47fd
00a7cf63
45014789
00e7df63
1fffe7b7
11178793
d533078e
890500e7
07138082
3513f805
80820017
ec267179
852e84aa
e84af022
f406e44e
89b2842e
f0ef8936
c541fbff
08000793
08f41c63
f8dff0ef
0005079b
cfa5554d
740270a2
694264e2
614569a2
bc238082
b4235134
a8215324
00541793
97a60425
bc230416
85331137
34230084
45010125
47fdbfc1
c5e35551
47bdfc87
fc87d2e3
00541793
97a60425
fffff717
f1a70713
bc230416
853310e7
30230084
bfc10125
fffff797
b5478793
16f4bc23
1924b023
5555bf7d
9ce3b771
f797f809
8793ffff
bc23b807
b77150f4
f80998e3
09e347ad
c0e3faf4
478dfa87
fcf404e3
5551479d
f6f410e3
fffff797
fa278793
1ef4bc23
2124b023
c911bfad
8863479d
e86304f5
c58d00b7
8d63478d
567d02f5
47ada805
04f58063
ff05879b
68e3473d
4785fef7
00b797bb
b7f3ee0d
a8093047
c60947a1
3007a7f3
a0194601
3007b7f3
80828532
ca1947a1
3047a7f3
0793b7f5
bfd50800
879b6785
b7f58007
3047b7f3
a7f3b7c5
bfc93047
bf414605
b7714601
87aa473d
4963557d
c61900b7
20f5e5b3
b8234501
808252c5
07978082
87930000
976379e7
051700a7
05130000
bfc97aa5
8082557d
81018793
35138d1d
053a0015
0105971b
678dc599
33378793
c11c9fb9
6795bffd
55578793
611cbfd5
8782779c
73bc611c
e5118782
00001517
d1853503
45018082
25738082
2501f140
611c8082
e4061141
9782639c
85aa1141
81018513
f0efe406
0000fedf
00000000
00000000
00000000
00000000
00000000
00000000
00000000
00000000
00000000
00000000
00000000
00000000
e77fe06f
e73fe06f
e6ffe06f
ebdfe06f
e67fe06f
e63fe06f
e5ffe06f
f7ffe06f
e57fe06f
e53fe06f
e4ffe06f
e4bfe06f
e47fe06f
e43fe06f
e3ffe06f
e3bfe06f
82cff06f
8faff06f
9c8ff06f
a96ff06f
b64ff06f
c32ff06f
d00ff06f
dceff06f
e9cff06f
f6aff06f
839ff06f
907ff06f
9d5ff06f
aa3ff06f
b71ff06f
c3fff06f
00000000
00000000
00000000
00000000
00000000
00000000
00000000
00000000
00000000
00000000
00000000
00000000
00000000
00000000
00000000
00000000
00000000
00000000
00000000
00000000
00000000
00000000
00000000
00000000
00000000
00000000
00000000
00000000
00000000
00000000
00000000
00000000
e4061141
0f2000ef
079360a2
c11c0580
0141557d
11418082
f0efe406
1141ea7f
00efe406
60a20d40
fa800793
557dc11c
80820141
3513157d
80820015
e4061141
0b6000ef
079360a2
c11c0580
0141557d
11418082
00efe406
60a20a00
05800793
557dc11c
80820141
00002797
f1878793
00003717
f1070713
02e78663
81818793
638885aa
00b506b3
00e6fd63
ec061101
e42a2581
c0efe394
60e29fef
61056522
e3988082
8082557d
ec061101
e426e822
4785e04a
00f51a63
84b2842e
00c58933
03241063
a0398526
02e000ef
05800793
557dc11c
644260e2
690264a2
80826105
00044503
00ef0405
bfd92d00
468185aa
45014601
1517a879
35030000
8082aca5
e8221101
c417e426
0413ffff
c4973fa4
8493ffff
8c053f24
840dec06
60e2e411
64a26442
80826105
67b3147d
639c2094
b7ed9782
e8221101
c417e426
0413ffff
c4973c64
8493ffff
8c813be4
ec06e04a
4901848d
02991563
ffffc417
3a840413
ffffc497
3a048493
848d8c81
1d634901
60e20099
64a26442
61056902
601c8082
04210905
b7f99782
0905601c
97820421
88aabff9
00001517
a9450513
ef016118
aa818793
0513e11c
873e0000
6118c509
10e7b823
471c873e
557d487d
04f84563
02088c63
11073803
02080f63
2107e333
00c33023
20082503
163b4605
8d5100f6
20a82023
10d33023
97634689
268300d8
8ed12048
20d82223
0017869b
e7b3c714
450120e7
8082eb8c
f852711d
f05af456
ec86ec5e
e4a6e8a2
fc4ee0ca
e466e862
8a2e8aaa
00001b17
a04b0b13
34834b85
cc81000b
b9834480
091b1104
040efff4
00898cb3
5f639426
60e60009
64a66446
79e26906
7aa27a42
6be27b02
6ca26c42
80826125
000a0c63
00099663
1ce1397d
bfd11461
0f8cb783
ff479ae3
6418449c
996337fd
a4230327
d36d0124
0084ac03
00098963
2009a783
012b96bb
27818ff5
9702ef89
37834498
12e3000b
8fe3f987
bfb5faf4
00043423
a783bfc9
b5832049
8ff5ff8c
e7812781
97028556
852ebfe1
bfc99702
00001797
96478793
ef054398
e8221101
ec06e426
c3984705
ffffc417
21440413
ffffc497
20c48493
00947463
00941763
644260e2
610564a2
601c8082
97820421
8082b7f5
00001797
91878793
ef054398
e8221101
ec06e426
c3984705
ffffc417
1d040413
ffffc497
1c848493
00947463
00941763
644260e2
610564a2
601c8082
97820421
8082b7f5
e4061141
00efe022
17971c80
87930000
43988ce7
4705e319
00efc398
f0ef11e0
2501b35f
b1fff0ef
cd11842a
b11ff0ef
00efc919
85220220
affff0ef
6402c509
014160a2
60a2a801
01416402
b72d8082
b7adbf45
639c611c
852a8782
01151013
8082557d
8793050e
97aa8201
c6e16394
83018793
639c97aa
06374705
173b1000
c78300f7
05370095
377d2000
01c7979b
c6038ff1
161b00a5
8e6901d6
c6038fd1
8a050005
c6038fd1
8e790015
0026161b
41d08fd1
161b8e79
8fd10086
0085c603
171b8f71
8fd900e7
c29c2781
00c5c783
00d5c703
06136609
979be006
171b0047
8f710097
1f07f793
c7038fd9
e63700b5
8b3d0007
c7038fd9
171b00e5
8f7100d7
c7038fd9
063700f5
171b0008
8f710137
c7038fd9
06370105
171b0010
8f710147
c7038fd9
06370115
171b0020
8f710157
27818fd9
8082c2dc
8301b703
97bb4785
713900e7
470537fd
00e10423
0047f713
00e104a3
1587f713
08238b95
678500f1
e0078793
00f11923
010607b7
40478793
0793ca3e
f8221010
fc06f426
08a3c63a
1c230001
440100f1
82818493
4763409c
70e200f4
74a27442
80826121
002c8522
ec5ff0ef
b7dd2405
f14027f3
83818713
e7b32781
639820e7
07a16785
4314973e
00157793
9add078e
c31c8fd5
45018082
0000bfe1
00000000
00000000
12200418
00000000
12200450
00000000
122003e0
00000000
00000000
00000000
00000000
00000000
00000000
00000000
00000000
00000000
00000000
00000000
00000000
00000000
00000000
00000000
00000000
00000000
00000000
00000000
00000000
00000000
00000000
00000000
00000000
00000000
00000000
00000000
00000000
00000000
00000000
00000000
00000000
00000000
00000000
00000000
00000000
00000000
12200528
00000000
00000000
00000000
12200608
00000000
00000000
00000000
00000000
00000000
122006a8
00000000
00000000
00000000
00000000
00000000
00000000
00000000
00000000
00000000
00000000
00000000
00000000
00000000
00000000
00000000
00000000
00000000
00000000
00000000
00000000
00000000
00000000
00000000
00000000
00000000
00000000
00000000
00000000
00000000
00000000
00000000
00000000
00000000
00000000
00000000
00000000
00000000
00000000
00000000
00000000
00000000
00000000
00000000
00000000
00000000
00000000
00000000
00000000
00000000
00000000
00000000
00000000
00000000
00000000
00000000
00000000
00000000
00000000
00000000
00000000
00000000
00000000
00000000
00000000
00000000
00000000
00000000
00000000
00000000
00000000
00000000
00000000
00000000
00000000
00000000
00000000
00000000
00000000
00000000
00000000
00000000
00000000
00000000
00000000
00000000
00000000
00000000
00000000
00000000
00000000
00000000
00000000
00000000
00000000
00000000
00000000
00000000
00000000
00000000
00000000
00000000
00000000
00000000
00000000
00000000
00000000
00000000
00000000
00000000
00000000
00000000
00000000
00000000
00000000
00000000
00000000
00000000
00000000
00000000
00000000
00000000
00000000
00000000
00000000
00000000
00000000
00000000
00000000
00000000
00000000
00000000
00000000
00000000
00000000
00000000
00000000
00000000
00000000
00000000
00000000
00000000
00000000
00000000
00000000
00000000
00000000
00000000
00000000
00000000
00000000
00000000
00000000
00000000
00000000
00000000
00000000
00000000
00000000
00000000
00000000
00000000
00000000
00000000
00000000
00000000
00000000
00000000
00000000
00000000
00000000
00000000
00000000
00000000
00000000
00000000
00000000
00000000
00000000
00000000
00000000
00000000
00000000
00000000
00000000
00000000
00000000
00000000
00000000
00000000
00000000
00000000
00000000
00000000
00000000
00000000
00000000
00000000
00000000
00000000
00000000
00000000
00000000
00000000
00000000
00000000
00000000
00000000
00000000
00000000
00000000
00000000
00000000
00000000
00000000
00000000
00000000
00000000
00000000
00000000
00000000
00000000
00000000
00000000
00000000
00000000
00000000
00000000
00000000
00000000
00000000
00000000
00000000
00000000
00000000
00000000
00000000
00000000
00000000
00000000
00000000
00000000
00000000
00000000
00000000
00000000
00000000
00000000
00000000
00000000
00000000
00000000
00000000
00000000
00000000
00000000
00000000
00000000
00000000
00000000
00000000
00000000
00000000
00000000
00000000
00000000
00000000
00000000
00000000
00000000
00000000
00000000
00000000
00000000
00000000
00000000
00000000
00000000
00000000
00000000
00000000
00000000
00000000
00000000
00000000
00000000
00000000
00000000
00000000
00000000
00000000
00000000
00000000
00000000
00000000
00000000
00000000
00000000
00000000
00000000
00000000
00000000
00000000
00000000
00000000
00000000
00000000
00000000
00000000
00000000
00000000
00000000
00000000
00000000
00000000
00000000
00000000
00000000
00000000
00000000
00000000
00000000
00000000
00000000
00000000
00000000
00000000
00000000
00000000
00000000
00000000
00000000
00000000
00000000
00000000
00000000
00000000
00000000
00000000
00000000
00000000
00000000
00000000
00000000
00000000
00000000
00000000
00000000
00000000
00000000
00000000
00000000
00000000
00000000
00000000
00000000
00000000
00000000
00000000
00000000
00000000
00000000
00000000
00000000
122043f0
00000000
12204330
00000000
122007b8
00000000
12205d80
00000000
02030000
00000000
00000001
00000000
00000006
00000000
04000000
00000000
173ee5b1
7c244635
2a5171a2
67de07e8
255a716c
7428f0ee
800e4b06
885cf584
053260fe
848fd9d9
f8d740f7
8a3f83e1
73ef06f6
62016ad7
51112ae1
bbdb6055
a2000003
00004a38
000444fc
00000000
00000000
00000000
00000000
00000000
cec37c38
c07edd57
f48bd8b6
355ee8fa
6d1f71fe
64ec1da7
2e893ec6
ff68a6bc
4f583639
ebb7387a
77bbe4cf
a78e1e37
e0f222f0
4217d4a5
114096ac
8504bbfb
0000000b
00000000
00000000
12760000
000049f8
00000000
00000000
00000000
00000000
00000000
00000000
00000001
00000000
00000000
00000000
00000000
00005197
1b818193
00000297
01828293
30529073
00100293
00028463
7c105073
00000297
13428293
30529073
00000113
00011663
00006117
d4c10113
f1402573
13174281
0313ede0
7113fbe3
8563ff01
911a00a2
bfd50285
00000097
07e08093
00008363
25739082
4581f140
00ef4601
00930f60
83630000
90820000
00000297
00c28293
30529073
00002303
0000bff5
80820000
b37346a1
42a13006
0055c563
00757613
0023ca11
05050005
47e315fd
1073feb0
80823003
00053023
15e10521
fcb04ee3
30031073
30238082
03210003
fe734de3
84068082
ede00297
f2828293
06028763
ede00297
f1c28293
f14027f3
b07346a1
13173006
0313ede0
5397f0a3
83930000
0333c823
53634061
831e0073
0463838a
f0ef0073
9a63fb5f
43170257
03130000
53972123
83930000
04638d23
f0ef0073
0317f99f
03130000
039768a3
83930000
04636823
f0ef0073
80a2f81f
00008082
342022f3
34102373
343023f3
8082bfd5
51978406
81930000
02930521
11630000
42970e55
82930000
43171ba2
03130000
53971b23
83930000
8c638723
5a630062
b5030073
02a10002
00a33023
4ae30321
0297fe73
82930000
031761a2
03130000
03976123
83930000
8c6360a3
5a630062
b5030073
02a10002
00a33023
4ae30321
100ffe73
02970000
82930000
03175e62
03130000
03975de3
83930000
8c635d63
5a630062
b5030073
02a10002
00a33023
4ae30321
100ffe73
43170000
03130000
83937ea3
5763bc01
30230073
03210003
fe734de3
00004217
7d020213
9602c211
00004517
ccc50513
4b1030ef
4f5030ef
00004517
f6a50513
4a1030ef
75b030ef
f0fff0ef
b07356fd
b0733046
27f33446
27373010
8f7d0004
b073c709
b0733036
07373026
8f7d0004
b073c319
67411806
0287071b
cb898ff9
300027f3
8fd96709
30079073
00305073
60000793
3007a073
300027f3
6007f793
7057c789
5073cc00
30ef00f0
45056f70
00000597
4cc58593
00000617
4cc60613
2cd000ef
6b5000ef
808280a2
11418082
22f3e406
0313f140
85630000
00730062
bff51050
510000ef
014160a2
00008082
00000000
65637845
6f697470
6948206e
6d202174
73756163
30203a65
38302578
6d202c78
3a637065
25783020
2c783830
76746d20
203a6c61
30257830
000a7838
00000000
7561634d
45206573
70656378
6e6f6974
646f4320
30203a65
38302578
00000a78
20776f4e
74697845
2e676e69
000a2e2e
20746f4e
61762061
2064696c
65726874
6c6f6873
6f632064
6769666e
74617275
216e6f69
65684320
73206b63
70757465
00000a21
00000000
20746f4e
61762061
2064696c
69616c63
6f632d6d
656c706d
63206574
69666e6f
61727567
6e6f6974
68432021
206b6365
75746573
000a2170
00000000
00000000
00000000
00000000
00000000
00000000
00000000
00000000
00000000
00000000
00000000
00000000
00000000
00000000
00000000
00000000
00000000
00000000
00000000
00000000
00000000
00000000
00000000
00000000
00000000
00000000
00000000
00000000
00000000
00000000
00000000
00000000
00000000
00000000
00000000
00000000
00000000
00000000
00000000
00000000
00000000
00000000
2b302d23
00000020
004c6c68
00000000
45676665
00004746
33323130
37363534
42413938
46454443
00000000
00000000
33323130
37363534
62613938
66656463
00000000
00001c44
00001c5a
00001c1a
00001c1a
00001c1a
00001c1a
00001c5a
00001c1a
00001c1a
00001c1a
00001c1a
00001db4
00001c98
00001d52
00001c1a
00001c1a
00001de8
00001c1a
00001c98
00001c1a
00001c1a
00001d5a
00000000
122023e6
00000000
122024e0
00000000
12202452
00000000
00000000
00000000
00000000
00000000
1220267c
00000000
1220269c
00000000
1220246c
00000000
1220244e
00000000
12202506
00000000
12202560
00000000
00000000
00000000
00000000
00000000
00000000
00000000
00000000
00000000
00000000
00000000
00000000
00000000
00000000
00000000
00000000
00000000
122025f2
00000000
122023b2
00000000
00000000
00000000
00000000
00000000
00000000
00000000
00000000
00000000
00000000
00000000
00000000
00000000
00000000
00000000
12202906
00000000
1220290c
00000000
1220292c
00000000
1220295a
00000000
12202a7a
00000000
1220295c
00000000
12202966
00000000
12202afe
00000000
1220296a
00000000
1220296e
00000000
122029a2
00000000
122029d6
00000000
12202a0a
00000000
12203c52
00000000
12202a24
00000000
12202a36
00000000
12202a3c
00000000
12202a44
00000000
12202a5e
00000000
122026bc
00000000
12202a9e
00000000
12202b08
00000000
12203aae
00000000
00000000
00000000
00000000
00000000
00000000
00000000
00000000
00000000
12203adc
00000000
00000000
00000000
12203c30
00000000
12203c34
00000000
00000000
00000000
00000000
00000000
00000000
00000000
00000000
00000000
00000000
00000000
00000000
00000000
00000000
00000000
00000000
00000000
12202902
00000000
00000000
00000000
00000000
00000000
00000000
00000000
00000000
00000000
00000000
00000000
00000000
00000000
00000000
00000000
00000000
00000000
12200798
00000000
00000000
00000000
6762696c
73736f6c
00000000
00000000
12204330
00000000
00040301
00000000
12203c6c
00000000
00000000
00000000
00000000
00000000
00000000
00000000
00000000
00000000
00000000
00000000
00000000
00000000
00000000
00000000
00000000
00000000
006c7179
f4064501
c602f026
065000ef
49e030ef
00ef84aa
85263500
376000ef
e9052501
22c000ef
234000ef
0c0027b7
c398577d
b7b745b2
879bfabf
9fadb007
0814c83e
46094785
ca3e4501
72a000ef
70a2a001
25017482
80826145
00000000
00000000
00000000
00000000
00000000
00000000
00000000
00000000
00000000
00000000
00000000
00000000
00000000
00000000
00000000
00000000
00000000
00000000
00000000
00000000
00000000
00000000
00000000
00000000
00000000
00000000
00000000
00000000
00000000
00000000
00000000
00000000
00000000
00000000
00000000
00000000
00000000
00000000
00000000
00000000
00000000
1060006f
0fc0006f
0f80006f
0f60006f
0f00006f
0ec0006f
0e80006f
0e80006f
0e00006f
0dc0006f
0d80006f
2f40006f
0d00006f
0cc0006f
0c80006f
0c40006f
0c00006f
0bc0006f
0b80006f
0b40006f
0b00006f
0ac0006f
0a80006f
0a40006f
0a00006f
09c0006f
0980006f
0940006f
0900006f
08c0006f
0880006f
0840006f
0800006f
07c0006f
0780006f
0740006f
0700006f
06c0006f
0680006f
0640006f
0600006f
05c0006f
0580006f
0540006f
0500006f
04c0006f
0480006f
0440006f
00000000
00000000
00000000
00000000
00000000
00000000
00000000
00000000
00000000
00000000
00000000
00000000
00000000
00000000
00000000
00000000
a001a001
1141a001
e022e406
34202473
26732401
26f33410
05173430
05130000
26818e65
85a22601
033000ef
3ff47593
00000517
91050513
023000ef
00000517
92450513
017000ef
0ee00513
738000ef
879b6785
a7f38007
80823047
a7f347a1
80823007
b7f347a1
80823007
0025151b
020007b7
a02397aa
000f0007
80820ff0
03100793
00f59963
00d5151b
0c2007b7
08f5053b
07938082
97630510
151b00f5
17b700d5
b7ed0c20
05171141
05130000
e4068c65
7a6000ef
450160a2
80820141
03100793
00f59a63
00d5151b
0c2007b7
053b0791
808208f5
05100793
00f59763
00d5151b
0c2017b7
1141b7e5
00000517
8bc50513
00efe406
60a27640
01414501
07938082
81630310
079304f6
9c630510
26b702f6
86930c00
571b0806
171b0055
073b0027
179b0807
87bb0086
470508e7
153b97b6
470500a7
9a634394
8ec900e5
0006871b
8082c398
0c0026b7
f733b7f9
270140a6
151bbfc5
07b70025
053b0c00
c10c08f5
11018082
e44ae826
4481ec06
ef5ff0ef
02200913
45898526
f0ef2485
9be3fd9f
60e2ff24
692264c2
61054501
71798082
f406f026
e84eec4a
84aae452
ec5ff0ef
00000797
d5c78793
0017e793
30579073
a2018913
f0ef8526
8a13eb3f
89caaa41
a5032481
06930009
86260310
f0ef4581
a503f31f
06930009
86260510
09914581
f1fff0ef
fd499fe3
00092503
03100693
45858626
f0ef0911
17e3f09f
8526ff49
03100593
e79ff0ef
478570a2
7482c11c
69c26962
45016a22
80826145
f6867149
ee9af296
e6a6ea9e
fe2ee2aa
f636fa32
ee3ef23a
e646ea42
fdcee24a
f5d6f9d2
edf6f1f2
e5fee9fa
b906bd02
b10eb50a
a916ad12
a11ea51a
b8aebcaa
b0b6b4b2
a8beacba
a0c6a4c2
b876bc72
b07eb47a
f14024f3
00048a9b
03100593
f0ef8556
2983e3ff
892a0005
4501006c
3e0000ef
00004a17
d70a0a13
000a2783
00249693
20232785
8e6300fa
87930c09
863b9101
47b30809
439820f6
053b6505
073b0155
861308c7
47339981
061320c7
84b30210
c30802c4
00004717
d2070713
43149736
00004617
d5c60613
450145b2
089684bb
20c4c4b3
26854390
0134a023
c3902605
00efc314
20230f80
27830139
cf91000a
07b745b2
879b1011
9fad1007
46090814
c83e4501
00efca2e
70b624c0
63767296
64b663d6
75f26516
76b27652
67f27712
68b26852
79ee6912
7aae7a4e
6eee7e0e
6fae6f4e
30ca306a
318a312a
22ca226a
238a232a
35c63566
36863626
27c62766
28862826
3ec23e62
3f823f22
00736175
47973020
87930000
97b6c7a7
27054398
bfa5c398
4785b4a5
95be179a
8082c190
179a4785
418895be
11018082
1000ec22
262387aa
2783fef4
871bfec4
47fd0007
00e7f463
a01157f5
853e4781
61056462
11018082
1000ec22
262387aa
2783fef4
871bfec4
47fd0007
00e7f463
a01157f5
853e4781
61056462
71798082
f022f406
3c231800
87aefca4
fcf42a23
fe042623
fd442783
f0ef853e
87aaf95f
2783873e
8fd9fec4
fef42623
fec42783
c3992781
a82d57f5
100077b7
38078793
fef42423
fe042223
fd442783
4785873e
00e797bb
22232781
6783fef4
2703fe84
863afe44
350385be
f0effd84
4781f31f
70a2853e
61457402
71398082
f822fc06
3c230080
87aefca4
fcc43423
fcf42a23
fe042623
fd442783
f0ef853e
87aaf3df
2783873e
8fd9fec4
fef42623
fec42783
c3992781
a82557f5
fd442783
27b7873e
879b0400
9fb9c937
979b2781
24230027
6783fef4
85befe84
fd843503
ec9ff0ef
871b87aa
37830007
c398fc84
853e4781
744270e2
80826121
fc067139
0080f822
fca43c23
342387ae
2a23fcc4
2623fcf4
2783fe04
853efd44
ebfff0ef
873e87aa
fec42783
26238fd9
2783fef4
2781fec4
57f5c399
2783a825
873efd44
040027b7
c337879b
27819fb9
0027979b
fef42423
fe846783
350385be
f0effd84
87aae4bf
0007871b
fc843783
4781c398
70e2853e
61217442
715d8082
e0a2e486
34230880
87aefca4
3c238732
2223fad4
87bafcf4
fcf42023
fe042423
fc442783
f0ef853e
87aae39f
2783873e
8fd9fe84
fef42423
fe842783
c3992781
a07557f5
fdc40713
fc442783
85be863a
fc843503
f2dff0ef
fd840713
fc442783
85be863a
fc843503
e9bff0ef
fdc42703
fd842783
40f707bb
fef42223
fc442783
27b7873e
879b0400
9fb9cb37
979b2781
20230027
2783fef4
873efc04
fe442783
27812701
00e7f463
a09157fd
fe042623
6683a02d
6783fe04
078afec4
fb843703
439c97ba
85b6863e
fc843503
d57ff0ef
fec42783
26232785
2783fef4
873efec4
fc042783
27812701
fcf765e3
853e4781
640660a6
80826161
f5067171
1900f122
f4a43c23
f4b43823
fe042623
f6840793
08000713
4581863a
00ef853e
47b111e0
f6f42423
0ff00793
f6f42623
0ff00793
f6f42823
0ff00793
f6f42a23
0ff00793
f6f42c23
0ff00793
f6f42e23
0ff00793
f8f42023
0ff00793
f8f42223
24234789
478df8f4
f8f42623
28234791
4795f8f4
f8f42a23
2c234799
479df8f4
f8f42e23
202347a1
47a5faf4
faf42223
28234785
4785faf4
faf42a23
2c2347b5
47b5faf4
faf42e23
0ff00793
fcf42023
0ff00793
fcf42223
242347a9
47a9fcf4
fcf42623
282347ad
47adfcf4
fcf42a23
100087b7
aa078793
fef42423
fe846783
350385be
f0eff584
87aac4bf
fef42623
fec46783
17c1078a
a70397a2
3783f787
c398f504
853e4781
740a70aa
8082614d
e0221141
3797e406
87930000
842ae7e7
4581c781
671020ef
fffff517
60c53503
c391653c
85229782
46b020ef
872a433d
02c37163
00f77793
e1bde3c1
ff067693
96ba8a3d
e70ce30c
6de30741
e211fed7
06b38082
068a40c3
00000297
80679696
072300a6
06a300b7
062300b7
05a300b7
052300b7
04a300b7
042300b7
03a300b7
032300b7
02a300b7
022300b7
01a300b7
012300b7
00a300b7
002300b7
808200b7
0ff5f593
00859693
96938dd5
8dd50105
02059693
b7598dd5
00279693
00000297
82869696
fa2680e7
17c18096
963e8f1d
f8c371e3
7159b79d
f406f022
fc2e842a
e4b6e0b2
ecbee8ba
f4c6f0c2
00003517
75053503
591cc519
e42ae789
0d2000ef
690c6522
86221834
00efec36
70a239a0
61657402
11418082
e406e022
1823842a
192300b5
302300c5
34230005
26230005
3c230a05
20230005
24230205
46210205
05134581
f0ef0a45
0797ee7f
87930000
e03c6367
00000797
65e78793
0797e43c
87930000
e83c6a47
00000797
6d278793
fc0060a2
6402ec3c
80820141
00001597
a3458593
1101aab9
0793e426
849b0b00
84b3fff5
e04a02f4
e822892e
8593ec06
00ef0c84
842a1ac0
3023cd01
24230005
05610125
8613e808
45810b04
e71ff0ef
852260e2
64a26442
61056902
591c8082
1141ebad
e406e022
00000797
fa478793
3023e53c
24230805
38230805
f7970805
b783ffff
842a4367
00f51463
d91c4785
00ef8522
e4080420
00ef8522
e80803a0
00ef8522
ec080320
46016408
f0ef4591
6808ef9f
45a54605
eefff0ef
46096c08
f0ef45c9
4785ee5f
d81c60a2
01416402
80828082
e4261101
fffff497
3dc4b483
e04a589c
e822ec06
e781892a
f0ef8526
8493f71f
68800804
37fd449c
0007d663
cfa9609c
bfc56084
01041703
77c1e729
26230785
30230a04
34230004
c81c0004
00043c23
02042023
02042423
45814621
0a440513
d89ff0ef
06043023
06042423
08043023
08042423
852260e2
64a26442
61056902
04138082
b7450b04
854a4591
eb7ff0ef
842ae088
47b1fd51
00f92023
715dbfe1
fc26e0a2
f052f44e
e45ee85a
f84ae486
89aaec56
04938a2e
44010805
5bfd4b05
0104b903
0084aa83
d0633afd
6084020a
60a6f8e5
64068522
794274e2
7a0279a2
6b426ae2
61616ba2
57838082
7b630109
178300fb
87630129
85ca0177
9a02854e
24018c49
0b090913
8793b7c1
71790075
07379be1
ec268000
07a1e84a
f4064941
e44ef022
fff74713
f93384aa
64630b27
7c6300f7
47b100b9
4501c09c
740270a2
694264e2
614569a2
00ef8082
36971d70
86930000
62984f26
e80d843a
00003417
4ec40413
e791601c
85264581
3a0000ef
85cae008
00ef8526
59fd3960
05351e63
c09c47b1
00ef8526
bf4519d0
87bb601c
c0634127
463d0407
00f65763
943ee01c
01243023
641ca029
02871363
8526e29c
173000ef
00f40513
00840793
07bb9961
dfad40f5
07bb943e
e01c40f0
e71cbf85
8722bff9
b7516400
00750413
01e39861
05b3fc85
852640a4
324000ef
fb351ae3
465cbf41
fff7871b
5963c658
561c0007
00f74563
936347a9
aecd00f5
852e621c
00178713
8023e218
808200b7
f0227179
e84aec26
e052e44e
892af406
843289ae
00d604b3
14635a7d
45010094
4583a811
864e0004
f0ef854a
0405fadf
ff4515e3
740270a2
694264e2
6a0269a2
80826145
e1a27155
f94afd26
f152f54e
ed56e586
e55ee95a
fce6e162
89aaf8ea
893284ae
4a018436
591cc509
f0efe399
f797d01f
8793ffff
9e63dc27
b4830cf4
d7830089
8ba10104
6c9ccbed
0793c7fd
04a30200
5afd02f1
03000793
0523d202
e42202f1
02500b93
020a9c13
fffffb17
df8b0b13
844a4c85
00044783
9263c399
0d3b0f77
0e634124
86ea000d
85a6864a
f0ef854e
0a63f2ff
57921f55
01a787bb
4783d23e
82630004
09131e07
e8620014
09a3ec02
d4820401
00094583
855a4615
7ea000ef
041347c2
ed510019
0107f713
0713c709
09a30200
f71304e1
c7090087
02b00713
04e109a3
00094683
02a00713
08e68363
844a47f2
46254681
47034829
05130004
059b0014
872efd07
0ab67a63
ce3ecabd
f797a88d
8793ffff
9563d167
b48300f4
bf310109
fffff797
c9478793
f0f499e3
0189b483
85a6b729
00ef854e
d51135c0
60ae557d
74ea640e
79aa794a
6aea7a0a
6baa6b4a
7ce66c0a
61697d46
04058082
0533bf11
953b4165
8fc900ac
8922c83e
6722b791
00870693
e4364318
02074963
4703ce3a
07930004
106302e0
470304f7
07930014
106302a0
67a20af7
87130409
439c0087
c163e43a
ca3e0207
073ba839
e79340e0
ce3a0027
b7e1c83e
02f807bb
4685842a
bf159fb9
4583ca56
460d0004
fffff517
c9850513
6ce000ef
f797cd11
8793ffff
8d1dc8a7
071347c2
173b0400
8fd900a7
c83e0405
00044583
f5174619
0513ffff
0913c725
04230014
00ef02b1
c1516980
00000793
4742eba1
771367a2
c3291007
9bc107bd
e43e07c1
87bb5792
d23e0147
0405bd3d
4681ca02
46254781
47034829
05130004
059b0014
872efd07
00b67463
bf95fab9
02f807bb
4685842a
b7c59fb9
b7d107a1
06970038
86930000
8626d526
854e080c
00000097
000000e7
15e38a2a
d783fb55
f7930104
99e30407
5512ea07
0038b57d
00000697
d2468693
080c8626
00ef854e
bfd97d20
e0221141
852e842a
00003797
1207ae23
20efe406
57fd5820
00f51863
00003797
1287a783
c01cc391
640260a2
80820141
e0221141
9583842e
e4060125
20d000ef
00054963
97aa6c5c
60a2ec5c
01416402
57838082
777d0104
8ff9177d
00f41823
d783b7ed
71790105
ec26f022
e44ee84a
f793f406
84aa1007
8932842e
c79989b6
01259583
46014689
43e000ef
01045783
177d777d
15838ff9
18230124
740200f4
86ce70a2
69a2864a
85266942
614564e2
1141a219
842ee022
01259583
00efe406
577d4080
01045783
00e51b63
177d777d
18238ff9
60a200f4
01416402
67058082
18238fd9
ec4800f4
9583b7fd
a4210125
f0227179
e84aec26
e44ef406
892e84aa
c5098432
e399591c
977ff0ef
fffff797
a3878793
06f41a63
541c6480
5783c45c
8ba10104
6c1cc3d1
6c1cc3c1
79936008
894e0ff9
501c9d1d
00f54763
852685a2
320000ef
445ce53d
37fd2505
601cc45c
00178713
8023e018
501c0137
00a78963
01045783
cb898b85
176347a9
85a200f9
00ef8526
ed152ee0
740270a2
69a264e2
6942854a
80826145
fffff797
9f478793
00f41463
b7516880
fffff797
97478793
f6f41de3
bf956c80
852685a2
03e000ef
597ddd2d
1141b7d1
842ae022
85b2852e
37978636
a1230000
e406f807
408020ef
186357fd
379700f5
a7830000
c391f6e7
60a2c01c
01416402
11018082
e426e822
ec06e04a
00003497
ef84b483
842e892a
589cc491
8526e781
877ff0ef
fffff797
93878793
02f41663
17836480
f6930104
c73b0087
eab50807
01077693
4725ea95
00e92023
0407e793
00f41823
a879557d
fffff797
93c78793
00f41463
b7f16880
fffff797
8bc78793
fcf411e3
bf756c80
c7158b11
c991702c
07c40793
00f58563
00ef854a
30233a60
57830604
24230104
f7930004
1823fdb7
6c1c00f4
5783e01c
e7930104
18230087
6c1c00f4
5783ef89
07130104
f7932000
86632807
85a200e7
00ef854a
17832a60
f6930104
c73b0017
c29d0807
26235014
06bb0004
d41440d0
45016c14
7713e681
ff290807
644260e2
690264a2
80826105
00277693
e2914601
c4505010
1141bff1
842ae022
3797852e
a3230000
e406e407
224020ef
186357fd
379700f5
a7830000
c391e327
60a2c01c
01416402
d7838082
71790105
ec26f022
e84af406
f713e44e
84aa0087
ef69842e
4d634598
5db800e0
00e04a63
70a24501
64e27402
69a26942
80826145
d77d6838
a9036685
8ff50004
0004a023
cfa57c0c
57836c50
8b910104
441cc799
703c8e1d
5c3cc399
683c8e1d
46817c0c
97828526
570357fd
1d630104
409400f5
e76347f5
07b706d7
17f9dfc0
40d7d7b3
efb98b85
24236c1c
e01c0004
8f7d6785
57fdc719
00f51463
e391409c
702cec48
0124a023
0793ddb5
856307c4
852600f5
23c000ef
06043023
4601b7a5
85264685
57fd9702
10e3862a
409cf8f5
4775dfad
00e78563
94634759
a02304e7
b7890124
04076713
00e41823
bf25557d
0185b983
f20988e3
0005b903
b0238b8d
093b0135
47014139
5198e391
5be3c458
643cf120
86ca7c0c
8526864e
49639782
578300a0
e7930104
18230407
bf7d00f4
093b99aa
bfe140a9
c3a56d9c
e8221101
842aec06
591cc519
e42ee789
e0aff0ef
e79765a2
8793ffff
9b636ca7
640c00f5
01059783
8522c795
60e26442
bd416105
ffffe797
6e478793
00f59463
b7cd680c
ffffe797
66478793
fcf59ce3
bfc96c0c
644260e2
61054501
45018082
11418082
842ae022
85b2852e
37978636
a9230000
e406c607
08c020ef
186357fd
379700f5
a7830000
c391c5e7
60a2c01c
01416402
71758082
842ee122
01259583
f8cafca6
84b2e506
d4638936
57830205
f7930104
cf8d0807
07134781
60aa0400
2023640a
e09800f9
74e67946
61494501
00308082
544000ef
fc054be3
673d47b2
67098ff9
b7938f99
07130017
bfc14000
bfe54781
0105d783
f0227179
ec26f406
8b89e84a
cf89842e
07f40793
ec1ce01c
d01c4785
740270a2
694264e2
80826145
00300054
f0ef84aa
65a2f71f
8526892a
e6aff0ef
1783ed01
f7130104
fb792007
e7939bf1
18230027
bf7d00f4
fffff797
47c78793
5783e4bc
e0080104
e793ec08
18230807
67a200f4
4792d01c
1583cf91
85260124
4d6000ef
5783c901
9bf10104
0017e793
00f41823
01045783
0127e533
00a41823
f593b741
962a0ff5
00c51463
80824501
00054783
feb78de3
b7fd0505
80828082
b783c1cd
1101ff85
ec06e822
ff858413
0007d363
e42a943e
fe5ff0ef
00003717
b0070713
6522631c
3423eb81
e3000004
60e26442
b7e16105
00f47d63
06b36010
966300c4
639400d7
96b2679c
e41ce014
873ebff9
c399679c
fef47de3
06336314
1f6300d7
60100086
e31496b2
00d70633
fcc790e3
679c6390
e31496b2
bf4de71c
00c47563
c11c47b1
6010b765
00c406b3
00d79663
679c6394
e01496b2
e700e41c
8082bf41
f052715d
8a3a499c
e0a24598
f44efc26
e486ec56
e85af84a
e7b3e45e
c21c0ae7
0435c703
842e89aa
8ab684b2
2785c319
401cc21c
0207f793
409cc781
c09c2789
00042903
00697913
00091a63
01940b13
445c5bfd
9f994098
04f94d63
04344783
00f03633
00f036b3
f793401c
e7bd0207
04340613
854e85d6
57fd9a02
04f50263
4711401c
8b994901
00e79763
4098445c
e9339f99
441c0b27
55634818
9f9900f7
0127893b
04694481
1a635b7d
45010499
4685a809
85d6865a
9a02854e
01751e63
60a6557d
74e26406
79a27942
6ae27a02
6ba26b42
80826161
bfa52905
00d407b3
03000693
04d781a3
0016071b
0026069b
04544603
00e407b3
04c781a3
4685bf95
85d68622
9a02854e
fb650ce3
bf712485
e0a2715d
f44ef84a
e486f052
ec56fc26
c803e85a
07930185
892a0780
89b2842e
e2638a36
07930307
86930620
e1630435
03630307
07931c08
e6170580
0613ffff
08633c66
049314f8
01230424
a8150504
f9d8079b
0ff7f793
66e34655
e617fef6
0613ffff
c7b33ce6
439c20c7
878297b2
8493631c
86930425
439c0087
8123e314
478504f5
419ca275
f6136308
05930807
c20d0085
e30c611c
0007d863
02d00713
40f007b3
04e401a3
ffffe617
35860613
a82d4829
0407f613
e30c411c
9793de71
bfd96057
631c4190
08067513
00878593
639ccd41
0713e30c
e61706f0
0613ffff
0d633266
48290ee8
040401a3
c4184058
00074563
99ed400c
e399c00c
cf1984b6
f73384b6
14fd0307
47039732
80230007
873e00e4
0307d7b3
ff0775e3
1e6347a1
401c00f8
cb918b85
481c4058
00e7c763
03000793
fef48fa3
8e8514fd
8752c814
007086ce
854a85a2
da9ff0ef
15635afd
557d0f55
640660a6
794274e2
7a0279a2
6b426ae2
80826161
7613439c
e30c0406
c7bbc601
b7850807
080787bb
419cbfa9
0a07e793
0813c19c
e6170780
0613ffff
02a328e6
400c0504
f813631c
85130805
01630087
639c0208
f713e308
c7010015
0205e593
4841c00c
4018fb85
fdf77713
b71dc018
f813439c
e3080405
00080563
0807c7bb
87bbbfd9
bfc10807
b7294821
631c4190
781349cc
85130806
09630087
e3080008
e38c639c
00042823
b78184b6
7613e308
639c0406
9023c601
b7ed00b7
b7ddc38c
41d0631c
86934581
e3140087
85266384
c0bff0ef
8d05c119
405cc048
01a3c81c
b7210404
86264814
854a85ce
08e39a02
401cf155
e7858b89
47b24448
0af56533
4685b701
85ce8656
9a02854a
ef6509e3
445c2485
9f994732
fef4c5e3
4481bff1
01940a93
b7f55b7d
e0221141
852e842a
863685b2
00002797
6e07a823
10efe406
57fd3210
00f51863
00002797
6dc7a783
c01cc391
640260a2
80820141
e0221141
852e842a
279785b2
af230000
e4066a07
2bb010ef
186357fd
279700f5
a7830000
c3916aa7
60a2c01c
01416402
11418082
842ae022
2797852e
a7230000
e4066807
2a1010ef
186357fd
279700f5
a7830000
c39167a7
60a2c01c
01416402
27978082
87930000
07b302e7
b79340f5
66910017
0035959b
97ae07e6
00468713
55fd973e
97b6c30c
0006069b
9601c394
4501c310
71798082
2903e84a
f4060085
ec26f022
1563e44e
24170209
04130000
0433fe64
34134085
84aa0014
0014141b
00002997
ff898993
00891b63
c49c4785
740270a2
694264e2
614569a2
458d8082
00090363
b783459d
86a60009
7f9c4601
00002517
fc850513
97822905
557db7f1
106f8082
114163a0
2573e406
2501f140
03f010ef
014160a2
0310106f
fc067139
f426f822
ec2e842a
e436e832
610010ef
0005049b
fd3ff0ef
00002797
f5878793
47858c1d
0297e063
664266a2
341365e2
141b0014
47810014
00002817
f6080813
00f41863
744270e2
557d74a2
80826121
c391470d
1463471d
84630105
278500e5
611cb7c5
70e27442
7f9c74a2
87826121
ec061101
f0efe42e
c911f71f
470565a2
00b76763
60e2611c
6105679c
60e28782
6105557d
11018082
e822ec06
c58de42e
f0ef842a
2797f45f
87930000
8c1deca7
341365a2
141b0014
47810014
00002697
edc68693
00f41763
644260e2
6105557d
470d8082
471dc391
00d51463
00e58463
b7cd2785
6442611c
67bc60e2
87826105
ec061101
e42ee822
842ac58d
eebff0ef
00002797
e7078793
65a28c1d
00143413
0014141b
26974781
86930000
1763e826
60e200f4
557d6442
80826105
c391470d
1463471d
846300d5
278500e5
611cb7cd
60e26442
61056bbc
27978782
87930000
8d1de267
00153513
056667b1
ffc78713
972a17e1
430c953e
4310411c
069b2781
1ae30006
9513feb6
87bb0206
8d5d0807
27978082
87930000
1141dee7
40f50733
3713e022
e4060017
8432478d
8b630766
ce6304f5
478500b7
02f58663
8a634789
57fd02f5
640260a2
0141853e
47918082
fef599e3
d67d4781
979b421c
97ba0027
b7cd439c
de7957fd
f73ff0ef
4781e008
57fdbfd1
421cda61
0027979b
a02397ba
b7f50007
de5d57fd
979b421c
97ba0027
c3984705
0480000f
bfd1439c
ec061101
842ae822
62a010ef
0070c62a
45898522
f63ff0ef
644260e2
80826105
ec061101
842ae822
60a010ef
0070c62a
458d8522
f43ff0ef
644260e2
80826105
80824501
27f385aa
2717f140
07130000
e7b32f27
638820e7
342027f3
f793c515
27173ff7
07130000
8793d127
1a630a67
271700e5
07130000
e7b3d1a7
639c20e7
078e8782
9002639c
80828082
00000000
00000000
00000000
00000000
00000000
00000000
00000000
00000000
00000000
00000000
00000000
00000000
00000000
00000000
00000000
00000000
00000000
00000000
00000000
00000000
00000000
00000000
00000000
00000000
00000000
00000000
00000000
00000000
00000000
00000000
ee06712d
e61aea16
fdaae21e
f5b2f9ae
edbaf1b6
e5c2e9be
fd72e1c6
f57af976
ad02f17e
a50aa906
bc92a10e
b49ab896
acaab09e
a4b2a8ae
bc3aa0b6
b442b83e
ac72b046
a47aa876
27f3a07e
2717f140
07130000
e7b31ea7
639420e7
34202673
341027f3
343027f3
30502773
2597cea9
85930000
2797c025
87930000
8363c127
478100b6
3ff67513
08065f63
08000693
00d51a63
5187b703
5287b583
08000513
a0159702
d56346ad
771300a6
e33d03f7
00950713
16930716
973e0055
b78397b6
670c1187
60f29782
633262d2
756e6392
762e75ce
676e768e
682e67ce
7e6a688e
7f2a7eca
206a7f8a
212a20ca
3266218a
332632c6
25663386
262625c6
37622686
382237c2
2e623882
2f222ec2
61152f82
30200073
18e34689
2773fad7
63183070
1807b583
67b3bfb5
b78320f5
85aa5307
97828536
0000bf49
00000000
00000000
00000000
00000000
00000000
00000000
00000000
00000000
00000000
00000000
00000000
00000000
00000000
00000000
00000000
00000000
00000000
00000000
45010000
25738082
8082b000
cd0987aa
00002717
ae070713
98634501
453700e7
0513000f
80822405
80824501
ec061101
2797e402
87930000
9c63abe7
251700a7
35030000
c511cca5
0030611c
6fdc4585
60e29782
61056522
bf4d8082
00002517
a8450513
451d8082
450d8082
11018082
c62eec06
00002797
a7c78793
02a79163
00002797
c087b783
c799557d
00706398
6f58458d
9702853e
610560e2
557d8082
1101bfe5
c62eec06
00002797
a4878793
02a79163
00002797
bd47b783
c799557d
00706398
6f584589
9702853e
610560e2
557d8082
1101bfe5
c62eec06
00002797
a1478793
02a79163
00002797
ba07b783
c7994501
00706398
6f584591
9702853e
610560e2
45018082
2797bfe5
87930000
84639e67
450100a7
25178082
05130000
80829ee5
0005d783
4511470d
83638b8d
450900e7
25738082
80823410
34159073
80824501
00002797
9ac78793
00a78463
80824501
00002517
fcc50513
65088082
11418082
06400513
10efe406
11412560
0c800513
10efe406
279724a0
87930000
862e9767
00a79b63
00002517
b8053503
611cc509
73dc4581
557d8782
451c8082
0793efb1
07131185
b0235185
b4230007
b8230007
87930007
98e30207
0793fee7
07135305
06975b05
86930000
e394f9c6
1ee307a1
2773fef7
d7973050
8793ffff
1b6367a7
27f300f7
07973050
87930000
9bf1c967
30579073
c51c4785
25178082
05130000
80828e25
27f3ed81
07973050
87930000
9bf1c727
30579073
80824501
557d4785
fef59de3
305027f3
00001797
1d478793
0017e793
4a63b7c5
279700a0
87930000
6533e7a7
610820f5
45018082
11418082
e022e406
f1402573
f0ef2501
842afddf
dc9ff0ef
00a50593
64028522
014160a2
712db719
ee06fdaa
e61aea16
f9aee21e
f1b6f5b2
e9beedba
e1c6e5c2
f976fd72
f17ef57a
a906ad02
a10ea50a
b896bc92
b09eb49a
a8aeacaa
a0b6a4b2
b83ebc3a
b046b442
12c00513
a876ac72
a07ea47a
0fc010ef
ee06712d
e61aea16
fdaae21e
f5b2f9ae
edbaf1b6
e5c2e9be
fd72e1c6
f57af976
ad02f17e
a50aa906
bc92a10e
b49ab896
acaab09e
a4b2a8ae
bc3aa0b6
b442b83e
ac72b046
a47aa876
27f3a07e
2717f140
07130000
e7b3da27
639c20e7
1717c38d
07130000
93637ca7
179706e7
87930000
b7037d67
b5831787
450d1887
60f29702
633262d2
756e6392
762e75ce
676e768e
682e67ce
7e6a688e
7f2a7eca
206a7f8a
212a20ca
3266218a
332632c6
25663386
262625c6
37622686
382237c2
2e623882
2f222ec2
61152f82
30200073
18803783
712d9002
ea16ee06
e21ee61a
f9aefdaa
f1b6f5b2
e9beedba
e1c6e5c2
f976fd72
f17ef57a
a906ad02
a10ea50a
b896bc92
b09eb49a
a8aeacaa
a0b6a4b2
b83ebc3a
b046b442
a876ac72
a07ea47a
f14027f3
00002717
cd070713
20e7e7b3
c38d639c
00001717
6f870713
06e79363
00001797
70478793
1f87b703
2087b583
9702451d
62d260f2
63926332
75ce756e
768e762e
67ce676e
688e682e
7eca7e6a
7f8a7f2a
20ca206a
218a212a
32c63266
33863326
25c62566
26862626
37c23762
38823822
2ec22e62
2f822f22
00736115
37833020
90022080
ee06712d
e61aea16
fdaae21e
f5b2f9ae
edbaf1b6
e5c2e9be
fd72e1c6
f57af976
ad02f17e
a50aa906
bc92a10e
b49ab896
acaab09e
a4b2a8ae
bc3aa0b6
b442b83e
ac72b046
a47aa876
27f3a07e
2717f140
07130000
e7b3bfe7
639c20e7
1717c38d
07130000
93636267
179706e7
87930000
b7036327
b5833187
45413287
60f29702
633262d2
756e6392
762e75ce
676e768e
682e67ce
7e6a688e
7f2a7eca
206a7f8a
212a20ca
3266218a
332632c6
25663386
262625c6
37622686
382237c2
2e623882
2f222ec2
61152f82
30200073
32803783
712d9002
ea16ee06
e21ee61a
f9aefdaa
f1b6f5b2
e9beedba
e1c6e5c2
f976fd72
f17ef57a
a906ad02
a10ea50a
b896bc92
b09eb49a
a8aeacaa
a0b6a4b2
b83ebc3a
b046b442
a876ac72
a07ea47a
f14027f3
00002717
b2c70713
20e7e7b3
c38d639c
00001717
55470713
06e79363
00001797
56078793
3387b703
3487b583
97024545
62d260f2
63926332
75ce756e
768e762e
67ce676e
688e682e
7eca7e6a
7f8a7f2a
20ca206a
218a212a
32c63266
33863326
25c62566
26862626
37c23762
38823822
2ec22e62
2f822f22
00736115
37833020
90023480
ee06712d
e61aea16
fdaae21e
f5b2f9ae
edbaf1b6
e5c2e9be
fd72e1c6
f57af976
ad02f17e
a50aa906
bc92a10e
b49ab896
acaab09e
a4b2a8ae
bc3aa0b6
b442b83e
ac72b046
a47aa876
27f3a07e
2717f140
07130000
e7b3a5a7
639c20e7
1717c38d
07130000
93634827
179706e7
87930000
b70348e7
b5833587
45493687
60f29702
633262d2
756e6392
762e75ce
676e768e
682e67ce
7e6a688e
7f2a7eca
206a7f8a
212a20ca
3266218a
332632c6
25663386
262625c6
37622686
382237c2
2e623882
2f222ec2
61152f82
30200073
36803783
712d9002
ea16ee06
e21ee61a
f9aefdaa
f1b6f5b2
e9beedba
e1c6e5c2
f976fd72
f17ef57a
a906ad02
a10ea50a
b896bc92
b09eb49a
a8aeacaa
a0b6a4b2
b83ebc3a
b046b442
a876ac72
a07ea47a
f14027f3
00002717
98870713
20e7e7b3
c38d639c
00001717
3b070713
06e79363
00001797
3bc78793
3787b703
3887b583
9702454d
62d260f2
63926332
75ce756e
768e762e
67ce676e
688e682e
7eca7e6a
7f8a7f2a
20ca206a
218a212a
32c63266
33863326
25c62566
26862626
37c23762
38823822
2ec22e62
2f822f22
00736115
37833020
90023880
ee06712d
e61aea16
fdaae21e
f5b2f9ae
edbaf1b6
e5c2e9be
fd72e1c6
f57af976
ad02f17e
a50aa906
bc92a10e
b49ab896
acaab09e
a4b2a8ae
bc3aa0b6
b442b83e
ac72b046
a47aa876
27f3a07e
2717f140
07130000
e7b38b67
639c20e7
1717c38d
07130000
93632de7
179706e7
87930000
b7032ea7
b5833987
45513a87
60f29702
633262d2
756e6392
762e75ce
676e768e
682e67ce
7e6a688e
7f2a7eca
206a7f8a
212a20ca
3266218a
332632c6
25663386
262625c6
37622686
382237c2
2e623882
2f222ec2
61152f82
30200073
3a803783
712d9002
ea16ee06
e21ee61a
f9aefdaa
f1b6f5b2
e9beedba
e1c6e5c2
f976fd72
f17ef57a
a906ad02
a10ea50a
b896bc92
b09eb49a
a8aeacaa
a0b6a4b2
b83ebc3a
b046b442
a876ac72
a07ea47a
f14027f3
00001717
7e470713
20e7e7b3
c38d639c
00001717
20c70713
06e79363
00001797
21878793
3b87b703
3c87b583
97024555
62d260f2
63926332
75ce756e
768e762e
67ce676e
688e682e
7eca7e6a
7f8a7f2a
20ca206a
218a212a
32c63266
33863326
25c62566
26862626
37c23762
38823822
2ec22e62
2f822f22
00736115
37833020
90023c80
ee06712d
e61aea16
fdaae21e
f5b2f9ae
edbaf1b6
e5c2e9be
fd72e1c6
f57af976
ad02f17e
a50aa906
bc92a10e
b49ab896
acaab09e
a4b2a8ae
bc3aa0b6
b442b83e
ac72b046
a47aa876
27f3a07e
1717f140
07130000
e7b37127
639c20e7
1717c38d
07130000
936313a7
179706e7
87930000
b7031467
b5833d87
45593e87
60f29702
633262d2
756e6392
762e75ce
676e768e
682e67ce
7e6a688e
7f2a7eca
206a7f8a
212a20ca
3266218a
332632c6
25663386
262625c6
37622686
382237c2
2e623882
2f222ec2
61152f82
30200073
3e803783
712d9002
ea16ee06
e21ee61a
f9aefdaa
f1b6f5b2
e9beedba
e1c6e5c2
f976fd72
f17ef57a
a906ad02
a10ea50a
b896bc92
b09eb49a
a8aeacaa
a0b6a4b2
b83ebc3a
b046b442
a876ac72
a07ea47a
f14027f3
00001717
64070713
20e7e7b3
c38d639c
00001717
06870713
06e79363
00001797
07478793
3f87b703
4087b583
9702455d
62d260f2
63926332
75ce756e
768e762e
67ce676e
688e682e
7eca7e6a
7f8a7f2a
20ca206a
218a212a
32c63266
33863326
25c62566
26862626
37c23762
38823822
2ec22e62
2f822f22
00736115
37833020
90024080
ee06712d
e61aea16
fdaae21e
f5b2f9ae
edbaf1b6
e5c2e9be
fd72e1c6
f57af976
ad02f17e
a50aa906
bc92a10e
b49ab896
acaab09e
a4b2a8ae
bc3aa0b6
b442b83e
ac72b046
a47aa876
27f3a07e
1717f140
07130000
e7b356e7
639c20e7
1717c38d
07130000
9363f967
179706e7
87930000
b703fa27
b5834187
45614287
60f29702
633262d2
756e6392
762e75ce
676e768e
682e67ce
7e6a688e
7f2a7eca
206a7f8a
212a20ca
3266218a
332632c6
25663386
262625c6
37622686
382237c2
2e623882
2f222ec2
61152f82
30200073
42803783
712d9002
ea16ee06
e21ee61a
f9aefdaa
f1b6f5b2
e9beedba
e1c6e5c2
f976fd72
f17ef57a
a906ad02
a10ea50a
b896bc92
b09eb49a
a8aeacaa
a0b6a4b2
b83ebc3a
b046b442
a876ac72
a07ea47a
f14027f3
00001717
49c70713
20e7e7b3
c38d639c
00001717
ec470713
06e79363
00001797
ed078793
4387b703
4487b583
97024565
62d260f2
63926332
75ce756e
768e762e
67ce676e
688e682e
7eca7e6a
7f8a7f2a
20ca206a
218a212a
32c63266
33863326
25c62566
26862626
37c23762
38823822
2ec22e62
2f822f22
00736115
37833020
90024480
ee06712d
e61aea16
fdaae21e
f5b2f9ae
edbaf1b6
e5c2e9be
fd72e1c6
f57af976
ad02f17e
a50aa906
bc92a10e
b49ab896
acaab09e
a4b2a8ae
bc3aa0b6
b442b83e
ac72b046
a47aa876
27f3a07e
1717f140
07130000
e7b33ca7
639c20e7
1717c38d
07130000
9363df27
179706e7
87930000
b703dfe7
b5834587
45694687
60f29702
633262d2
756e6392
762e75ce
676e768e
682e67ce
7e6a688e
7f2a7eca
206a7f8a
212a20ca
3266218a
332632c6
25663386
262625c6
37622686
382237c2
2e623882
2f222ec2
61152f82
30200073
46803783
712d9002
ea16ee06
e21ee61a
f9aefdaa
f1b6f5b2
e9beedba
e1c6e5c2
f976fd72
f17ef57a
a906ad02
a10ea50a
b896bc92
b09eb49a
a8aeacaa
a0b6a4b2
b83ebc3a
b046b442
a876ac72
a07ea47a
f14027f3
00001717
2f870713
20e7e7b3
c38d639c
00001717
d2070713
06e79363
00001797
d2c78793
4787b703
4887b583
9702456d
62d260f2
63926332
75ce756e
768e762e
67ce676e
688e682e
7eca7e6a
7f8a7f2a
20ca206a
218a212a
32c63266
33863326
25c62566
26862626
37c23762
38823822
2ec22e62
2f822f22
00736115
37833020
90024880
ee06712d
e61aea16
fdaae21e
f5b2f9ae
edbaf1b6
e5c2e9be
fd72e1c6
f57af976
ad02f17e
a50aa906
bc92a10e
b49ab896
acaab09e
a4b2a8ae
bc3aa0b6
b442b83e
ac72b046
a47aa876
27f3a07e
1717f140
07130000
e7b32267
639c20e7
1717c38d
07130000
9363c4e7
179706e7
87930000
b703c5a7
b5834987
45714a87
60f29702
633262d2
756e6392
762e75ce
676e768e
682e67ce
7e6a688e
7f2a7eca
206a7f8a
212a20ca
3266218a
332632c6
25663386
262625c6
37622686
382237c2
2e623882
2f222ec2
61152f82
30200073
4a803783
712d9002
ea16ee06
e21ee61a
f9aefdaa
f1b6f5b2
e9beedba
e1c6e5c2
f976fd72
f17ef57a
a906ad02
a10ea50a
b896bc92
b09eb49a
a8aeacaa
a0b6a4b2
b83ebc3a
b046b442
a876ac72
a07ea47a
f14027f3
00001717
15470713
20e7e7b3
c38d639c
00001717
b7c70713
06e79363
00001797
b8878793
4b87b703
4c87b583
97024575
62d260f2
63926332
75ce756e
768e762e
67ce676e
688e682e
7eca7e6a
7f8a7f2a
20ca206a
218a212a
32c63266
33863326
25c62566
26862626
37c23762
38823822
2ec22e62
2f822f22
00736115
37833020
90024c80
ee06712d
e61aea16
fdaae21e
f5b2f9ae
edbaf1b6
e5c2e9be
fd72e1c6
f57af976
ad02f17e
a50aa906
bc92a10e
b49ab896
acaab09e
a4b2a8ae
bc3aa0b6
b442b83e
ac72b046
a47aa876
27f3a07e
1717f140
07130000
e7b30827
639c20e7
1717c38d
07130000
9363aaa7
179706e7
87930000
b703ab67
b5834d87
45794e87
60f29702
633262d2
756e6392
762e75ce
676e768e
682e67ce
7e6a688e
7f2a7eca
206a7f8a
212a20ca
3266218a
332632c6
25663386
262625c6
37622686
382237c2
2e623882
2f222ec2
61152f82
30200073
4e803783
712d9002
ea16ee06
e21ee61a
f9aefdaa
f1b6f5b2
e9beedba
e1c6e5c2
f976fd72
f17ef57a
a906ad02
a10ea50a
b896bc92
b09eb49a
a8aeacaa
a0b6a4b2
b83ebc3a
b046b442
a876ac72
a07ea47a
f14027f3
00001717
fb070713
20e7e7b3
c38d639c
00001717
9d870713
06e79363
00001797
9e478793
4f87b703
5087b583
9702457d
62d260f2
63926332
75ce756e
768e762e
67ce676e
688e682e
7eca7e6a
7f8a7f2a
20ca206a
218a212a
32c63266
33863326
25c62566
26862626
37c23762
38823822
2ec22e62
2f822f22
00736115
37833020
90025080
305027f3
03f7f793
470917fd
69634501
d71700f7
0713ffff
97bad127
0007c503
bff98082
872a47fd
00a7cf63
45014789
00e7df63
1fffe7b7
11178793
d533078e
890500e7
07138082
3513f805
80820017
ec267179
852e84aa
e84af022
f406e44e
89b2842e
f0ef8936
c541fbff
08000793
08f41c63
f8dff0ef
0005079b
cfa5554d
740270a2
694264e2
614569a2
bc238082
b4235134
a8215324
00541793
97a60425
bc230416
85331137
34230084
45010125
47fdbfc1
c5e35551
47bdfc87
fc87d2e3
00541793
97a60425
fffff717
f1a70713
bc230416
853310e7
30230084
bfc10125
fffff797
b5478793
16f4bc23
1924b023
5555bf7d
9ce3b771
f797f809
8793ffff
bc23b807
b77150f4
f80998e3
09e347ad
c0e3faf4
478dfa87
fcf404e3
5551479d
f6f410e3
fffff797
fa278793
1ef4bc23
2124b023
c911bfad
8863479d
e86304f5
c58d00b7
8d63478d
567d02f5
47ada805
04f58063
ff05879b
68e3473d
4785fef7
00b797bb
b7f3ee0d
a8093047
c60947a1
3007a7f3
a0194601
3007b7f3
80828532
ca1947a1
3047a7f3
0793b7f5
bfd50800
879b6785
b7f58007
3047b7f3
a7f3b7c5
bfc93047
bf414605
b7714601
87aa473d
4963557d
c61900b7
20f5e5b3
b8234501
808252c5
07978082
87930000
976379e7
051700a7
05130000
bfc97aa5
8082557d
81018793
35138d1d
053a0015
0105971b
678dc599
33378793
c11c9fb9
6795bffd
55578793
611cbfd5
8782779c
73bc611c
e5118782
00001517
d1853503
45018082
25738082
2501f140
611c8082
e4061141
9782639c
85aa1141
81018513
f0efe406
0000fedf
00000000
00000000
00000000
00000000
00000000
00000000
00000000
00000000
00000000
00000000
00000000
00000000
e77fe06f
e73fe06f
e6ffe06f
ebdfe06f
e67fe06f
e63fe06f
e5ffe06f
f7ffe06f
e57fe06f
e53fe06f
e4ffe06f
e4bfe06f
e47fe06f
e43fe06f
e3ffe06f
e3bfe06f
82cff06f
8faff06f
9c8ff06f
a96ff06f
b64ff06f
c32ff06f
d00ff06f
dceff06f
e9cff06f
f6aff06f
839ff06f
907ff06f
9d5ff06f
aa3ff06f
b71ff06f
c3fff06f
00000000
00000000
00000000
00000000
00000000
00000000
00000000
00000000
00000000
00000000
00000000
00000000
00000000
00000000
00000000
00000000
00000000
00000000
00000000
00000000
00000000
00000000
00000000
00000000
00000000
00000000
00000000
00000000
00000000
00000000
00000000
00000000
e4061141
0f2000ef
079360a2
c11c0580
0141557d
11418082
f0efe406
1141ea7f
00efe406
60a20d40
fa800793
557dc11c
80820141
3513157d
80820015
e4061141
0b6000ef
079360a2
c11c0580
0141557d
11418082
00efe406
60a20a00
05800793
557dc11c
80820141
00002797
f1878793
00003717
f1070713
02e78663
81818793
638885aa
00b506b3
00e6fd63
ec061101
e42a2581
c0efe394
60e29fef
61056522
e3988082
8082557d
ec061101
e426e822
4785e04a
00f51a63
84b2842e
00c58933
03241063
a0398526
02e000ef
05800793
557dc11c
644260e2
690264a2
80826105
00044503
00ef0405
bfd92d00
468185aa
45014601
1517a879
35030000
8082aca5
e8221101
c417e426
0413ffff
c4973fa4
8493ffff
8c053f24
840dec06
60e2e411
64a26442
80826105
67b3147d
639c2094
b7ed9782
e8221101
c417e426
0413ffff
c4973c64
8493ffff
8c813be4
ec06e04a
4901848d
02991563
ffffc417
3a840413
ffffc497
3a048493
848d8c81
1d634901
60e20099
64a26442
61056902
601c8082
04210905
b7f99782
0905601c
97820421
88aabff9
00001517
a9450513
ef016118
aa818793
0513e11c
873e0000
6118c509
10e7b823
471c873e
557d487d
04f84563
02088c63
11073803
02080f63
2107e333
00c33023
20082503
163b4605
8d5100f6
20a82023
10d33023
97634689
268300d8
8ed12048
20d82223
0017869b
e7b3c714
450120e7
8082eb8c
f852711d
f05af456
ec86ec5e
e4a6e8a2
fc4ee0ca
e466e862
8a2e8aaa
00001b17
a04b0b13
34834b85
cc81000b
b9834480
091b1104
040efff4
00898cb3
5f639426
60e60009
64a66446
79e26906
7aa27a42
6be27b02
6ca26c42
80826125
000a0c63
00099663
1ce1397d
bfd11461
0f8cb783
ff479ae3
6418449c
996337fd
a4230327
d36d0124
0084ac03
00098963
2009a783
012b96bb
27818ff5
9702ef89
37834498
12e3000b
8fe3f987
bfb5faf4
00043423
a783bfc9
b5832049
8ff5ff8c
e7812781
97028556
852ebfe1
bfc99702
00001797
96478793
ef054398
e8221101
ec06e426
c3984705
ffffc417
21440413
ffffc497
20c48493
00947463
00941763
644260e2
610564a2
601c8082
97820421
8082b7f5
00001797
91878793
ef054398
e8221101
ec06e426
c3984705
ffffc417
1d040413
ffffc497
1c848493
00947463
00941763
644260e2
610564a2
601c8082
97820421
8082b7f5
e4061141
00efe022
17971c80
87930000
43988ce7
4705e319
00efc398
f0ef11e0
2501b35f
b1fff0ef
cd11842a
b11ff0ef
00efc919
85220220
affff0ef
6402c509
014160a2
60a2a801
01416402
b72d8082
b7adbf45
639c611c
852a8782
01151013
8082557d
8793050e
97aa8201
c6e16394
83018793
639c97aa
06374705
173b1000
c78300f7
05370095
377d2000
01c7979b
c6038ff1
161b00a5
8e6901d6
c6038fd1
8a050005
c6038fd1
8e790015
0026161b
41d08fd1
161b8e79
8fd10086
0085c603
171b8f71
8fd900e7
c29c2781
00c5c783
00d5c703
06136609
979be006
171b0047
8f710097
1f07f793
c7038fd9
e63700b5
8b3d0007
c7038fd9
171b00e5
8f7100d7
c7038fd9
063700f5
171b0008
8f710137
c7038fd9
06370105
171b0010
8f710147
c7038fd9
06370115
171b0020
8f710157
27818fd9
8082c2dc
8301b703
97bb4785
713900e7
470537fd
00e10423
0047f713
00e104a3
1587f713
08238b95
678500f1
e0078793
00f11923
010607b7
40478793
0793ca3e
f8221010
fc06f426
08a3c63a
1c230001
440100f1
82818493
4763409c
70e200f4
74a27442
80826121
002c8522
ec5ff0ef
b7dd2405
f14027f3
83818713
e7b32781
639820e7
07a16785
4314973e
00157793
9add078e
c31c8fd5
45018082
0000bfe1
00000000
00000000
12200418
00000000
12200450
00000000
122003e0
00000000
00000000
00000000
00000000
00000000
00000000
00000000
00000000
00000000
00000000
00000000
00000000
00000000
00000000
00000000
00000000
00000000
00000000
00000000
00000000
00000000
00000000
00000000
00000000
00000000
00000000
00000000
00000000
00000000
00000000
00000000
00000000
00000000
00000000
00000000
00000000
00000000
12200528
00000000
00000000
00000000
12200608
00000000
00000000
00000000
00000000
00000000
122006a8
00000000
00000000
00000000
00000000
00000000
00000000
00000000
00000000
00000000
00000000
00000000
00000000
00000000
00000000
00000000
00000000
00000000
00000000
00000000
00000000
00000000
00000000
00000000
00000000
00000000
00000000
00000000
00000000
00000000
00000000
00000000
00000000
00000000
00000000
00000000
00000000
00000000
00000000
00000000
00000000
00000000
00000000
00000000
00000000
00000000
00000000
00000000
00000000
00000000
00000000
00000000
00000000
00000000
00000000
00000000
00000000
00000000
00000000
00000000
00000000
00000000
00000000
00000000
00000000
00000000
00000000
00000000
00000000
00000000
00000000
00000000
00000000
00000000
00000000
00000000
00000000
00000000
00000000
00000000
00000000
00000000
00000000
00000000
00000000
00000000
00000000
00000000
00000000
00000000
00000000
00000000
00000000
00000000
00000000
00000000
00000000
00000000
00000000
00000000
00000000
00000000
00000000
00000000
00000000
00000000
00000000
00000000
00000000
00000000
00000000
00000000
00000000
00000000
00000000
00000000
00000000
00000000
00000000
00000000
00000000
00000000
00000000
00000000
00000000
00000000
00000000
00000000
00000000
00000000
00000000
00000000
00000000
00000000
00000000
00000000
00000000
00000000
00000000
00000000
00000000
00000000
00000000
00000000
00000000
00000000
00000000
00000000
00000000
00000000
00000000
00000000
00000000
00000000
00000000
00000000
00000000
00000000
00000000
00000000
00000000
00000000
00000000
00000000
00000000
00000000
00000000
00000000
00000000
00000000
00000000
00000000
00000000
00000000
00000000
00000000
00000000
00000000
00000000
00000000
00000000
00000000
00000000
00000000
00000000
00000000
00000000
00000000
00000000
00000000
00000000
00000000
00000000
00000000
00000000
00000000
00000000
00000000
00000000
00000000
00000000
00000000
00000000
00000000
00000000
00000000
00000000
00000000
00000000
00000000
00000000
00000000
00000000
00000000
00000000
00000000
00000000
00000000
00000000
00000000
00000000
00000000
00000000
00000000
00000000
00000000
00000000
00000000
00000000
00000000
00000000
00000000
00000000
00000000
00000000
00000000
00000000
00000000
00000000
00000000
00000000
00000000
00000000
00000000
00000000
00000000
00000000
00000000
00000000
00000000
00000000
00000000
00000000
00000000
00000000
00000000
00000000
00000000
00000000
00000000
00000000
00000000
00000000
00000000
00000000
00000000
00000000
00000000
00000000
00000000
00000000
00000000
00000000
00000000
00000000
00000000
00000000
00000000
00000000
00000000
00000000
00000000
00000000
00000000
00000000
00000000
00000000
00000000
00000000
00000000
00000000
00000000
00000000
00000000
00000000
00000000
00000000
00000000
00000000
00000000
00000000
00000000
00000000
00000000
00000000
00000000
00000000
00000000
00000000
00000000
00000000
00000000
00000000
00000000
00000000
00000000
00000000
00000000
00000000
00000000
00000000
00000000
00000000
00000000
00000000
00000000
00000000
00000000
00000000
00000000
00000000
00000000
00000000
00000000
00000000
00000000
00000000
00000000
00000000
00000000
00000000
00000000
00000000
00000000
00000000
00000000
00000000
00000000
00000000
00000000
00000000
00000000
00000000
00000000
00000000
00000000
00000000
00000000
00000000
00000000
00000000
00000000
00000000
00000000
122043f0
00000000
12204330
00000000
122007b8
00000000
12205d80
00000000
02030000
00000000
00000001
00000000
00000006
00000000
04000000
00000000
8dc57f28
d33362d9
7fafcdc8
8d56a01e
68ab6709
af1ced0f
7bed4e95
6cb3f43c
e5b791d7
33962e31
0d609ded
72ab970e
b1525042
554d2610
83cbbdbf
bd11ce3c
a2000003
000097b0
0004dd4c
00000000
00000000
00000000
00000000
00000000
086fc5d4
4df10f68
a53c20f9
8d9d5917
cb939a7a
6b267536
9e9eb631
7650eeef
b3ec0ae2
ae5820d2
42469276
99ec6ffe
79bb073c
8a069dd4
19a14342
dc41ff7a
00000000
00000000
00000000
12790000
00009770
00000000
00000000
00000000
00000000
00000000
00000000
00000001
00000000
00000000
00000000
00000000
0000a197
e6818193
00000297
01828293
30529073
00100293
00028463
7c105073
00000297
13428293
30529073
00000113
00011663
0001a117
b6c10113
f1402573
03374281
03130001
71130003
8563ff01
911a00a2
bfd50285
00000097
07e08093
00008363
25739082
4581f140
00ef4601
00930f60
83630000
90820000
00000297
00c28293
30529073
00002303
0000bff5
80820000
b37346a1
42a13006
0055c563
00757613
0023ca11
05050005
47e315fd
1073feb0
80823003
00053023
15e10521
fcb04ee3
30031073
30238082
03210003
fe734de3
84068082
000002b7
00028293
06028763
000002b7
00028293
f14027f3
b07346a1
03373006
03130001
a3970003
83930000
0333aa23
53634061
831e0073
0463838a
f0ef0073
9a63fb5f
93170257
03130000
9397e3a3
83930000
046364a3
f0ef0073
1317f99f
03130000
139784a3
83930000
04638423
f0ef0073
80a2f81f
00008082
342022f3
34102373
343023f3
8082bfd5
a1978406
81930000
0293d021
1b630000
92970c55
82930000
9317de22
03130000
8393dda3
8c639081
5a630062
b5030073
02a10002
00a33023
4ae30321
0297fe73
82930000
03177de2
03130000
03977d63
83930000
8c637ce3
5a630062
b5030073
02a10002
00a33023
4ae30321
100ffe73
02970000
82930000
03177aa2
03130000
03977a23
83930000
8c6379a3
5a630062
b5030073
02a10002
00a33023
4ae30321
100ffe73
83130000
83939081
5763d381
30230073
03210003
fe734de3
90818213
9602c211
00009517
83450513
019080ef
05d080ef
00009517
ac050513
009080ef
2af080ef
f1bff0ef
b07356fd
b0733046
27f33446
27373010
8f7d0004
b073c709
b0733036
07373026
8f7d0004
b073c319
67411806
0287071b
cb898ff9
300027f3
8fd96709
30079073
00305073
267080ef
05974505
85930000
06176425
06130000
00ef6426
60ef00e0
80a27c60
80828082
e4061141
f14022f3
00000313
00628563
10500073
00efbff5
60a27360
80820141
00000000
838002e0
00000000
2a30806f
00000000
000018ac
00001848
000015de
00000a34
00000a34
00000a34
00000a34
00000a34
00000a34
00000a34
00000a34
00000a34
00000a34
00000a34
00000a34
00000a34
0000155e
000014f0
00000a3c
00000a3c
0000110e
00000a34
00000a34
00000a34
00000a34
00000a34
00000a34
00000a34
00000a34
00000a34
00000a34
00000a34
00000f2e
00000ee6
000008ea
00000a34
00000a34
00000a34
00000a34
00000a34
00000a34
00000a34
00000a34
00000a34
00000a34
00000a34
00000a34
00000a34
00000e5c
0000109c
60288b9d
3ca6f937
00002782
00002782
000027b6
00002722
00002722
00002722
00002722
00002722
00002722
00002722
00002722
00002722
00002722
00002722
00002722
00002722
00002782
00002782
000027b6
000027b6
000027c2
00002722
00002722
00002722
00002722
00002722
00002722
00002722
00002722
00002722
00002722
00002722
000027ce
000027da
000027e6
00002722
00002722
00002722
00002722
00002722
00002722
00002722
00002722
00002722
00002722
00002722
00002722
00002722
000027f2
000027fe
60288b9d
3ca6f937
00004102
00004102
00004084
0000408a
00004092
0000409a
000040a2
000040aa
000040b2
000040ba
000040c2
000040ca
000040d2
000040da
000040e2
000040ea
000040f2
000040fa
000049f8
00004a0e
00004a24
00004a3a
00004a50
00004a66
00004a7c
00004a92
00004aa8
00004abe
00004ad4
00004aea
00004b00
00004b4c
00004b62
00004b78
00004b8e
00004ba4
00004bba
00004bd0
00004be6
00004bfc
00004c12
00004c28
00004c3e
00004c54
00004d1e
00004d40
00004d62
00004d84
00004da6
00004dc8
00004dea
00004e0c
00004e2e
00004e50
00004e72
00004e94
00004eb6
0000574e
0000575a
00005766
00005772
0000577e
0000578a
00005796
000057a2
000057ae
000057ba
000057c6
000057d2
0000581e
0000582a
00005836
00005842
0000584e
0000585a
00005866
00005872
0000587e
0000588a
00005896
000058a2
00000000
00000000
00000000
00000000
00000000
00000000
00000000
00000000
00000000
00000000
00000000
00000000
00000000
00000000
00000000
00000000
00000000
00000000
00000000
00000000
00000000
00000000
00000000
00000000
00000000
00000000
00000000
00000000
00000000
00000000
00000000
00000000
00000000
00000000
00000000
00000000
00000000
00000000
00000000
00000000
00000000
00000000
00000000
83807058
00000000
83807152
00000000
838070c4
00000000
00000000
00000000
00000000
00000000
838072ee
00000000
8380730e
00000000
838070de
00000000
838070c0
00000000
83807178
00000000
838071d2
00000000
00000000
00000000
00000000
00000000
00000000
00000000
00000000
00000000
00000000
00000000
00000000
00000000
00000000
00000000
00000000
00000000
83807264
00000000
83807024
00000000
00000000
00000000
00000000
00000000
00000000
00000000
00000000
00000000
00000000
00000000
00000000
00000000
00000000
00000000
83807506
00000000
8380750c
00000000
8380752c
00000000
8380755a
00000000
83807676
00000000
8380755c
00000000
83807566
00000000
838076fa
00000000
8380756a
00000000
8380756e
00000000
838075a2
00000000
838075d6
00000000
8380760a
00000000
83808854
00000000
83807624
00000000
83807636
00000000
8380763c
00000000
83807644
00000000
8380765a
00000000
8380732e
00000000
8380769a
00000000
83807704
00000000
838086ac
00000000
00000000
00000000
00000000
00000000
00000000
00000000
00000000
00000000
838086da
00000000
00000000
00000000
8380882e
00000000
83808834
00000000
00000000
00000000
00000000
00000000
00000000
00000000
00000000
00000000
00000000
00000000
00000000
00000000
00000000
00000000
00000000
00000000
83807502
00000000
00000000
00000000
00000000
00000000
00000000
00000000
00000000
00000000
00000000
00000000
00000000
00000000
00000000
00000000
00000000
00000000
838008e8
00000000
00000000
00000000
6762696c
73736f6c
00000000
00000000
abcd330e
e66d1234
4c957f2d
5851f42d
7f800000
42b17180
c2cff1b5
3fb8aa3b
3f317180
3717f7d1
7149f2ca
3f800000
3331bb4c
b5ddea0e
388ab355
bb360b61
3e2aaaab
40000000
0d800000
10000000
70000000
bf800000
83808fe0
00000000
3f000000
bf000000
3f317180
bf317180
3717f7d1
b717f7d1
00040301
00000000
8380886e
00000000
00000000
00000000
00000000
00000000
00000000
00000000
00000000
00000000
00000000
00000000
00000000
00000000
00000000
00000000
00000000
00000000
00000000
00000000
00000000
00000000
00000000
00000000
00000000
00000000
00000000
00000000
00000000
00000000
00000000
00000000
00000000
00000000
95977125
b5830000
4501cf65
e34aef06
fad2fece
f2daf6d6
eae2eede
e2eae6e6
eb22fe6e
50efe726
10ef11c0
20ef67e0
20ef5c50
20ef6b60
0c137ee0
06130b01
45810800
60ef8562
f5b713e0
0b97311c
bb830000
9917962b
39030000
4781d029
48814701
86de4801
02f00613
bc058593
30ef4509
0b137580
57932409
f793010b
57130ff7
f03e008b
018b579b
0c010a93
0ff77713
0793f43e
d793f000
09936087
0d172489
0d130000
9a17846d
3a030000
9d97c6ea
bd830000
9c97bfed
bc830000
ec3ac7ec
e456f83e
20ef4519
c9014e70
20ef4519
45190f00
4d9020ef
10eff975
10ef64a0
10ef6d80
458541b0
10ef4501
46c107f0
02000613
45014599
073050ef
4585d561
10ef4505
87620670
08000693
45994621
20ef4501
d1027480
0a011223
5683778a
67030b41
07c20b01
311cf437
48198fd5
488186de
04800613
bc040593
30ef4519
06136880
45810580
60ef854e
77ca0360
0b415703
d8134699
d5130087
d59b0107
56130187
00230087
478524f9
24c904a3
28f90823
250900a3
24a90123
24b901a3
24d90223
240902a3
24090323
240903a3
24e90423
24090523
240905a3
13100613
0007079b
16e66a63
0ff00613
00f66463
0420106f
f007079b
03100693
0807c63b
14c6ec63
21a647b3
97ea439c
c7838782
c583001d
c803009d
c883005d
c083011d
c383000d
c283008d
cf83004d
c703010d
c603002d
c50300ad
c683006d
ce83012d
ce03007d
c303013d
cf03003d
07a200bd
082205a2
e7b308a2
e5b30017
68330075
e8b30058
064201f8
05420742
036206c2
65330f62
e6b30105
98130116
1893018e
8f5d018e
311cf437
00b667b3
00d8e8b3
00a86833
00ff67b3
00e36733
059386de
0613bc04
45090f30
30efd102
c78355c0
c603001d
c503009d
c303005d
c083011d
c703000d
c383002d
c683008d
c28300ad
c583004d
cf83006d
c883010d
ce03012d
cf03003d
c80300bd
ce83007d
07a2013d
05220622
e7b30322
66330017
06c20076
08c205c2
65330742
63330055
8d4d01f3
e3338f5d
e7b30068
0e6200c6
08620f62
018e9893
00a86833
0068e8b3
00ff67b3
00ee6733
061386de
05930f50
4509bc04
08234309
08a32869
09232809
09a32809
d1022809
4b2030ef
10ef4519
b35d53f0
1223d102
768a0a01
00009797
9dc7b783
0007e883
0dc16803
0c016783
f43706c2
8f55311c
bc040593
061386de
45190850
476030ef
4585450e
0085569b
0105571b
0185579b
24a90623
24d906a3
24e90723
24f907a3
2bd020ef
106fe119
47030460
468324d9
478324c9
450324e9
072224f9
07c28f55
05628fd9
07938d5d
05330480
979702f5
b7830000
639c91a7
00009717
95873703
4f03430c
5e130007
5613020b
5693028b
5713030b
97aa038b
0117cf83
0107c503
0127c283
0137c303
0147c883
c8030fa2
efb30157
02c200af
0167c503
01f2e2b3
cf830362
63330177
18820053
0068e8b3
68331822
15420118
01056533
efb31fe2
c48300af
c30300cf
c503008f
c883009f
c80300af
e82600bf
00dfc283
0085de9b
fc160522
00efc083
00656533
e08608c2
00ffc483
01ca0223
00ca02a3
00ea03a3
01ea0423
00da0323
016a0023
6f2e66e2
01da04a3
5a9b7ece
4e03018f
00a30cc1
fcd600da
da937682
463e008e
00a8e533
d89be556
da930105
e4c6010e
da9be956
4f83018e
01230dc1
e8f200da
4e0376a2
ed560f41
531b6aa6
43850106
008f5893
0185d59b
0862ec9a
010f5313
6833575e
082300a8
6542007a
00da01a3
46fef0fe
f4c6e172
f89a7e2e
015a0523
00ba05a3
7ae665c6
0086509b
0186561b
26c901a3
25590ba3
6aaa7606
0086d29b
26c90223
015a0923
6aca7626
0106df9b
0186d69b
26b90023
26d903a3
668a65e6
24c90aa3
015a09a3
6aea7646
0087531b
0107589b
0187571b
261900a3
26b90123
27f90323
25e90a23
24c90b23
28d90623
0ec15603
286906a3
29190723
28e907a3
01da08a3
01ca0aa3
265902a3
015a0a23
608672e2
65331502
96930105
8ec90282
03009713
14e28f55
02639693
d31b8cd9
d8930187
d8130207
d5930287
52930387
5f93008e
571b010e
5f13018e
de930086
de130087
d5130107
8cd50307
00008697
6e06b683
00c69023
026a0923
031a09a3
030a0a23
02ba0b23
005a0b23
01fa0ba3
00ea0c23
00ca0ca3
01ea0d23
02fa07a3
03da0823
03ca08a3
02aa0aa3
00008517
71853503
479e9482
0c414603
00008717
6f873703
0087d69b
d71bc308
d79b0107
08230187
08a324c9
092324d9
09a324e9
082324f9
10ef000a
57130380
47fe0385
00855313
01055893
0185581b
02055593
02855613
03055693
26e909a3
00008717
6e873703
26a90623
266906a3
27190723
270907a3
26b90823
26c908a3
26d90923
00072023
4e079de3
97e347ce
46834407
46032919
47032909
47832929
06a22939
07428ed1
07e28f55
27818fd9
9fe34705
841746e7
34030000
401c6524
00044603
000a0823
0087d69b
0107d71b
0187d79b
00ca0423
00da04a3
00ea0523
00fa05a3
00008517
63453503
c0089482
29194603
29094783
1223d102
46830a01
770a2929
0b415583
29394883
8e5d0622
00008797
5f87b783
0007e803
67830742
06c20c01
8f4d8ed1
f5b708e2
e8b3311c
061300d8
86de0cc0
bc058593
30ef4519
b25908c0
1223d102
03230a01
7ac20a01
8497770a
b4830000
c7835d64
77330004
f4370157
0722311c
86de8f5d
bc040593
48014881
06134781
45190f90
04e030ef
1223d102
03230a01
770a0a01
0c014303
77334881
07220157
00676733
00648023
43094801
86de4781
0fc00613
bc040593
08234519
08a32869
09232809
09a32809
30ef2809
45190080
095010ef
6783b8f5
67030c41
f4370c01
4881311c
86de4801
bc040593
10000613
d1024519
7df020ef
458e461e
450146c1
2a4050ef
0c416783
0c016703
48014881
061386de
05931030
4519bc04
c783bcc5
c583001d
c803009d
c883005d
c083011d
c383000d
c283008d
cf83004d
c703010d
c603002d
c50300ad
c683006d
ce83012d
ce03007d
c303013d
cf03003d
07a200bd
082205a2
e7b308a2
e5b30017
68330075
e8b30058
064201f8
05420742
036206c2
65330f62
e6b30105
98130116
1893018e
8f5d018e
311cf437
00b667b3
00d8e8b3
00a86833
00ff67b3
00e36733
059386de
0613bc04
45090e70
20efd102
65a27190
85174661
35030000
50ef3f65
a4b77e60
85931000
45010144
51f020ef
000dc703
0005079b
07069bf5
00277613
85938e5d
45010144
4f9020ef
001dc783
009dc603
005dc503
011dc303
000dc083
002dc703
008dc383
00adc683
004dc283
006dc583
010dcf83
012dc883
003dce03
00bdcf03
007dc803
013dce83
062207a2
03220522
0017e7b3
00766633
05c206c2
074208c2
00556533
01f36333
8f5d8d4d
0068e333
00c6e7b3
0f620e62
98930862
6833018e
e8b300a8
67b30068
673300ff
86de00ee
0ef00613
bc040593
b2494509
004ce783
000ce703
311cf437
488186de
06134801
059312c0
4519bc04
20efd102
470e6290
a4b7479e
85931000
45010144
00eca023
00fca223
433020ef
000ca703
0005079b
171b9bdd
76130037
8e5d0087
01448593
20ef4501
e78340b0
e703004c
4881000c
86de4801
13500613
bc040593
8797bd39
b7830000
b3032ca7
64030007
68830f01
68030cc1
67830c81
67030c41
f4b70c01
86de311c
bc048593
10b00613
d1024519
20846433
20646433
59b020ef
4703d102
47830194
468301d4
46030214
40830254
43830184
428301c4
4f830224
45830264
450301a4
4e8301e4
43030204
4f030244
4e0301b4
480301f4
48830234
06a20274
07220622
673307a2
e7b30017
eeb30077
633301d6
96930066
96130102
05c2010f
e6b30542
663301d6
8dd90066
17138d5d
1793018f
0862018e
e8b308e2
683300c8
8fc900d8
86de8f4d
bc048593
10c00613
20ef4519
27875010
470e0c81
2827461e
278700f1
46c20cc1
0087509b
e00787d3
e0078ad3
0107539b
0187529b
00865f9b
01065f1b
01865e9b
0086de1b
0106d31b
0186d89b
0087d81b
0107d51b
0187d59b
00140ca3
00740d23
00540da3
00e40c23
00c40e23
01f40ea3
01e40f23
01d40fa3
03c400a3
02640123
031401a3
030402a3
02a40323
02d40023
03540223
02b403a3
0d014683
480347de
04230d41
468302d4
2c270d11
d51b02f1
04a30087
458302d4
d61b0d21
d79b0107
05230187
458302b4
06230d31
07a30304
05a302f4
06a302b4
072302a4
460302c4
47fe0d81
0dc14883
02c40823
0d914603
0087d81b
0107d59b
02c408a3
0da14503
0187d61b
0923579e
450302a4
0a230db1
0b230314
09a302b4
0aa302a4
0ba30304
460302c4
43030e01
d89b0e41
0c230087
460302c4
d51b0e11
d79b0107
0ca30187
480302c4
86de0e21
bc048593
03040d23
0e314803
02640e23
03140ea3
03040da3
02a40f23
02f40fa3
0e814783
0ec14f03
01016803
04f40023
0e914303
0c416783
11a00613
046400a3
0ea14e03
4519533e
05c40123
0eb14f83
00835e9b
01035e1b
0183531b
05f401a3
05e40223
05d402a3
05c40323
046403a3
080a88bb
0807073b
20efd102
d1023490
02944703
02d44783
03144683
03544603
02844083
02c44383
03244283
03644f83
02a44583
02e44503
03044e83
03444303
02b44f03
02f44e03
03344803
03744883
062206a2
07a20722
00176733
0077e7b3
01d6eeb3
00666333
01029693
010f9613
054205c2
01d6e6b3
00666633
8d5d8dd9
018f1713
018e1793
08e20862
00c8e8b3
00d86833
8f4d8fc9
859386de
0613bc04
451911b0
2af020ef
4783d102
46030394
450303d4
43030414
40830454
47030384
438303a4
468303c4
428303e4
45830404
4f830424
48830444
4e030464
4f0303b4
480303f4
4e830434
07a20474
05220622
e7b30322
66330017
06c20076
00556533
633305c2
08c201f3
8d4d0742
0068e333
0e628f5d
00c6e7b3
98930f62
0862018e
00a86833
0068e8b3
00ff67b3
00ee6733
859386de
0613bc04
451911c0
217020ef
0cc16883
0c816803
0c416783
0c016703
061386de
859311e0
4519bc04
d30ff06f
0c016783
311cf437
488186de
47014805
0e100613
bc040593
d1024519
1d7020ef
4585450e
0f0020ef
0c016783
00855e9b
01055e1b
0185531b
4881882a
86de4701
0e300613
bc040593
08234519
08a32909
092329d9
09a329c9
d1022869
0808083b
193020ef
10ef4519
f06f21e0
f437a86f
0593311c
86debc04
48054881
47014781
0db00613
20ef4519
652216d0
404020ef
561b87aa
569b0085
571b0105
45190185
28f90823
28c908a3
28d90923
28e909a3
1d4010ef
29194703
29094683
29294783
29394803
8f550722
8fd907c2
68330862
488100f8
47014781
061386de
05930de0
4519bc04
20efd102
f06f10d0
6783a06f
67030dc1
f4370c01
4881311c
86de4801
05700613
bc040593
d1024519
0e7020ef
47fe670e
0dc14883
00875593
0087d81b
01075613
0187569b
0107d51b
0187d79b
27190223
270902a3
26f903a3
24e90623
24b906a3
24c90723
24d907a3
26a90323
74a000ef
24d94783
24c94603
24e94683
24f94703
8fd107a2
8edd06c2
87aa0762
00d76533
0087de13
0107d313
0187d89b
0207d813
0287d613
0307d693
0387d713
26f90623
87974581
b7830000
2501dda7
27c906a3
26690723
271907a3
27090823
26c908a3
26d90923
26e909a3
0007a023
69d010ef
48050c63
9c6347fe
47ce3807
42079e63
29194683
29094603
29294783
29394703
8ed106a2
8fd507c2
8f5d0762
47852701
3af71763
24d94603
24c94583
24e94783
24f94683
8e4d0622
8fd107c2
8edd06e2
0d800793
02f686b3
00008797
d0c7b783
461e639c
0c414e83
020b5893
00865e1b
0106531b
028b5813
0186561b
66e297b6
030b5513
038b5593
00da00a3
08237682
08a325d9
012325c9
76a200da
24690923
24c909a3
016a0023
00da01a3
011a0223
010a02a3
00aa0323
00ba03a3
0d17c683
0d07c603
0d27c883
0d37c803
0d47c503
c58306a2
8ed10d57
c60308c2
e8b30d67
086200d8
0d77c683
01186833
65331502
15a20105
d8938dc9
16420087
d8138e4d
d5930107
07a30207
16e202fa
031a0823
030a08a3
0187d51b
171a8ed1
0307d613
02ba09a3
0287d593
092393e1
0a2302aa
8f5502ba
02ca0aa3
02fa0b23
00008517
c4053503
46039702
d1022919
0a011223
29094783
29294683
5583770a
48830b41
06222939
68038e5d
67830dc1
07420c01
8ed106c2
08e28f4d
311cf5b7
00d8e8b3
08100613
859386de
4519bc05
6a2020ef
f9dfe06f
311cf437
488186de
47814801
06134719
05930d50
4519bc04
682020ef
4581450e
59d010ef
561b87aa
569b0085
571b0105
45190185
28f90823
28c908a3
28d90923
28e909a3
6e9000ef
48014881
47194781
061386de
05930d80
4519bc04
63e020ef
f39fe06f
311cf437
bc040593
488186de
47814801
06134719
45190cf0
61e020ef
10ef6522
87aa5df0
0085561b
0105569b
0185571b
08234519
08a328f9
092328c9
09a328d9
00ef28e9
48816870
47814801
86de4719
0d200613
bc040593
20ef4519
e06f5dc0
cf49ed7f
92d79263
0cc16883
0c816803
0c416783
0c016703
059386de
0613bc04
45191220
20efd102
460e5b00
1000a4b7
01048593
20ef4501
461e3ba0
01448593
20ef4501
462e3ae0
01848593
20ef4501
463e3a20
01c48593
20ef4501
464e3960
02048593
20ef4501
465e38a0
02448593
20ef4501
688337e0
68030cc1
67830c81
67030c41
86de0c01
12900613
bc040593
d1024519
542020ef
e3dfe06f
059386de
4881bc04
47014801
05100613
45194781
526020ef
45194789
28f90823
280908a3
28090923
280909a3
5a1000ef
48014881
47014781
061386de
05930540
4519bc04
4f6020ef
df1fe06f
45de466e
450146c1
7b8040ef
0d016783
0c016703
0005031b
4881882a
061386de
05930b10
4505bc04
d102e81a
0808083b
4be020ef
00636342
4789b803
28f90823
fad00793
28f90923
fde00793
280908a3
28f909a3
00ef4519
f06f52b0
6803bbaf
67030c41
48810c01
061386de
05930630
4509bc04
080787bb
20efd102
568e4740
559e461e
45194701
4d7000ef
08234789
08a328f9
09232809
09a32809
45192809
4e1000ef
6803b38d
67030c41
48810c01
061386de
05930aa0
4509bc04
080787bb
20efd102
568e42c0
559e461e
45194705
48f000ef
08234789
08a328f9
09232809
09a32809
b7bd2809
0c016703
48814781
86de4801
08800613
bc040593
d1024505
3ee020ef
bf1d4785
45de466e
450146c1
6b0040ef
0005081b
ba080ce3
0d016783
0c016703
86de4881
06b00613
bc040593
d1024505
0808083b
3b6020ef
08234789
079328f9
0923fad0
079328f9
08a3fde0
09a32809
b7a128f9
67034305
08230c01
03132869
0923fad0
48812869
fde00313
47854801
061386de
059305f0
4505bc04
280908a3
286909a3
20efd102
b6893640
00000000
00000000
00000000
00000000
00000000
00000000
00000000
00000000
00000000
00000000
00000000
00000000
00000000
00000000
00000000
00000000
00000000
00000000
00000000
00000000
00000000
00000000
00000000
00000000
00000000
00000000
00000000
00000000
00000000
00000000
00000000
00000000
00000000
00000000
00000000
00000000
00000000
1620006f
0fc0006f
0f80006f
0f80006f
0f00006f
0ec0006f
0e80006f
0ea0006f
0e00006f
0dc0006f
0d80006f
0d60006f
0d00006f
0cc0006f
0c80006f
0c40006f
0c00006f
0bc0006f
0b80006f
0b40006f
0b00006f
0ac0006f
0a80006f
0a40006f
0a00006f
09c0006f
0980006f
0940006f
0900006f
08c0006f
0880006f
0840006f
0800006f
07c0006f
0780006f
0740006f
0700006f
06c0006f
0680006f
0640006f
0600006f
05c0006f
0580006f
0540006f
0500006f
04c0006f
0480006f
0440006f
00000000
00000000
00000000
00000000
00000000
00000000
00000000
00000000
00000000
00000000
00000000
00000000
00000000
00000000
00000000
00000000
a001a001
a001a001
040122b7
7ff2829b
237302b2
b0233000
23730062
b4233410
23730062
b8233420
23730062
bc233430
b4230062
b8230212
bc230222
b0230232
b4230442
b82304a2
bc2304b2
b02304c2
b42306d2
b82306e2
bc2306f2
00730702
11413020
f0efe406
0513fa3f
40ef0ee0
11012030
e4b7e426
85931002
45010284
e822ec06
76b010ef
8593842a
450102c4
75f010ef
043b2401
15020804
8d4160e2
64a26442
80826105
46197179
00007597
62c5b583
f4064501
ec26f022
1000a437
0c2030ef
04c40593
45014601
719010ef
04840593
45014601
70d010ef
0083d4b7
00849593
45016641
064040ef
00007797
5ec7b783
0007e703
04840813
04c40793
70a27402
00849893
c00264e2
106b05b7
ffffe697
2a06b683
02c00613
df958593
61454519
0a60206f
1000a5b7
05d11141
e4064501
6bb010ef
0015561b
00007797
5747b783
0025569b
80238a05
80a300c7
81230007
81a30007
60a20007
0035571b
00007797
5887b783
c3948a85
8b058905
00007597
5b85b583
00007797
5c07b783
c398c188
80820141
00054783
80a34705
80230005
876300f5
079300e7
80a3f810
808200f5
f8000793
00058223
00f582a3
00058323
000583a3
711d8082
00007597
53c5b583
ec864501
e4a6e8a2
e0ca842e
f002ce02
f802f402
30effc02
400c1690
45010870
30ef25c1
47726b40
f7634785
400c02e7
46091004
25c186a6
30ef4501
09130930
85ca0301
f0ef8526
400cf7ff
460986ca
30ef4501
e5197800
644660e6
690664a6
80826125
00046703
784278e2
05b77782
e697106b
b683ffff
061317a6
85930530
4505df95
10efc002
60e67810
64a66446
61256906
71798082
87aae002
868a4709
45f54609
f0224501
e402f406
ec02e802
00e10023
30efc23e
041b71c0
e0590005
460966c1
450145b5
3cb030ef
0005041b
46090814
45b5ec15
30ef4501
47837f20
e7d90111
05b768e2
4781106b
47358846
ffffe697
0fc6b683
07200613
df958593
10ef4519
70a27050
74028522
80826145
450145f5
7b8030ef
682268c2
05b76782
4735106b
ffffe697
0c86b683
06a00613
df958593
10ef4505
70a26d10
74028522
80826145
682268c2
05b76782
4735106b
ffffe697
09c6b683
06200613
df958593
10ef4505
70a26a50
74028522
80826145
682268c2
05b76782
4735106b
ffffe697
0706b683
06f00613
df958593
10ef4505
44036790
70a20111
74028522
80826145
35133579
80820035
e4a6711d
00007497
3c84b483
ec86409c
e0cae8a2
f852fc4e
f05af456
ef91ec5e
60e64401
64468522
690664a6
7a4279e2
7b027aa2
61256be2
892e8082
100065b7
8593842a
450108c5
43b010ef
0085551b
00f57993
4785cc49
fcf414e3
fc8992e3
00007797
3547b783
0007aa03
ffffea97
fd8aba83
106b05b7
48814781
86d64801
09000613
df958593
0bbb4509
875e080a
10efc002
47bd5cd0
f8fa04e3
0863547d
44810209
00007b17
2c0b3b03
013a1463
c479a855
f0ef8552
041be39f
f0ef0005
3023c49f
248500ab
fe9915e3
05b7c855
4881106b
47814801
86d6875e
09f00613
df958593
c0024505
577010ef
854ebf1d
f09ff0ef
f0efd515
e783c11f
77370044
07130005
87b3ab87
7a1702e7
3a030000
348325aa
842a000a
409504b3
f097f2e3
f0ef854e
0de3ed7f
3783ee05
ea97000a
ba83ffff
05b7f16a
8722106b
88264881
061386d6
859308a0
4509df95
513010ef
00007797
2647b783
0137a023
4b85547d
f60907e3
a0114481
4505c819
d83ff0ef
041b2485
19e30005
4b85fe99
4b85bf81
106b05b7
48014881
875e4781
061386d6
859309d0
4509df95
4401c002
4c3010ef
7179b549
002c4651
f4064501
ec26f022
e402e84a
045020ef
006c4655
20ef4501
440903b0
85a244a9
24054501
228030ef
fe941be3
30ef4501
47a21e70
12079963
9d6347b2
46811207
45854601
20ef4501
468d3740
45854605
20ef4501
46813680
45854609
20ef4501
059335c0
45010230
2f6020ef
02400593
20ef4501
05932ec0
45010210
2e2020ef
02000593
20ef4501
44092d80
049b4929
85a60004
20ef4501
24050c90
85a64601
20ef4501
14e34310
45b1ff24
20ef4501
47a20b10
12079263
956347b2
44091007
049b4929
85a60004
45014605
407020ef
85a62405
20ef4501
14e32110
0593ff24
45010200
2a8020ef
02100593
20ef4501
059329e0
45010240
294020ef
02300593
20ef4501
47a228a0
47b2e7c5
4681ebc1
45814601
20ef4501
468d2a40
45814605
20ef4501
46812980
45814609
20ef4501
059328c0
66410210
450105ea
2fd030ef
44a94409
450185a2
30ef2405
1be35f80
47a2fe94
47b2ef9d
70a2e39d
64e27402
61456942
45a98082
30ef4501
47b26d80
ec0787e3
450145ad
6ca030ef
45adb5c9
30ef4501
70a25c00
64e27402
61456942
45a98082
30ef4501
bf755ac0
460545ad
20ef4501
45ad3310
20ef4501
b78513d0
460545a9
20ef4501
45a931d0
20ef4501
b7a11290
450145ad
796020ef
45ad4601
20ef4501
b5e53010
450145a9
782020ef
45a94601
20ef4501
b5f92ed0
e8a2711d
00007417
fac43403
00144683
00044603
00244703
00344783
8ed106a2
8f550742
ec8607e2
e0cae4a6
f852fc4e
f05af456
e862ec5e
ef898fd9
644660e6
690664a6
7a4279e2
7b027aa2
6c426be2
80826125
1000a5b7
04c58593
10ef4501
65b70910
89aa1000
0105549b
08c58593
10ef4501
468307d0
46030094
47030084
478300a4
06a200b4
07428ed1
07e28f55
0105591b
76178fd9
36030000
7913f126
27813ff9
0189da9b
0189da1b
4683420c
f49300d4
c9bb0ff4
f7630809
e58d0327
00c44583
00e44703
00f44783
8ecd06a2
8f550742
8fd907e2
27814705
7d63c218
20230cf9
a01d0006
00c44503
00e44703
00f44783
8ec906a2
8f550742
8fd907e2
65632781
47850af9
0af58863
01144683
01044603
01244703
01344783
8ed106a2
8f550742
8fd907e2
7b632781
7b1700f9
3b030000
2703e9ab
4785000b
16f70863
01544683
01444603
01644703
01744783
8ed106a2
8f550742
8fd907e2
f9632781
7b170127
3b030000
2783e66b
cbe9000b
0104961b
018a1a1b
00ff07b7
0149e9b3
8e7d6446
64a660e6
7a426906
7b027aa2
6c426be2
01366633
a5b779e2
26011000
04c58593
61254501
73c0106f
9fe34785
2023f4f5
bf990006
00544703
00444683
00644783
00744503
8f550722
8fd907c2
8d5d0562
00ef2501
45831610
46030094
48830054
45030084
47030044
468300a4
47830064
480300b4
05a20074
e5b30622
8e490115
06c20742
8ed18f4d
086207e2
106b05b7
68332985
8fd900d8
ffffe697
a946b683
0613874a
85931200
4519df95
080988bb
c9bbc002
10ef0809
b5f90910
ffffeb97
a70bbb83
08090c3b
0ff00593
30ef4501
25b762a0
85931003
45019a85
68e010ef
01144583
01044703
01244603
01344783
8dd905a2
000b6883
8e4d0642
05b707e2
8fd1106b
8762882a
061386de
859312f0
4519df95
083bc002
10ef0808
478502d0
00fb2023
b5d92485
0f000593
30ef4501
25b75ca0
85931003
45019a85
62e010ef
01144683
01044603
01244703
01344783
8ed106a2
000b6883
8f550742
ffffeb97
9d0bbb83
05b707e2
8fd9106b
86de882a
12800613
df958593
0c3b4519
87620809
083bc002
10ef0808
46837c00
46030154
47030144
47830164
06a20174
07428ed1
07e28f55
20238fd9
2781000b
001a8a1b
f127ece3
7119bd25
fc86852e
8436f8a2
7f2000ef
00288622
06400593
59c030ef
744670e6
80826109
f8a27119
7417f4a6
34030000
04bbcf64
a7b30805
07962094
fc86f0ca
97a2ecce
0097c683
0087c603
00a7c703
00b7c783
8ed106a2
8f550742
8fd907e2
4729e402
00e107a3
ec02e802
f402f002
fc02f802
e482e082
871b892a
c78d0007
f007079b
0007861b
03100693
00c6eb63
ffffe697
8f068693
20d7c7bb
97b6439c
57e98782
00f107a3
00810993
2094a4b3
07b30496
c5830094
c5030017
c6030007
c6830027
05a20037
06428dc9
00e11623
470d8e4d
8ed106e2
8823854e
88a304e7
89230407
89a30407
07230407
c4360121
055000ef
744670e6
790674a6
610969e6
09938082
85ce0081
0ef000ef
2094a7b3
97a20796
0097c603
0087c583
00a7c683
00b7c703
8e4d0622
01069793
07628fd1
27018f5d
0993bfa5
85ce0081
18f000ef
0993b7f1
85ce0081
3d3000ef
0993b7c1
85ce0081
347000ef
0993bf55
85ce0081
3d3000ef
0993b765
85ce0081
347000ef
0993bf71
85ce0081
373000ef
0993bf41
85ce0081
37f000ef
7159b751
eca6f0a2
7497e8ca
b4830000
093bb8e4
24330805
04162129
e4cef486
fc56e0d2
f45ef85a
9426f062
05144683
05044583
05244703
05344783
8ecd06a2
8f550742
8fd907e2
47092781
04e79b63
00944683
00844583
00a44703
00b44783
8ecd06a2
8f550742
8fd907e2
07132781
862a1020
40e78463
11200713
40e78463
11300713
3ae78b63
740670a6
694664e6
6a0669a6
7b427ae2
7c027ba2
61654501
082c8082
ec024501
477050ef
04544683
04444703
04644783
04744883
03d44503
03c44803
03e44583
460306a2
8ed903f4
470307c2
8fd50404
052208e2
0010da37
00f8e8b3
04144683
01056533
0a1305c2
8a338e0a
47830348
8dc90424
49830662
8e4d0434
8f511702
6ae216a2
17c28ed9
00007717
a6073703
00076703
19e28fd5
00f9e9b3
ffffdb97
6ccbbb83
106b0b37
87d6884e
061386de
05931770
4519df9b
7c17c002
3c030000
10efa46c
67034c00
b7b3000c
c7930159
8b850017
df9b0593
413a88b3
86de8852
17800613
c0024519
49a010ef
00007797
9f47b783
4595439c
7797cb81
b7830000
439c9967
1c079163
212927b3
97a60796
0097c603
0087c503
00a7c683
00b7c703
8e490622
8ed106c2
8f550762
eee7061b
04b78823
040788a3
04078923
040789a3
27014685
08c6f963
10200613
eac71ae3
00d7c583
00c7c503
00e7c603
00f7c703
8dc905a2
01061793
07628fcd
07938f5d
07330d80
779702f7
b7830000
639c9427
7517169a
35030000
97ba94e5
0d17c303
0d07c703
0d27c883
0d37c803
0d47c583
63330322
c60300e3
08c20d57
0d67c703
0068e8b3
68330862
c7830118
15820d77
0105e5b3
8e4d1622
8f511742
8fd917e2
97828fd5
c603b535
c50300d7
c70300c7
c78300e7
062200f7
00007597
8905b583
8e49618c
8f510742
8fd907e2
20f7e7b3
20b7e7b3
0117c883
0107c703
0127c803
0137c503
0147c583
c60308a2
e8b30157
084200e8
0167c703
01186833
c7830562
65330177
15820105
16228dc9
17428e4d
17e28f51
c8838fd9
c6030097
c7030087
c80300a7
c50300b7
08a200c7
00d7c583
00c8e8b3
c6030742
673300e7
08620117
00f7c783
00007417
84c43403
00e86833
40181502
01056533
8dc915a2
00044803
8e4d1642
751717e2
35030000
559b83a5
8fd10087
561b169a
571b0107
8fd50187
01050423
00b504a3
00c50523
00e505a3
c0089782
4803bb35
470303d4
450303c4
478303e4
460303f4
08220404
00e86833
04144683
65330542
47030105
07e20424
48038fc9
16020434
16a28e5d
8ed167e2
8f551742
68331862
873300e8
7de34107
6883deea
8752000c
061386de
059317c0
4509df9b
10efc002
f0ef25c0
6697d9cf
b6830000
429c76a6
000c2703
1000a5b7
0017861b
85932705
45010485
2023c290
10ef00ec
450304a0
470303d4
458303c4
460303e4
478303f4
05220404
04144683
05c28d59
04244703
06628dc9
04344803
17828e4d
16a28fd1
68838edd
67e2000c
8f551742
68331862
059300e8
8752df9b
061386de
45191870
10efc002
45851d80
4803bba1
45030194
43030154
45830184
488301a4
46830144
47830164
470301b4
08220174
68330522
05c20068
01156533
e5b306c2
07e20105
07628ec9
8f558fcd
c0f718e3
f0ef8532
b119a1ff
01944803
01544583
01844303
01a44603
01444883
01644683
01b44783
01744703
05a20822
00686833
e5b30642
06c20115
01066633
8ecd07e2
8fd10762
13e38f55
f0efbcf7
46039d7f
468301d4
45030194
458301c4
47830184
470301e4
480301a4
488301f4
062201b4
8e4906a2
07c28ecd
8fd10742
08628f55
05b708e2
e8b3106b
683300e8
874a00f8
d6974781
b683ffff
06132e26
85931600
4519df95
10efc002
b68d0e80
00006797
6687b783
7159438c
cd83e86e
d51b0007
f4a20085
eccaf0a6
e4d2e8ce
fc5ae0d6
f462f85e
ec6af066
00006797
6047b783
8623e02a
6d8201b7
0105d41b
86a3e422
6da201b7
00006617
5e063603
00006697
5b86b683
00865d13
01065c93
01865c1b
02065b93
02865b13
03065a93
03865a13
0086d993
0185d59b
0106d913
0206d413
01b78723
01a78e23
01978ea3
01878f23
01778fa3
03678023
035780a3
03478123
03378c23
00b787a3
00c78da3
02d78ba3
03278ca3
00006717
5a073703
02878da3
d49b7426
d3930186
d2930286
df930306
5f130386
5e930087
5e1b0107
53130187
58930207
58130287
55130307
8d230387
8e230297
8ea30277
8f230257
8fa303f7
802302e7
80a305e7
812305d7
81a305c7
82230467
82a30517
83230507
748604a7
69c66966
6a866a26
7bc27b62
7c827c22
6dc26d62
80826165
00006797
4947b783
0017e793
30579073
11018082
1000ec22
262387aa
0001fef4
fec42783
fff7871b
fee42623
fef04ae3
00010001
61056462
71798082
f02647a1
0045959b
f40684b6
080606bb
d6b3ec4a
e84e0af6
100007b7
e056e452
c48d9dbd
893a4791
02f60a63
171a4705
080589bb
46012681
05b34781
61880137
9fb5964a
863ee208
fe97ebe3
748270a2
69c26962
6a826a22
80826145
46018aaa
89bb4a01
964a0805
46914701
855685ce
00ef2a11
865256f0
fe9a67e3
748270a2
69c26962
6a826a22
80826145
47a17179
0405859b
959bf026
84b60045
06bbf406
ec4a0806
0af6d6b3
07b7e84e
e4521000
9dbde056
4791c485
096389ba
470502f6
893b171a
26810805
47814601
964e974a
9fb56208
e308863e
fe97ebe3
748270a2
69c26962
6a826a22
80826145
46018aaa
893b4a01
964e0805
46914701
855685ca
00ef2a11
86524970
fe9a67e3
748270a2
69c26962
6a826a22
80826145
e486715d
f84ee0a6
fc4af452
00654903
01810993
049b864e
85a60009
45018a2a
755020ef
85a60870
20ef4501
c0026d10
00011223
00010323
67836702
68030181
072201c1
93c8f5b7
01276733
d6974881
b683ffff
06130b66
85930380
45190b25
5ef000ef
093747f2
39714000
07bb4762
979b00f9
ff630027
864e00e7
450185a6
6f5020ef
46e247f2
00f907bb
0027979b
fed7e5e3
85a68752
04000693
45014621
ed1ff0ef
648660a6
79c27962
61617a22
67978082
b7830000
053b32a7
25330805
051620a5
c60397aa
c50300d7
c68300c7
c70300e7
062200f7
06c28e49
07628ed1
56138f55
55130107
83610087
00d58823
00a588a3
00c58923
00e589a3
00058a23
00058aa3
00058b23
00058ba3
00058c23
00058ca3
00058d23
00058da3
00058e23
00058ea3
00058f23
00058fa3
02058023
020580a3
02058123
020581a3
0517c683
0507c603
0527c703
0537c783
8ed106a2
8f550742
8fd907e2
47092781
00e79663
fab107b7
ab078793
0087d61b
0107d69b
0187d71b
02f58423
02c584a3
02d58523
02e585a3
11018082
053be44a
69170805
39030000
253324e9
051620a5
e826992a
4683ec06
460300d9
470300c9
478300e9
06a200f9
07428ed1
07e28f55
84ae8fd9
0087d513
0107d593
061383e1
46c90340
00f489a3
88234785
892300e4
8b2300b4
8ba300c4
8c2300d4
8d2300f4
8da300c4
88a300d4
8a2300a4
8aa30004
8ca30004
e0ef0004
4583af5f
478302d9
460302c9
468302e9
05a202f9
00006897
14c8b883
00006817
1ac83803
06428ddd
00082783
0008a703
06e28e4d
0008c303
00084583
9d158ed1
0087d61b
0107d69b
0087589b
0107581b
0187d79b
0187571b
00855f1b
01055e9b
01855e1b
00a48e23
01e48ea3
01d48f23
01c48fa3
02648423
031484a3
03048523
02e485a3
02b48623
02c486a3
02d48723
02f487a3
02594683
02494603
02694703
02794783
8ed106a2
8f550742
8fd907e2
0087d613
0107d693
802383e1
80a302e4
812302c4
81a302d4
468302f4
46030499
47030489
478304a9
06a204b9
07428ed1
07e28f55
d6138fd9
d6930087
83e10107
02e48223
02c482a3
02d48323
02f483a3
05194683
05094603
05294703
05394783
8ed106a2
8f550742
8fd907e2
47092781
00e79663
fab107b7
ab078793
d61b60e2
d69b0087
d71b0107
88230187
88a302f4
892302c4
89a302d4
692202e4
610564c2
07138082
57e9fb00
00e58823
00f588a3
00e58923
00f589a3
11418082
84aee026
01448513
65974661
b5830000
e406fba5
3a8030ef
071360a2
57e9fb00
00e48823
00f488a3
00e48923
00f489a3
01416482
07138082
57e9fb00
00e58823
00f588a3
00e58923
00f589a3
07138082
57e9fb00
00e58823
00f588a3
00e58923
00f589a3
07138082
57e9fb00
00e58823
00f588a3
00e58923
00f589a3
06938082
5769fb00
0fab17b7
00d58823
00e588a3
00d58923
00e589a3
c7370792
f5b700fa
488193c8
87934801
0713ab07
d697fad7
b683ffff
0613ce66
859306c0
45090b25
21f0006f
00006797
fa87b783
0805053b
20a52533
97aa0516
0517c683
0507c603
0527c703
0537c783
8ed106a2
8f550742
8fd907e2
0007851b
1575c789
00a03533
45018082
f7b78082
07130020
631720f0
33030000
075af063
35b707ed
3023e01b
07aa00e3
00006317
eb033303
48014881
ffffd697
b946b683
85934659
45092fa5
00f33023
19b0006f
ec061101
87aee822
0713e1b9
636307f0
061304a7
073b0d80
06330805
669702c7
b6830000
6294eae6
c58396b2
c5030016
c6030006
c4030026
05a20036
16938dc9
8ecd0106
8c550462
00803433
4705a039
02e58c63
073b4401
35b70805
88a2e01b
d6974801
b683ffff
0613b1a6
859302f0
45092fa5
87bbc002
00ef0807
60e211d0
64428522
80826105
07f00713
fca764e3
00006717
dfc73703
073b6310
66b30805
e6b320e7
c58320c6
c5030056
c6030046
c4030066
b7510076
e1a187aa
0d800793
0805053b
02f50533
00006797
e047b783
97aa639c
0017c603
0007c583
0027c683
0037c703
8e4d0622
8ed106c2
8f550762
0537ef21
0505dead
47058082
9de34509
6717fee5
37030000
6318d8a7
080787bb
20f7e7b3
20e7e7b3
0057c603
0047c583
0067c683
0077c703
8e4d0622
8ed106c2
8f550762
8223df5d
82a30007
83230007
83a30007
80820007
00078023
000780a3
00078123
000781a3
80824509
00554803
47837119
45830045
f4a60065
f8a2fc86
eccef0ca
e4d6e8d2
fc5ee0da
f466f862
ec6ef06a
00754603
00854683
68330822
470300f8
05c20095
00a54783
0105e5b3
8e4d0662
00b54403
8ed11682
8f551722
8fd917c2
44851462
97938c5d
943e0264
00144683
00044603
00244783
00344703
8ed106a2
8fd507c2
8f5d0762
07932701
e26307f0
091322e7
073b0d80
07330807
69970327
b9830000
b503cda9
06130009
85a20d40
0511953a
06c030ef
08944803
08844583
09944883
07144703
05944783
08a44d03
09844503
07044603
05844683
09a44d83
07244c83
05a44c03
08b44b03
09b44b83
07344a83
05b44a03
08c44383
68330822
408300b8
428309c4
4f830744
4e8305c4
08a208d4
07a20722
e8b30d42
8f5100a8
4f038fd5
4e0309d4
43030754
458305d4
6d3308e4
0dc2010d
0c420cc2
45030b62
460309e4
46830764
480305e4
edb308f4
ecb3011d
6c3300ec
0be200fc
0a620ae2
01ab6b33
48831382
478309f4
47030774
e3b305f4
ebb30163
108201bb
019aeab3
6a331282
1f82018a
e0b31ea2
e2b30170
efb30152
eeb3014f
1f22007e
13221e22
e5b315c2
6f3301d5
6e33001f
6333005e
154201f3
16c21642
65331862
663301e5
e6b301c6
68330066
18e200b8
176217e2
e01b35b7
8f558fd1
00a8e8b3
ffffd697
84c6b683
06800613
2fa58593
00ef4509
46836540
46030014
47030004
47830024
06a20034
07428ed1
07e28f55
86b38fd9
b7030327
d5930009
d6130107
d5130187
96ba0087
00f68223
00a682a3
00b68323
00c683a3
00144603
00044583
00244683
00344783
8e4d0622
8ed106c2
8fd507e2
032787b3
c60397ba
c5830017
c6830007
c7030027
06220037
06c28e4d
07628ed1
27018f55
02970a63
00978023
000780a3
00078123
000781a3
70e64509
74a67446
69e67906
6aa66a46
7be26b06
7ca27c42
6de27d02
80826109
fab10537
ab150513
35b7bfe9
4881e01b
47814801
ffffc697
76c6b683
06300613
2fa58593
c0024505
0807073b
56e000ef
dead0537
b7750509
f8227139
00154603
4703842a
45030024
46830005
f04a0034
00544783
69170622
39030000
4e03a3a9
43030044
35830064
8e490009
f4260742
fc06ec4e
00744883
c0028f51
480306e2
8ed90084
e7b307a2
450301c7
03420094
20d6e6b3
20b6e6b3
0056c583
00a44703
0046ce83
0066c603
00f36333
c78308e2
e8b30076
4e030068
169300b4
e6b30208
15220116
8d5505a2
01d5e5b3
03071693
8ec90642
17138e4d
c497038e
b483ffff
07e26a64
e01b39b7
8f558fd1
07500613
488186a6
85934801
45092fa9
49e000ef
00144683
00044603
00244783
00344703
8ed106a2
8fd507c2
8f5d0762
07932701
e76307f0
3e0326e7
45830009
48030054
46830044
531b0064
589b0087
561b0107
45030187
073b0074
67b30807
e7b320e7
802321c7
80a300e7
81230067
81a30117
460300c7
97130084
67330085
45830107
98130094
68330106
468300e8
056200a4
00b44703
01056533
8e491602
8dd115a2
460516c2
17628ecd
15938f55
95ba0266
0105d313
0185d89b
0205d813
0285d513
0305d693
0085de13
892391e1
89a30067
88230117
88a300e7
8a2301c7
8aa30107
8b2300a7
8ba300d7
450300b7
48030194
46830184
458301a4
052201b4
01056533
8ec906c2
8dd505e2
0085d813
0105d513
842381e1
84a300d7
85230107
85a300a7
450300b7
480301d4
468301c4
458301e4
052201f4
01056533
8ec906c2
8dd505e2
00d78623
fcd00693
02d78023
fcc00693
02d780a3
04c00693
02d78123
03e00693
06600513
03f00813
0085d313
0105d893
02d781a3
069381e1
87a3f800
8e2300b7
8ea300a7
8f2300a7
8fa300a7
83230107
83a302d7
86a30307
87230067
8c230117
8ca300c7
8d230007
8da30007
82230007
82a30207
84230207
84a302c7
85230207
85a30207
86230207
86a302c7
87230207
87a30207
88230207
88a302c7
89230207
89a30207
c5030207
c8030057
c5830047
c6830067
05220077
01056533
8dc905c2
8ecd06e2
02c78a23
02078aa3
02078b23
02078ba3
02c78c23
02078ca3
02078d23
02078da3
02c78e23
02078ea3
02078f23
02078fa3
04c78023
040780a3
04078123
040781a3
04c78223
040782a3
04078323
040783a3
80632681
822304c6
82a300c7
83230007
83a30007
44090007
e01b35b7
48014881
86a64785
09500613
2fa58593
00ef4509
70e22280
74428522
790274a2
612169e2
04378082
0413fab1
b7f9ab14
48014881
86a64781
07700613
2fa98593
04374505
c002dead
0807073b
00ef0409
b7d11ec0
179a4785
c19095be
47858082
95be179a
80824188
0026d79b
7179c3a9
d69bf022
84320026
e44ee84a
061136fd
89aaf406
40858933
c4bbec26
401020c6
008905b3
0411854e
fbdff0ef
fe9419e3
740270a2
694264e2
614569a2
80828082
0026d79b
7179c3a9
d69bf022
84320026
e44ee84a
061136fd
89aaf406
40858933
c4bbec26
05b320c6
854e0089
f83ff0ef
0411c008
fe9419e3
740270a2
694264e2
614569a2
80828082
002c1101
ec064501
04f040ef
652260e2
80826105
e4a6711d
004a04b7
fdc4849b
f8529da5
0065949b
e8a28a0a
fc4ee0ca
080484bb
89aaec86
09138452
84b302c1
05b34144
45010094
f1fff0ef
0411c008
ff2419e3
854e85d2
02c00613
1c5020ef
644660e6
690664a6
854e7a42
612579e2
711d8082
006ce8a2
4501842a
e4a6ec86
23b010ef
080ccd09
06138522
20ef02c0
60e61930
64468522
612564a6
45b28082
85260804
f71ff0ef
852285a6
02c00613
171020ef
852260e6
64a66446
80826125
f0227179
842a006c
f4064501
e84aec26
1eb010ef
47b2e51d
004a04b7
fdc4849b
949b9cbd
84bb0064
09130804
8c8102c4
05b34010
45010094
f0ef0411
19e3e63f
70a2ff24
64e27402
61456942
11018082
e426e822
ec06e04a
8493842e
09330405
401040b5
012405b3
04114501
e31ff0ef
fe9419e3
644260e2
690264a2
61054501
712d8082
84aae626
ee060088
e24aea22
892efdce
f5d6f9d2
8ac28a46
eddef1da
8bba8b3e
e5e6e9e2
8cb28c36
fd6ee1ea
f03ff0ef
06814783
0084971b
8fd946f6
561b4766
18230109
6d8606f1
44466d26
e03a49d6
1923e436
1a230721
1b2306c1
fc820791
e5dff0ef
06014783
e562e12a
ed5ae95e
f552f156
0097e463
eb256702
06414783
0097e463
e3b167a2
57a66766
f43a1982
08087706
0804043b
01346433
ec6ae86e
f83af022
f0efdc3e
60f2ed7f
64b26452
79ee6912
7aae7a4e
6bee7b0e
6cae6c4e
7dea6d0e
61154501
856a8082
f0ef188c
6722efdf
0d132985
f7bb040d
f7cd02e9
0867179b
40fd0d33
856eb745
f0ef188c
6702eddf
8d932405
77bb040d
ffbd02e4
0867179b
40fd8db3
7179bf95
f022f406
3c231800
87aefca4
2a238732
87bafcf4
fcf42823
100067b7
222307c1
6783fef4
85befe44
fd843503
cebff0ef
262387aa
2423fef4
2783fe04
871bfd04
47c90007
00e7f463
a4c157f5
fd442783
0007871b
f463478d
57f500e7
2783a47d
871bfd44
478d0007
18f70d63
fd442783
0007871b
e863478d
278326e7
871bfd44
47890007
10f70363
fd442783
0007871b
ea634789
278324e7
2781fd44
2783cb89
871bfd44
47850007
08f70c63
2783ac2d
871bfd04
47c50007
06f70163
fd042783
0007871b
ee6347c5
278304e7
871bfd04
47b10007
02f70f63
fd042783
0007871b
e06347b1
278304e7
871bfd04
47910007
00f70a63
fd042783
0007871b
066347a1
a00500f7
fe042423
4785a839
fef42423
4789a819
fef42423
4791a039
fef42423
57f5a019
2783a2dd
9be1fec4
0007871b
fe842783
27818b9d
26238fd9
a265fef4
fd042783
cb892781
fd042783
0007871b
06634785
a80100f7
fe042423
4785a039
fef42423
57f5a019
2783a24d
9bbdfec4
0007871b
fe842783
0047979b
8bc12781
8fd92781
fef42623
2783aab9
871bfd04
47b50007
02f70f63
fd042783
0007871b
ec6347b5
278302e7
871bfd04
47950007
00f70a63
fd042783
0007871b
066347a5
a82100f7
fe042423
4785a819
fef42423
4789a039
fef42423
57f5a019
2783a23d
f793fec4
871bf9f7
27830007
979bfe84
27810057
0607f793
8fd92781
fef42623
2783a0dd
871bfd04
47c50007
0ae7e363
fd046783
00279713
ffffc797
f9878793
439c97ba
0007871b
ffffc797
f8878793
878297ba
fe042423
4785a8bd
fef42423
4789a89d
fef42423
478da0bd
fef42423
4791a09d
fef42423
4795a8b9
fef42423
4799a899
fef42423
479da0b9
fef42423
47a1a099
fef42423
47a5a83d
fef42423
47a9a81d
fef42423
47ada03d
fef42423
47b1a01d
fef42423
47b5a839
fef42423
47b9a819
fef42423
47bda039
fef42423
57f5a019
2783a899
873efec4
879377fd
8ff90ff7
0007871b
fe842783
0087979b
86be2781
87936785
8ff5f007
8fd92781
fef42623
67830001
2703fe44
863afec4
350385be
f0effd84
6783a17f
85befe44
fd843503
a13ff0ef
853e4781
740270a2
80826145
fc067139
0080f822
fca43423
873287ae
fcf42223
202387ba
2623fcf4
2423fe04
2783fe04
8bfdfc44
fef42223
fc442783
0057d79b
fef42023
fc442783
0007871b
04600793
00e7f463
a8c557f5
fc042783
0007871b
d4634785
57f500e7
2783a8f9
871bfe04
47890007
04f70263
fe042783
0007871b
e2634789
278304e7
2781fe04
2783cb89
871bfe04
47850007
00f70963
67b7a02d
07f11000
fef42623
67b7a839
87931000
26230207
a801fef4
100067b7
05878793
fef42623
67830001
85befec4
fc843503
93fff0ef
242387aa
2783fef4
871bfe44
47fd0007
00f70a63
fe442783
4785873e
00e797bb
a0192781
800007b7
fcf42e23
fdc42783
fff7c793
27812781
fe842703
869b8ff9
27830007
2781fc04
2783c781
a011fdc4
873e4781
8fd987b6
fef42423
fec46783
fe842703
85be863a
fc843503
8c5ff0ef
853e4781
744270e2
80826121
fc067139
0080f822
fca43423
873287ae
fcf42223
202387ba
2623fcf4
2423fe04
2783fe04
8bfdfc44
fef42223
fc442783
0057d79b
fef42023
fc442783
0007871b
04500793
00e7f463
a0fd57f5
fc042783
0007871b
d4634785
57f500e7
2783a8f1
871bfe04
47890007
04f70163
fe042783
0007871b
e1634789
278304e7
2781fe04
2783cb89
871bfe04
47850007
00f70963
67b7a025
07d11000
fef42623
67b7a831
07e11000
fef42623
67b7a801
87931000
26230547
0001fef4
fec46783
350385be
f0effc84
87aaffcf
fef42423
fe442783
0007871b
0a6347fd
278300f7
873efe44
97bb4785
278100e7
07b7a019
2e238000
2783fcf4
c793fdc4
2781fff7
27032781
8ff9fe84
0007869b
fc042783
c7812781
fdc42783
4781a011
87b6873e
24238fd9
6783fef4
2703fec4
863afe84
350385be
f0effc84
4781f82f
70e2853e
61217442
11018082
e822ec06
34231000
87aefea4
fef42223
fe442783
85be4605
fe843503
d5dff0ef
853e87aa
644260e2
80826105
ec061101
1000e822
fea43423
222387ae
2783fef4
4601fe44
350385be
f0effe84
87aad2ff
60e2853e
61056442
71398082
f822fc06
3c230080
87aefca4
2a238736
87b2fcf4
fcf42823
262387ba
2623fcf4
2423fe04
2783fe04
871bfd04
478d0007
00e7f463
a99157f5
fcc42783
0007871b
f463478d
57f500e7
67b7a189
07911000
fef42623
fd042783
0007871b
18634785
67b700f7
07b11000
fef42623
2783a825
871bfd04
47890007
00f71963
100067b7
04078793
fef42623
2783a831
871bfd04
478d0007
00f71863
100067b7
04878793
fef42623
fec46783
350385be
f0effd84
87aae70f
fef42423
fd042783
e3e52781
fcc42783
e7952781
fe842783
77f1873e
8ff917fd
0007871b
fd442783
00e7979b
86be2781
8ff56791
8fd92781
fef42423
2783ae85
871bfcc4
47850007
02f71863
fe842783
77e1873e
8ff917fd
0007871b
fd442783
00f7979b
86be2781
17fd67c1
27818ff5
24238fd9
ae1dfef4
fcc42783
0007871b
17634789
278302f7
873efe84
17fd77c1
871b8ff9
27830007
979bfd44
27810107
67c186be
27818ff5
24238fd9
acfdfef4
fcc42783
0007871b
1963478d
27832ef7
873efe84
17fd7781
871b8ff9
27830007
979bfd44
27810117
07b786be
8ff50002
8fd92781
fef42423
2783a4d1
871bfd04
47850007
0ef71163
fcc42783
e7952781
fe842783
77f1873e
8ff917fd
0007871b
fd442783
00e7979b
86be2781
8ff56791
8fd92781
fef42423
2783a451
871bfcc4
47850007
02f71863
fe842783
77e1873e
8ff917fd
0007871b
fd442783
00f7979b
86be2781
17fd67c1
27818ff5
24238fd9
a4a9fef4
fcc42783
0007871b
17634789
278302f7
873efe84
17fd77c1
871b8ff9
27830007
979bfd44
27810107
67c186be
27818ff5
24238fd9
ac09fef4
fcc42783
0007871b
1363478d
278320f7
873efe84
17fd7781
871b8ff9
27830007
979bfd44
27810117
07b786be
8ff50002
8fd92781
fef42423
2783aae1
871bfd04
47890007
0ef71163
fcc42783
e7952781
fe842783
77f1873e
8ff917fd
0007871b
fd442783
00e7979b
86be2781
8ff56791
8fd92781
fef42423
2783aa61
871bfcc4
47850007
02f71863
fe842783
77e1873e
8ff917fd
0007871b
fd442783
00f7979b
86be2781
17fd67c1
27818ff5
24238fd9
aab9fef4
fcc42783
0007871b
17634789
278302f7
873efe84
17fd77c1
871b8ff9
27830007
979bfd44
27810107
67c186be
27818ff5
24238fd9
a21dfef4
fcc42783
0007871b
1d63478d
278310f7
873efe84
17fd7781
871b8ff9
27830007
979bfd44
27810117
07b786be
8ff50002
8fd92781
fef42423
2783a0f5
871bfd04
478d0007
0ef71063
fcc42783
e7952781
fe842783
77f1873e
8ff917fd
0007871b
fd442783
00e7979b
86be2781
8ff56791
8fd92781
fef42423
2783a075
871bfcc4
47850007
02f71863
fe842783
77e1873e
8ff917fd
0007871b
fd442783
00f7979b
86be2781
17fd67c1
27818ff5
24238fd9
a88dfef4
fcc42783
0007871b
17634789
278302f7
873efe84
17fd77c1
871b8ff9
27830007
979bfd44
27810107
67c186be
27818ff5
24238fd9
a82dfef4
fcc42783
0007871b
1763478d
278302f7
873efe84
17fd7781
871b8ff9
27830007
979bfd44
27810117
07b786be
8ff50002
8fd92781
fef42423
fec46783
fe842703
85be863a
fd843503
aa4ff0ef
fec46783
350385be
f0effd84
87aaaa0f
fef42423
853e4781
744270e2
80826121
e486715d
0880e0a2
fca43423
fcb43023
2e2387b2
2623faf4
2423fe04
2783fe04
8bfdfbc4
fef42223
fbc42783
0057d79b
fef42023
fbc42783
0007871b
04600793
00e7f463
a87d57f5
fe042783
0007871b
02634789
278304f7
871bfe04
47890007
04e7e263
fe042783
cb892781
fe042783
0007871b
09634785
a02d00f7
100067b7
262307f1
a839fef4
100067b7
02078793
fef42623
67b7a801
87931000
26230587
0001fef4
fec46783
350385be
f0effc84
87aa9dcf
fef42423
fe442783
0007871b
0a6347fd
278300f7
873efe44
97bb4785
278100e7
07b7a019
2e238000
2783fcf4
2703fdc4
8ff9fe84
fef42423
fe442783
fe842703
00f757bb
0007871b
fc043783
4781c398
60a6853e
61616406
11018082
e822ec06
34231000
87aefea4
fef42223
fe442783
0007871b
f46347b1
57f500e7
2783aab1
871bfe44
47b10007
14e7e563
fe446783
00279713
ffffb797
62478793
439c97ba
0007871b
ffffb797
61478793
878297ba
350345c1
f0effe84
45c99a5f
fe843503
99bff0ef
45c5aa09
fe843503
98fff0ef
350345cd
f0effe84
a8f5985f
35034581
f0effe84
45a1979f
fe843503
96fff0ef
4585a0dd
fe843503
963ff0ef
350345a5
f0effe84
a8c1959f
35034589
f0effe84
45a994df
fe843503
943ff0ef
458da86d
fe843503
937ff0ef
350345ad
f0effe84
a05592df
35034591
f0effe84
45b1921f
fe843503
917ff0ef
4595a079
fe843503
90bff0ef
350345b5
f0effe84
a8a5901f
35034599
f0effe84
45b98f5f
fe843503
8ebff0ef
459da08d
fe843503
8dfff0ef
350345bd
f0effe84
a0b18d5f
350345d1
f0effe84
45d98c9f
fe843503
8bfff0ef
45d5a81d
fe843503
8b3ff0ef
350345dd
f0effe84
a0058a9f
04000593
fe843503
89bff0ef
04100593
fe843503
88fff0ef
57f5a019
4781a011
60e2853e
61056442
11018082
e822ec06
34231000
87aefea4
fef42223
fe442783
0007871b
f46347b1
57f500e7
2783aab1
871bfe44
47b10007
14e7e563
fe446783
00279713
ffffb797
4d078793
439c97ba
0007871b
ffffb797
4c078793
878297ba
350345c1
f0effe84
45c984bf
fe843503
841ff0ef
45c5aa09
fe843503
835ff0ef
350345cd
f0effe84
a8f582bf
35034581
f0effe84
45a181ff
fe843503
815ff0ef
4585a0dd
fe843503
809ff0ef
350345a5
f0effe84
a8c1ffef
35034589
f0effe84
45a9ff2f
fe843503
fe8ff0ef
458da86d
fe843503
fdcff0ef
350345ad
f0effe84
a055fd2f
35034591
f0effe84
45b1fc6f
fe843503
fbcff0ef
4595a079
fe843503
fb0ff0ef
350345b5
f0effe84
a8a5fa6f
35034599
f0effe84
45b9f9af
fe843503
f90ff0ef
459da08d
fe843503
f84ff0ef
350345bd
f0effe84
a0b1f7af
350345d1
f0effe84
45d9f6ef
fe843503
f64ff0ef
45d5a81d
fe843503
f58ff0ef
350345dd
f0effe84
a005f4ef
04000593
fe843503
f40ff0ef
04100593
fe843503
f34ff0ef
57f5a019
4781a011
60e2853e
61056442
71398082
f822fc06
3c230080
3823fca4
87b2fcb4
fcf42623
fcc42783
0007871b
f46347a1
57f500e7
67b7a815
85931000
35030707
e0effd84
87aae39f
fef42623
fcc42783
fec42703
00f757bb
8b852781
0007871b
fd043783
4781c398
70e2853e
61217442
11018082
e822ec06
34231000
87aefea4
22238732
87bafef4
fef42023
fe442783
0007871b
f46347b1
57f500e7
2783a429
871bfe04
47850007
00e7f463
aae557f5
fe442783
0007871b
e36347b1
67831ee7
9713fe44
b7970027
8793ffff
97ba2fe7
871b439c
b7970007
8793ffff
97ba2ee7
27838782
863efe04
350345c1
f0effe84
2783ccef
863efe04
350345c9
f0effe84
a24dcbef
fe042783
45c5863e
fe843503
cacff0ef
fe042783
45cd863e
fe843503
c9cff0ef
2783a241
863efe04
35034581
f0effe84
2783c8af
863efe04
350345a1
f0effe84
aab9c7af
fe042783
4585863e
fe843503
c68ff0ef
fe042783
45a5863e
fe843503
c58ff0ef
2783aa35
863efe04
35034589
f0effe84
2783c46f
863efe04
350345a9
f0effe84
aa29c36f
fe042783
458d863e
fe843503
c24ff0ef
fe042783
45ad863e
fe843503
c14ff0ef
2783a8e5
863efe04
35034591
f0effe84
2783c02f
863efe04
350345b1
f0effe84
a8d9bf2f
fe042783
4595863e
fe843503
be0ff0ef
fe042783
45b5863e
fe843503
bd0ff0ef
2783a855
863efe04
35034599
f0effe84
2783bbef
863efe04
350345b9
f0effe84
a849baef
fe042783
459d863e
fe843503
b9cff0ef
fe042783
45bd863e
fe843503
b8cff0ef
2783a885
863efe04
350345d1
f0effe84
2783b7af
863efe04
350345d9
f0effe84
a0b9b6af
fe042783
45d5863e
fe843503
b58ff0ef
fe042783
45dd863e
fe843503
b48ff0ef
2783a035
863efe04
04000593
fe843503
b34ff0ef
fe042783
0593863e
35030410
f0effe84
a019b22f
a01157f5
853e4781
644260e2
80826105
ec221101
87aa1000
fef42623
fec42783
0007871b
f4634785
57f500e7
4781a011
6462853e
80826105
ec221101
87aa1000
fef42623
fec42783
0007871b
f463479d
57f500e7
4781a011
6462853e
80826105
ec221101
87aa1000
fef42623
fec42783
0007871b
f4634785
57f500e7
4781a011
6462853e
80826105
ec221101
87aa1000
fef42623
fec42783
0007871b
f46347fd
57f500e7
4781a011
6462853e
80826105
ec221101
87aa1000
fef42623
fec42783
0007871b
f46347ad
57f500e7
4781a011
6462853e
80826105
f4067179
1800f022
fca43c23
2a2387ae
2623fcf4
2423fe04
2783fe04
853efd44
f19ff0ef
873e87aa
fe842783
24238fd9
2783fef4
2781fe84
57f5c399
77b7a8a1
87931000
22230207
2783fef4
979bfd44
27810027
fe442703
20239fb9
6783fef4
85befe04
fd843503
a9bfe0ef
262387aa
2783fef4
e793fec4
26230027
6783fef4
2703fe04
863afec4
350385be
e0effd84
4781a6bf
70a2853e
61457402
71798082
f022f406
3c231800
87aefca4
fcf42a23
fe042623
fe042423
fd442783
f0ef853e
87aae7bf
2783873e
8fd9fe84
fef42423
fe842783
c3992781
a89957f5
100077b7
02078793
fef42223
fd442783
0027979b
27032781
9fb9fe44
fef42023
fe046783
350385be
e0effd84
87aa9fdf
fef42623
fec42783
26239bf5
6783fef4
2703fe04
863afec4
350385be
e0effd84
47819cff
70a2853e
61457402
71798082
f022f406
3c231800
87aefca4
fcf42a23
fe042623
fe042423
fd442783
f0ef853e
87aae2ff
2783873e
8fd9fe84
fef42423
fe842783
c3992781
a8a157f5
100087b7
a7878793
fef42223
fd442783
0027979b
27032781
9fb9fe44
fef42023
fe046783
350385be
e0effd84
87aa961f
fef42623
fec42783
0027e793
fef42623
fe046783
fec42703
85be863a
fd843503
931fe0ef
853e4781
740270a2
80826145
f4067179
1800f022
fca43c23
2a2387ae
2623fcf4
2423fe04
2783fe04
853efd44
d91ff0ef
873e87aa
fe842783
24238fd9
2783fef4
2781fe84
57f5c399
87b7a899
87931000
2223a787
2783fef4
979bfd44
27810027
fe442703
20239fb9
6783fef4
85befe04
fd843503
8c3fe0ef
262387aa
2783fef4
9bf5fec4
fef42623
fe046783
fec42703
85be863a
fd843503
895fe0ef
853e4781
740270a2
80826145
f4067179
1800f022
fca43c23
2a2387ae
2623fcf4
2423fe04
2783fe04
853efd44
ccdff0ef
873e87aa
fe842783
24238fd9
2783fef4
2781fe84
57f5c399
77b7a8a1
87931000
22230287
2783fef4
979bfd44
27810027
fe442703
20239fb9
6783fef4
85befe04
fd843503
827fe0ef
262387aa
2783fef4
e793fec4
26230027
6783fef4
2703fe04
863afec4
350385be
e0effd84
4781ff6f
70a2853e
61457402
71798082
f022f406
3c231800
87aefca4
fcf42a23
fe042623
fe042423
fd442783
f0ef853e
87aac2ff
2783873e
8fd9fe84
fef42423
fe842783
c3992781
a89957f5
100077b7
02878793
fef42223
fd442783
0027979b
27032781
9fb9fe44
fef42023
fe046783
350385be
e0effd84
87aaf88f
fef42623
fec42783
26239bf5
6783fef4
2703fe04
863afec4
350385be
e0effd84
4781f5af
70a2853e
61457402
71398082
f822fc06
3c230080
87aefca4
fcc43423
fcf42a23
fe042623
fd442783
f0ef853e
87aabe3f
2783873e
8fd9fec4
fef42623
fec42783
c3992781
a82557f5
fd442783
27b7873e
879b0400
9fb9c937
979b2781
24230027
6783fef4
85befe84
fd843503
ef2fe0ef
871b87aa
37830007
c398fc84
853e4781
744270e2
80826121
fc067139
0080f822
fca43c23
342387ae
2a23fcc4
2623fcf4
2783fe04
853efd44
b65ff0ef
873e87aa
fec42783
26238fd9
2783fef4
2781fec4
57f5c399
2783a825
873efd44
040027b7
c337879b
27819fb9
0027979b
fef42423
fe846783
350385be
e0effd84
87aae74f
0007871b
fc843783
4781c398
70e2853e
61217442
715d8082
e0a2e486
34230880
87aefca4
3c238732
2223fad4
87bafcf4
fcf42023
fe042423
fc442783
f0ef853e
87aaadff
2783873e
8fd9fe84
fef42423
fe842783
c3992781
a07557f5
fdc40713
fc442783
85be863a
fc843503
f2dff0ef
fd840713
fc442783
85be863a
fc843503
e9bff0ef
fdc42703
fd842783
40f707bb
fef42223
fc442783
27b7873e
879b0400
9fb9cb37
979b2781
20230027
2783fef4
873efc04
fe442783
27812701
00e7f463
a09157fd
fe042623
6683a02d
6783fe04
078afec4
fb843703
439c97ba
85b6863e
fc843503
d80fe0ef
fec42783
26232785
2783fef4
873efec4
fc042783
27812701
fcf765e3
853e4781
640660a6
80826161
e486715d
fc26e0a2
34230880
87aefca4
3c238732
2223fad4
87bafcf4
fcf42023
fd440713
fc442783
85be863a
fc843503
ddbff0ef
fc442783
27b7873e
879b0400
9fb9cb37
979b2781
2c230027
2703fcf4
2783fd44
2781fc04
00f77463
a0a157fd
fc042e23
6683a03d
6783fd84
078afdc4
fb843703
00f704b3
350385b6
e0effc84
87aace0f
c09c2781
fdc42783
2e232785
2783fcf4
873efdc4
fc042783
27812701
fcf763e3
853e4781
640660a6
616174e2
71718082
f122f506
3c231900
3823f4a4
2623f4b4
0793fe04
0713f684
863a0800
853e4581
020010ef
242347b1
0793f6f4
26230ff0
0793f6f4
28230ff0
0793f6f4
2a230ff0
0793f6f4
2c230ff0
0793f6f4
2e230ff0
0793f6f4
20230ff0
0793f8f4
22230ff0
4789f8f4
f8f42423
2623478d
4791f8f4
f8f42823
2a234795
4799f8f4
f8f42c23
2e23479d
47a1f8f4
faf42023
222347a5
4785faf4
faf42823
2a234785
47b5faf4
faf42c23
2e2347b5
0793faf4
20230ff0
0793fcf4
22230ff0
47a9fcf4
fcf42423
262347a9
47adfcf4
fcf42823
2a2347ad
87b7fcf4
87931000
2423aa07
6783fef4
85befe84
f5843503
bc2fe0ef
262387aa
6783fef4
078afec4
97a217c1
f787a703
f5043783
4781c398
70aa853e
614d740a
71798082
f022f406
3c231800
87aefca4
fcf42a23
fe042623
fd442783
f0ef853e
87aa853f
fef42623
fec42783
c3992781
a0d957f5
fd442783
0007871b
ec6347ad
67830ae7
9713fd44
b7970027
8793ffff
97ba8ce7
871b439c
b7970007
8793ffff
97ba8be7
45818782
fd843503
8cbff0ef
4585a059
fd843503
8bfff0ef
4581a8ad
fd843503
b27ff0ef
4585a0bd
fd843503
b1bff0ef
4589a08d
fd843503
b0fff0ef
458da899
fd843503
b03ff0ef
4591a0a9
fd843503
af7ff0ef
4595a83d
fd843503
aebff0ef
4599a80d
fd843503
adfff0ef
459da01d
fd843503
ad3ff0ef
4581a829
fd843503
98dff0ef
4585a039
fd843503
981ff0ef
47810001
70a2853e
61457402
71798082
f022f406
3c231800
87aefca4
fcf42a23
fe042623
fd442783
f0ef853e
87aaf52f
fef42623
fec42783
c3992781
a0d957f5
fd442783
0007871b
ec6347ad
67830ae7
9713fd44
a7970027
8793ffff
97ba7fe7
871b439c
a7970007
8793ffff
97ba7ee7
45818782
fd843503
f2cff0ef
4585a059
fd843503
f20ff0ef
4581a8ad
fd843503
989ff0ef
4585a0bd
fd843503
97dff0ef
4589a08d
fd843503
971ff0ef
458da899
fd843503
965ff0ef
4591a0a9
fd843503
959ff0ef
4595a83d
fd843503
94dff0ef
4599a80d
fd843503
941ff0ef
459da01d
fd843503
935ff0ef
4581a829
fd843503
feeff0ef
4585a039
fd843503
fe2ff0ef
47810001
70a2853e
61457402
71398082
f822fc06
3c230080
87aefca4
2a238736
87b2fcf4
fcf42823
262387ba
2423fcf4
2623fe04
a03dfe04
fe840713
fd442783
85be863a
fd843503
a0bff0ef
fe842703
fd042783
81632781
278302e7
2785fec4
fef42623
fec42783
2783873e
2701fcc4
63e32781
a011fcf7
27830001
873efec4
fcc42783
27812701
00f76463
a01157f9
853e4781
744270e2
80826121
f4227179
87aa1800
fcf42e23
262357f5
2783fef4
871bfdc4
07930007
f5630ff0
278300e7
a011fec4
26234781
2783fef4
2781fec4
57f5c399
4781a011
7422853e
80826145
f4067179
1800f022
fca43c23
fe042623
100327b7
78878593
fd843503
8aafe0ef
262387aa
2783fef4
e793fec4
26230027
2783fef4
863efec4
100327b7
78878593
fd843503
878fe0ef
853e4781
740270a2
80826145
f4067179
1800f022
fca43c23
2a2387ae
57f5fcf4
fef42623
fd442783
0007871b
0ff00793
00e7f563
fec42783
4781a011
fef42623
fec42783
c3992781
a02557f5
fe042423
100327b7
9a878793
fef42423
fe846783
fd442703
85be863a
fd843503
808fe0ef
853e4781
740270a2
80826145
f4067179
1800f022
fca43c23
873287ae
fcf42a23
282387ba
57f5fcf4
fef42423
fd042783
f0ef853e
87aaed3f
fef42423
fe842783
c3992781
aa3157f5
fd042783
0ff7f713
fd843783
00e78023
fe042223
26234785
a0f5fef4
fec42783
278137fd
93811782
fd843703
c78397ba
d79b0007
f7130077
27830ff7
37fdfec4
17822781
36839381
97b6fd84
0007c783
0057d79b
0ff7f793
f7138fb9
27830ff7
37fdfec4
17822781
36839381
97b6fd84
0007c783
0047d79b
0ff7f793
f7138fb9
27830ff7
37fdfec4
17822781
36839381
97b6fd84
0007c783
0037d79b
0ff7f793
f7938fb9
27810ff7
22238b85
2783fef4
37fdfec4
17822781
37039381
97bafd84
0007c783
979b2781
27810017
0187971b
4187571b
fe442783
0187979b
4187d79b
969b8fd9
d69b0187
67834186
3703fec4
97bafd84
0ff6f713
00e78023
fec42783
26232785
2783fef4
873efec4
fd442783
27812701
f0f764e3
853e4781
740270a2
80826145
fc067139
0080f822
fca43c23
fcb43823
262387b2
27b7fcf4
87931003
34237387
3783fef4
2223fd04
2783fef4
863efe44
fe843583
fd843503
e61fd0ef
fd043783
22239381
3783fef4
0791fe84
fe442703
85be863a
fd843503
e41fd0ef
100327b7
74078793
fef43423
fe442783
07b7873e
8ff9ff00
0007871b
fcc42783
07b786be
17fd0100
27818ff5
22238fd9
2783fef4
863efe44
fe843583
fd843503
dfdfd0ef
853e4781
744270e2
80826121
fc067139
0080f822
fca43c23
342387ae
2a23fcc4
2623fcf4
2783fe04
871bfd44
07930007
f46303f0
57f500e7
2783a0a1
873efd44
040007b7
4017879b
27819fb9
0027979b
fef42423
fe846783
350385be
d0effd84
87aada5f
fef42623
fec42783
6791873e
8ff917fd
0007871b
fc843783
4781c398
70e2853e
61217442
71398082
f822fc06
3c230080
87aefca4
fcc43423
fcf42a23
fd442783
0007871b
03f00793
00e7f463
a0a157f5
fd442783
07b7873e
879b0400
9fb92c17
979b2781
26230027
6783fef4
85befec4
fd843503
d2bfd0ef
242387aa
2783fef4
873efe84
17fd6785
871b8ff9
37830007
c398fc84
853e4781
744270e2
80826121
fc067139
0080f822
fca43c23
342387ae
2a23fcc4
2623fcf4
2783fe04
871bfd44
07930007
f46303f0
57f500e7
2783a0a1
873efd44
040007b7
4417879b
27819fb9
0027979b
fef42423
fe846783
350385be
d0effd84
87aacadf
fef42623
fec42783
6791873e
8ff917fd
0007871b
fc843783
4781c398
70e2853e
61217442
71398082
f822fc06
3c230080
87aefca4
2a238736
87b2fcf4
fcf42823
262387ba
2423fcf4
2223fe04
2023fe04
0713fe04
2783fe84
863afd44
350385be
f0effd84
0713e4ff
2783fe04
863afd44
350385be
f0effd84
0713f33f
2783fe44
863afd44
350385be
f0effd84
2703ea5f
2783fe84
2781fd04
02f76263
fe442783
0027979b
27032781
9f99fcc4
0007871b
fe042783
00f76463
a0114785
26234781
2783fef4
853efec4
744270e2
80826121
fc067139
0080f822
fca43c23
873687ae
fcf42a23
282387b2
87bafcf4
fcf42623
fe042623
fe042423
fd446783
350385be
d0effd84
87aaba5f
fef42623
fcc42783
fff7c793
27032781
8ff9fec4
0007871b
fd042783
278386be
8ff5fcc4
8fd92781
fef42423
fd446783
fe842703
85be863a
fd843503
b59fd0ef
853e4781
744270e2
80826121
fc067139
0080f822
fca43c23
873687ae
fcf42a23
282387b2
87bafcf4
fcf42623
fe042423
010006b7
01000637
100107b7
37478593
fd843503
f45ff0ef
10100693
10100613
100107b7
37878593
fd843503
f2dff0ef
fd442783
87b7863e
85931001
35030047
d0effd84
4611ae3f
100187b7
00878593
fd843503
ad1fd0ef
85b74605
35031001
d0effd84
87b7ac3f
85931001
35030847
d0effd84
87aaabdf
fef42623
87b7a825
85931001
35030847
d0effd84
87aaaa5f
fef42623
fe842783
24232785
2783fef4
873efe84
fcc42783
27812701
00f76463
a9d557f9
fec42783
27818bc1
2423d3e9
4611fe04
100187b7
00878593
fd843503
a55fd0ef
100187b7
08478593
fd843503
a4ffd0ef
262387aa
87b7fef4
85931001
35030847
d0effd84
87aaa39f
fef42623
87b7a825
85931001
35030847
d0effd84
87aaa21f
fef42623
fe842783
24232785
2783fef4
873efe84
fcc42783
27812701
00f76463
a98557f9
fec42783
27818b89
2423d3e9
2783fe04
871bfd44
47850007
18f71163
fd042783
0007871b
07b347ad
b79340f7
f7130017
27830ff7
869bfd04
47b10007
40f687b3
0017b793
0ff7f793
f7938fd9
871b0ff7
27830007
869bfd04
47b50007
40f687b3
0017b793
0ff7f793
8fd92781
0007871b
fd042783
0007869b
87b34785
b79340f6
f7930017
27810ff7
27818fd9
4621c799
35034581
d0effd84
2783c49f
871bfd04
47d50007
40f707b3
0017b793
0ff7f713
fd042783
0007869b
87b347d9
b79340f6
f7930017
8fd90ff7
0ff7f793
0007871b
fd042783
0007869b
87b347dd
b79340f6
f7930017
27810ff7
871b8fd9
27830007
869bfd04
47890007
40f687b3
0017b793
0ff7f793
8fd92781
c7992781
45814631
fd843503
bcbfd0ef
fd042783
0007871b
07b347fd
b79340f7
f7130017
27830ff7
869bfd04
07930007
87b30200
b79340f6
f7930017
8fd90ff7
0ff7f793
0007871b
fd042783
0007869b
02100793
40f687b3
0017b793
0ff7f793
8fd92781
0007871b
fd042783
0007869b
87b3478d
b79340f6
f7930017
27810ff7
27818fd9
4645c799
35034581
d0effd84
2783b49f
871bfd44
47890007
18f71163
fd042783
0007871b
07b347ad
b79340f7
f7130017
27830ff7
869bfd04
47d50007
40f687b3
0017b793
0ff7f793
f7938fd9
871b0ff7
27830007
869bfd04
47fd0007
40f687b3
0017b793
0ff7f793
8fd92781
0007871b
fd042783
0007869b
87b34785
b79340f6
f7930017
27810ff7
27818fd9
4621c799
35034581
d0effd84
2783abdf
871bfd04
47b10007
40f707b3
0017b793
0ff7f713
fd042783
0007869b
87b347d9
b79340f6
f7930017
8fd90ff7
0ff7f793
0007871b
fd042783
0007869b
02000793
40f687b3
0017b793
0ff7f793
8fd92781
0007871b
fd042783
0007869b
87b34789
b79340f6
f7930017
27810ff7
27818fd9
4631c799
35034581
d0effd84
2783a3df
871bfd04
47b50007
40f707b3
0017b793
0ff7f713
fd042783
0007869b
87b347dd
b79340f6
f7930017
8fd90ff7
0ff7f793
0007871b
fd042783
0007869b
02100793
40f687b3
0017b793
0ff7f793
8fd92781
0007871b
fd042783
0007869b
87b3478d
b79340f6
f7930017
27810ff7
27818fd9
4645c799
35034581
d0effd84
87b79bdf
85931001
350300c7
d0effd84
87aaec4f
fef42623
fec42783
0017e793
fef42623
fec42783
87b7863e
85931001
350300c7
d0effd84
87b7e92f
85931001
35030847
d0effd84
87aae8cf
fef42623
87b7a825
85931001
35030847
d0effd84
87aae74f
fef42623
fe842783
24232785
2783fef4
873efe84
fcc42783
27812701
00f76463
a0d157f9
fec42783
27818b89
2423f3e9
87b7fe04
85931001
35030847
d0effd84
87aae30f
fef42623
87b7a825
85931001
35030847
d0effd84
87aae18f
fef42623
fe842783
24232785
2783fef4
873efe84
fcc42783
27812701
00f76463
a0a557f9
fec42783
27818ba1
87b7d3e9
85931001
35030847
d0effd84
87aadd8f
fef42623
85b74601
35031001
d0effd84
87b7dbaf
85931001
350300c7
d0effd84
87aadb4f
fef42623
fec42783
26239bf9
2783fef4
863efec4
100187b7
00c78593
fd843503
d84fd0ef
853e4781
744270e2
80826121
e0221141
2797e406
87930000
842a0ea7
4581c781
0dc020ef
ffffa517
ec853503
c391653c
85229782
769010ef
351785aa
35030000
a261bca5
00b547b3
06b38b9d
e78100c5
ee63479d
87aa00c7
06d57163
0005c703
05850785
fee78fa3
fed7eae3
77138082
87aa0075
c703cb11
07850005
8fa30585
f713fee7
b7fd0077
ff86f713
40f70833
04000613
03064463
863e882e
06e66b63
ff978813
66634601
071d0107
76138f1d
97b2ff87
e3e395b2
8082fad7
0005b383
0085b283
0105bf83
0185bf03
0205be83
0285be03
0305b303
0385b883
0077b023
0057b423
0405b803
01f7b823
01e7bc23
03d7b023
03c7b423
0267b823
0317bc23
04878793
04858593
ff07bc23
40f70833
3883b751
06210008
3c230821
bfbdff16
872a433d
02c37163
00f77793
e1bde3c1
ff067693
96ba8a3d
e70ce30c
6de30741
e211fed7
06b38082
068a40c3
00000297
80679696
072300a6
06a300b7
062300b7
05a300b7
052300b7
04a300b7
042300b7
03a300b7
032300b7
02a300b7
022300b7
01a300b7
012300b7
00a300b7
002300b7
808200b7
0ff5f593
00859693
96938dd5
8dd50105
02059693
b7598dd5
00279693
00000297
82869696
fa2680e7
17c18096
963e8f1d
f8c371e3
8793b79d
71790075
07379be1
ec268000
07a1e84a
f4064941
e44ef022
fff74713
f93384aa
64630b27
7c6300f7
47b100b9
4501c09c
740270a2
694264e2
614569a2
00ef8082
86931200
62989081
e41d843a
91018413
e791601c
85264581
0de000ef
85cae008
00ef8526
59fd0d40
05351e63
c09c47b1
00ef8526
bf650ee0
87bb601c
c0634127
463d0407
00f65763
943ee01c
01243023
641ca029
02871363
8526e29c
0c4000ef
00f40513
00840793
07bb9961
d3c940f5
07bb943e
e01c40f0
e71cbfa5
8722bff9
b7616400
00750413
01e39861
05b3fc85
852640a4
062000ef
fb351ae3
1141bf41
3417e022
34030000
703c9564
e785e406
f0ef4561
f028d7bf
ffffa797
bd07b783
e7b7e11c
87930005
c51ceec7
162347ad
478500f5
703ce91c
ffffa717
bb873703
6b8860a2
05336402
050502e5
0506eb88
01419105
11418082
842ae022
ac23852e
e4069001
495010ef
166357fd
a78300f5
c3919181
60a2c01c
01416402
80828082
11018082
04d3a026
a42220a5
00efec06
045305e0
855320a5
00ef2094
c10d26c0
ffffa797
b5c7a787
a09797d3
10efc38d
07934950
c11c0220
ffffa797
b407a407
055360e2
24822084
61052422
a7978082
a787ffff
97d3b327
d3fda0f4
467010ef
02200793
f0000453
bfd9c11c
e00507d3
80000737
7f8005b7
0007861b
40e67733
00e5f763
00a577d3
e00787d3
551ba811
569b01f6
186301f6
c29900b7
00000793
f0078553
75b78082
859342b1
081b2175
d4630006
450100c5
5a63a2d1
f6370008
061342cf
74631b56
450100e6
7637a25d
06133eb1
a5972186
a687ffff
7a63abe5
16370ee6
06133f85
068a5916
0ae66163
ffffa717
ae070713
25879736
87d30007
a797f007
8793ffff
97b6ad67
08b7f5d3
a7074705
9f090007
f7d39f09
87d308e5
8653e007
a697f007
a507ffff
a697a766
a787ffff
7653a6a6
77c310c6
a69750f6
a507ffff
f7c3a626
a69750c7
a507ffff
f7c3a5a6
a69750c7
a507ffff
f7c3a526
855350c7
f7cbf007
765350c7
a69710f5
a507ffff
e351a3e6
08a7f7d3
18f67653
f00787d3
08f67653
08c6f7d3
a717bdf5
0713ffff
9736a3a7
00072707
f0078653
ffffa697
9e46a787
70f677c3
c00796d3
ffffa797
9dc7a787
d006f753
0006871b
ffffa697
9c86a587
60b775cb
10f77753
06b7b7a9
70633400
865302d7
a717f007
2787ffff
77d39b27
975300f6
c701a0f6
00d677d3
4701bd51
7553b72d
069308f5
7653f830
775318a6
775308c7
f7d308b7
87d308e6
2781e007
00d74663
0177171b
bdbd9fb9
0647071b
0177171b
07539f3d
a797f007
a787ffff
77d397e7
b5a910f7
e8221101
2627ec06
842a00a1
277010ef
c10060e2
25076442
610500c1
17d38082
e11920a5
20a507d3
10a7f553
02200513
a797bfc1
a507ffff
b7d59427
ffffa797
93c7a507
1553bfe9
7513e005
35133815
80820015
00002797
06c78793
40f507b3
0017b793
959b6691
07e60035
871397ae
973e0046
c30c55fd
069b97b6
c3940006
c3109601
80824501
e84a7179
00852903
f022f406
e44eec26
02091563
00002417
02440413
40850433
00143413
141b84aa
29970014
89930000
1b630369
47850089
70a2c49c
64e27402
69a26942
80826145
0363458d
459d0009
0009b783
460186a6
25177f9c
05130000
29050065
b7f19782
8082557d
5c60106f
e4061141
f1402573
10ef2501
60a27d80
106f0141
71397ca0
f822fc06
842af426
e832ec2e
10efe436
049b59c0
f0ef0005
2797fd3f
87930000
8c1df967
e0634785
66a20297
65e26642
00143413
0014141b
28174781
08130000
1863f9e8
70e200f4
74a27442
6121557d
470d8082
471dc391
01051463
00e58463
b7c52785
7442611c
74a270e2
61217f9c
11018782
e42eec06
f71ff0ef
65a2c911
67634705
611c00b7
679c60e2
87826105
557d60e2
80826105
ec061101
e42ee822
842ac58d
f45ff0ef
00002797
f0878793
65a28c1d
00143413
0014141b
26974781
86930000
1763f1a6
60e200f4
557d6442
80826105
c391470d
1463471d
846300d5
278500e5
611cb7cd
60e26442
610567bc
11018782
e822ec06
c58de42e
f0ef842a
2797eebf
87930000
8c1deae7
341365a2
141b0014
47810014
00002697
ec068693
00f41763
644260e2
6105557d
470d8082
471dc391
00d51463
00e58463
b7cd2785
6442611c
6bbc60e2
87826105
00002797
e6478793
35138d1d
67b10015
87130566
17e1ffc7
953e972a
411c430c
27814310
0006069b
feb61ae3
02069513
080787bb
80828d5d
00002797
e2c78793
07331141
e02240f5
00173713
478de406
07668432
04f58b63
00b7ce63
86634785
478902f5
02f58a63
60a257fd
853e6402
80820141
99e34791
4781fef5
421cd67d
0027979b
439c97ba
57fdb7cd
f0efde79
e008f73f
bfd14781
da6157fd
979b421c
97ba0027
0007a023
57fdb7f5
421cde5d
0027979b
470597ba
000fc398
439c0480
1101bfd1
e822ec06
10ef842a
c62a5c40
85220070
f0ef4589
60e2f63f
61056442
11018082
e822ec06
10ef842a
c62a5a40
85220070
f0ef458d
60e2f43f
61056442
45018082
85aa8082
f14027f3
00002717
c2070713
20e7e7b3
27f36388
c5153420
3ff7f793
00002717
d5070713
0a678793
00e51a63
00002717
d5870713
20e7e7b3
8782639c
639c078e
80829002
00008082
00000000
ee06712d
e61aea16
fdaae21e
f5b2f9ae
edbaf1b6
e5c2e9be
fd72e1c6
f57af976
ad02f17e
a50aa906
bc92a10e
b49ab896
acaab09e
a4b2a8ae
bc3aa0b6
b442b83e
ac72b046
a47aa876
27f3a07e
2717f140
07130000
e7b3b8a7
639420e7
34202673
341027f3
343027f3
30502773
2597cea9
85930000
2797cb25
87930000
8363cc27
478100b6
3ff67513
08065f63
08000693
00d51a63
5187b703
5287b583
08000513
a0159702
d56346ad
771300a6
e33d03f7
00950713
16930716
973e0055
b78397b6
670c1187
60f29782
633262d2
756e6392
762e75ce
676e768e
682e67ce
7e6a688e
7f2a7eca
206a7f8a
212a20ca
3266218a
332632c6
25663386
262625c6
37622686
382237c2
2e623882
2f222ec2
61152f82
30200073
18e34689
2773fad7
63183070
1807b583
67b3bfb5
b78320f5
85aa5307
97828536
0000bf49
00000000
00000000
00000000
00000000
00000000
00000000
00000000
00000000
00000000
00000000
00000000
00000000
00000000
00000000
00000000
00000000
00000000
00000000
45010000
25738082
8082b000
cd0987aa
00002717
b9070713
98634501
453700e7
0513000f
80822405
80824501
ec061101
2797e402
87930000
9c63b6e7
251700a7
35030000
c511d7a5
0030611c
6fdc4585
60e29782
61056522
bf4d8082
00002517
b3450513
451d8082
450d8082
11018082
c62eec06
00002797
b2c78793
02a79163
00002797
cb87b783
c799557d
00706398
6f58458d
9702853e
610560e2
557d8082
1101bfe5
c62eec06
00002797
af878793
02a79163
00002797
c847b783
c799557d
00706398
6f584589
9702853e
610560e2
557d8082
1101bfe5
c62eec06
00002797
ac478793
02a79163
00002797
c507b783
c7994501
00706398
6f584591
9702853e
610560e2
45018082
2797bfe5
87930000
8463a967
450100a7
25178082
05130000
8082a9e5
0005d783
4511470d
83638b8d
450900e7
25738082
80823410
34159073
80824501
00002797
a5c78793
00a78463
80824501
92018513
65088082
11418082
06400513
10efe406
11412660
0c800513
10efe406
279725a0
87930000
862ea2a7
00a79b63
00002517
c3453503
611cc509
73dc4581
557d8782
451c8082
0793efb1
07131185
b0235185
b4230007
b8230007
87930007
98e30207
0793fee7
07135305
06975b05
86930000
e394f9c6
1ee307a1
2773fef7
97973050
8793ffff
1b63a7e7
27f300f7
07973050
87930000
9bf1c9a7
30579073
c51c4785
25178082
05130000
80829965
27f3ed81
07973050
87930000
9bf1c767
30579073
80824501
557d4785
fef59de3
305027f3
00001797
1d878793
0017e793
4a63b7c5
279700a0
87930000
653381e7
610820f5
45018082
11418082
e022e406
f1402573
f0ef2501
842afddf
dcdff0ef
00a50593
64028522
014160a2
f07ff06f
fdaa712d
ea16ee06
e21ee61a
f5b2f9ae
edbaf1b6
e5c2e9be
fd72e1c6
f57af976
ad02f17e
a50aa906
bc92a10e
b49ab896
acaab09e
a4b2a8ae
bc3aa0b6
b442b83e
0513b046
ac7212c0
a47aa876
10efa07e
712d10a0
ea16ee06
e21ee61a
f9aefdaa
f1b6f5b2
e9beedba
e1c6e5c2
f976fd72
f17ef57a
a906ad02
a10ea50a
b896bc92
b09eb49a
a8aeacaa
a0b6a4b2
b83ebc3a
b046b442
a876ac72
a07ea47a
f14027f3
00001717
74470713
20e7e7b3
c38d639c
00002717
87c70713
06e79363
00002797
88878793
1787b703
1887b583
9702450d
62d260f2
63926332
75ce756e
768e762e
67ce676e
688e682e
7eca7e6a
7f8a7f2a
20ca206a
218a212a
32c63266
33863326
25c62566
26862626
37c23762
38823822
2ec22e62
2f822f22
00736115
37833020
90021880
ee06712d
e61aea16
fdaae21e
f5b2f9ae
edbaf1b6
e5c2e9be
fd72e1c6
f57af976
ad02f17e
a50aa906
bc92a10e
b49ab896
acaab09e
a4b2a8ae
bc3aa0b6
b442b83e
ac72b046
a47aa876
27f3a07e
1717f140
07130000
e7b36727
639c20e7
1717c38d
07130000
93637aa7
179706e7
87930000
b7037b67
b5831f87
451d2087
60f29702
633262d2
756e6392
762e75ce
676e768e
682e67ce
7e6a688e
7f2a7eca
206a7f8a
212a20ca
3266218a
332632c6
25663386
262625c6
37622686
382237c2
2e623882
2f222ec2
61152f82
30200073
20803783
712d9002
ea16ee06
e21ee61a
f9aefdaa
f1b6f5b2
e9beedba
e1c6e5c2
f976fd72
f17ef57a
a906ad02
a10ea50a
b896bc92
b09eb49a
a8aeacaa
a0b6a4b2
b83ebc3a
b046b442
a876ac72
a07ea47a
f14027f3
00001717
5a070713
20e7e7b3
c38d639c
00001717
6d870713
06e79363
00001797
6e478793
3187b703
3287b583
97024541
62d260f2
63926332
75ce756e
768e762e
67ce676e
688e682e
7eca7e6a
7f8a7f2a
20ca206a
218a212a
32c63266
33863326
25c62566
26862626
37c23762
38823822
2ec22e62
2f822f22
00736115
37833020
90023280
ee06712d
e61aea16
fdaae21e
f5b2f9ae
edbaf1b6
e5c2e9be
fd72e1c6
f57af976
ad02f17e
a50aa906
bc92a10e
b49ab896
acaab09e
a4b2a8ae
bc3aa0b6
b442b83e
ac72b046
a47aa876
27f3a07e
1717f140
07130000
e7b34ce7
639c20e7
1717c38d
07130000
93636067
179706e7
87930000
b7036127
b5833387
45453487
60f29702
633262d2
756e6392
762e75ce
676e768e
682e67ce
7e6a688e
7f2a7eca
206a7f8a
212a20ca
3266218a
332632c6
25663386
262625c6
37622686
382237c2
2e623882
2f222ec2
61152f82
30200073
34803783
712d9002
ea16ee06
e21ee61a
f9aefdaa
f1b6f5b2
e9beedba
e1c6e5c2
f976fd72
f17ef57a
a906ad02
a10ea50a
b896bc92
b09eb49a
a8aeacaa
a0b6a4b2
b83ebc3a
b046b442
a876ac72
a07ea47a
f14027f3
00001717
3fc70713
20e7e7b3
c38d639c
00001717
53470713
06e79363
00001797
54078793
3587b703
3687b583
97024549
62d260f2
63926332
75ce756e
768e762e
67ce676e
688e682e
7eca7e6a
7f8a7f2a
20ca206a
218a212a
32c63266
33863326
25c62566
26862626
37c23762
38823822
2ec22e62
2f822f22
00736115
37833020
90023680
ee06712d
e61aea16
fdaae21e
f5b2f9ae
edbaf1b6
e5c2e9be
fd72e1c6
f57af976
ad02f17e
a50aa906
bc92a10e
b49ab896
acaab09e
a4b2a8ae
bc3aa0b6
b442b83e
ac72b046
a47aa876
27f3a07e
1717f140
07130000
e7b332a7
639c20e7
1717c38d
07130000
93634627
179706e7
87930000
b70346e7
b5833787
454d3887
60f29702
633262d2
756e6392
762e75ce
676e768e
682e67ce
7e6a688e
7f2a7eca
206a7f8a
212a20ca
3266218a
332632c6
25663386
262625c6
37622686
382237c2
2e623882
2f222ec2
61152f82
30200073
38803783
712d9002
ea16ee06
e21ee61a
f9aefdaa
f1b6f5b2
e9beedba
e1c6e5c2
f976fd72
f17ef57a
a906ad02
a10ea50a
b896bc92
b09eb49a
a8aeacaa
a0b6a4b2
b83ebc3a
b046b442
a876ac72
a07ea47a
f14027f3
00001717
25870713
20e7e7b3
c38d639c
00001717
39070713
06e79363
00001797
39c78793
3987b703
3a87b583
97024551
62d260f2
63926332
75ce756e
768e762e
67ce676e
688e682e
7eca7e6a
7f8a7f2a
20ca206a
218a212a
32c63266
33863326
25c62566
26862626
37c23762
38823822
2ec22e62
2f822f22
00736115
37833020
90023a80
ee06712d
e61aea16
fdaae21e
f5b2f9ae
edbaf1b6
e5c2e9be
fd72e1c6
f57af976
ad02f17e
a50aa906
bc92a10e
b49ab896
acaab09e
a4b2a8ae
bc3aa0b6
b442b83e
ac72b046
a47aa876
27f3a07e
1717f140
07130000
e7b31867
639c20e7
1717c38d
07130000
93632be7
179706e7
87930000
b7032ca7
b5833b87
45553c87
60f29702
633262d2
756e6392
762e75ce
676e768e
682e67ce
7e6a688e
7f2a7eca
206a7f8a
212a20ca
3266218a
332632c6
25663386
262625c6
37622686
382237c2
2e623882
2f222ec2
61152f82
30200073
3c803783
712d9002
ea16ee06
e21ee61a
f9aefdaa
f1b6f5b2
e9beedba
e1c6e5c2
f976fd72
f17ef57a
a906ad02
a10ea50a
b896bc92
b09eb49a
a8aeacaa
a0b6a4b2
b83ebc3a
b046b442
a876ac72
a07ea47a
f14027f3
00001717
0b470713
20e7e7b3
c38d639c
00001717
1ec70713
06e79363
00001797
1f878793
3d87b703
3e87b583
97024559
62d260f2
63926332
75ce756e
768e762e
67ce676e
688e682e
7eca7e6a
7f8a7f2a
20ca206a
218a212a
32c63266
33863326
25c62566
26862626
37c23762
38823822
2ec22e62
2f822f22
00736115
37833020
90023e80
ee06712d
e61aea16
fdaae21e
f5b2f9ae
edbaf1b6
e5c2e9be
fd72e1c6
f57af976
ad02f17e
a50aa906
bc92a10e
b49ab896
acaab09e
a4b2a8ae
bc3aa0b6
b442b83e
ac72b046
a47aa876
27f3a07e
1717f140
07130000
e7b3fe27
639c20e7
1717c38d
07130000
936311a7
179706e7
87930000
b7031267
b5833f87
455d4087
60f29702
633262d2
756e6392
762e75ce
676e768e
682e67ce
7e6a688e
7f2a7eca
206a7f8a
212a20ca
3266218a
332632c6
25663386
262625c6
37622686
382237c2
2e623882
2f222ec2
61152f82
30200073
40803783
712d9002
ea16ee06
e21ee61a
f9aefdaa
f1b6f5b2
e9beedba
e1c6e5c2
f976fd72
f17ef57a
a906ad02
a10ea50a
b896bc92
b09eb49a
a8aeacaa
a0b6a4b2
b83ebc3a
b046b442
a876ac72
a07ea47a
f14027f3
00001717
f1070713
20e7e7b3
c38d639c
00001717
04870713
06e79363
00001797
05478793
4187b703
4287b583
97024561
62d260f2
63926332
75ce756e
768e762e
67ce676e
688e682e
7eca7e6a
7f8a7f2a
20ca206a
218a212a
32c63266
33863326
25c62566
26862626
37c23762
38823822
2ec22e62
2f822f22
00736115
37833020
90024280
ee06712d
e61aea16
fdaae21e
f5b2f9ae
edbaf1b6
e5c2e9be
fd72e1c6
f57af976
ad02f17e
a50aa906
bc92a10e
b49ab896
acaab09e
a4b2a8ae
bc3aa0b6
b442b83e
ac72b046
a47aa876
27f3a07e
1717f140
07130000
e7b3e3e7
639c20e7
1717c38d
07130000
9363f767
179706e7
87930000
b703f827
b5834387
45654487
60f29702
633262d2
756e6392
762e75ce
676e768e
682e67ce
7e6a688e
7f2a7eca
206a7f8a
212a20ca
3266218a
332632c6
25663386
262625c6
37622686
382237c2
2e623882
2f222ec2
61152f82
30200073
44803783
712d9002
ea16ee06
e21ee61a
f9aefdaa
f1b6f5b2
e9beedba
e1c6e5c2
f976fd72
f17ef57a
a906ad02
a10ea50a
b896bc92
b09eb49a
a8aeacaa
a0b6a4b2
b83ebc3a
b046b442
a876ac72
a07ea47a
f14027f3
00001717
d6c70713
20e7e7b3
c38d639c
00001717
ea470713
06e79363
00001797
eb078793
4587b703
4687b583
97024569
62d260f2
63926332
75ce756e
768e762e
67ce676e
688e682e
7eca7e6a
7f8a7f2a
20ca206a
218a212a
32c63266
33863326
25c62566
26862626
37c23762
38823822
2ec22e62
2f822f22
00736115
37833020
90024680
ee06712d
e61aea16
fdaae21e
f5b2f9ae
edbaf1b6
e5c2e9be
fd72e1c6
f57af976
ad02f17e
a50aa906
bc92a10e
b49ab896
acaab09e
a4b2a8ae
bc3aa0b6
b442b83e
ac72b046
a47aa876
27f3a07e
1717f140
07130000
e7b3c9a7
639c20e7
1717c38d
07130000
9363dd27
179706e7
87930000
b703dde7
b5834787
456d4887
60f29702
633262d2
756e6392
762e75ce
676e768e
682e67ce
7e6a688e
7f2a7eca
206a7f8a
212a20ca
3266218a
332632c6
25663386
262625c6
37622686
382237c2
2e623882
2f222ec2
61152f82
30200073
48803783
712d9002
ea16ee06
e21ee61a
f9aefdaa
f1b6f5b2
e9beedba
e1c6e5c2
f976fd72
f17ef57a
a906ad02
a10ea50a
b896bc92
b09eb49a
a8aeacaa
a0b6a4b2
b83ebc3a
b046b442
a876ac72
a07ea47a
f14027f3
00001717
bc870713
20e7e7b3
c38d639c
00001717
d0070713
06e79363
00001797
d0c78793
4987b703
4a87b583
97024571
62d260f2
63926332
75ce756e
768e762e
67ce676e
688e682e
7eca7e6a
7f8a7f2a
20ca206a
218a212a
32c63266
33863326
25c62566
26862626
37c23762
38823822
2ec22e62
2f822f22
00736115
37833020
90024a80
ee06712d
e61aea16
fdaae21e
f5b2f9ae
edbaf1b6
e5c2e9be
fd72e1c6
f57af976
ad02f17e
a50aa906
bc92a10e
b49ab896
acaab09e
a4b2a8ae
bc3aa0b6
b442b83e
ac72b046
a47aa876
27f3a07e
1717f140
07130000
e7b3af67
639c20e7
1717c38d
07130000
9363c2e7
179706e7
87930000
b703c3a7
b5834b87
45754c87
60f29702
633262d2
756e6392
762e75ce
676e768e
682e67ce
7e6a688e
7f2a7eca
206a7f8a
212a20ca
3266218a
332632c6
25663386
262625c6
37622686
382237c2
2e623882
2f222ec2
61152f82
30200073
4c803783
712d9002
ea16ee06
e21ee61a
f9aefdaa
f1b6f5b2
e9beedba
e1c6e5c2
f976fd72
f17ef57a
a906ad02
a10ea50a
b896bc92
b09eb49a
a8aeacaa
a0b6a4b2
b83ebc3a
b046b442
a876ac72
a07ea47a
f14027f3
00001717
a2470713
20e7e7b3
c38d639c
00001717
b5c70713
06e79363
00001797
b6878793
4d87b703
4e87b583
97024579
62d260f2
63926332
75ce756e
768e762e
67ce676e
688e682e
7eca7e6a
7f8a7f2a
20ca206a
218a212a
32c63266
33863326
25c62566
26862626
37c23762
38823822
2ec22e62
2f822f22
00736115
37833020
90024e80
ee06712d
e61aea16
fdaae21e
f5b2f9ae
edbaf1b6
e5c2e9be
fd72e1c6
f57af976
ad02f17e
a50aa906
bc92a10e
b49ab896
acaab09e
a4b2a8ae
bc3aa0b6
b442b83e
ac72b046
a47aa876
27f3a07e
1717f140
07130000
e7b39527
639c20e7
1717c38d
07130000
9363a8a7
179706e7
87930000
b703a967
b5834f87
457d5087
60f29702
633262d2
756e6392
762e75ce
676e768e
682e67ce
7e6a688e
7f2a7eca
206a7f8a
212a20ca
3266218a
332632c6
25663386
262625c6
37622686
382237c2
2e623882
2f222ec2
61152f82
30200073
50803783
27f39002
f7933050
17fd03f7
45014709
00f76963
ffff8717
2d470713
c50397ba
80820007
47fdbff9
cf63872a
478900a7
df634501
e7b700e7
87931fff
078e1117
00e7d533
80828905
f8050713
00173513
71798082
84aaec26
f022852e
e44ee84a
842ef406
893689b2
fbfff0ef
0793c541
1c630800
f0ef08f4
079bf8df
554d0005
70a2cfa5
64e27402
69a26942
80826145
5134bc23
5324b423
1793a821
04250054
041697a6
1137bc23
00848533
01253423
bfc14501
555147fd
fc87c5e3
d2e347bd
1793fc87
04250054
f71797a6
0713ffff
0416f187
10e7bc23
00848533
01253023
f797bfc1
8793ffff
bc23bc87
b02316f4
bf7d1924
b7715555
f8099ce3
fffff797
bf478793
50f4bc23
98e3b771
47adf809
faf409e3
fa87c0e3
04e3478d
479dfcf4
10e35551
f797f6f4
8793ffff
bc23fa07
b0231ef4
bfad2124
479dc911
04f58863
00b7e863
478dc58d
02f58d63
a805567d
806347ad
879b04f5
473dff05
fef768e3
97bb4785
ee0d00b7
3047b7f3
47a1a809
a7f3c609
46013007
b7f3a019
85323007
47a18082
a7f3ca19
b7f53047
08000793
6785bfd5
8007879b
b7f3b7f5
b7c53047
3047a7f3
4605bfc9
f91ff06f
f06f4601
473df8bf
557d87aa
00b74963
e5b3c619
450120f5
52c5b823
80828082
00001797
84c78793
00a79763
00001517
85850513
557dbfc9
17978082
87930000
8d1de027
00153513
971b053a
c5990105
8793678d
9fb93337
bffdc11c
87936795
bfd55557
639c611c
611c8782
8782779c
73bc611c
e5118782
00000517
6ac53503
45018082
25738082
2501f140
611c8082
e4061141
9782639c
85aa1141
00001517
da050513
f0efe406
1141fe9f
e406e022
f0ef842e
c909fc5f
fadff0ef
4501e008
640260a2
80820141
bfdd557d
e75fe06f
e71fe06f
e6dfe06f
ebbfe06f
e65fe06f
e61fe06f
e5dfe06f
f7dfe06f
e55fe06f
e51fe06f
e4dfe06f
e49fe06f
e45fe06f
e41fe06f
e3dfe06f
e39fe06f
82aff06f
8f8ff06f
9c6ff06f
a94ff06f
b62ff06f
c30ff06f
cfeff06f
dccff06f
e9aff06f
f68ff06f
837ff06f
905ff06f
9d3ff06f
aa1ff06f
b6fff06f
c3dff06f
00000000
00000000
00000000
00000000
00000000
00000000
00000000
00000000
00000000
00000000
00000000
00000000
00000000
00000000
00000000
00000000
00000000
00000000
00000000
00000000
00000000
00000000
00000000
00000000
00000000
00000000
00000000
00000000
00000000
00000000
00000000
00000000
e4061141
ec9ff0ef
00011797
19878793
00026717
19070713
02e78663
81018793
638885aa
00b506b3
00e6fd63
ec061101
e42a2581
70efe394
60e2e5ef
61056522
e3988082
8082557d
468185aa
45014601
1517a879
35030000
8082c165
e8221101
8417e426
0413ffff
849787e4
8493ffff
8c058764
840dec06
60e2e411
64a26442
80826105
67b3147d
639c2094
b7ed9782
e8221101
8417e426
0413ffff
84978424
8493ffff
8c8183a4
ec06e04a
4901848d
02991563
ffff8417
82440413
ffff8497
81c48493
848d8c81
1d634901
60e20099
64a26442
61056902
601c8082
04210905
b7f99782
0905601c
97820421
88aabff9
92818513
ef016118
c2018793
0513e11c
873e0000
6118c509
10e7b823
471c873e
557d487d
04f84563
02088c63
11073803
02080f63
2107e333
00c33023
20082503
163b4605
8d5100f6
20a82023
10d33023
97634689
268300d8
8ed12048
20d82223
0017869b
e7b3c714
450120e7
8082eb8c
f852711d
f05af456
ec86ec5e
e4a6e8a2
fc4ee0ca
e466e862
8a2e8aaa
92818b13
34834b85
cc81000b
b9834480
091b1104
040efff4
00898cb3
5f639426
60e60009
64a66446
79e26906
7aa27a42
6be27b02
6ca26c42
80826125
000a0c63
00099663
1ce1397d
bfd11461
0f8cb783
ff479ae3
6418449c
996337fd
a4230327
d36d0124
0084ac03
00098963
2009a783
012b96bb
27818ff5
9702ef89
37834498
12e3000b
8fe3f987
bfb5faf4
00043423
a783bfc9
b5832049
8ff5ff8c
e7812781
97028556
852ebfe1
bfc99702
93818793
ef054398
e8221101
ec06e426
c3984705
ffff7417
69c40413
ffff7497
69c48493
00947463
00941763
644260e2
610564a2
601c8082
97820421
8082b7f5
93018793
ef054398
e8221101
ec06e426
c3984705
ffff7417
66440413
ffff7497
65c48493
00947463
00941763
644260e2
610564a2
601c8082
97820421
8082b7f5
e0221141
93418413
e406401c
00efe789
47850cc0
00efc01c
f0ef22a0
2501bf9f
be3ff0ef
cd11842a
bd5ff0ef
00efc919
85220240
bc3ff0ef
6402c509
014160a2
60a2a809
01416402
f06f8082
bf4df37f
611cbf85
8782639c
07b7c91d
439c0201
f7134689
c1180ff7
0087d71b
0ff77713
d71bc158
77130107
d79b0ff7
377d0187
973b37fd
96bb00e6
c51800f6
8082c554
020107b7
75134788
05050ff5
11418082
e406e022
f0ef842a
2501febf
02a46563
fff4079b
0ff7f793
02010737
f0efc71c
079bfd3f
45010005
00878363
60a25579
01416402
557d8082
1101bfdd
ec06850a
f79ff0ef
020117b7
86974398
8693ffff
9b79bee6
4398c398
c3989b75
ffff8717
bdc70713
43329e99
488247a2
ce89883a
026785bb
45014612
031585bb
fff60e1b
02d04e63
c232c111
86934512
87bb9081
87bb0267
87bb0317
e66302a7
06330106
e16300f7
869302c6
e563d381
973e0106
00e6ea63
610560e2
f47ff06f
86729e8d
bf6d4505
557d60e2
80826105
8793050e
97aa8181
c6e16394
82818793
639c97aa
06374705
173b1000
c78300f7
05370095
377d2000
01c7979b
c6038ff1
161b00a5
8e6901d6
c6038fd1
8a050005
c6038fd1
8e790015
0026161b
41d08fd1
161b8e79
8fd10086
0085c603
171b8f71
8fd900e7
c29c2781
00c5c783
00d5c703
06136609
979be006
171b0047
8f710097
1f07f793
c7038fd9
e63700b5
8b3d0007
c7038fd9
171b00e5
8f7100d7
c7038fd9
063700f5
171b0008
8f710137
c7038fd9
06370105
171b0010
8f710147
c7038fd9
06370115
171b0020
8f710157
27818fd9
8082c2dc
8281b703
97bb4785
713900e7
470537fd
00e10423
0047f713
00e104a3
1587f713
08238b95
678500f1
e0078793
00f11923
010607b7
40478793
0793ca3e
f8221010
fc06f426
08a3c63a
1c230001
440100f1
82018493
4763409c
70e200f4
74a27442
80826121
002c8522
ec5ff0ef
b7dd2405
838090a0
00000000
00000000
00002710
00000001
00000000
00000001
05f5e100
00000239
0000021f
000000e1
000000f4
00000000
00000000
00000000
00000000
00000000
00000000
00000000
00000000
00000000
00c00000
00000000
00c00000
00000000
00000000
00000000
00000000
00000000
00000000
00000001
00000001
00000002
00000000
00000000
00000000
83800608
00000000
83800640
00000000
838005d0
00000000
00000000
00000000
00000000
00000000
00000000
00000000
00000000
00000000
00000000
00000000
00000000
00000000
00000000
00000000
00000000
00000000
00000000
00000000
00000000
00000000
00000000
00000000
00000000
00000000
00000000
00000000
00000000
00000000
00000000
00000000
00000000
00000000
00000000
00000000
00000000
00000000
83800678
00000000
00000000
00000000
83800758
00000000
00000000
00000000
00000000
00000000
838007f8
00000000
00000000
00000000
00000000
00000000
00000000
00000000
00000000
00000000
00000000
00000000
00000000
00000000
00000000
00000000
00000000
00000000
00000000
00000000
00000000
00000000
00000000
00000000
00000000
00000000
00000000
00000000
00000000
00000000
00000000
00000000
00000000
00000000
00000000
00000000
00000000
00000000
00000000
00000000
00000000
00000000
00000000
00000000
00000000
00000000
00000000
00000000
00000000
00000000
00000000
00000000
00000000
00000000
00000000
00000000
00000000
00000000
00000000
00000000
00000000
00000000
00000000
00000000
00000000
00000000
00000000
00000000
00000000
00000000
00000000
00000000
00000000
00000000
00000000
00000000
00000000
00000000
00000000
00000000
00000000
00000000
00000000
00000000
00000000
00000000
00000000
00000000
00000000
00000000
00000000
00000000
00000000
00000000
00000000
00000000
00000000
00000000
00000000
00000000
00000000
00000000
00000000
00000000
00000000
00000000
00000000
00000000
00000000
00000000
00000000
00000000
00000000
00000000
00000000
00000000
00000000
00000000
00000000
00000000
00000000
00000000
00000000
00000000
00000000
00000000
00000000
00000000
00000000
00000000
00000000
00000000
00000000
00000000
00000000
00000000
00000000
00000000
00000000
00000000
00000000
00000000
00000000
00000000
00000000
00000000
00000000
00000000
00000000
00000000
00000000
00000000
00000000
00000000
00000000
00000000
00000000
00000000
00000000
00000000
00000000
00000000
00000000
00000000
00000000
00000000
00000000
00000000
00000000
00000000
00000000
00000000
00000000
00000000
00000000
00000000
00000000
00000000
00000000
00000000
00000000
00000000
00000000
00000000
00000000
00000000
00000000
00000000
00000000
00000000
00000000
00000000
00000000
00000000
00000000
00000000
00000000
00000000
00000000
00000000
00000000
00000000
00000000
00000000
00000000
00000000
00000000
00000000
00000000
00000000
00000000
00000000
00000000
00000000
00000000
00000000
00000000
00000000
00000000
00000000
00000000
00000000
00000000
00000000
00000000
00000000
00000000
00000000
00000000
00000000
00000000
00000000
00000000
00000000
00000000
00000000
00000000
00000000
00000000
00000000
00000000
00000000
00000000
00000000
00000000
00000000
00000000
00000000
00000000
00000000
00000000
00000000
00000000
00000000
00000000
00000000
00000000
00000000
00000000
00000000
00000000
00000000
00000000
00000000
00000000
00000000
00000000
00000000
00000000
00000000
00000000
00000000
00000000
00000000
00000000
00000000
00000000
00000000
00000000
00000000
00000000
00000000
00000000
00000000
00000000
00000000
00000000
00000000
00000000
00000000
00000000
00000000
00000000
00000000
00000000
00000000
00000000
00000000
00000000
00000000
00000000
00000000
00000000
00000000
00000000
00000000
00000000
00000000
00000000
00000000
00000000
00000000
00000000
00000000
00000000
00000000
00000000
00000000
00000000
00000000
00000000
00000000
00000000
00000000
00000000
00000000
00000000
00000000
00000000
00000000
00000000
00000000
00000000
00000000
00000000
00000000
00000000
00000000
00000000
00000000
00000000
00000000
00000000
00000000
00000000
00000000
00000000
00000000
00000000
00000000
00000000
00000000
00000000
00000000
00000000
00000000
00000000
00000000
00000000
00000000
00000000
00000000
00000000
00000000
83808fe0
00000000
83800978
00000000
83819ba0
00000000
02030000
00000000
00000001
00000000
00000006
00000000
00000000
00000000
83809a6c
00000000
83809a78
00000000
83808f70
00000000
83801f00
00000000
83809a60
00000000
83808fd4
00000000
83809a80
00000000
83809a74
00000000
83809a50
00000000
83808fd0
00000000
83806d0e
00000000
83809a68
00000000
83809a48
00000000
83809a7c
00000000
838041ca
00000000
83808f88
00000000
83808fd8
00000000
83808f68
00000000
83809a58
00000000
83808f60
00000000
83806d92
00000000
83809a54
00000000
83809a70
00000000
838097a8
00000000
ffffffff
ffffffff
00000000
00000000
8a6b853d
ed1993e1
70738b3e
6dfe6a67
f90a1f91
7e731739
c354a8c2
323cd6d8
d6f9f61f
22e23320
9e5b5953
5058984c
8698ee57
91ba70ef
47d11c16
b62b27a6
a2000008
00000120
0004df0c
00000000
00000000
00000000
00000000
00000000
ebfed9b0
b80c3852
2a1a0dc2
dc17ddb8
53735f09
7700f30d
409eb593
22ba92ba
05a69270
aa1f9433
81465550
2bf14ee0
f3b4dd54
4fb1f537
673c341d
895093ad
00000000
00000001
00000000
00000000
00000554
00000004
00000004
00000004
00000010
00000010
00000010
0000006e
00000000
00000000
00000000
00000000
00000000
00000000
00000000
00000000
00000000
00000000
00000000
00000000
00000000
00000000
00000000
00000000
00000000
00000000
00000000
00000000
00000000
00000000
00000000
00000000
00000000
00000000
00000000
00000000
00000000
00000000
00000000
00000000
00000000
00000000
00000000
00000000
00000000
00000000
00000000
00000000
00000000
00000000
00000000
00000000
00000000
00000000
00000000
00000000
00000000
00000000
00000000
00000000
00000000
00000000
00000000
00000000
00000000
00000000
00000000
00000000
a61efc8b
26a8168a
97d37870
cde1e9ce
b076ea94
3d8a25d9
f1e0fdd7
f9eab29f
2d5eaae3
7f9a141d
9909375c
12032073
8f6afa49
e08342ea
8099478c
c7038753
a2000006
00000400
a200dead
00000000
00000000
00000000
00000000
00000000
2381b3f5
8697d397
709ee166
bf3ed57b
537d7eaa
cdc40f32
b3d9fb80
6e72caec
7c2323d7
7f07eb16
e3d73cf8
6683e26d
b3d6fa36
949bbb7d
4ca5dff8
a18b5804
00000000
00000001
00000010
00000001
00000244
0000025f
00000206
00000244
000000cf
00000047
000000e1
00000089
00000001
00000000
00000001
00000001
00000000
00000000
00000000
00000000
00000000
0000000f
00000001
00000006
00000001
00000006
00000001
00000006
00000003
00000000
00000000
00000000
00000000
00000000
00000000
00000001
00000001
0000000f
00000001
00000006
00000001
00000006
00000001
00000006
00000003
00000000
00000000
00000000
00000000
00000000
00000000
00000002
00000001
0000000f
00000001
00000006
00000001
00000006
00000001
00000006
00000003
00000000
00000000
00000000
00000000
00000000
00000000
00000003
00000001
0000000f
00000001
00000006
00000001
00000006
00000001
00000006
00000003
00000000
00000000
00000000
00000000
00000000
00000000
00000004
00000001
0000000f
00000001
00000006
00000001
00000006
00000001
00000006
00000003
00000000
00000000
00000000
00000000
00000000
00000000
00000005
00000001
0000000f
00000001
00000006
00000001
00000006
00000001
00000006
00000003
00000000
00000000
00000000
00000000
00000000
00000000
00000006
00000001
0000000f
00000001
00000006
00000001
00000006
00000001
00000006
00000003
00000000
00000000
00000000
00000000
00000000
00000000
00000007
00000001
0000000f
00000001
00000006
00000001
00000006
00000001
00000006
00000003
00000000
00000000
00000000
00000000
00000000
00000000
00000008
00000001
0000000f
00000001
00000006
00000001
00000006
00000001
00000006
00000003
00000000
00000000
00000000
00000000
00000000
00000000
00000009
00000001
0000000f
00000001
00000006
00000001
00000006
00000001
00000006
00000003
00000000
00000000
00000000
00000000
00000000
00000000
0000000a
00000001
0000000f
00000001
00000006
00000001
00000006
00000001
00000006
00000003
00000000
00000000
00000000
00000000
00000000
00000000
0000000b
00000001
0000000f
00000001
00000006
00000001
00000006
00000001
00000006
00000003
00000000
00000000
00000000
00000000
00000000
00000000
0000000c
00000001
0000000f
00000001
00000006
00000001
00000006
00000001
00000006
00000003
00000000
00000000
00000000
00000000
00000000
00000000
0000000d
00000001
0000000f
00000001
00000006
00000001
00000006
00000001
00000006
00000003
00000000
00000000
00000000
00000000
00000000
00000000
00000001
00000000
00000000
00000000
00000000
00000000
00000000
00000000
00000000
00000000
00000000
00000000
00000000
376b7779
d5f71b2d
6f2f2280
51602d34
0f95d9ce
6e30df91
1bf11a8f
bbbf486e
78e38201
c357212e
2cffb02c
43b25c79
2afe5628
21a732f6
68ca24a6
607ce405
