0001a888
fffe5777
00000001
00000000
00020000
00000000
00000000
00000000
00000000
00000000
00000000
00000000
00000000
00000000
00000000
00000000
00000000
00000000
00000000
00000000
00000000
00000000
00000000
0001a884
00001043
0c90d0ef
00000000
c006715d
c412c20e
c81ac616
cc72ca1e
d07ace76
d42ad27e
d832d62e
dc3ada36
c0c2de3e
22f3c2c6
c4961410
100022f3
00efc696
03131a20
e9050000
142022f3
800003b7
fff38393
0072f2b3
8a634325
05130062
00970001
80930000
d06f10e0
42a62a30
c4960291
0293a885
b3970001
83930001
a10359a3
11410043
ae03c016
0e050003
01c3a023
14202573
800002b7
fff28293
00557533
12c000ef
00018297
1e828293
92aa050e
0002a503
0042a303
000300e7
0001b317
55430313
00032383
202313fd
42820073
00028113
00832383
02032e03
087e0863
0001b297
53028293
0082a303
02832623
02932823
03232a23
03332c23
03432e23
05532023
05632223
05732423
05832623
05932823
05a32a23
05b32c23
02232423
0001a397
4f438393
0003ae03
07c32623
0202a303
0062a423
02832103
02c32403
03032483
03432903
03832983
03c32a03
04032a83
04432b03
04832b83
04c32c03
05032c83
05432d03
05832d83
907342a6
42b61412
10029073
41924082
42b24222
43d24342
4ef24e62
5f925f02
55b25522
56d25642
57f25762
48964806
00736161
00001020
00734881
b2970000
82930001
a3034662
23830082
890906c3
100522f3
00038513
00008067
00000000
12b34305
b37300a3
80671442
00000000
142022f3
80000337
0062f2b3
00000513
00028363
80670505
00000000
766367c1
079302f5
b7b30ff0
078e00a7
0021d737
02000693
55338e9d
079300f5
953e9087
00054503
40a68533
07378082
47c10100
fce56ee3
bfd947e1
01851713
01855793
8fd966c1
f0068693
40855713
8fd98f75
07370522
8d7900ff
80828d5d
87ae88aa
85368832
99638346
d6b72006
86930021
f0639086
67410cc5
0ae67663
0ff00713
00c73733
5533070e
96aa00e6
0006c683
02000513
06b39736
0c6340e5
97b300e5
d73300d7
183300e8
65b300d6
933300f7
589300d8
d7b30108
16130315
82410108
01035713
0315f6b3
05b3853e
06c202f6
7c638f55
974200b7
fff78513
01076763
00b77563
ffe78513
8f0d9742
031777b3
53130342
57330103
07c20317
0067e333
02e606b3
7b63863a
934200d3
fff70613
01036663
00d37463
ffe70613
8d510542
a85d4581
01000537
6ee34741
4761f4a6
e601bf99
58334705
674102c7
08e87f63
0ff00713
01077363
57334521
96ba00a8
0006c703
02000613
06b3972a
156340e6
87b308e6
45854107
01085893
01081613
57138241
f6b30103
d7b30317
06c20317
0e338f55
853e02f6
01c77c63
85139742
6763fff7
75630107
851301c7
9742ffe7
41c70733
031777b3
53130342
57330103
07c20317
0067e333
02e606b3
7b63863a
934200d3
fff70613
01036663
00d37463
ffe70613
8d510542
07378082
45410100
f6e865e3
b7954561
00d81833
00e7d5b3
00d89333
00d797b3
00e8d733
01085893
00f76633
0315f733
01081793
551383c1
d5b30106
07420315
86b38f49
852e02b7
00d77c63
85139742
6763fff5
75630107
851300d7
9742ffe5
40d706b3
0316f733
82410642
0316d6b3
88b30742
67b302d7
873600c7
0117fc63
871397c2
e763fff6
f5630107
87130117
97c2ffe6
01051593
411787b3
bdcd8dd9
14d5e263
ff636741
071302e6
35b30ff0
058e00d7
0021d737
00b6d533
90870713
4703972a
05130007
972e0200
40e505b3
02e51163
e5e34505
b533f2f6
451300c8
bf390015
01000737
e5e345c1
45e1fce6
5333b7d1
96b300e6
633300b6
551300d3
1eb30103
d63300b6
76b300e7
97b302a6
d73300b7
683300e8
179300f7
83c10103
01085713
02a65633
8f5506c2
02c78f33
7c638e32
971a01e7
fff60e13
00676763
01e77563
ffe60e13
0733971a
76b341e7
573302a7
06c202a7
02e78633
01081793
8fd583c1
fc6386ba
979a00c7
fff70693
0067e763
00c7f563
ffe70693
1513979a
6e41010e
06938d55
7833fffe
8f9100d5
00def6b3
01055613
010ede93
02d80333
02d606b3
01035713
03d80833
97429836
03d60633
00d77363
56939672
96360107
02c7e063
d8c792e3
17fd67c1
07428f7d
00f37333
00b898b3
4581971a
e2e8f2e3
b39d157d
45014581
711dbd21
cca2ce86
c8cecaca
26231080
2423faa4
2703fab4
07b7fa84
8793004a
97bafdc7
2023079a
2223fef4
0793fe04
2623fb44
2423fef4
a0b1fe04
fe842783
4981893e
fe042603
fe442683
00c90733
b5b385ba
87b30125
86b300d9
87b600f5
863e85ba
10ef4501
872a56f1
fec42783
2783c398
0791fec4
fef42623
fe842783
24230791
2703fef4
0793fe84
f7e302b0
2783fae7
86befac4
fb440793
02c00713
85be863a
00ef8536
25031531
40f6fac4
49564466
612549c6
715d8082
c4a2c686
2e230880
0793faa4
85befec4
30ef4501
87aa3a91
2783cf91
86befbc4
fc040793
02c00713
85be863a
00ef8536
a02510f1
fec42703
fc040793
853e85ba
27833719
86befbc4
fc040793
02c00713
85be863a
00ef8536
25030e71
40b6fbc4
61614426
71398082
dc22de06
d84ada26
0080d64e
079384aa
85befcc4
30ef4501
87aa33d1
2703e3c1
07b7fcc4
8793004a
97bafdc7
2823079a
2a23fcf4
2e23fc04
2c23fc94
a881fc04
fd842783
4981893e
fd042603
fd442683
00c90733
b5b385ba
87b30125
86b300d9
87b600f5
85be853a
fdc42783
86be439c
85aa862e
10ef4501
27834311
0791fdc4
fcf42e23
fd842783
2c230791
2703fcf4
0793fd84
f5e302b0
a011fae7
50f20001
54d25462
59b25942
80826121
c686715d
0880c4a2
faa42e23
fab42c23
fc440793
3dd1853e
fbc42783
fef42223
fb842783
fef42423
853e4781
442640b6
80826161
d6067179
d24ad422
1800d04e
fca42c23
fcb42e23
fcc42a23
fd442783
fef42623
fe042423
2783a889
078afe84
4981893e
fd842603
fdc42683
00c90733
b5b385ba
87b30125
86b300d9
87b600f5
85be853a
fec42783
86be439c
85aa862e
10ef4501
27833691
0791fec4
fef42623
fe842783
24230785
2703fef4
47bdfe84
fae7f5e3
853e4781
542250b2
59825912
80826145
cf867151
cbcacda2
c7d2c9ce
1180c5d6
f6b42423
f6d42023
f6e42223
f4f42c23
f5042e23
01142623
07a387aa
87b2f6f4
f6f41623
fb440793
33f5853e
fdc42783
0ff7f793
f6f40a23
f6f44783
f6f40aa3
f6842703
17fd67c1
00f776b3
f7645783
873e8b81
8fd987b6
f6f41b23
f6842783
0107d693
f7845783
873e8b81
8fd987b6
f6f41c23
f6c45783
f6f41d23
f6042e23
f8042023
43b110ef
87ae872a
f8e42223
f8f42423
f6042783
f8f42623
f6442783
f8f42823
f5842783
f8f42a23
f5c42783
f8f42c23
2e23445c
481cf8f4
faf42023
22234c1c
4c5cfaf4
faf42423
2623501c
505cfaf4
faf42823
fd442783
0ff7f793
f6f44703
08e7eb63
fcc42783
2703c7d9
2783fb44
0693fb84
8636f744
85be853a
27033585
2783fb44
0513fb84
45810400
00a70633
38338832
86b300e8
07b300b7
86be00d8
87b68732
fae42a23
faf42c23
fc442783
22230785
2703fcf4
2783fc44
77b3fcc4
eb9502f7
fb442703
fb842783
fcc42683
8a36069a
06334a81
85b24147
00b735b3
415786b3
40b687b3
873286be
2a2387b6
2c23fae4
2783faf4
f793fd84
47030ff7
eb63f6f4
278308e7
c7d9fd04
fbc42703
fc042783
f7440693
853a8636
3b7d85be
fbc42703
fc042783
04000513
06334581
883200a7
00e83833
00b786b3
00d807b3
873286be
2e2387b6
2023fae4
2783fcf4
0785fc84
fcf42423
fc842703
fd042783
02f777b3
2703eb95
2783fbc4
2683fc04
069afd04
49818936
41270633
35b385b2
86b300b7
87b34137
86be40b6
87b68732
fae42e23
fcf42023
fb442e83
fb842e03
fbc42303
fc042883
fc442803
fc842503
fcc42583
fd042603
fd442683
fd842703
fdc42783
f3d42023
f3c42223
f2642423
f3142623
f3042823
f2a42a23
f2b42c23
f2c42e23
f4d42023
f4e42223
f4f42423
f2040793
3111853e
853e4781
446e40fe
49ce495e
4aae4a3e
8082616d
ce221101
26231000
2783fea4
37b3fec4
f79300f0
853e0ff7
61054472
11418082
0800c622
003007b7
4432853e
80820141
ce061101
ca4acc22
1000c84e
fea42623
0021e7b7
7747a783
fec42703
06f70e63
fec42683
100065b7
08458593
45014601
037110ef
0021e7b7
77c7a703
0f634785
e7b704f7
a7830021
893e6047
26834981
85cafec4
4501864e
00f110ef
0021e7b7
6047a783
00478713
0021e7b7
60e7a223
0021e7b7
6047a703
127ff7b7
00e7e763
0021e7b7
6047a783
e7b7a019
e737127f
22230021
a02160f7
a0110001
e7b70001
27030021
aa23fec4
000176e7
446240f2
49c24952
80826105
ce061101
1000cc22
fea42623
feb42423
fe842683
100215b7
28458593
25034601
10effec4
478178c1
40f2853e
61054462
71398082
dc22de06
2e230080
2c23fca4
2a23fcb4
2823fcc4
2623fcd4
2423fce4
2223fcf4
2023fd04
2503fd14
40effd84
87aa3101
57f5c399
2423aa09
2623fe04
0793fe04
86befe84
fd842603
25034581
40effdc4
262345c1
2703fea4
57f9fec4
00f70763
fec42703
156357fd
278300f7
a8e1fec4
9713401c
27830097
079efcc4
27838f5d
0792fc44
27838f5d
078efc04
27838f5d
078afd04
27838f5d
0786fc84
c7b78f5d
8fd900ab
fef42423
fe842783
fd842683
4581863e
fdc42503
3e2140ef
fea42623
fec42703
076357f9
270300f7
57fdfec4
00f71563
fec42783
0793a0bd
86befe84
fd842603
25034591
40effdc4
26233c01
2703fea4
57f9fec4
00f70763
fec42703
156357fd
278300f7
a835fec4
fd442783
00279713
fe842783
405c8f5d
67a58f5d
20078793
24238fd9
2783fef4
2683fe84
863efd84
25034591
40effdc4
26233601
2783fea4
853efec4
546250f2
80826121
d6067179
1800d422
fca42e23
fcb42c23
fcc42a23
100045b7
04058593
25034601
10effdc4
26236121
2783fea4
c385fd44
fd842783
47050791
00f717b3
fff7c793
2783873e
8ff9fec4
fef42623
2783a829
0791fd84
17b34705
873e00f7
fec42783
26238fd9
2683fef4
45b7fec4
85931000
46010405
fdc42503
5b2110ef
fe042423
fe840793
260386be
4581fd84
fdc42503
2ca140ef
fe842703
fd442783
c7b78f5d
8fd900ab
fef42423
853e4781
542250b2
80826145
ce061101
1000cc22
fea42623
feb42423
fe842683
86136789
45a19997
fec42503
276140ef
853e4781
446240f2
80826105
ce221101
26231000
2423fea4
2223feb4
4781fec4
4472853e
80826105
d6867159
d2cad4a2
ced2d0ce
cadaccd6
c6e2c8de
c2eac4e6
1880c0ee
faa42e23
fab42c23
fac42a23
fad42823
fae42623
faf42423
fb042223
fb142023
fc042623
1002e5b7
07458593
25034601
10effbc4
26234e61
2783fca4
4705fb84
00f717b3
fff7c793
2783873e
8ff9fcc4
fcf42623
fcc42683
1002e5b7
07458593
25034601
10effbc4
27034a81
87bafb84
97ba0786
2c23078e
2e23f8f4
e637f804
06131002
46810786
f9842803
f9c42883
873385c2
85ba00c5
b5b38542
854600a5
00d507b3
00f586b3
268387b6
85bafa04
2503863e
10effbc4
27034581
87bafb84
97ba0786
8d3e078e
e6374d81
06131002
468107c6
00cd0733
b5b385ba
87b301a5
86b300dd
87b600f5
fa442683
863e85ba
fbc42503
41a110ef
fb842703
078687ba
078e97ba
4c818c3e
1002e637
08060613
07334681
85ba00cc
0185b5b3
00dc87b3
00f586b3
268387b6
85bafb04
2503863e
10effbc4
27033dc1
87bafb84
97ba0786
8b3e078e
e6374b81
06131002
46810846
00cb0733
b5b385ba
87b30165
86b300db
87b600f5
fb442683
863e85ba
fbc42503
39e110ef
fb842703
078687ba
078e97ba
4a818a3e
1002e637
08860613
07334681
85ba00ca
0145b5b3
00da87b3
00f586b3
268387b6
85bafa84
2503863e
10effbc4
27033601
87bafb84
97ba0786
893e078e
e6374981
06131002
468108c6
00c90733
b5b385ba
87b30125
86b300d9
87b600f5
fac42683
863e85ba
fbc42503
322110ef
fb842783
17b34705
873e00f7
fcc42783
26238fd9
2683fcf4
e5b7fcc4
85931002
46010745
fbc42503
2f6110ef
853e4781
542650b6
59865916
4ae64a76
4bc64b56
4ca64c36
4d864d16
80826165
d7067171
d34ad522
1900d14e
f8a42623
f8b42023
f8c42223
f8d42423
f6e42e23
f8442783
2783e78d
e799f844
f8042703
400007b7
00f77d63
f8842683
f8042583
f8442603
f8c42503
28a110ef
2783a27d
ef91f844
f8442783
1a079163
f8042703
800007b7
fff7c793
00e7e363
2703a279
07b7f804
17fd1000
24238ff9
2783fef4
8b81f844
fef42623
f8042703
f00007b7
20238ff9
2783fef4
9bfdf844
fef42223
fe042783
fcf42e23
fe442783
0007d813
2c234881
4901fd04
28234981
2a23fd24
2e03fd34
2e83fd04
2703fd44
2783f804
2423f844
2623fce4
2703fcf4
2783fc84
2023fcc4
2223fd24
2683fd34
2023fd84
2603fcd4
2683fc04
2c23fc44
2e23fb24
2583fb34
2c23fdc4
2503fab4
2583fb84
d837fbc4
23030021
23838f08
c82a8f48
c432ca2e
c03ec636
87f288ba
869a8876
0613871e
d5b70670
85933a18
4509f115
e5cff0ef
fe842703
fec42783
fae42823
faf42a23
fb042e03
fb442e83
fb242423
fb342623
100007b7
242317fd
2703faf4
2783fa84
2023fac4
2223fb24
2603fb34
2683fa04
2c23fa44
2e23f924
2503f934
2583f984
d837f9c4
23030021
23838f08
c82a8f48
c432ca2e
c03ec636
87f288ba
869a8876
0613871e
d5b70680
85933a18
4509f115
dd8ff0ef
100007b7
fff78893
27834801
2703fdc4
4681fd84
45814601
f8c42503
268336d1
2583f884
2603fe84
2503fec4
10eff8c4
00010dc1
542a50ba
598a591a
8082614d
d7067171
d34ad522
cf52d14e
1900cd56
f6a42e23
f6b42823
f6c42a23
f6d42c23
fc042e23
f7442683
2683e68d
e699f744
f7042603
400006b7
00d67d63
f7042583
f7442603
f7c42503
08c110ef
fca42e23
2683a25d
ee89f744
f7442683
18069d63
f7042603
800006b7
fff6c693
18c6f563
f7042603
100006b7
8ef116fd
fcd42c23
f7042603
f00006b7
28238ef1
2683fcd4
9afdf744
fcd42a23
fd042683
fcd42623
fd442683
0006d713
24234781
4a01fce4
20234a81
2223fd44
2e03fd54
2e83fc04
2703fc44
2783f704
2c23f744
2e23fae4
2703faf4
2783fb84
2823fbc4
2a23fb44
2683fb54
2823fc84
2603fad4
2683fb04
2423fb44
2623fb44
2583fb54
2423fcc4
2503fab4
2583fa84
d837fac4
23030021
23838f08
c82a8f48
c432ca2e
c03ec636
87f288ba
869a8876
0613871e
d5b707a0
85933a18
4509f115
c5cff0ef
fb442023
fb542223
fd842783
faf42023
fa042e03
fa442e83
f9442c23
f9542e23
100007b7
2c2317fd
2703f8f4
2783f984
2823f9c4
2a23f944
2603f954
2683f904
2423f944
2623f944
2503f954
2583f884
d837f8c4
23030021
23838f08
c82a8f48
c432ca2e
c03ec636
87f288ba
869a8876
0613871e
d5b707b0
85933a18
4509f115
bd8ff0ef
100007b7
fff78893
27834801
2703fcc4
4681fc84
45814601
f7c42503
278332d1
893efd84
85ca4981
2503864e
00eff7c4
2e236e71
2783fca4
853efdc4
542a50ba
598a591a
4aea4a7a
8082614d
d6067179
1800d422
fca42c23
fcb42e23
fe042223
48014781
fef42423
ff042623
036110ef
fea42423
feb42623
fd842603
fdc42683
fe842503
fec42583
00a60733
3833883a
87b300c8
06b300b6
87b600f8
fce42c23
fcf42e23
00efa039
24237fd1
2623fea4
2703feb4
2783fdc4
e6e3fec4
2703fee7
2783fdc4
1863fec4
270300f7
2783fd84
eae3fe84
2783fce7
853efe44
542250b2
80826145
d6867159
1880d4a2
faa42e23
fe042623
fbc42783
c3ed4b9c
67b0e0ef
fea42423
fe842503
d6cff0ef
c79387aa
f7930017
26230ff7
2783fef4
e3e9fec4
fbc42583
fe842503
5090e0ef
fea42623
fec42783
2503ebc5
e0effe84
45016570
20234581
2223fea4
2783feb4
2023fec4
2e03fef4
2e83fe04
2c23fe44
2e23fca4
2783fcb4
4b9cfbc4
fcf42c23
fd842703
fdc42783
fca42823
fcb42a23
fbc42683
28234694
2603fcd4
2683fd04
2423fd44
2623fca4
2583fcb4
45ccfbc4
fcb42423
fc842503
fcc42583
0021d837
8f082303
8f482383
ca2ec82a
c636c432
88bac03e
887687f2
871e869a
02000613
828a15b7
a3858593
f0ef4519
a0319fef
a0210001
a0110001
27830001
853efec4
542650b6
80826165
de067139
da4adc22
d652d84e
0080d456
fca42623
fcb42423
111116b7
11168693
fcd42c23
0021e6b7
6086a683
47818736
fd842683
863e85ba
00ef4501
e7b74dd1
a7830021
87136087
e7b70047
a4230021
2e2360e7
a099fc04
0021e7b7
6087a783
4a818a3e
fdc42783
2703078a
97bafcc4
86be439c
865685d2
00ef4501
e7b749d1
a7830021
87136087
e7b70047
a4230021
278360e7
0785fdc4
fcf42e23
fdc42703
fc842783
faf76ae3
0021e7b7
6087a783
4981893e
fd842683
864e85ca
00ef4501
e7b74591
a7830021
87136087
e7b70047
a4230021
000160e7
546250f2
59c25952
5aa25a32
80826121
ce221101
26231000
2703fea4
07b7fec4
6a631000
270300f7
07b7fec4
e4634000
478500e7
4781a011
f7938b85
853e0ff7
61054472
715d8082
c4a2c686
2c230880
2e23faa4
2a23fab4
2823fac4
2623fad4
e6b7fe04
8693dead
2423ead6
2683fed4
ee99fbc4
fbc42683
2603e699
06b7fb84
77631000
278300d6
2423fb84
a2b9fef4
fbc42683
2683ea91
ea9dfbc4
fb842603
100006b7
02d66663
fbc42683
2683e295
e699fbc4
fb842603
400006b7
00d67a63
fb842703
400007b7
24238fd9
a239fef4
fbc42683
2683ea91
ee8dfbc4
fb842603
400006b7
02d66863
fbc42683
2683e685
ea89fbc4
fb842603
800006b7
fff6c693
00c6ea63
fb842783
fef42423
262357fd
a0e9fef4
fbc42683
2683ee81
eeddfbc4
fb842603
800006b7
fff6c693
0ac6f863
fb842603
f00006b7
2c238ef1
2683fcd4
9afdfbc4
fcd42e23
fb842603
100006b7
8e7516fd
400006b7
2a238ed1
2683fcd4
2823fd84
2683fcd4
d713fdc4
47810006
fce42623
fe042223
fb442703
1e634785
07b700f7
22232000
2703fef4
07b7fd44
8fd92000
fef42423
2703a00d
4789fb44
00f71d63
300007b7
fef42223
fd442703
300007b7
24238fd9
07b7fef4
88931000
4801fff7
fd042783
fcc42703
fe442683
25834601
4501fb44
d3cff0ef
fb042783
fe842703
2783c398
853efec4
442640b6
80826161
d6067179
1800d422
fca42e23
fcb42c23
fcc42a23
fe042623
d0ef4501
24234ad0
2503fea4
f0effe84
87aa98ef
0017c793
0ff7f793
2683e3b9
2603fd44
2583fdc4
2503fd84
d0effe84
872a3b90
fec42783
26238fd9
2783fef4
eb99fec4
fe842503
48f0d0ef
2783872a
8fd9fec4
fef42623
fe842503
46d0d0ef
0001a011
fec42783
50b2853e
61455422
71318082
dd22df06
d94edb4a
d556d752
d15ed35a
cd66cf62
c96ecb6a
2c230180
2e23f6a4
2823f6b4
2a23f6c4
2423f6d4
2623f6e4
e7b7f6f4
a7830021
9d637707
17b73807
8513fab0
f0ef0037
2623912f
2703fc04
2783f684
2023f6c4
2223fce4
2703fcf4
2783f704
2c23f744
2e23fae4
2703faf4
2783f784
2823f7c4
2a23fae4
2703faf4
07b7fb84
7c33f000
278300f7
fc93fbc4
0637fff7
46811000
00cc0733
b5b385ba
87b30185
86b300dc
87b600f5
fae42023
faf42223
fb042703
f00007b7
00f77b33
fb442783
fff7fb93
10000637
07334681
85ba00cb
0165b5b3
00db87b3
00f586b3
2c2387b6
2e23f8e4
2823f8f4
2623f804
2623f804
2a23fa04
2783f804
8b8df684
f6f42023
f6c42783
22238b81
2683f6f4
2703f604
87b6f644
87638fd9
07b72607
0789dead
fcf42623
2703ac8d
2783fc04
86befc44
86beea89
863aea99
000406b7
f66316f1
073700c6
17710004
26234781
2703fae4
07b7fb84
7933f000
278300f7
f993fbc4
0637fff7
46811000
00c90733
b5b385ba
87b30125
86b300d9
87b600f5
fae42023
faf42223
fb042703
f00007b7
00f77a33
fb442783
fff7fa93
10000637
07334681
85ba00ca
0145b5b3
00da87b3
00f586b3
2c2387b6
2e23f8e4
2783f8f4
8d3efac4
26034d81
2683fb84
0733fbc4
85ba00cd
01a5b5b3
00dd87b3
00f586b3
268387b6
863efa44
00c6ec63
fa442683
9f63863e
268300c6
87bafa04
00f6fa63
fa042703
fb842783
40f707b3
faf42623
fac42783
f4f42c23
f4042e23
fb042603
fb442683
f5842803
f5c42883
873385c2
85ba00c5
b5b38542
854600a5
00d507b3
00f586b3
268387b6
863ef9c4
00c6ec63
f9c42683
9f63863e
268300c6
87baf984
00f6fa63
f9842703
fb042783
40f707b3
faf42623
f9040793
460586be
fb842503
fbc42583
872a3689
fcc42783
26238fd9
0793fcf4
86bef8c4
25034609
2583fb04
3615fb44
2783872a
8fd9fcc4
fcf42623
f8c42783
f9042703
fac42603
853e85ba
872a3955
fcc42783
26238fd9
2783fcf4
e3f9fcc4
fac42783
f4f42823
f4042a23
fc042603
fc442683
f5042803
f5442883
073385c2
85ba40b6
00b635b3
87b38546
86b340a6
87b640b7
fce42023
fcf42223
fac42783
f4f42423
f4042623
fb842603
fbc42683
f4842803
f4c42883
073385c2
85ba00b6
00c5b5b3
87b38546
86b300a6
87b600f5
fae42c23
faf42e23
fac42783
f4f42023
f4042223
fb042603
fb442683
f4042803
f4442883
073385c2
85ba00b6
00c5b5b3
87b38546
86b300a6
87b600f5
fae42823
faf42a23
fc042783
fc442703
9ce38fd9
a011d807
27830001
e789fcc4
fab017b7
a0210791
dead17b7
853e0795
da9fe0ef
0021e7b7
77c7a783
2783e781
a011fcc4
e7374781
28230021
278376f7
a019fcc4
00010001
50fa853e
595a546a
5a3a59ca
5b1a5aaa
4c7a5b8a
4d5a4cea
61294dca
71598082
d4a2d686
d0ced2ca
24231880
2623faa4
2023fab4
2223fac4
2e23fad4
2623f8e4
2703fe04
2783fa04
2023fa44
2223fee4
2703fef4
2783fa84
2c23fac4
2e23fce4
2703fcf4
2783fa04
2823fa44
2a23fce4
2703fcf4
07b7fd84
7833f000
278300f7
f893fdc4
0637fff7
46811000
00c80733
b5b385ba
87b30105
86b300d8
87b600f5
fce42423
fcf42623
02000793
fcf42023
fa042e23
d0ef4501
22235f50
2503fca4
e0effc44
87aac8ff
0017c793
0ff7f793
07b7c799
0785dead
fef42623
4681a27d
05934601
25031000
d0effc44
262332b0
2783fea4
9763fec4
aaa11807
fe042703
fe442783
fce42823
fcf42a23
fd842703
f00007b7
00f77933
fdc42783
fff7f993
10000637
07334681
85ba00c9
0125b5b3
00d987b3
00f586b3
242387b6
2623fce4
2703fcf4
2783fd84
2503fdc4
2583fd04
0633fd44
883200a7
00e83833
00b786b3
00d807b3
873286be
268387b6
863efcc4
00c6ec63
fcc42683
9d63863e
268302c6
87bafc84
02f6f863
fc842603
fcc42683
fd842503
fdc42583
40a60733
3833883a
87b30106
86b340b6
87b64107
fce42823
fcf42a23
fbc40793
460586be
fd842503
fdc42583
872a302d
fec42783
26238fd9
2783fef4
873efbc4
fd042783
85ba863e
fc442503
2fd0d0ef
2783872a
8fd9fec4
fef42623
fec42783
2603ebc1
2683fe04
2503fe44
2583fd04
0733fd44
883a40a6
01063833
40b687b3
410786b3
202387b6
2223fee4
2603fef4
2683fd84
2503fdc4
2583fd04
0733fd44
883a00a6
00c83833
00b687b3
00f806b3
2c2387b6
2e23fce4
2783fcf4
2703fe04
8fd9fe44
ea0790e3
fc040793
2683873e
4601f9c4
25034581
d0effc44
872a2d50
fec42783
26238fd9
a021fef4
a0110001
27830001
c789fc44
fc442503
4310d0ef
fec42783
50b6853e
59165426
61655986
711d8082
cca2ce86
c8cecaca
2c231080
2e23faa4
2823fab4
2a23fac4
86bafad4
2423873e
87b6fb04
faf407a3
072387ba
2623faf4
2703fe04
2783fb04
2023fb44
2223fee4
2703fef4
2783fb84
2c23fbc4
2e23fce4
2703fcf4
2783fb04
2823fb44
2a23fce4
2703fcf4
07b7fd84
7333f000
278300f7
f393fdc4
0637fff7
46811000
00c30733
b5b385ba
87b30065
86b300d3
87b600f5
fce42423
fcf42623
02000793
fcf42223
fc042023
faf44783
e7b7c7a5
a7830021
853e7847
3650d0ef
d0ef4501
872a3450
0021e7b7
78e7a223
0021e7b7
7847a783
e0ef853e
87aa9d3f
0017c793
0ff7f793
07b7c799
0785dead
fef42623
e7b7a2d5
a7830021
46817847
05934601
853e1000
0690d0ef
fea42623
fec42783
1a079d63
0021e7b7
7847a783
e0ef853e
87aa98bf
1a078563
2703a285
2783fe04
2823fe44
2a23fce4
2703fcf4
07b7fd84
7933f000
278300f7
f993fdc4
0637fff7
46811000
00c90733
b5b385ba
87b30125
86b300d9
87b600f5
fce42423
fcf42623
fd842703
fdc42783
fd042503
fd442583
00a70633
38338832
86b300e8
07b300b7
86be00d8
87b68732
fcc42683
ec63863e
268300c6
863efcc4
02c69d63
fc842683
f86387ba
260302f6
2683fc84
2503fcc4
2583fd84
0733fdc4
883a40a6
01063833
40b687b3
410786b3
282387b6
2a23fce4
0793fcf4
86befc04
25034605
2583fd84
f0effdc4
872ad54f
fec42783
26238fd9
e7b7fef4
a7830021
27037847
86bafc04
fd042703
85b6863a
d0ef853e
872a01f0
fec42783
26238fd9
2783fef4
e3d5fec4
fe042603
fe442683
fd042503
fd442583
40a60733
3833883a
87b30106
86b340b6
87b64107
fee42023
fef42223
fd842603
fdc42683
fd042503
fd442583
00a60733
3833883a
87b300c8
06b300b6
87b600f8
fce42c23
fcf42e23
fe042783
fe442703
9ce38fd9
4783e807
c78dfae4
0021e7b7
7847a783
fc440713
fa842683
45814601
d0ef853e
872a7ec0
fec42783
26238fd9
a809fef4
fec42783
0001a025
0001a021
0001a011
0021e7b7
7847a783
e7b7cb81
a7830021
853e7847
1350d0ef
fec42783
40f6853e
49564466
612549c6
71118082
dda2df86
24230200
2623f2a4
2023f2b4
2223f2c4
2c23f2d4
2e23f0e4
2a23f0f4
2823f104
2623f114
2023fe04
2223fc04
2423fc04
2623fc04
2823fc04
2a23fc04
2c23fc04
2e23fc04
2e23fc04
0793fa04
873efc04
f1842603
f1c42683
f2842503
f2c42583
872a3c09
fec42783
26238fd9
2783fef4
e7e1fec4
fbc40793
460986be
f2042503
f2442583
bbeff0ef
2783872a
8fd9fec4
fef42623
e0ef450d
22233b60
2503fea4
e0effe44
20235680
4501fea4
30f0e0ef
fea42423
fe442783
2503cb99
e0effe84
87aaee6f
0017c793
0ff7f793
07b7c799
0785dead
fef42623
2703a0a5
2783f144
06b3fe04
278300f7
863efbc4
fbc42703
fe042783
85be97ba
fc040713
f3c40793
88aec03e
07938832
26030200
2583f144
2503fe44
e0effe84
872a1670
fec42783
26238fd9
2783fef4
eb91fec4
fe842503
2b30e0ef
fea42623
0001a021
0001a011
fe842783
2503c789
e0effe84
278328b0
853efec4
546e50fe
80826111
de067139
0080dc22
fca42c23
fcb42e23
fcc42823
fcd42a23
fce42423
fcf42623
fe042623
04000893
0021f7b7
64078813
fc842703
fcc42783
fd042603
fd442683
fd842503
fdc42583
26233d99
2783fea4
853efec4
546250f2
80826121
c686715d
0880c4a2
faa42e23
fab42c23
fac42a23
0021e7b7
7707a783
16079c63
fab017b7
04e78513
df4fe0ef
fe042623
fe042423
fbc42783
2e238bfd
2c23fcf4
2783fc04
8395fbc4
fcf42a23
222357fd
2703fef4
0793fb84
f8631000
07b700e7
0791dead
fef42623
4501a0fd
5130c0ef
fca42823
fd042503
d74fe0ef
c79387aa
f7930017
c7990ff7
dead07b7
26230785
a0d1fef4
fe042023
2783a06d
8395fe04
fcf42c23
fbc42703
fe042783
839597ba
fcf42a23
fe042783
eb898bfd
fd842783
2703078a
97bafb44
0007a023
fd442703
fe442783
00f70b63
fd442703
000c07b7
078a97ba
2423439c
2703fef4
2783fdc4
97bafe04
27038bfd
57b3fe84
8b8500f7
fcf42623
fd842783
2703078a
97bafb44
27834394
8bfdfe04
fcc42703
00f71733
fd842783
2603078a
97b2fb44
c3988f55
fd442783
fef42223
fe042783
20230785
2703fef4
2783fe04
68e3fb84
2503f4f7
c0effd04
27834470
e791fec4
fab017b7
05078793
17b7a029
8793dead
853e04f7
cacfe0ef
0021e7b7
77c7a783
2783e781
a011fec4
e7374781
28230021
278376f7
a019fec4
00010001
40b6853e
61614426
11018082
cc22ce06
26231000
2423fea4
2683feb4
8736fec4
26834781
85bafe84
4501863e
4bf0f0ef
40f20001
61054462
11018082
cc22ce06
26231000
2683fea4
8736fec4
85ba4781
4501863e
4a10f0ef
853e87aa
446240f2
80826105
d6067179
1800d422
fca42e23
fcb42c23
fcc42a23
fdc42503
26233f7d
2783fea4
c713fd44
2783fff7
8f7dfec4
fd842683
fd442783
8fd98ff5
fef42423
fe842583
fdc42503
0001378d
542250b2
80826145
d6067179
d24ad422
1800d04e
fca42e23
fcb42c23
fcc42a23
fcd42823
fe042223
fe042623
fe042423
2783a82d
893efdc4
85ca4981
4501864e
4090f0ef
fea42023
fe042703
fd442783
27038ff9
1563fd84
478500f7
fef42623
fe842783
24230785
2783fef4
e799fec4
fe842703
fd042783
faf76de3
fe842703
fd042783
00f71563
22234785
2783fef4
853efe44
542250b2
59825912
80826145
de067139
da4adc22
d652d84e
d25ad456
0080d05e
fca42623
fcb42423
fcc42223
fcd42023
100046b7
fcd42a23
fc842683
01169613
000e06b7
26038ef1
8ed1fcc4
fcd42823
fd442683
47818736
fd042683
863e85ba
f0ef4501
47b73490
07a11000
fcf42a23
fd442783
4b818b3e
865e85da
f0ef4501
2e233370
2c23fca4
a00dfc04
fd442783
4a818a3e
865685d2
f0ef4501
2e2331b0
2783fca4
0785fd84
fcf42c23
fdc42703
08634785
270300f7
2783fd84
67e3fc44
2703fcf7
2783fd84
1763fc44
e7b700f7
47050021
76e7a823
100047b7
2a2307b1
2783fcf4
893efd44
85ca4981
4501864e
2c50f0ef
2783872a
c398fc04
50f20001
59525462
5a3259c2
5b125aa2
61215b82
71398082
dc22de06
d84eda4a
d456d652
d05ed25a
26230080
2423fca4
2223fcb4
2023fcc4
46b7fcd4
06911000
fcd42a23
fd442683
47818736
fc842683
863e85ba
f0ef4501
47b72590
2a231000
2783fcf4
9713fc44
07b70117
8f7d000e
fcc42783
67c18f5d
28238fd9
2783fcf4
8b3efd44
26834b81
85dafd04
4501865e
21f0f0ef
100047b7
2a2307a1
2783fcf4
8a3efd44
85d24a81
45018656
20d0f0ef
fca42e23
fc042c23
2783a00d
893efd44
85ca4981
4501864e
1f10f0ef
fca42e23
fd842783
2c230785
2703fcf4
4785fdc4
00f70863
fd842703
fc042783
fcf767e3
fd842703
fc042783
00f71763
0021e7b7
a8234705
000176e7
546250f2
59c25952
5aa25a32
5b825b12
80826121
de067139
0080dc22
fca42e23
fcb42c23
fcc42a23
fcd42823
fce42623
fe042623
fe042423
fe042223
0793a825
86befe04
fcc42603
fd042583
fdc42503
27033b65
2783fe04
8ff9fd44
fd842703
00f71563
24234785
2783fef4
0785fe44
fef42223
fe842783
2703e799
2783fe44
6ee3fcc4
2703faf7
2783fe44
1563fcc4
478500f7
fef42623
fec42783
50f2853e
61215462
71798082
d422d606
2e231800
2c23fca4
2623fcb4
d0effe04
24233820
2503fea4
e0effe84
87aa84af
0017c793
0ff7f793
fef42623
fec42783
2783ebc1
8389fdc4
01079713
3fff07b7
22238ff9
2703fef4
67c1fd84
8f7d17fd
fe442783
07b78f5d
8fd98000
fef42023
260356fd
45c1fe04
fe842503
2c60d0ef
fea42623
fec42783
2783e7b1
d713fd84
27830107
8f5dfe44
c00007b7
20238fd9
56fdfef4
fe042603
250345c1
d0effe84
26232940
2783fea4
ef99fec4
460156fd
250345c1
d0effe84
262327c0
a031fea4
a0210001
a0110001
27830001
c789fe84
fe842503
2d60d0ef
fec42783
50b2853e
61455422
11018082
cc22ce06
1000ca26
e7b784aa
a7830021
99637707
17b73007
8513fab0
d0ef0667
2623f8ff
c783fe04
c7030004
07220014
c7038fd9
07420024
c7038fd9
07620034
47458fd9
28f76c63
00279713
0021c7b7
5ec78793
439c97ba
c7838782
c7030044
07220054
c7038fd9
07420064
c7038fd9
07620074
86be8fd9
0084c783
0094c703
8fd90722
00a4c703
8fd90742
00b4c703
8fd90762
853685be
a4b13c69
0044c783
0054c703
8fd90722
0064c703
8fd90742
0074c703
8fd90762
c783853e
c7030084
07220094
c7038fd9
074200a4
c7038fd9
076200b4
85be8fd9
00c4c783
00d4c703
8fd90722
00e4c703
8fd90742
00f4c703
8fd90762
c783863e
c7030144
07220154
c7038fd9
07420164
c7038fd9
07620174
86be8fd9
262334e1
a2f1fea4
0044c783
0054c703
8fd90722
0064c703
8fd90742
0074c703
8fd90762
c78386be
c7030084
07220094
c7038fd9
074200a4
c7038fd9
076200b4
85be8fd9
00c4c783
00d4c703
8fd90722
00e4c703
8fd90742
00f4c703
8fd90762
8536863e
a2b53c11
0044c783
0054c703
8fd90722
0064c703
8fd90742
0074c703
8fd90762
c78386be
c7030084
07220094
c7038fd9
074200a4
c7038fd9
076200b4
85be8fd9
3ba18536
fea42623
c783a21d
c7030044
07220054
c7038fd9
07420064
c7038fd9
07620074
853e8fd9
0084c783
0094c703
8fd90722
00a4c703
8fd90742
00b4c703
8fd90762
c78385be
c7030104
07220114
c7038fd9
07420124
c7038fd9
07620134
863e8fd9
0144c783
0154c703
8fd90722
0164c703
8fd90742
0174c703
8fd90762
368186be
c783a06d
c7030044
07220054
c7038fd9
07420064
c7038fd9
07620074
853e8fd9
0084c783
0094c703
8fd90722
00a4c703
8fd90742
00b4c703
8fd90762
c78385be
c70300c4
072200d4
c7038fd9
074200e4
c7038fd9
076200f4
863e8fd9
0104c783
0114c703
8fd90722
0124c703
8fd90742
0134c703
8fd90762
c78386be
c7030144
07220154
c7038fd9
07420164
c7038fd9
07620174
873e8fd9
26233675
a031fea4
26234785
a011fef4
27830001
e791fec4
fab017b7
06878793
17b7a029
8793dead
853e0677
cadfd0ef
0021e7b7
77c7a783
2783e781
a011fec4
e7374781
28230021
278376f7
a019fec4
00010001
40f2853e
44d24462
80826105
df067131
0180dd22
0021e7b7
7707a783
36079463
fab017b7
09f78513
c5dfd0ef
fe042623
fe042423
fc040da3
fc042a23
f5b74681
8593127f
46016805
f0ef4501
07934a00
85befdb4
50ef4501
872a17c1
fec42783
26238fd9
2783fef4
9b63fec4
07932807
863efd44
07b74585
85130030
50ef21c7
872a1f01
fec42783
26238fd9
2783fef4
9963fec4
27832607
c7c9fd44
45814501
fca42423
fcb42623
fc842e03
fcc42e83
fca42023
fcb42223
fc042703
fc442783
faa42c23
fab42e23
fb842603
fbc42683
faa42823
fab42a23
fb042503
fb442583
0021d837
8f082303
8f482383
ca2ec82a
c636c432
88bac03e
887687f2
871e869a
1dc00613
828a15b7
a3858593
d0ef4509
67858a7f
0a278513
b6dfd0ef
24234785
aac5fef4
0021e7b7
7d078793
8d634bdc
17b71c07
87930180
2623f007
2223faf4
2023fe04
2e23fe04
f0effc04
872a5380
222387ae
0793fee4
863efac4
07b74585
85130030
50ef21c7
872a0b01
fec42783
26238fd9
f0effef4
872a50c0
202387ae
2703fee4
2783fe04
07b3fe44
2e2340f7
2783fcf4
9b63fec4
26831607
f5b7fdc4
8593127f
46016845
f0ef4501
07933400
863efd44
07b74585
85130030
50ef21c7
872a0b01
fec42783
26238fd9
2783fef4
9f63fec4
27031207
17b7fd44
87930180
0b63f007
478d08f7
fef42423
87936785
26230a37
4501fef4
20234581
2223faa4
2e03fab4
2e83fa04
2c23fa44
2e23f8a4
2703f8b4
2783f984
2823f9c4
2a23f8a4
2603f8b4
2683f904
2423f944
2623f8a4
2503f8b4
2583f884
d837f8c4
23030021
23838f08
c82a8f48
c432ca2e
c03ec636
87f288ba
869a8876
0613871e
15b71f20
8593828a
4509a385
f4cfd0ef
85136785
d0ef0a37
a871a13f
24234789
4501fef4
20234581
2223f8a4
2e03f8b4
2e83f804
2c23f844
2e23f6a4
2703f6b4
2783f784
2823f7c4
2a23f6a4
2603f6b4
2683f704
2423f744
2623f6a4
2503f6b4
2583f684
d837f6c4
23030021
23838f08
c82a8f48
c432ca2e
c03ec636
87f288ba
869a8876
0613871e
15b71f70
8593828a
4509a385
ec4fd0ef
85136785
d0ef0a47
a81198bf
a8010001
a0310001
a0210001
a0110001
27830001
86befe84
127ff5b7
68058593
45014601
1c60f0ef
fdb44783
4783cf89
4581fdb4
40ef853e
872a69d1
fec42783
26238fd9
2783fef4
e791fec4
fab017b7
0a178793
17b7a029
8793dead
853e0a07
925fd0ef
0021e7b7
77c7a783
2783e781
a011fec4
e7374781
28230021
278376f7
a019fec4
00010001
50fa853e
6129546a
71258082
18112e23
18812c23
26231300
2623e8a4
c7b7fe04
87130021
07936347
86baf884
04000713
85b6863a
d0ef853e
c7b755b0
87130021
07936747
86baf484
04000713
85b6863a
d0ef853e
c7b753f0
87130021
07936b47
86baf084
04000713
85b6863a
d0ef853e
c7b75230
87130021
07936f47
86baec84
04000713
85b6863a
d0ef853e
c7b75070
87930021
43907347
479843d4
2c2347dc
2e23eac4
2023ead4
2223ece4
2823ecf4
2623fc04
2423fc04
2423fc04
2223fe04
a249fe04
fe442783
0713078a
97baff04
ec87a783
fcf42823
fe042423
fe042023
2783a825
9713fd04
27830027
97bafe04
0713078a
97baff04
f987a703
fe042783
00f717b3
fe842703
24238fd9
2783fef4
0785fe04
fef42023
fe042703
f2e3478d
2683fce7
2603fe84
2583fe84
4501fd04
47c0f0ef
2783872a
8fd9fec4
fef42623
fc042e23
2783a0f5
9713fd04
27830027
97bafdc4
0713078a
97baff04
f987a703
12634785
27030cf7
4785e8c4
02f71d63
fd042783
00279713
fdc42783
078a97ba
ff040713
a78397ba
86bef587
fdc42603
fd042583
00ef4501
872a2101
fec42783
26238fd9
2703fef4
4789e8c4
02f71d63
fd042783
00279713
fdc42783
078a97ba
ff040713
a78397ba
86bef187
fdc42603
fd042583
00ef4501
872a1d01
fec42783
26238fd9
2703fef4
478de8c4
02f71d63
fd042783
00279713
fdc42783
078a97ba
ff040713
a78397ba
86beed87
fdc42603
fd042583
00ef4501
872a1901
fec42783
26238fd9
2783fef4
0785fdc4
fcf42e23
fdc42703
f8e3478d
2783f0e7
0785fe44
fef42223
fe442703
fde3478d
2c23e6e7
a055fc04
2783470d
07b3fd84
242340f7
2783fcf4
078afc84
ff040713
a78397ba
2823ec87
2423fcf4
2a23fe04
a825fc04
fd042783
00279713
fd442783
078a97ba
ff040713
a70397ba
2783f987
17b3fd44
270300f7
8fd9fe84
fef42423
fd442783
2a230785
2703fcf4
478dfd44
fce7f2e3
e8c42783
2783c785
c793fe84
8bbdfff7
fe842683
2583863e
4501fd04
2d00f0ef
2783872a
8fd9fec4
fef42623
fd842783
2c230785
2703fcf4
478dfd84
f4e7fce3
46814601
eac42823
ead42a23
e8c42783
eaf42823
eb042e03
eb442e83
eac42423
ead42623
0021e7b7
25078793
2423439c
2703eaf4
2783ea84
8532eac4
202385b6
2223eac4
2603ead4
2683ea04
2c23ea44
2e23e8a4
2503e8b4
2583e984
d837e9c4
23030021
23838f08
c82a8f48
c432ca2e
c03ec636
87f288ba
869a8876
0613871e
e5b70470
85930fc3
45193625
aa0fd0ef
fec42783
2083853e
240319c1
611d1981
71558082
c5a2c786
c1cec3ca
dd56df52
d95edb5a
d566d762
d16ed36a
2e230980
2623f4a4
2023fc04
2e23fc04
2c23fa04
2a23fa04
2423fa04
2823fc04
2623fa04
2423fa04
2223fa04
66b7fc04
86931000
20230306
66b7fcd4
86931000
2e230346
66b7fad4
06f11000
fad42823
fc042683
47818736
863e85ba
e0ef4501
2c235530
2783faa4
2823fb04
2a23f4f4
2583f404
2603f504
4501f544
5350e0ef
faa42623
fb442783
7f87e793
faf42a23
fb442703
87936789
8fd98007
faf42a23
fa842783
0ff7e793
faf42423
fa842703
879367c1
8fd9f007
faf42423
fa842703
003007b7
24238fd9
2703faf4
07b7fa84
8fd900c0
faf42423
f5c42703
12634785
270306f7
2783fb84
8fd9fb44
fcf42423
fac42703
fa842783
22238fd9
2783fcf4
8d3efb04
26834d81
85eafc44
4501866e
4970e0ef
fbc42783
4c818c3e
fc842683
866685e2
e0ef4501
27834810
8b3efc04
26834b81
85dafc84
4501865e
46b0e0ef
2783a08d
ebb1f5c4
fb442783
fff7c793
fb842703
24238ff9
2783fcf4
c793fa84
2703fff7
8ff9fac4
fcf42223
fc042783
4a818a3e
fc842683
865685d2
e0ef4501
27834290
893efbc4
26834981
85cafc84
4501864e
4130e0ef
57fda029
fcf42623
4901a22d
20234981
2223fb24
2783fb34
2023f5c4
2e03faf4
2e83fa04
2c23fa44
2e23f924
2783f934
2c23fb84
2703f8f4
2783f984
2823f9c4
2a23f924
2683f934
2823fb44
2603f8d4
2683f904
2423f944
2623f924
2583f934
2423fc84
2503f8b4
2583f884
d837f8c4
23030021
23838f08
c82a8f48
c432ca2e
c03ec636
87f288ba
869a8876
0613871e
e5b70770
85930fc3
45193625
83cfd0ef
f9242023
f9342223
fcc42783
f8f42023
f8042e03
f8442e83
f7242c23
f7342e23
fac42783
f6f42c23
f7842703
f7c42783
f7242823
f7342a23
fa842683
f6d42823
f7042603
f7442683
f7242423
f7342623
fc442583
f6b42423
f6842503
f6c42583
0021d837
8f082303
8f482383
ca2ec82a
c636c432
88bac03e
887687f2
871e869a
07800613
0fc3e5b7
36258593
c0ef4519
2783fabf
853efcc4
442e40be
498e491e
5aea5a7a
5bca5b5a
5caa5c3a
5d8a5d1a
80826169
d7067171
d34ad522
cf52d14e
1900cd56
f6a42e23
fc042e23
fc042a23
fc042823
fc042623
fc042c23
100066b7
2a2306d1
2683fcd4
8736fd44
85ba4781
4501863e
2850e0ef
fca42823
fcc42783
0ff7e793
fcf42623
fcc42703
879367c1
8fd9f007
fcf42623
fcc42703
003007b7
26238fd9
2703fcf4
07b7fcc4
8fd900c0
fcf42623
f7c42783
2703eb89
2783fd04
8fd9fcc4
fcf42c23
2703a025
4785f7c4
00f71c63
fcc42783
fff7c793
fd042703
2c238ff9
a029fcf4
2e2357fd
a281fcf4
4a814a01
fd442023
fd542223
f7c42783
fcf42023
fc042e03
fc442e83
fb442c23
fb542e23
fd042783
faf42c23
fb842703
fbc42783
fb442823
fb542a23
fcc42683
fad42823
fb042603
fb442683
fb442423
fb542623
fd842583
fab42423
fa842503
fac42583
0021d837
8f082303
8f482383
ca2ec82a
c636c432
88bac03e
887687f2
871e869a
09a00613
0fc3e5b7
36258593
c0ef4519
2023e37f
2223fb44
2783fb54
2023fdc4
2e03faf4
2e83fa04
2c23fa44
2e23f944
2783f954
2c23fd04
2703f8f4
2783f984
2823f9c4
2a23f944
2683f954
2823fcc4
2603f8d4
2683f904
2423f944
2623f944
2583f954
2423fd84
2503f8b4
2583f884
d837f8c4
23030021
23838f08
c82a8f48
c432ca2e
c03ec636
87f288ba
869a8876
0613871e
e5b709b0
85930fc3
45193625
da5fc0ef
fd442783
4981893e
fd842683
864e85ca
e0ef4501
27830c50
853efdc4
542a50ba
598a591a
4aea4a7a
8082614d
d6227179
2e231800
2c23fca4
2a23fcb4
2623fcc4
2783fe04
eb99fd44
fdc42703
fd842783
02e7f463
26234785
a839fef4
fd442703
1b634785
270300f7
2783fdc4
7563fd84
478500f7
fef42623
fec42783
5432853e
80826145
ce221101
26231000
2423fea4
2223feb4
2703fec4
2783fec4
6b63fe84
270300f7
2783fec4
6563fe44
278300f7
a821fec4
fe842703
fe442783
00f76563
fe842783
2783a019
853efe44
61054472
11018082
1000ce22
fea42623
feb42423
fec42223
fec42703
fe842783
00f77b63
fec42703
fe442783
00f77563
fec42783
2703a821
2783fe84
7563fe44
278300f7
a019fe84
fe442783
4472853e
80826105
ce061101
1000cc22
fe042623
fe042423
fe042223
100065b7
08c58593
45014601
7a00e0ef
fea42023
0021e7b7
25078793
971347dc
e7b70107
87930021
43dc2507
00c79693
17fd67c1
8f5d8ff5
0021e7b7
25078793
9693439c
67850087
f0078793
8f5d8ff5
0021e7b7
25078793
8b85479c
22238fd9
2683fef4
65b7fe44
85931000
460108c5
e0ef4501
e7b77300
87930021
4f9c2507
01079713
0021e7b7
25078793
67c14fd4
8ff517fd
24238fd9
2683fef4
a5b7fe84
85931000
46010405
e0ef4501
00016f80
446240f2
80826105
ce86711d
cacacca2
c6d2c8ce
c2dac4d6
de62c0de
1080dc66
faa42623
fc042623
fc042423
fc042223
fc042023
fa042e23
fa042c23
fac42683
22238285
2683fcd4
8a85fac4
fcd42023
1000a6b7
02868693
fcd42623
0021e6b7
25068693
961346d4
e6b70106
86930021
4a8c2506
16fd66c1
8ed18eed
fcd42423
fcc42683
47818736
fc842683
863e85ba
e0ef4501
a7b76600
87931000
262302c7
2783fcf4
8c3efcc4
85e24c81
45018666
64c0e0ef
fca42423
0021f7b7
bc478793
97134fdc
f7b70077
87930021
53dcbc47
8f5d079a
0021f7b7
bc478793
0796539c
f7b78f5d
87930021
4f9cbc47
8f5d0792
0021f7b7
bc478793
078e47dc
f7b78f5d
87930021
4bdcbc47
8f5d078a
0021f7b7
bc478793
07864b9c
f7b78f5d
87930021
479cbc47
27038fd9
8fd9fc84
fcf42423
fcc42783
4b818b3e
fc842683
865e85da
e0ef4501
27035b00
37b7fc44
87930400
97ba80c7
2623078a
2783fcf4
8a3efcc4
85d24a81
45018656
5940e0ef
fca42423
fc042783
77c1c399
67c1a019
2c2317fd
2703faf4
2783fc84
8f7dfb84
fc042783
57b30792
2e2300f7
2783faf4
0785fbc4
faf42e23
fb842783
fff7c713
fc842783
27838f7d
0792fc04
fbc42683
00f696b3
fb842783
8fd98ff5
fcf42423
fcc42783
4981893e
fc842683
864e85ca
e0ef4501
00015140
446640f6
49c64956
4aa64a36
4b864b16
5ce25c72
80826125
d6867159
1880d4a2
faa42e23
fe042623
fe840793
02e00613
450185be
06c0f0ef
262387aa
2783fef4
e7d5fe84
fe042623
fec42783
4501c3d5
20234581
2223fea4
2783feb4
2023fbc4
2e03fef4
2e83fe04
2c23fe44
2e23fca4
2783fcb4
2c23fec4
2703fcf4
2783fd84
2823fdc4
2a23fca4
e6b7fcb4
a6830021
28237706
2603fcd4
2683fd04
2423fd44
2623fca4
e5b7fcb4
a5830021
24237705
2503fcb4
2583fc84
d837fcc4
23030021
23838f08
c82a8f48
c432ca2e
c03ec636
87f288ba
869a8876
0613871e
e5b70ff0
85930fc3
45053625
8f1fc0ef
0001a011
542650b6
80826165
d6867159
1880d4a2
faa42e23
0021e7b7
7d078793
470547dc
00f717b3
fef42623
fbc42783
0017f713
0021e7b7
7d078793
17b347dc
242300f7
2603fef4
2583fec4
57b7fe84
85131000
e0ef1047
4501f46f
20234581
2223fea4
2783feb4
2023fbc4
2e03fef4
2e83fe04
2c23fe44
2e23fca4
2783fcb4
2c23fe84
2703fcf4
2783fd84
2823fdc4
2a23fca4
2683fcb4
2823fec4
2603fcd4
2683fd04
2423fd44
2623fca4
e5b7fcb4
a5830021
24237705
2503fcb4
2583fc84
d837fcc4
23030021
23838f08
c82a8f48
c432ca2e
c03ec636
87f288ba
869a8876
0613871e
e5b71080
85930fc3
45153625
ffcfc0ef
50b60001
61655426
71758082
c522c706
26230900
2e23fe04
2023fc04
2223fe04
460dfe04
45014585
402100ef
2783872a
8fd9fec4
fef42623
fdc40793
55fd863e
00ef4501
872a4701
fec42783
26238fd9
2783fef4
cfd9fec4
45814501
fca42823
fcb42a23
fec42783
fcf42823
fd042e03
fd442e83
fca42423
fcb42623
fdc42783
fcf42423
fc842703
fcc42783
fca42023
fcb42223
fe042683
fcd42023
fc042603
fc442683
faa42c23
fab42e23
fe442583
fab42c23
fb842503
fbc42583
0021d837
8f082303
8f482383
ca2ec82a
c636c432
88bac03e
887687f2
871e869a
11300613
0fc3e5b7
36258593
c0ef4505
2783f0ef
a8fdfec4
fdc42783
fe042703
fe442683
85ba8636
3415853e
e7b7872a
87930021
cb982507
47014681
fad42823
fae42a23
0021e7b7
25078793
28234b9c
2e03faf4
2e83fb04
8536fb44
242385ba
2623faa4
2783fab4
2423fdc4
2703faf4
2783fa84
2023fac4
2223faa4
2683fab4
2023fe04
2603fad4
2683fa04
2c23fa44
2e23f8a4
2583f8b4
2c23fe44
2503f8b4
2583f984
d837f9c4
23030021
23838f08
c82a8f48
c432ca2e
c03ec636
87f288ba
869a8876
0613871e
e5b71170
85930fc3
45153625
e48fc0ef
0021e7b7
25078793
971347dc
e7b70107
87930021
4b942507
17fd67c1
8fd98ff5
fef42423
fe842683
1000a5b7
02858593
45014601
1460e0ef
fec42783
40ba853e
6149442a
71718082
d522d706
26231900
2e23fe04
2023fc04
2223fe04
2423fe04
f7b7fe04
87930021
4b9cc0c7
e5b7c385
85931002
46012905
e0ef4501
872a10a0
0021e7b7
25078793
ac85c7d8
4581460d
00ef4501
872a1e41
fec42783
26238fd9
0537fef4
05130002
458183e5
a10fd0ef
fdc40793
55fd863e
00ef4501
872a2441
fec42783
26238fd9
2783fef4
cfd9fec4
45814501
fca42823
fcb42a23
fec42783
fcf42823
fd042e03
fd442e83
fca42423
fcb42623
fdc42783
fcf42423
fc842703
fcc42783
fca42023
fcb42223
fe042683
fcd42023
fc042603
fc442683
faa42c23
fab42e23
fe442583
fab42c23
fb842503
fbc42583
0021d837
8f082303
8f482383
ca2ec82a
c636c432
88bac03e
887687f2
871e869a
12d00613
0fc3e5b7
36258593
c0ef4505
2783ce2f
ac2dfec4
45814501
faa42823
fab42a23
fec42783
faf42823
fb042e03
fb442e83
faa42423
fab42623
fdc42783
faf42423
fa842703
fac42783
faa42023
fab42223
fe042683
fad42023
fa042603
fa442683
f8a42c23
f8b42e23
fe442583
f8b42c23
f9842503
f9c42583
0021d837
8f082303
8f482383
ca2ec82a
c636c432
88bac03e
887687f2
871e869a
13000613
0fc3e5b7
36258593
c0ef4515
2703c46f
0793fdc4
f06312f0
278302e7
2703fdc4
2683fe04
8636fe44
853e85ba
f08ff0ef
fea42423
2783a831
2703fdc4
2683fe04
8636fe44
853e85ba
f3aff0ef
fea42423
0021f7b7
a2c78793
478543d8
04f71063
0021f7b7
a2c78793
8713479c
e7b7fff7
87930021
47dc2507
02f70733
fe842783
f7b7973e
87930021
479ca2c7
02f75733
0021e7b7
25078793
a801c7d8
0021e7b7
25078793
fe842703
e7b7c7d8
87930021
47d82507
0021e7b7
25078793
fc634f9c
e7b700e7
87930021
47d82507
0021e7b7
25078793
e7b7cf98
87930021
47d82507
0021e7b7
25078793
7d634fdc
e7b700f7
87930021
47d82507
0021e7b7
25078793
a011cfd8
45010001
28234581
2a23f8a4
2783f8b4
2823fec4
2e03f8f4
2e83f904
2423f944
2623f8a4
2783f8b4
2423fe84
2703f8f4
2783f884
2023f8c4
2223f8a4
e6b7f8b4
86930021
4e942506
f8d42023
f8042603
f8442683
f6a42c23
f6b42e23
0021e5b7
25058593
2c2345cc
2503f6b4
2583f784
d837f7c4
23030021
23838f08
c82a8f48
c432ca2e
c03ec636
87f288ba
869a8876
0613871e
e5b71440
85930fc3
45153625
aacfc0ef
e28ff0ef
fec42783
50ba853e
614d542a
71158082
cda2cf86
26231180
2423f4a4
4681f4b4
28234701
2a23fcd4
e7b7fce4
87930021
439c2507
fcf42823
fd042e03
fd442e83
85ba8536
fca42423
fcb42623
f4c42783
fcf42423
fc842703
fcc42783
fca42023
fcb42223
0021e6b7
7706a683
fcd42023
fc042603
fc442683
faa42c23
fab42e23
0021e5b7
7705a583
fab42c23
fb842503
fbc42583
0021d837
8f082303
8f482383
ca2ec82a
c636c432
88bac03e
887687f2
871e869a
14a00613
0fc3e5b7
36258593
c0ef4519
26239e2f
2223fe04
2023fe04
2423fe04
2703fe04
47a1f4c4
00f71763
2423478d
006ffef4
e7b714d0
87930021
439c2507
f4c42703
00f71663
fe042423
1330006f
0021e7b7
25078793
479d4398
0cf71363
0021f7b7
a2c78793
47855fd8
0af71b63
47014681
fad42823
fae42a23
0021e7b7
25078793
2823439c
2e03faf4
2e83fb04
8536fb44
242385ba
2623faa4
2783fab4
2423f4c4
2703faf4
2783fa84
2023fac4
2223faa4
e6b7fab4
a6830021
20237706
2603fad4
2683fa04
2c23fa44
2e23f8a4
e5b7f8b4
a5830021
2c237705
2503f8b4
2583f984
d837f9c4
23030021
23838f08
c82a8f48
c432ca2e
c03ec636
87f288ba
869a8876
0613871e
e5b715b0
85930fc3
45093625
8dcfc0ef
2423478d
006ffef4
e7b70610
87930021
47982507
1c634785
270300f7
4785f484
00f70763
2423478d
006ffef4
270303d0
4799f4c4
00f70763
f4c42703
1c63479d
270300f7
4785f484
00f70763
2423478d
006ffef4
e7b70150
87930021
439c2507
6163471d
971362f7
c7b70027
87930021
97ba7447
8782439c
f4c42703
e963479d
27830ee7
9713f4c4
c7b70027
87930021
97ba7647
8782439c
e0ef4509
87aaa1df
2783873e
8fd9fe84
fef42423
fe842783
00f037b3
0ff7f793
fef42423
26234789
a845fef4
e0ef450d
87aa9f1f
2783873e
8fd9fe84
fef42423
fe842783
00f037b3
0ff7f793
fef42423
2623478d
a051fef4
e0ef4501
87aa9c5f
2783873e
8fd9fe84
fef42423
f0ef4501
4505ef2f
848ff0ef
873e87aa
fe842783
24238fd9
2783fef4
37b3fe84
f79300f0
24230ff7
2623fef4
a081fe04
2423478d
a825fef4
e0ef4509
87aa979f
2783873e
8fd9fe84
fef42423
fe842783
00f037b3
0ff7f793
fef42423
26234795
a031fef4
2423478d
a011fef4
ab110001
f4c42703
e963479d
27830ee7
9713f4c4
c7b70027
87930021
97ba7847
8782439c
e0ef4505
87aa921f
2783873e
8fd9fe84
fef42423
fe842783
00f037b3
0ff7f793
fef42423
26234789
a845fef4
e0ef450d
87aa8f5f
2783873e
8fd9fe84
fef42423
fe842783
00f037b3
0ff7f793
fef42423
2623478d
a051fef4
e0ef4501
87aa8c9f
2783873e
8fd9fe84
fef42423
f0ef4501
4505df6f
f4dfe0ef
873e87aa
fe842783
24238fd9
2783fef4
37b3fe84
f79300f0
24230ff7
2623fef4
a081fe04
2423478d
a825fef4
e0ef4509
87aa87df
2783873e
8fd9fe84
fef42423
fe842783
00f037b3
0ff7f793
fef42423
26234795
a031fef4
2423478d
a011fef4
a9210001
f4c42703
e963479d
27830ee7
9713f4c4
c7b70027
87930021
97ba7a47
8782439c
e0ef4505
87aa825f
2783873e
8fd9fe84
fef42423
fe842783
00f037b3
0ff7f793
fef42423
26234785
a845fef4
e0ef4509
87aaff8f
2783873e
8fd9fe84
fef42423
fe842783
00f037b3
0ff7f793
fef42423
26234789
a051fef4
e0ef4501
87aafccf
2783873e
8fd9fe84
fef42423
f0ef4501
4505cfaf
e51fe0ef
873e87aa
fe842783
24238fd9
2783fef4
37b3fe84
f79300f0
24230ff7
2623fef4
a081fe04
2423478d
a825fef4
2423478d
a805fef4
e0ef4501
87aaf78f
2783873e
8fd9fe84
fef42423
fe842783
00f037b3
0ff7f793
fef42423
26234799
a011fef4
ae310001
f4c42703
ee63479d
278312e7
9713f4c4
c7b70027
87930021
97ba7c47
8782439c
e0ef4505
87aaf28f
2783873e
8fd9fe84
fef42423
f0ef4505
4501c56f
dadfe0ef
873e87aa
fe842783
24238fd9
2783fef4
37b3fe84
f79300f0
24230ff7
4785fef4
fef42623
4509a0c5
ee2fe0ef
873e87aa
fe842783
24238fd9
4505fef4
c10ff0ef
e0ef4501
87aad67f
2783873e
8fd9fe84
fef42423
fe842783
00f037b3
0ff7f793
fef42423
26234789
a869fef4
e0ef450d
87aae9cf
2783873e
8fd9fe84
fef42423
f0ef4505
4501bcaf
d21fe0ef
873e87aa
fe842783
24238fd9
2783fef4
37b3fe84
f79300f0
24230ff7
478dfef4
fef42623
4505a891
cf5fe0ef
873e87aa
fe842783
24238fd9
4505fef4
9dbfe0ef
873e87aa
fe842783
24238fd9
2783fef4
37b3fe84
f79300f0
24230ff7
4791fef4
fef42623
478da811
fef42423
478da031
fef42423
0001a011
2703aad9
479df4c4
06e7e663
f4c42783
00279713
0021c7b7
7e478793
439c97ba
45018782
97bfe0ef
873e87aa
fe842783
24238fd9
2783fef4
37b3fe84
f79300f0
24230ff7
2623fef4
a035fe04
2423478d
a015fef4
2423478d
a831fef4
2423478d
a811fef4
2423478d
a031fef4
2423478d
a011fef4
a2850001
f4c42703
eb63479d
27830ae7
9713f4c4
d7b70027
87930021
97ba8047
8782439c
e0ef4505
87aad6cf
2783873e
8fd9fe84
fef42423
fe842783
00f037b3
0ff7f793
fef42423
26234785
a895fef4
e0ef4509
87aad40f
2783873e
8fd9fe84
fef42423
fe842783
00f037b3
0ff7f793
fef42423
26234789
a0a1fef4
e0ef4501
87aad14f
2783873e
8fd9fe84
fef42423
fe842783
00f037b3
0ff7f793
fef42423
26234799
a831fef4
2423478d
a811fef4
2423478d
a031fef4
2423478d
a011fef4
a0450001
f4c42703
e9634799
278308e7
9713f4c4
d7b70027
87930021
97ba8247
8782439c
e0ef4509
87aacacf
2783873e
8fd9fe84
fef42423
fe842783
00f037b3
0ff7f793
fef42423
26234799
a881fef4
e0ef450d
87aac80f
2783873e
8fd9fe84
fef42423
fe842783
00f037b3
0ff7f793
fef42423
2623478d
a015fef4
2423478d
a831fef4
2423478d
a811fef4
2423478d
a031fef4
2423478d
a011fef4
a0110001
e7b70001
87930021
439c2507
f4c42703
02f70663
f4c42783
01079713
0021e7b7
25078793
8fd9439c
fcf42e23
fdc42503
439000ef
fec42503
e69fe0ef
fe842783
0e079e63
47014681
f8d42823
f8e42a23
0021e7b7
25078793
2823439c
2e03f8f4
2e83f904
8536f944
242385ba
2623f8a4
2783f8b4
2423f4c4
2703f8f4
2783f884
2023f8c4
2223f8a4
2683f8b4
2023fe84
2603f8d4
2683f804
2c23f844
2e23f6a4
e5b7f6b4
85930021
458c2505
f6b42c23
f7842503
f7c42583
0021d837
8f082303
8f482383
ca2ec82a
c636c432
88bac03e
887687f2
871e869a
28d00613
0fc3e5b7
36258593
b0ef4519
270396ff
4785f4c4
00e7f763
f4c42703
f8634791
e7b700e7
87930021
4bdc2507
2783a019
e737f4c4
07130021
cb5c2507
0021e7b7
25078793
e7b74398
87930021
c3d82507
0021e7b7
25078793
f4c42703
a065c398
47014681
f6d42823
f6e42a23
0021e7b7
25078793
2823439c
2e03f6f4
2e83f704
8536f744
242385ba
2623f6a4
2783f6b4
2423f4c4
2703f6f4
2783f684
2023f6c4
2223f6a4
2683f6b4
2023fe84
2603f6d4
2683f604
2c23f644
2e23f4a4
e5b7f4b4
85930021
458c2505
f4b42c23
f5842503
f5c42583
0021d837
8f082303
8f482383
ca2ec82a
c636c432
88bac03e
887687f2
871e869a
29200613
0fc3e5b7
36258593
b0ef4505
e0ef877f
2783bf3f
853efe84
446e40fe
8082612d
cf067135
1100cd22
0021e7b7
25078793
2623439c
2423fef4
f7b7fe04
87930021
43bca2c7
f0efc399
f0ef84cf
e7b7a38f
87930021
43982507
01634785
e7b74cf7
87930021
43982507
09634795
f7b74af7
87930021
479cc0c7
4a078463
0021e7b7
25078793
079347d8
f26312f0
e7b712e7
87930021
47d82507
0021f7b7
a2c78793
46014bdc
853a85be
a65fe0ef
c78d87aa
0021e7b7
25078793
47994398
00f70a63
0021e7b7
25078793
47914398
00f71663
2623479d
a099fef4
0021e7b7
25078793
f7b747d8
87930021
4b9ca2c7
85be4601
e0ef853a
87aaa1bf
e7b7c395
87930021
43982507
0b634791
479900f7
fef42623
0021e7b7
25078793
c7984705
0021e7b7
25078793
f7b747d8
87930021
4f9ca2c7
85be4605
e0ef853a
87aa9d7f
e7b7cf8d
87930021
43982507
16634799
e7b702f7
87930021
479c2507
e7b7cf99
87930021
4bdc2507
fef42623
0021e7b7
25078793
0007a423
e7b7a82d
87930021
47d82507
0021f7b7
a2c78793
46054fdc
853a85be
97dfe0ef
cf8187aa
0021e7b7
25078793
479d4398
00f71563
26234799
e7b7fef4
87930021
47d82507
12e00793
1ee7e563
45814501
fea42023
feb42223
0021f7b7
a2c78793
202353dc
2e03fef4
2e83fe04
2c23fe44
2e23fca4
f7b7fcb4
87930021
4f9cc0c7
fcf42c23
fd842703
fdc42783
fca42823
fcb42a23
0021f6b7
a2c68693
28235294
2603fcd4
2683fd04
2423fd44
2623fca4
f5b7fcb4
85930021
49ccc0c5
fcb42423
fc842503
fcc42583
0021d837
8f082303
8f482383
ca2ec82a
c636c432
88bac03e
887687f2
871e869a
2b800613
0fc3e5b7
36258593
b0ef4515
e7b7e16f
87930021
47d82507
0021f7b7
a2c78793
460553dc
853a85be
885fe0ef
cb9d87aa
0021e7b7
25078793
47994398
00f70a63
0021e7b7
25078793
47914398
00f71c63
0021f7b7
c0c78793
c7894f9c
2623479d
a889fef4
0021e7b7
25078793
f7b747d8
87930021
539ca2c7
85be4605
e0ef853a
87aa82ff
e7b7cb85
87930021
43982507
01634791
f7b702f7
87930021
4bdcc0c7
4799cb91
fef42623
0021e7b7
25078793
c7984705
0021e7b7
25078793
f7b747d8
87930021
579ca2c7
85be4601
e0ef853a
87aafdef
e7b7cf8d
87930021
43982507
16634799
e7b702f7
87930021
479c2507
e7b7cf99
87930021
4bdc2507
fef42623
0021e7b7
25078793
0007a423
e7b7a82d
87930021
47d82507
0021f7b7
a2c78793
460157dc
853a85be
f84fe0ef
cf8187aa
0021e7b7
25078793
479d4398
00f71563
26234799
e7b7fef4
87930021
439c2507
fec42703
00f70963
25034585
f0effec4
2423a2cf
2783fea4
c7cdfe84
46814601
fcc42023
fcd42223
0021e7b7
25078793
2023439c
2e03fcf4
2e83fc04
2c23fc44
2e23fac4
e7b7fad4
87930021
479c2507
faf42c23
fb842703
fbc42783
85b68532
fac42823
fad42a23
fec42683
fad42823
fb042603
fb442683
faa42423
fab42623
fe842583
fab42423
fa842503
fac42583
0021d837
8f082303
8f482383
ca2ec82a
c636c432
88bac03e
887687f2
871e869a
2ca00613
0fc3e5b7
36258593
b0ef4509
a84dc12f
46814601
fac42023
fad42223
0021e7b7
25078793
2023439c
2e03faf4
2e83fa04
2c23fa44
2e23f8c4
e7b7f8d4
87930021
479c2507
f8f42c23
f9842703
f9c42783
85b68532
f8c42823
f8d42a23
fec42683
f8d42823
f9042603
f9442683
f8a42423
f8b42623
fe842583
f8b42423
f8842503
f8c42583
0021d837
8f082303
8f482383
ca2ec82a
c636c432
88bac03e
887687f2
871e869a
2cc00613
0fc3e5b7
36258593
b0ef4515
a021b6af
a0110001
00010001
446a40fa
8082610d
d7067171
d34ad522
1900d14e
81010113
071377fd
97baff04
7aa7ae23
071377fd
97baff04
7ab7ac23
0021e7b7
7707a783
2a079463
fab017b7
09078513
de8fb0ef
fe042623
071377fd
97baff04
7bc7a783
0007c703
0017c583
8f4d05a2
0027c583
8f4d05c2
0037c583
8f4d05e2
c703863a
c5830047
05a20057
c5838f4d
05c20067
c7838f4d
07e20077
86be8fd9
fec42023
fed42223
bd040793
87fd893e
071389be
47814000
fe042603
fe442683
85ce854a
c1afc0ef
bd040793
fcf42e23
071377fd
97baff04
7c078fa3
879377fd
07137df7
97baff04
450185be
29b120ef
2783872a
8fd9fec4
fef42623
fec42783
1a079463
87936785
439c5b87
fcf42c23
071377fd
97baff04
0021d737
84070713
4350430c
47584714
7cb7a623
7cc7a823
7cd7aa23
7ce7ac23
fe042423
2783a86d
0786fe84
fd842703
00f757b3
17fd8b8d
0017b793
0ff7f793
fcf42a23
fdc42683
fe842703
078e87ba
078e8f99
777d97b6
ff040693
07139736
87937707
06931307
86360380
853a85be
1450b0ef
879377fd
07137707
97baff04
853e45a1
1cb120ef
b79387aa
f7930017
28230ff7
2783fcf4
cf8dfd44
fd042783
2703eb95
87bafe84
8f99078e
8793078e
27031307
97bafdc4
250385be
b0effe84
872a1910
fec42783
26238fd9
2783fef4
e3e9fec4
fe842783
24230785
2703fef4
478dfe84
f4e7f1e3
071377fd
97baff04
7df7c783
77fdc38d
ff040713
c78397ba
45817df7
20ef853e
872a1691
fec42783
26238fd9
2783fef4
c781fec4
fec42703
07b7a029
8713fab1
77fdab07
ff040693
a78397b6
75937b87
c6830ff7
8a810007
86ae8636
80238ed1
569300d7
f5930087
c6830ff6
8a810017
86ae8636
80a38ed1
569300d7
f5930107
c6830ff6
8a810027
86ae8636
81238ed1
561300d7
c7030187
8b010037
873286ba
81a38f55
a02100e7
a0110001
27830001
e791fec4
fab017b7
09278793
17b7a029
8793dead
853e0917
b70fb0ef
0021e7b7
77c7a783
2783e781
a011fec4
e7374781
28230021
278376f7
a019fec4
00010001
0113853e
50ba7f01
591a542a
614d598a
01138082
2e23bc01
2c234211
2a234281
28234321
04134331
26234401
2423bca4
2623bcb4
2783fe04
c703bcc4
c5830007
05a20017
c5838f4d
05c20027
c5838f4d
05e20037
863a8f4d
0047c703
0057c583
8f4d05a2
0067c583
8f4d05c2
0077c783
8fd907e2
202386be
2223fec4
0713fed4
0613bd84
d7b74000
8593cccc
853accc7
7960b0ef
90ef4501
2e232150
2503fca4
b0effdc4
87aaa76f
0017c793
0ff7f793
2783873e
8fd9fec4
fef42623
fec42783
10079a63
a72fb0ef
fca42c23
fd842703
bd840793
85ba4611
b0ef853e
07937020
0791bd84
fd842703
46410711
853e85ba
6ec0b0ef
bd840793
270307d1
0751fd84
85ba4611
b0ef853e
07936d60
07e1bd84
fd842703
46110761
853e85ba
6c00b0ef
bd840793
270307f1
0771fd84
85ba4631
b0ef853e
07936aa0
8793bd84
27030287
0713fd84
46210287
853e85ba
6900b0ef
fe042423
2703a099
87bafe84
8f99078e
8793078e
07131307
06b3bd84
270300f7
87bafe84
8f99078e
8793078e
27031307
97bafd84
03800613
853685be
6500b0ef
fe842783
24230785
2703fef4
478dfe84
fae7dbe3
fdc42503
11d090ef
bd840793
21078793
0593863e
07b707c0
85130030
20ef2107
872a7701
fec42783
26238fd9
a011fef4
07930001
893ebd84
89be87fd
40000713
864a4781
250386ce
2583fe04
b0effe44
872affdf
fec42783
26238fd9
2783fef4
c781fec4
fec42703
07b7a029
8713fab1
2783ab07
7593bc84
c6830ff7
8a810007
86ae8636
80238ed1
569300d7
f5930087
c6830ff6
8a810017
86ae8636
80a38ed1
569300d7
f5930107
c6830ff6
8a810027
86ae8636
81238ed1
561300d7
c7030187
8b010037
873286ba
81a38f55
000100e7
2083853e
240343c1
29034381
29834341
01134301
80824401
2623716d
24231011
0a001081
f0a42e23
fe042623
0021f7b7
a7478793
996343dc
07932007
0713f684
863a0800
853e4581
56a0b0ef
123407b7
f6f42423
07234789
0793f6f4
16232040
07a3f6f4
2783f604
2c23f1c4
2223f6f4
2023f604
2423f604
0793fe04
863ef644
45014589
04d0f0ef
2783872a
8fd9fec4
fef42623
f6040793
4589863e
f0ef4501
872a7fc0
fec42783
26238fd9
a805fef4
f6040793
4589863e
f0ef4501
872a7e00
fec42783
26238fd9
2783fef4
0785fe84
fef42423
fe842703
eb636785
278300e7
8713f604
2783fe07
63e3f644
a011fcf7
27030001
6785fe84
08e7fd63
45814501
f4a42c23
f4b42e23
2c234789
2e03f4f4
2e83f584
2823f5c4
2a23f4a4
2783f4b4
2823f644
2703f4f4
2783f504
2423f544
2623f4a4
2683f4b4
2423f604
2603f4d4
2683f484
2023f4c4
2223f4a4
2583f4b4
2023fe84
2503f4b4
2583f404
d837f444
23030021
23838f08
c82a8f48
c432ca2e
c03ec636
87f288ba
869a8876
0613871e
15b70760
85936219
450d5585
c79fa0ef
4501a86d
2c234581
2e23f2a4
4789f2b4
f2f42c23
f3842e03
f3c42e83
f2a42823
f2b42a23
f6442783
f2f42823
f3042703
f3442783
f2a42423
f2b42623
f6042683
f2d42423
f2842603
f2c42683
f2a42023
f2b42223
f1c42583
f2b42023
f2042503
f2442583
0021d837
8f082303
8f482383
ca2ec82a
c636c432
88bac03e
887687f2
871e869a
07900613
621915b7
55858593
a0ef4509
0793be3f
873ef684
08000693
45894611
f0ef4501
872a16d0
fec42783
26238fd9
a011fef4
27830001
853efec4
10c12083
10812403
80826151
2623716d
24231011
22231081
20231121
0a001131
eea42e23
eeb42c23
fe042623
fe042423
f0c40793
0dc00713
4581863a
b0ef853e
67853240
54078793
2623439c
6785f0f4
5b878793
2823439c
65b7f0f4
85931000
46010885
c0ef4501
87aa68e0
f0f42a23
1000a5b7
04858593
45014601
6780c0ef
2c2387aa
a5b7f0f4
85931000
460104c5
c0ef4501
87aa6620
f0f42e23
0021e7b7
25078793
0007a883
0047a803
47cc4788
4bd44b90
4fdc4f98
f5142c23
f5042e23
f6a42023
f6b42223
f6c42423
f6d42623
f6e42823
f6f42a23
0021f7b7
a2c78713
f7840793
071386ba
863a0480
853e85b6
2280b0ef
1000a5b7
02858593
45014601
5f40c0ef
202387aa
a5b7fcf4
85931000
460102c5
c0ef4501
87aa5de0
fcf42223
1000a5b7
03058593
45014601
5c80c0ef
242387aa
a5b7fcf4
85931000
46010345
c0ef4501
87aa5b20
fcf42623
1000a5b7
03858593
45014601
59c0c0ef
282387aa
a5b7fcf4
85931000
460103c5
c0ef4501
87aa5860
fcf42a23
1000a5b7
04058593
45014601
5700c0ef
2c2387aa
a5b7fcf4
85931000
46010445
c0ef4501
87aa55a0
fcf42e23
1000a5b7
04858593
45014601
5440c0ef
202387aa
a5b7fef4
85931000
460104c5
c0ef4501
87aa52e0
fef42223
efc42783
0007c703
0017c683
8f5506a2
0027c683
8f5506c2
0037c683
8f5506e2
c703853a
c6830047
06a20057
c6838f55
06c20067
c7838f55
07e20077
85be8fd9
f0c40793
4981893e
0dc00713
864a4781
b0ef86ce
872ab09f
fec42783
26238fd9
2783fef4
c781fec4
fec42703
07b7a029
8713fab1
2783ab07
7593ef84
c6830ff7
8a810007
86ae8636
80238ed1
569300d7
f5930087
c6830ff6
8a810017
86ae8636
80a38ed1
569300d7
f5930107
c6830ff6
8a810027
86ae8636
81238ed1
561300d7
c7030187
8b010037
873286ba
81a38f55
278300e7
853efec4
10c12083
10812403
10412903
10012983
80826151
ce221101
26231000
2423fea4
2783feb4
c703fe84
8b010007
fb076713
00e78023
0017c703
67138b01
80a3ffa7
c70300e7
8b010027
fb076713
00e78123
0037c703
67138b01
81a3ffa7
e7b700e7
87930021
43982507
fe842783
0ff77593
0047c683
86368a81
8ed186ae
00d78223
00875693
0ff6f593
0057c683
86368a81
8ed186ae
00d782a3
01075693
0ff6f593
0067c683
86368a81
8ed186ae
00d78323
01875613
0077c703
86ba8b01
8f558732
00e783a3
0021e7b7
25078793
27834798
7593fe84
c6830ff7
8a810087
86ae8636
84238ed1
569300d7
f5930087
c6830ff6
8a810097
86ae8636
84a38ed1
569300d7
f5930107
c6830ff6
8a8100a7
86ae8636
85238ed1
561300d7
c7030187
8b0100b7
873286ba
85a38f55
478100e7
4472853e
80826105
d6067179
1800d422
fca42e23
fcb42c23
fe042623
fdc42783
0007c703
0017c683
8f5506a2
0027c683
8f5506c2
0037c783
8fd907e2
853e4589
d0afe0ef
fea42423
fd842783
fe842703
0ff77613
0007c703
86ba8b01
8f558732
00e78023
fe842703
76138321
c7030ff7
8b010017
873286ba
80a38f55
270300e7
8341fe84
0ff77613
0027c703
86ba8b01
8f558732
00e78123
fe842703
01875613
0037c703
86ba8b01
8f558732
00e781a3
0021e7b7
25078793
27834398
7593fd84
c6830ff7
8a810047
86ae8636
82238ed1
569300d7
f5930087
c6830ff6
8a810057
86ae8636
82a38ed1
569300d7
f5930107
c6830ff6
8a810067
86ae8636
83238ed1
561300d7
c7030187
8b010077
873286ba
83a38f55
e7b700e7
87930021
47982507
fd842783
0ff77593
0087c683
86368a81
8ed186ae
00d78423
00875693
0ff6f593
0097c683
86368a81
8ed186ae
00d784a3
01075693
0ff6f593
00a7c683
86368a81
8ed186ae
00d78523
01875613
00b7c703
86ba8b01
8f558732
00e785a3
fec42783
50b2853e
61455422
711d8082
cca2ce86
26231080
2423faa4
2623fab4
2783fe04
c703fac4
c5830007
05a20017
c5838f4d
05c20027
c7838f4d
07e20037
873e8fd9
004a07b7
fdc78793
079a97ba
fef42423
fbc40793
87fd883e
278388be
863efe84
07134681
478102c0
85c68542
f6afb0ef
fea42623
fec42783
2703c781
a029fec4
fab107b7
ab078713
fa842783
0ff77593
0007c683
86368a81
8ed186ae
00d78023
00875693
0ff6f593
0017c683
86368a81
8ed186ae
00d780a3
01075693
0ff6f593
0027c683
86368a81
8ed186ae
00d78123
01875613
0037c703
86ba8b01
8f558732
00e781a3
fa842783
07130791
0693fbc4
863602c0
853e85ba
4cd0a0ef
fec42783
40f6853e
61254466
71598082
d4a2d686
d0ced2ca
ccd6ced2
2e231880
2c23f8a4
2e23f8b4
2783fc04
c703f9c4
c6830287
06a20297
c6838f55
06c202a7
c7838f55
07e202b7
873e8fd9
004a07b7
fdc78793
079a97ba
fcf42c23
f9c42703
fac40793
071386ba
863a02c0
853e85b6
4590a0ef
fd842783
4981893e
fac40793
87fd8a3e
07138abe
478102c0
86d68652
85ce854a
e46fb0ef
fca42e23
fdc42783
2703c781
a029fdc4
fab107b7
ab078713
f9842783
0ff77593
0007c683
86368a81
8ed186ae
00d78023
00875693
0ff6f593
0017c683
86368a81
8ed186ae
00d780a3
01075693
0ff6f593
0027c683
86368a81
8ed186ae
00d78123
01875613
0037c703
86ba8b01
8f558732
00e781a3
fdc42783
50b6853e
59165426
4a765986
61654ae6
71798082
1800d622
fca42e23
fcb42c23
fe042623
0021f7b7
c0c78793
c3a1439c
0021f7b7
b9478793
c3984705
fdc42783
0007c703
0017c683
8f5506a2
0027c683
8f5506c2
0037c783
8fd907e2
f7b7873e
87930021
c3d8b947
fe042623
07b7a031
078ddead
fef42623
fec42783
2703c781
a029fec4
fab107b7
ab078713
fd842783
0ff77593
0007c683
86368a81
8ed186ae
00d78023
00875693
0ff6f593
0017c683
86368a81
8ed186ae
00d780a3
01075693
0ff6f593
0027c683
86368a81
8ed186ae
00d78123
01875613
0037c703
86ba8b01
8f558732
00e781a3
fec42783
5432853e
80826145
d6067179
1800d422
fca42e23
fcb42c23
fe042623
45014589
5600c0ef
45814605
a0ef4501
50ef84bf
e7b77090
a0230021
27837807
c781fec4
fec42703
07b7a029
8713fab1
2783ab07
7593fd84
c6830ff7
8a810007
86ae8636
80238ed1
569300d7
f5930087
c6830ff6
8a810017
86ae8636
80a38ed1
569300d7
f5930107
c6830ff6
8a810027
86ae8636
81238ed1
561300d7
c7030187
8b010037
873286ba
81a38f55
278300e7
853efec4
542250b2
80826145
d6067179
1800d422
fca42e23
fcb42c23
fe042623
fdc42783
0007c703
0017c583
8f4d05a2
0027c583
8f4d05c2
0037c583
8f4d05e2
c703863a
c5830047
05a20057
c5838f4d
05c20067
c7838f4d
07e20077
86be8fd9
85b68532
127010ef
fea42623
fec42783
2703c781
a029fec4
fab107b7
ab078713
fd842783
0ff77593
0007c683
86368a81
8ed186ae
00d78023
00875693
0ff6f593
0017c683
86368a81
8ed186ae
00d780a3
01075693
0ff6f593
0027c683
86368a81
8ed186ae
00d78123
01875613
0037c703
86ba8b01
8f558732
00e781a3
fec42783
50b2853e
61455422
71798082
d422d606
2e231800
2c23fca4
2623fcb4
f7b7fe04
87930021
47dcc0c7
16078863
fdc42783
0007c703
0017c683
8f5506a2
0027c683
8f5506c2
0037c683
8f5506e2
c703883a
c6830047
06a20057
c6838f55
06c20067
c7838f55
07e20077
88be8fd9
fdc42783
0007c703
0017c583
8f4d05a2
0027c583
8f4d05c2
0037c583
8f4d05e2
c703863a
c5830047
05a20057
c5838f4d
05c20067
c7838f4d
07e20077
86be8fd9
fdc42783
0087c703
0097c303
67330322
c30300e3
034200a7
00e36733
00b7c303
67330362
853a00e3
00c7c703
00d7c303
67330322
c30300e3
034200e7
00e36733
00f7c783
8fd907e2
073385be
833a00a6
00c33333
00b687b3
00f306b3
863a87b6
051386be
55fdfc00
00a60733
3333833a
87b300c3
06b300b6
87b600f3
8ebe8e3a
fdc42783
0087c703
0097c583
8f4d05a2
00a7c583
8f4d05c2
00b7c583
8f4d05e2
c703863a
c58300c7
05a200d7
c5838f4d
05c200e7
c7838f4d
07e200f7
86be8fd9
fc000513
073355fd
833a00a6
00c33333
00b687b3
00f306b3
867287b6
854286f6
b0ef85c6
2623ca7f
a031fea4
dead07b7
26230795
2783fef4
c781fec4
fec42703
07b7a029
8713fab1
2783ab07
7593fd84
c6830ff7
8a810007
86ae8636
80238ed1
569300d7
f5930087
c6830ff6
8a810017
86ae8636
80a38ed1
569300d7
f5930107
c6830ff6
8a810027
86ae8636
81238ed1
561300d7
c7030187
8b010037
873286ba
81a38f55
278300e7
853efec4
542250b2
80826145
d6067179
1800d422
fca42e23
fcb42c23
fe042623
fdc42783
0007c703
0017c683
8f5506a2
0027c683
8f5506c2
0037c683
8f5506e2
c703853a
c6830047
06a20057
c6838f55
06c20067
c7838f55
07e20077
85be8fd9
fdc42783
0087c703
0097c803
67330822
c80300e8
084200a7
00e86733
00b7c803
67330862
863a00e8
00c7c703
00d7c803
67330822
c80300e8
084200e7
00e86733
00f7c783
8fd907e2
278386be
c703fdc4
27830107
c883fdc4
27830117
0791fd84
87c6883e
efefb0ef
2783872a
8fd9fec4
fef42623
fec42783
2703c781
a029fec4
fab107b7
ab078713
fd842783
0ff77593
0007c683
86368a81
8ed186ae
00d78023
00875693
0ff6f593
0017c683
86368a81
8ed186ae
00d780a3
01075693
0ff6f593
0027c683
86368a81
8ed186ae
00d78123
01875613
0037c703
86ba8b01
8f558732
00e781a3
fec42783
50b2853e
61455422
71798082
d422d606
2e231800
2c23fca4
2623fcb4
2783fe04
c703fdc4
c6830087
06a20097
c6838f55
06c200a7
c6838f55
06e200b7
853a8f55
00c7c703
00d7c683
8f5506a2
00e7c683
8f5506c2
00f7c783
8fd907e2
278385be
c703fdc4
c8030007
08220017
00e86733
0027c803
67330842
c80300e8
08620037
00e86733
c703863a
c8030047
08220057
00e86733
0067c803
67330842
c78300e8
07e20077
86be8fd9
fdc42783
0107c703
0117c303
67330322
c30300e3
03420127
00e36733
0137c303
67330362
883a00e3
0147c703
0157c303
67330322
c30300e3
03420167
00e36733
0177c783
8fd907e2
874288be
a0ef87c6
2623f01f
2783fea4
c781fec4
fec42703
07b7a029
8713fab1
2783ab07
7593fd84
c6830ff7
8a810007
86ae8636
80238ed1
569300d7
f5930087
c6830ff6
8a810017
86ae8636
80a38ed1
569300d7
f5930107
c6830ff6
8a810027
86ae8636
81238ed1
561300d7
c7030187
8b010037
873286ba
81a38f55
278300e7
853efec4
542250b2
80826145
d6067179
d24ad422
1800d04e
911a737d
071377fd
97baff04
fea7a623
071377fd
97baff04
feb7a423
fe042623
fc042c23
fc042e23
fe042023
fe042223
fe042423
071377fd
97baff04
fe07ac23
ffc78713
17b16785
4581863e
a0ef853a
77fd4580
ff040713
a78397ba
c703fec7
c6830087
06a20097
c6838f55
06c200a7
c7838f55
07e200b7
e7818fd9
d0ef4501
656104f0
6a050513
a0ef4581
77fd8e7f
ff040713
a78397ba
c703fec7
c6830007
06a20017
c6838f55
06c20027
c7838f55
07e20037
2c238fd9
77fdfcf4
ff040713
a78397ba
c703fec7
c6830047
06a20057
c6838f55
06c20067
c7838f55
07e20077
2e238fd9
77fdfcf4
ff040713
a78397ba
c703fec7
c6830087
06a20097
c6838f55
06c200a7
c7838f55
07e200b7
20238fd9
77fdfef4
ff040713
a78397ba
c703fec7
c68300c7
06a200d7
c6838f55
06c200e7
c7838f55
07e200f7
22238fd9
77fdfef4
071317e1
97baff04
4981893e
071377fd
97baff04
fec7a783
0107c703
0117c583
8f4d05a2
0127c583
8f4d05c2
0137c583
8f4d05e2
c703863a
c5830147
05a20157
c5838f4d
05c20167
c7838f4d
07e20177
86be8fd9
47814761
85ce854a
cd3fa0ef
2783872a
8fd9fec4
fef42623
17e177fd
ff040713
242397ba
0793fef4
853efd84
849fa0ef
2783872a
8fd9fec4
fef42623
fec42783
2703c781
a029fec4
fab107b7
ab078713
069377fd
97b6ff04
fe87a783
0ff77593
0007c683
86368a81
8ed186ae
00d78023
00875693
0ff6f593
0017c683
86368a81
8ed186ae
00d780a3
01075693
0ff6f593
0027c683
86368a81
8ed186ae
00d78123
01875613
0037c703
86ba8b01
8f558732
00e781a3
fec42783
6305853e
50b2911a
59125422
61455982
71798082
d422d606
2e231800
2c23fca4
2623fcb4
2783fe04
c703fdc4
c6830007
06a20017
c6838f55
06c20027
c7838f55
07e20037
86be8fd9
1000a5b7
460105c1
b0ef4501
27835900
c703fdc4
c6830047
06a20057
c6838f55
06c20067
c7838f55
07e20077
86be8fd9
1000a5b7
460105d1
b0ef4501
27835600
c703fdc4
c6830087
06a20097
c6838f55
06c200a7
c7838f55
07e200b7
86be8fd9
1000a5b7
460105e1
b0ef4501
27835300
c703fdc4
c68300c7
06a200d7
c6838f55
06c200e7
c7838f55
07e200f7
86be8fd9
1000a5b7
460105f1
b0ef4501
27835000
c703fdc4
c6830107
06a20117
c6838f55
06c20127
c7838f55
07e20137
86be8fd9
1000a5b7
02058593
45014601
4ce0b0ef
fdc42783
0147c703
0157c683
8f5506a2
0167c683
8f5506c2
0177c783
8fd907e2
a5b786be
85931000
46010245
b0ef4501
278349c0
c781fec4
fec42703
07b7a029
8713fab1
2783ab07
7593fd84
c6830ff7
8a810007
86ae8636
80238ed1
569300d7
f5930087
c6830ff6
8a810017
86ae8636
80a38ed1
569300d7
f5930107
c6830ff6
8a810027
86ae8636
81238ed1
561300d7
c7030187
8b010037
873286ba
81a38f55
278300e7
853efec4
542250b2
80826145
d6067179
1800d422
fca42e23
fcb42c23
fe042623
0021f7b7
a2c78793
87fd883e
278388be
c703fdc4
c5830007
05a20017
c5838f4d
05c20027
c5838f4d
05e20037
863a8f4d
0047c703
0057c583
8f4d05a2
0067c583
8f4d05c2
0077c783
8fd907e2
071386be
47810480
85c68542
9effa0ef
2783872a
8fd9fec4
fef42623
fec42783
2703c781
a029fec4
fab107b7
ab078713
fd842783
0ff77593
0007c683
86368a81
8ed186ae
00d78023
00875693
0ff6f593
0017c683
86368a81
8ed186ae
00d780a3
01075693
0ff6f593
0027c683
86368a81
8ed186ae
00d78123
01875613
0037c703
86ba8b01
8f558732
00e781a3
fec42783
50b2853e
61455422
71798082
d422d606
2e231800
2c23fca4
2623fcb4
2783fe04
c703fdc4
c8030007
08220017
00e86733
0027c803
67330842
c80300e8
08620037
00e86733
c703853a
c8030047
08220057
00e86733
0067c803
67330842
c78300e8
07e20077
85be8fd9
0021f7b7
a2c78793
87fd863e
071386be
47810480
8effa0ef
2783872a
8fd9fec4
fef42623
fec42783
2703c781
a029fec4
fab107b7
ab078713
fd842783
0ff77593
0007c683
86368a81
8ed186ae
00d78023
00875693
0ff6f593
0017c683
86368a81
8ed186ae
00d780a3
01075693
0ff6f593
0027c683
86368a81
8ed186ae
00d78123
01875613
0037c703
86ba8b01
8f558732
00e781a3
fec42783
50b2853e
61455422
71758082
c522c706
2e230900
2c23f8a4
e7b7f8b4
a7830021
94637707
17b76607
8513fab0
90ef08d7
07b7997f
8793fab1
2423ab07
2623fef4
2223fe04
2023fe04
2783fe04
c703f9c4
c7830047
07a20057
97138fd9
83410107
f9842783
0ff77593
0047c683
86368a81
8ed186ae
00d78223
16138321
82410107
0057c703
86ba8b01
8f558732
00e782a3
f9c42783
0007c703
0017c683
8f5506a2
0027c683
8f5506c2
0037c783
8fd907e2
2783873e
7593f984
c6830ff7
8a810007
86ae8636
80238ed1
569300d7
f5930087
c6830ff6
8a810017
86ae8636
80a38ed1
569300d7
f5930107
c6830ff6
8a810027
86ae8636
81238ed1
561300d7
c7030187
8b010037
873286ba
81a38f55
278300e7
c703f9c4
27830067
8323f984
458100e7
2c234601
2e23fcb4
2783fcc4
c703f9c4
c7830047
07a20057
07c28fd9
1c2383c1
2e03fcf4
2e83fd84
2823fdc4
2a23fcb4
2783fcc4
c703f9c4
c6830007
06a20017
c6838f55
06c20027
c7838f55
07e20037
28238fd9
2703fcf4
2783fd04
852efd44
242385b2
2623fca4
2683fcb4
c683f9c4
04230066
2603fcd4
2683fc84
2023fcc4
2223fca4
e5b7fcb4
a5830021
20237705
2503fcb4
2583fc04
d837fc44
23030021
23838f08
c82a8f48
c432ca2e
c03ec636
87f288ba
869a8876
0613871e
15b71660
85936219
45155585
d0cf90ef
f9842783
83a34729
b0ef00e7
872a1cc0
222387ae
2783fee4
c703f9c4
c7830047
07a20057
07c28fd9
071383c1
4c632230
07132cf7
d4632000
471902e7
26e78163
42634719
47152cf7
02e78a63
4c634715
80632af7
47112c07
18e78963
8793a46d
0713e007
60630230
97132af7
d7b70027
87930021
97ba8507
8782439c
f9842783
0147c703
67138b01
8a230067
c70300e7
8b010157
00e78aa3
0167c703
67138b01
8b23fad7
c70300e7
8b010177
fde76713
00e78ba3
2783a495
8713f9c4
27830107
07c1f984
853a85be
8ecfe0ef
fea42623
2783a4a1
8713f9c4
27830107
07c1f984
853a85be
bbefe0ef
fea42623
2783a435
8713f9c4
27830107
07c1f984
853a85be
861fe0ef
2783872a
8fd9fec4
fef42623
2783a421
8713f9c4
27830107
07c1f984
853a85be
aedfe0ef
2783872a
8fd9fec4
fef42623
2783a2d5
8713f9c4
27830107
07c1f984
853a85be
be9fe0ef
2783872a
8fd9fec4
fef42623
2783a2c1
8713f9c4
27830107
07c1f984
853a85be
d47fe0ef
2783872a
8fd9fec4
fef42623
2783aa71
8713f9c4
27830107
07c1f984
853a85be
e23fe0ef
2783872a
8fd9fec4
fef42623
2783aaa5
8713f9c4
27830107
07c1f984
853a85be
f13fe0ef
2783872a
8fd9fec4
fef42623
2783aa91
8713f9c4
27830107
07c1f984
853a85be
fd1fe0ef
2783872a
8fd9fec4
fef42623
2783aa05
8713f9c4
27830107
07c1f984
853a85be
85cff0ef
2783872a
8fd9fec4
fef42623
2783a231
8713f9c4
27830107
07c1f984
853a85be
916ff0ef
2783872a
8fd9fec4
fef42623
2783a0e5
8713f9c4
27830107
07c1f984
853a85be
b08ff0ef
2783872a
8fd9fec4
fef42623
2783a0d1
8713f9c4
27830107
07c1f984
853a85be
c2aff0ef
2783872a
8fd9fec4
fef42623
2783a045
8713f9c4
27830107
07c1f984
853a85be
d78ff0ef
2783872a
8fd9fec4
fef42623
2783a8b5
8713f9c4
27830107
07c1f984
853a85be
fbeff0ef
2783872a
8fd9fec4
fef42623
2783a8a1
8713f9c4
27830107
07c1f984
853a85be
872a3a81
fec42783
26238fd9
a81dfef4
f9c42783
01078713
f9842783
85be07c1
3425853a
2783872a
8fd9fec4
fef42623
2783a811
5769f984
00e783a3
0001a021
0001a011
6bf0a0ef
87ae872a
fee42023
fe042703
fe442783
07938f1d
57331630
278302f7
7593f9c4
c6830ff7
8a810087
86ae8636
84238ed1
569300d7
f5930087
c6830ff6
8a810097
86ae8636
84a38ed1
569300d7
f5930107
c6830ff6
8a8100a7
86ae8636
85238ed1
561300d7
c7030187
8b0100b7
873286ba
85a38f55
458100e7
2c234601
2e23fab4
2783fac4
c703f984
c7830047
07a20057
07c28fd9
1c2383c1
2e03faf4
2e83fb84
2823fbc4
2a23fab4
2783fac4
c703f984
c6830007
06a20017
c6838f55
06c20027
c7838f55
07e20037
28238fd9
2703faf4
2783fb04
852efb44
242385b2
2623faa4
2683fab4
c683f984
04230066
2603fad4
2683fa84
2023fac4
2223faa4
e5b7fab4
a5830021
20237705
2503fab4
2583fa04
d837fa44
23030021
23838f08
c82a8f48
c432ca2e
c03ec636
87f288ba
869a8876
0613871e
15b71b00
85936219
45155585
8acf90ef
fec42783
17b7e791
8793fab0
a02908f7
dead17b7
08e78793
90ef853e
e7b7b5ef
a7830021
e78177c7
fec42783
4781a011
0021e737
76f72823
fec42783
0001a019
853e0001
442a40ba
80826149
d7867151
1980d5a2
f0a42e23
fe042623
0021f7b7
a7478793
ebc5479c
061346c1
25830200
4501f1c4
7db0d0ef
242387aa
2783fef4
cfc1fe84
f6840793
08000713
4581863a
90ef853e
07937c40
0713f204
863a0480
853e4581
7b2090ef
f6840793
0693873e
46110800
f1c42583
d0ef4501
872a5250
fec42783
26238fd9
a0effef4
872a4ad0
f6b787ae
86930021
ca98b946
0713cadc
0793f204
85baf684
38d1853e
f6f44783
0793e795
873ef204
04000693
25834611
4501f1c4
5ab0d0ef
2783872a
8fd9fec4
fef42623
0001a021
0001a011
fec42783
50be853e
616d542e
71798082
d422d606
2e231800
2c23fca4
65b7fcb4
85931000
46010885
a0ef4501
26232a30
2783fea4
c713fd84
2783fff7
8f7dfec4
fdc42683
fd842783
8fd98ff5
fef42423
fe842683
100065b7
08858593
45014601
2630a0ef
50b20001
61455422
71558082
c5a2c786
c1cec3ca
24230980
4785fe04
fef42223
48014781
fcf42c23
fd042e23
fcf42823
fd042a23
fe0407a3
2423a91d
4785fe04
fef42223
10007737
2c234781
2e23fce4
a737fcf4
177d1000
28234781
2a23fce4
4783fcf4
883efef4
fd042703
fd442783
fd842603
fdc42683
fe842583
c0ef4501
47834810
86befef4
fe442603
fe842583
c0ef4501
478352d0
86befef4
fe442603
fe842583
c0ef4501
49015810
24234981
2623fd24
2783fd34
2423fe84
2e03fcf4
2e83fc84
2023fcc4
2223fd24
4783fd34
0023fef4
2703fcf4
2783fc04
2603fc44
2683fd84
2c23fdc4
2e23fac4
2603fad4
2683fb84
2503fbc4
2583fd04
2823fd44
2a23faa4
2503fab4
2583fb04
d837fb44
23030021
23838f08
c82a8f48
c432ca2e
c03ec636
87f288ba
869a8876
464d871e
504425b7
77a58593
80ef4519
2737deff
4781127f
fce42c23
fcf42e23
127fa737
4781177d
fce42823
fcf42a23
fe842783
24230785
4783fef4
883efef4
fd042703
fd442783
fd842603
fdc42683
fe842583
c0ef4501
478337d0
86befef4
fe442603
fe842583
c0ef4501
47834290
86befef4
fe442603
fe842583
c0ef4501
242347d0
2623fb24
2783fb34
2423fe84
2e03faf4
2e83fa84
2023fac4
2223fb24
4783fb34
0023fef4
2703faf4
2783fa04
2603fa44
2683fd84
2c23fdc4
2e23f8c4
2603f8d4
2683f984
2503f9c4
2583fd04
2823fd44
2a23f8a4
2503f8b4
2583f904
d837f944
23030021
23838f08
c82a8f48
c432ca2e
c03ec636
87f288ba
869a8876
466d871e
504425b7
77a58593
80ef4519
f737ceff
0713127f
47817807
fce42c23
fcf42e23
12800737
98070713
28234781
2a23fce4
2783fcf4
0785fe84
fef42423
fef44783
2703883e
2783fd04
2603fd44
2683fd84
2583fdc4
4501fe84
2770c0ef
fef44783
260386be
2583fe44
4501fe84
3230c0ef
fef44783
260386be
2583fe44
4501fe84
3770c0ef
f9242423
f9342623
fe842783
f8f42423
f8842e03
f8c42e83
f9242023
f9342223
fef44783
f8f40023
f8042703
f8442783
fd842603
fdc42683
f6c42c23
f6d42e23
f7842603
f7c42683
fd042503
fd442583
f6a42823
f6b42a23
f7042503
f7442583
0021d837
8f082303
8f482383
ca2ec82a
c636c432
88bac03e
887687f2
871e869a
02300613
504425b7
77a58593
80ef4519
0737be7f
47811200
fce42c23
fcf42e23
12800737
4781177d
fce42823
fcf42a23
fe842783
24230785
4783fef4
883efef4
fd042703
fd442783
fd842603
fdc42683
fe842583
c0ef4501
47831750
86befef4
fe442603
fe842583
c0ef4501
47832210
86befef4
fe442603
fe842583
c0ef4501
24232750
2623f724
2783f734
2423fe84
2e03f6f4
2e83f684
2023f6c4
2223f724
4783f734
0023fef4
2703f6f4
2783f604
2603f644
2683fd84
2c23fdc4
2e23f4c4
2603f4d4
2683f584
2503f5c4
2583fd04
2823fd44
2a23f4a4
2503f4b4
2583f504
d837f544
23030021
23838f08
c82a8f48
c432ca2e
c03ec636
87f288ba
869a8876
0613871e
25b702b0
85935044
451977a5
ae5f80ef
fef44783
4585863e
c0ef4501
47832350
863efef4
45014585
0490c0ef
fef44783
07a30785
4703fef4
479dfef4
bce7f3e3
00010001
442e40be
498e491e
80826169
ce061101
1000cc22
fe042623
24234785
c737fef4
177d1002
06374781
46811001
fec42583
c0ef4501
26032bb0
2583fe84
4501fec4
32b0c0ef
fe842603
fec42583
c0ef4501
27833790
0785fec4
fef42623
80000737
fff74713
06374791
46818000
fec42583
c0ef4501
260327b0
2583fe84
4501fec4
2eb0c0ef
fe842603
fec42583
c0ef4501
27833390
0785fec4
fef42623
16000737
4781177d
14000637
25834681
4501fec4
23d0c0ef
fe842603
fec42583
c0ef4501
26032ad0
2583fe84
4501fec4
2fb0c0ef
fec42783
26230785
4737fef4
177d1000
06374781
46811000
fec42583
c0ef4501
26031ff0
2583fe84
4501fec4
26f0c0ef
fe842603
fec42583
c0ef4501
27832bd0
0785fec4
fef42623
10005737
4781177d
10004637
25834681
4501fec4
1c10c0ef
fe842603
fec42583
c0ef4501
26032310
2583fe84
4501fec4
27f0c0ef
45014585
2d30c0ef
45014585
14f0c0ef
40f20001
61054462
11418082
c422c606
34050800
40b20001
01414422
71558082
c5a2c786
c1cec3ca
2c230980
2e23f2a4
2623f2b4
0793fe04
0713f784
863a0680
853e4581
0ba090ef
100065b7
09058593
45014601
43c0a0ef
2e2387aa
4785fcf4
f6f42c23
f7440793
450185be
5c00a0ef
2783872a
8fd9fec4
fef42623
fec42783
18079a63
f7442783
f6f42e23
100065b7
08c58593
45014601
3f80a0ef
2a2387aa
2783f6f4
83c1f744
3ff7f793
fef42223
1000a5b7
02858593
45014601
3d40a0ef
2a2387aa
2783f6f4
f793f744
20233ff7
2423fef4
a825fe04
fe442703
fe842783
078a07b1
ff040693
a82397b6
2783f8e7
07c1fe84
0713078a
97baff04
fe042703
f8e7a623
fe842783
24230785
2703fef4
4789fe84
fce7f2e3
100065b7
07058593
45014601
36c0a0ef
2a2387aa
2783f6f4
f793f744
2a231ff7
2783f6f4
8bfdf744
f8f42423
f7442783
0207f793
0017b793
0ff7f793
f8f42623
f7442783
0407f793
0017b793
0ff7f793
f8f42823
f7442783
0807f793
0017b793
0ff7f793
f8f42a23
f4440793
450185be
0a30b0ef
f4442783
f8f42c23
f5c42783
f8f42e23
f7042783
faf42023
f4c42783
faf42223
202357fd
57fdf8f4
f8f42223
242357fd
57fdfaf4
faf42623
100065b7
08458593
45014601
2c00a0ef
282387aa
6785fcf4
54078793
2a23439c
0793fcf4
893ef784
89be87fd
06800713
864a4781
250386ce
2583f384
90eff3c4
872a8c5f
fec42783
26238fd9
a011fef4
27830001
853efec4
442e40be
498e491e
80826169
ce86711d
1080cca2
0021f7b7
b9478793
871347dc
f7b70017
87930021
c7d8b947
0021e7b7
7607ae23
0021e7b7
127fe737
60e7a223
0021e7b7
14000737
60e7a023
0021e7b7
7c078793
86be439c
100065b7
08458593
45014601
2060a0ef
0021e7b7
7c078793
86be43dc
100065b7
08858593
45014601
1ea0a0ef
0021e7b7
7c078793
86be479c
100065b7
08c58593
45014601
1ce0a0ef
0021e7b7
7c078793
86be47dc
100065b7
09058593
45014601
1b20a0ef
0021f7b7
b9478793
c7984711
0021e7b7
7607aa23
fc042823
fc042a23
fc042c23
fc042e23
fe042023
fe042223
fe042423
fe042623
28234789
0793fcf4
2e2312f0
2423fcf4
2623fa04
2823fa04
2a23fa04
2c23fa04
2e23fa04
2023fa04
2223fc04
2423fc04
2623fc04
a5b7fc04
05c11000
45014601
1440a0ef
f7b7872a
87930021
c398c287
1000a5b7
460105d1
a0ef4501
872a12a0
0021f7b7
c2878793
a5b7c3d8
05e11000
45014601
1100a0ef
f7b7872a
87930021
c798c287
0021f7b7
b9478793
07e247dc
ff0005b7
f0ef853e
0001e30f
446640f6
80826125
d6227179
2e231800
2c23fca4
2a23fcb4
2783fcc4
8bfdfdc4
fef42623
fec42703
086347fd
278300f7
4705fec4
00f717b3
07b7a019
24238000
2783fef4
4398fd84
fe842783
fff7c793
27838f7d
c781fd44
fe842783
4781a011
27838f5d
c398fd84
54320001
80826145
d6067179
1800d422
fe042623
fe042223
fe042023
fc042e23
fc042c23
fc042a23
fc042823
222357fd
4681fef4
45854601
a0ef4501
872a50c0
fec42783
26238fd9
4681fef4
45854609
a0ef4501
872a4f40
fec42783
26238fd9
4681fef4
45854601
a0ef4501
872a4dc0
fec42783
26238fd9
468dfef4
45854605
a0ef4501
872a4c40
fec42783
26238fd9
4681fef4
45854609
a0ef4501
872a4ac0
fec42783
26238fd9
4501fef4
7340c0ef
2783872a
8fd9fec4
fef42623
fe042423
2583a82d
4501fe84
75b0b0ef
2783872a
8fd9fec4
fef42623
25834601
4501fe84
7050a0ef
2783872a
8fd9fec4
fef42623
fe842783
24230785
2703fef4
47adfe84
fce7f1e3
fe440793
85be4605
3d494561
fe440793
85be4605
35594571
fd840793
85be4601
3dad4561
fd840793
85be4601
35bd4571
fe442783
65b786be
05f11000
45014601
733090ef
fd842783
65b786be
05d11000
45014601
71f090ef
45014581
7790a0ef
2783872a
8fd9fec4
fef42623
45014581
7a70a0ef
2783872a
8fd9fec4
fef42623
45014581
6cd0a0ef
2783872a
8fd9fec4
fef42623
45014581
6fb0a0ef
2783872a
8fd9fec4
fef42623
fe440793
85be4601
33ed4561
fe440793
85be4601
3bf94571
fdff87b7
202317fd
e7b7fef4
2a23e6ff
0793fcf4
4601fe04
051385be
3b7d0390
fe040793
85be4601
03700513
07933b45
4601fe04
051385be
334d0380
fd440793
85be4605
03700513
07933b51
4605fd44
051385be
33590380
0021f7b7
b9478793
07b743d8
8ff90004
f7b7e3dd
87930021
4798b947
8f5d6791
0021f7b7
b9478793
0793c798
4601fe04
051385be
33b90360
fe040793
85be4601
02e00513
07933381
4601fe04
051385be
3b0d0300
fe040793
85be4601
03100513
07933315
4601fe04
051385be
3b190320
fe040793
85be4601
03300513
07933321
4601fe04
051385be
39ed0340
fe040793
85be4601
03500513
079331f5
4601fe04
051385be
39f903e0
fe040793
85be4601
03f00513
278339c1
85befe04
100067b7
02078513
c96fa0ef
2783872a
8fd9fec4
fef42623
fd442783
67b785be
85131000
a0ef0187
872ac78f
fec42783
26238fd9
67b7fef4
07ede47f
fef42023
0021f7b7
b9478793
07b743d8
8ff90004
f7b7e3dd
87930021
4798b947
8f5d6791
0021f7b7
b9478793
0793c798
4601fe04
051385be
39890360
fe040793
85be4601
02e00513
07933191
4601fe04
051385be
391d0300
fe040793
85be4601
03100513
07933125
4601fe04
051385be
39290320
fe040793
85be4601
03300513
07933131
4601fe04
051385be
3efd0340
fe040793
85be4601
03500513
07933ec5
4601fe04
051385be
36cd03e0
fe040793
85be4601
03f00513
57fd3ed1
fcf42a23
fd442783
67b785be
85131000
a0ef0187
872ab94f
fec42783
26238fd9
2783fef4
85befe04
100067b7
02078513
b76fa0ef
2783872a
8fd9fec4
fef42623
2c2357fd
2783fcf4
85befd84
100067b7
01478513
b52fa0ef
2783872a
8fd9fec4
fef42623
fe442783
67b785be
85131000
a0ef01c7
872ab34f
fec42783
26238fd9
4585fef4
a0ef4501
872a4410
fec42783
26238fd9
4585fef4
a0ef4501
872a3eb0
fec42783
26238fd9
4585fef4
a0ef4501
872a45b0
fec42783
26238fd9
4585fef4
a0ef4501
872a4890
fec42783
26238fd9
4681fef4
45814601
a0ef4501
872a09c0
fec42783
26238fd9
4681fef4
45814609
a0ef4501
872a0840
fec42783
26238fd9
4681fef4
45814601
a0ef4501
872a06c0
fec42783
26238fd9
468dfef4
45814605
a0ef4501
872a0540
fec42783
26238fd9
4681fef4
45814609
a0ef4501
872a03c0
fec42783
26238fd9
4501fef4
09b0c0ef
2783872a
8fd9fec4
fef42623
000807b7
03f78793
fcf42e23
fc042823
fdc40793
85be4601
04300513
07933ca1
4605fd04
051385be
34a90430
fdc40793
85be4601
04200513
07933c35
4601fdc4
051385be
343d0440
fd040793
85be4605
04200513
07933405
4605fd04
051385be
3c090440
fdc42783
65b786be
85931000
46010585
90ef4501
27832d50
86befd04
100065b7
05458593
45014601
2bf090ef
03f00793
fcf42823
fd042783
65b786be
85931000
46010545
90ef4501
27832a10
853efec4
542250b2
80826145
ce061101
1000cc22
0021e7b7
7707a783
0e079663
fab017b7
01878513
a0cf80ef
fe042623
0021f7b7
b9478793
ebad439c
100065b7
08458593
45014601
25d090ef
e7b7872a
87930021
c3987c07
100065b7
08858593
45014601
241090ef
e7b7872a
87930021
c3d87c07
100065b7
08c58593
45014601
225090ef
e7b7872a
87930021
c7987c07
100065b7
09058593
45014601
209090ef
e7b7872a
87930021
c7d87c07
0021f7b7
b9478793
47854398
00f71b63
f80ff0ef
872a32b5
fec42783
26238fd9
2783fef4
e789fec4
fab017b7
a02107e9
dead17b7
853e07e5
950f80ef
0021e7b7
77c7a783
2783e781
a011fec4
e7374781
28230021
278376f7
a019fec4
00010001
40f2853e
61054462
71798082
d422d606
2e231800
2c23fca4
e7b7fcb4
a7830021
efa97707
fab017b7
06078513
8fcf80ef
fe042623
dead07b7
26230789
2783fef4
e791fec4
fab017b7
06278793
17b7a029
8793dead
853e0617
8d0f80ef
0021e7b7
77c7a783
2783e781
a011fec4
e7374781
28230021
278376f7
a019fec4
00010001
50b2853e
61455422
71758082
c522c706
c14ec34a
dcd6ded2
e7b70900
a7830021
ebdd7707
fab017b7
09678513
87cf80ef
fc042e23
fc042c23
0793a881
893ef7c4
e7b74981
a7830021
8a3e6007
07134a81
478105c0
86d68652
85ce854a
ef3f80ef
2783872a
8fd9fdc4
fcf42e23
fac42703
c00007b7
e7b7973e
a0230021
278360e7
0785fd84
fcf42c23
0021e7b7
7c078793
270347dc
62e3fd84
2783faf7
e791fdc4
fab017b7
09878793
17b7a029
8793dead
853e0977
ff5f70ef
0021e7b7
77c7a783
2783e781
a011fdc4
e7374781
28230021
278376f7
a019fdc4
00010001
40ba853e
491a442a
5a76498a
61495ae6
71598082
d4a2d686
d0ced2ca
ccd6ced2
c8decada
e7b71880
a7830021
9f637707
17b71407
8513fab0
70ef0817
2e23f93f
e7b7fc04
a7830021
87936007
8b3e05c7
85da4b81
4501865e
7e4090ef
fca42c23
0021e7b7
6007a703
fd842783
879397ba
2a23fd87
f7b7fcf4
87930021
893e6407
27834981
8a3efd44
07134a81
47810400
86d68652
85ce854a
ddbf80ef
2783872a
8fd9fdc4
fcf42e23
47014681
fcd42423
fce42623
0021e7b7
6007a783
fcf42423
fc842e03
fcc42e83
85ba8536
fca42023
fcb42223
fd842783
fcf42023
fc042703
fc442783
faa42c23
fab42e23
fd442683
fad42c23
fb842603
fbc42683
faa42823
fab42a23
0021f5b7
64058593
0005c583
fab40823
fb042503
fb442583
0021d837
8f082303
8f482383
ca2ec82a
c636c432
88bac03e
887687f2
871e869a
12b00613
504425b7
77a58593
70ef4519
2783bb3f
e791fdc4
fab017b7
08378793
17b7a029
8793dead
853e0827
e65f70ef
0021e7b7
77c7a783
2783e781
a011fdc4
e7374781
28230021
278376f7
a019fdc4
00010001
50b6853e
59165426
4a765986
4b564ae6
61654bc6
71598082
d4a2d686
d0ced2ca
ccd6ced2
c8decada
c4e6c6e2
e7b71880
a7830021
98637707
17b71007
8513fab0
70ef0097
2623dfbf
2223fc04
4785fc04
fcf42023
fc042423
2783a06d
2223fc84
2703fcf4
67c9fc44
7f078793
07b297ba
4981893e
f9242a23
f9342c23
fc442783
20078793
8a3e07da
2e234a81
2023f944
2223fb54
2423fa04
2783fa04
079afc04
faf42623
fa042823
2a23478d
4799faf4
faf42c23
fc842783
faf42e23
fc842703
004a07b7
fdc78793
079a97ba
4b818b3e
f9440793
87fd8c3e
07138cbe
478102c0
86e68662
85de855a
bfbf80ef
2783872a
8fd9fcc4
fcf42623
fc842783
24230785
2703fcf4
47b5fc84
f4e7f9e3
fcc42783
17b7e789
07adfab0
17b7a021
07a9dead
70ef853e
e7b7d1bf
a7830021
e78177c7
fcc42783
4781a011
0021e737
76f72823
fcc42783
0001a019
853e0001
542650b6
59865916
4ae64a76
4bc64b56
4ca64c36
80826165
ce221101
26231000
2783fe04
853efec4
61054472
11018082
cc22ce06
e7b71000
a7830021
eba17707
fab017b7
07278513
ca9f70ef
fe042623
fec42783
17b7e791
8793fab0
a0290747
dead17b7
07378793
70ef853e
e7b7c87f
a7830021
e78177c7
fec42783
4781a011
0021e737
76f72823
fec42783
0001a019
853e0001
446240f2
80826105
d6067179
d24ad422
ce52d04e
1800cc56
0021e7b7
7707a783
17b7e7d5
8513fab0
70ef09c7
2e23c33f
2c23fc04
2a23fc04
2823fc04
d7b7fc04
87931001
28230907
2783fcf4
8a3efd04
85d24a81
45018656
474090ef
fca42c23
fd842783
0407e793
fcf42c23
fd842783
eff7f793
fcf42c23
fd042783
4981893e
fd842683
864e85ca
90ef4501
27834380
e791fdc4
fab017b7
09e78793
17b7a029
8793dead
853e09d7
bb5f70ef
0021e7b7
77c7a783
2783e781
a011fdc4
e7374781
28230021
278376f7
a019fdc4
00010001
50b2853e
59125422
4a725982
61454ae2
715d8082
c4a2c686
c0cec2ca
dc56de52
d85eda5a
d466d662
d06ed26a
e7b70880
a7830021
9d637707
17b71407
8513fab0
70ef09c7
2623b4bf
2423fc04
2223fc04
2023fc04
c7b7fc04
87931001
202309c7
2783fcf4
2c23fc04
2e23faf4
07b7fa04
86931200
25830027
2603fb84
4501fbc4
372090ef
1001c7b7
0e478793
fcf42023
fc042783
faf42823
fa042a23
fb042583
fb442603
90ef4501
22233560
2783fca4
9bddfc44
fcf42423
fc042783
4d818d3e
fc842683
866e85ea
90ef4501
c7b73280
87931001
20230ec7
2783fcf4
8c3efc04
85e24c81
45018666
314090ef
fca42223
fc442783
24239bdd
2783fcf4
8b3efc04
26834b81
85dafc84
4501865e
2e6090ef
1001c7b7
0f478793
fcf42023
fc042783
4a818a3e
865685d2
90ef4501
22232d20
2783fca4
9bddfc44
fcf42423
fc042783
4981893e
fc842683
864e85ca
90ef4501
27832a40
e791fcc4
fab017b7
09e78793
17b7a029
8793dead
853e09d7
a21f70ef
0021e7b7
77c7a783
2783e781
a011fcc4
e7374781
28230021
278376f7
a019fcc4
00010001
40b6853e
49164426
5a724986
5b525ae2
5c325bc2
5d125ca2
61615d82
11018082
cc22ce06
e7b71000
a7830021
eba17707
fab017b7
09978513
9c1f70ef
fe042623
fec42783
17b7e791
8793fab0
a02909b7
dead17b7
09a78793
70ef853e
e7b799ff
a7830021
e78177c7
fec42783
4781a011
0021e737
76f72823
fec42783
0001a019
853e0001
446240f2
80826105
de067139
da4adc22
d652d84e
d25ad456
0080d05e
fca42623
fcb42423
0021e7b7
7707a783
17b7ebd5
8513fab0
70ef00f7
2e2393ff
e7b7fc04
87930021
893e7d07
27834981
8a3efcc4
27834a81
8b3efc84
875a4b81
865287de
854a86d6
80ef85ce
872afb4f
fdc42783
2e238fd9
e7b7fcf4
87930021
47057d07
00e79f23
0021e7b7
7d078793
8ea34705
e7b700e7
87930021
07137d07
8e2303e0
90ef00e7
2783c5bf
e789fdc4
fab017b7
a02107c5
dead17b7
853e07c1
8b9f70ef
0021e7b7
77c7a783
2783e781
a011fdc4
e7374781
28230021
278376f7
a019fdc4
00010001
50f2853e
59525462
5a3259c2
5b125aa2
61215b82
711d8082
cca2ce86
1080caa6
e7b784aa
a7830021
9d637707
17b72407
8513fab0
70ef03c7
262385bf
c783fe04
c7030004
07220014
c7038fd9
07420024
c7038fd9
07620034
87638fd9
c7831407
c7030044
07220054
c7038fd9
07420064
c7038fd9
07620074
85be8fd9
0284c783
0294c703
8fd90722
02a4c703
8fd90742
02b4c703
8fd90762
c783853e
c7030084
07220094
c7038fd9
074200a4
c7038fd9
076200b4
833e8fd9
00c4c783
00d4c703
8fd90722
00e4c703
8fd90742
00f4c703
8fd90762
c7838e3e
c7030104
07220114
c7038fd9
07420124
c7038fd9
07620134
8ebe8fd9
0144c783
0154c703
8fd90722
0164c703
8fd90742
0174c703
8fd90762
c783883e
c7030184
07220194
c7038fd9
074201a4
c7038fd9
076201b4
88be8fd9
01c4c783
01d4c703
8fd90722
01e4c703
8fd90742
01f4c703
8fd90762
c78386be
c70302c4
072202d4
c7038fd9
074202e4
c7038fd9
076202f4
863e8fd9
0244c783
0254c703
8fd90722
0264c703
8fd90742
0274c703
8fd90762
c232c43e
87f6c036
869a8772
4501862a
0db090ef
2783872a
8fd9fec4
fef42623
45814501
fea42023
feb42223
fec42783
fef42023
fe042e03
fe442e83
fca42c23
fcb42e23
fec42783
fcf42c23
fd842703
fdc42783
fca42823
fcb42a23
0021e6b7
7706a683
fcd42823
fd042603
fd442683
fca42423
fcb42623
0021e5b7
7705a583
fcb42423
fc842503
fcc42583
0021d837
8f082303
8f482383
ca2ec82a
c636c432
88bac03e
887687f2
871e869a
1c200613
504425b7
77a58593
70ef4519
2783b7ef
e791fec4
fab017b7
03e78793
17b7a029
8793dead
853e03d7
e30f70ef
0021e7b7
77c7a783
2783e781
a011fec4
e7374781
28230021
278376f7
a019fec4
00010001
40f6853e
44d64466
80826125
d8010113
26112e23
26812c23
27212a23
27312823
27412623
27512423
26230500
2423dea4
e7b7deb4
a7830021
99637707
17b74e07
8513fab0
70ef01b7
2e23dc2f
0793fc04
0713eb84
863a1200
853e4581
28b070ef
eb840793
4981893e
dec42783
4a818a3e
12000713
86524781
854a86d6
80ef85ce
872ac30f
fdc42783
2e238fd9
2783fcf4
9063eb84
49014607
28234981
2a23eb24
2783eb34
2823fdc4
2e03eaf4
2e83eb04
2423eb44
2623eb24
2783eb34
2423fdc4
2703eaf4
2783ea84
2023eac4
2223eb24
e6b7eb34
a6830021
20237706
2603ead4
2683ea04
2c23ea44
2e23e924
e5b7e934
a5830021
2c237705
2503e8b4
2583e984
d837e9c4
23030021
23838f08
c82a8f48
c432ca2e
c03ec636
87f288ba
869a8876
0613871e
25b71cc0
85935044
451977a5
a08f70ef
ebc42783
4581863e
80ef4501
872a7810
fdc42783
2e238fd9
2823fcf4
2a23e924
2783e934
2823fdc4
2e03e8f4
2e83e904
2423e944
2623e924
2783e934
2423fdc4
2703e8f4
2783e884
2023e8c4
2223e924
e6b7e934
a6830021
20237706
2603e8d4
2683e804
2c23e844
2e23e724
e5b7e734
a5830021
2c237705
2503e6b4
2583e784
d837e7c4
23030021
23838f08
c82a8f48
c432ca2e
c03ec636
87f288ba
869a8876
0613871e
25b71ce0
85935044
451977a5
954f70ef
ec042783
4585863e
80ef4501
872a6cd0
fdc42783
2e238fd9
2823fcf4
2a23e724
2783e734
2823fdc4
2e03e6f4
2e83e704
2423e744
2623e724
2783e734
2423fdc4
2703e6f4
2783e684
2023e6c4
2223e724
e6b7e734
a6830021
20237706
2603e6d4
2683e604
2c23e644
2e23e524
e5b7e534
a5830021
2c237705
2503e4b4
2583e584
d837e5c4
23030021
23838f08
c82a8f48
c432ca2e
c03ec636
87f288ba
869a8876
0613871e
25b71d00
85935044
451977a5
8a0f70ef
ec442783
4589863e
80ef4501
872a6190
fdc42783
2e238fd9
2823fcf4
2a23e524
2783e534
2823fdc4
2e03e4f4
2e83e504
2423e544
2623e524
2783e534
2423fdc4
2703e4f4
2783e484
2023e4c4
2223e524
e6b7e534
a6830021
20237706
2603e4d4
2683e404
2c23e444
2e23e324
e5b7e334
a5830021
2c237705
2503e2b4
2583e384
d837e3c4
23030021
23838f08
c82a8f48
c432ca2e
c03ec636
87f288ba
869a8876
0613871e
25b71d20
85935044
451977a5
fedf60ef
ec842783
458d863e
80ef4501
872a5650
fdc42783
2e238fd9
2823fcf4
2a23e324
2783e334
2823fdc4
2e03e2f4
2e83e304
2423e344
2623e324
2783e334
2423fdc4
2703e2f4
2783e284
2023e2c4
2223e324
e6b7e334
a6830021
20237706
2603e2d4
2683e204
2c23e244
2e23e124
e5b7e134
a5830021
2c237705
2503e0b4
2583e184
d837e1c4
23030021
23838f08
c82a8f48
c432ca2e
c03ec636
87f288ba
869a8876
0613871e
25b71d40
85935044
451977a5
f39f60ef
fc042c23
2783a0c5
079afd84
fe040713
071397ba
8793da04
0693eec7
86360400
853a85be
674070ef
da040793
3ab1853e
2783872a
8fd9fdc4
fcf42e23
45814501
e0a42823
e0b42a23
fdc42783
e0f42823
e1042e03
e1442e83
e0a42423
e0b42623
fdc42783
e0f42423
e0842703
e0c42783
e0a42023
e0b42223
0021e6b7
7706a683
e0d42023
e0042603
e0442683
dea42c23
deb42e23
0021e5b7
7705a583
deb42c23
df842503
dfc42583
0021d837
8f082303
8f482383
ca2ec82a
c636c432
88bac03e
887687f2
871e869a
1d700613
504425b7
77a58593
60ef4519
2783e5ff
0785fd84
fcf42c23
fd842703
fee3478d
2783f0e7
e789fdc4
fab017b7
a02107f5
dead17b7
853e07f1
900f70ef
0021e7b7
77c7a783
2783e781
a011fdc4
e7374781
28230021
278376f7
a019fdc4
00010001
2083853e
240327c1
29032781
29832741
2a032701
2a8326c1
01132681
80822801
cf067135
cb4acd22
c752c94e
c35ac556
dee2c15e
daeadce6
1100d8ee
f6a42623
f6b42423
0021e7b7
7707a783
2a079b63
fab017b7
03078513
880f70ef
fc042623
f7c40793
04000713
4581863a
70ef853e
07935480
8c3ef7c4
27834c81
8d3ef6c4
07134d81
47810400
86ee866a
85e68562
eeff70ef
2783872a
8fd9fcc4
fcf42623
fa842783
2703cb99
07b7f7c4
07c18000
853e97ba
824f70ef
2703a431
4785f7c4
02f71763
0021e7b7
7787a783
c7b7e38d
8513bbbb
70efb127
2703802f
07b7f7c4
07c18000
853e97ba
ff1f60ef
2703aae1
07b7f7c4
97ba8000
60ef853e
2783fdff
853ef7c4
7dd080ef
fca42423
fc842503
79b080ef
fca42223
fc842583
80ef4501
87aa7f90
fcf42023
f8442783
2703eb99
07b7f7c4
87938000
97ba0407
60ef853e
2783f9bf
cfb9fc04
f8442783
00100737
001006b7
fc442603
fc842583
90ef4501
872a1c70
fcc42783
26238fd9
e7b7fcf4
a7830021
ef817707
f7c42703
800007b7
08078793
853e97ba
f51f60ef
2703a035
b7b7f7c4
879380de
97bad007
60ef853e
a20df3bf
f7c42703
800007b7
09078793
853e97ba
f25f60ef
f8842783
4981893e
f6c42783
04078793
4a818a3e
f8c42783
4b818b3e
87de875a
86d68652
85ce854a
d9ff70ef
2783872a
8fd9fcc4
fcf42623
f7c42783
450185be
336090ef
2783872a
8fd9fcc4
fcf42623
f7c42783
450185be
6da0a0ef
2783872a
8fd9fcc4
fcf42623
f7c42783
f8842703
85be863a
a0ef4501
872a4200
fcc42783
26238fd9
2783fcf4
85bef7c4
90ef4501
872a3a60
fcc42783
26238fd9
2703fcf4
4785f7c4
02f71e63
1000a5b7
460105e1
80ef4501
2e236de0
2783faa4
f713fbc4
2783ffc7
8b8dfac4
2e238fd9
2683faf4
a5b7fbc4
05e11000
45014601
6aa080ef
f7c42783
450185be
5dc0a0ef
2783872a
8fd9fcc4
fcf42623
f7c42703
800007b7
02078793
853e97ba
e19f60ef
fcc42783
17b7e791
8793fab0
a0290327
dead17b7
03178793
60ef853e
e7b7dfbf
a7830021
e78177c7
fcc42783
4781a011
0021e737
76f72823
fcc42783
0001a019
853e0001
446a40fa
49ca495a
4aaa4a3a
4b8a4b1a
5ce65c76
5dc65d56
8082610d
cf067135
cb4acd22
c752c94e
c35ac556
dee2c15e
daeadce6
1100d8ee
f6a42e23
f6b42c23
0021e7b7
7707a783
18079963
fab017b7
08a78513
d7df60ef
fc042623
f8c40793
04000713
4581863a
70ef853e
07932440
2823f8c4
2a23f6f4
2783f604
2423f7c4
2623f6f4
0713f604
47810400
f6842603
f6c42683
f7042503
f7442583
bdbf70ef
2783872a
8fd9fcc4
fcf42623
fb442783
67a9c799
01c78513
d19f60ef
67a9a205
00c78513
d0df60ef
f8c42783
4c818c3e
f7c42783
04078793
4d818d3e
f9442783
f6f42023
f6042223
f6042703
f6442783
86ee866a
85e68562
b7ff70ef
2783872a
8fd9fcc4
fcf42623
f9042783
4981893e
f9442703
f7c42783
879397ba
8a3e0407
27834a81
8b3ef984
875a4b81
865287de
854a86d6
70ef85ce
872ab41f
fcc42783
26238fd9
45b1fcf4
90ef4501
872a0dc0
fcc42783
26238fd9
4501fcf4
4450a0ef
2783872a
8fd9fcc4
fcf42623
450145b1
174090ef
2783872a
8fd9fcc4
fcf42623
a0ef4501
872a3eb0
fcc42783
26238fd9
67a9fcf4
02c78513
c39f60ef
fcc42783
17b7e791
8793fab0
a02908c7
dead17b7
08b78793
60ef853e
e7b7c1bf
a7830021
e78177c7
fcc42783
4781a011
0021e737
76f72823
fcc42783
0001a011
40fa853e
495a446a
4a3a49ca
4b1a4aaa
5c764b8a
5d565ce6
610d5dc6
71158082
cda2cf86
c9cecbca
c5d6c7d2
26231180
2423f4a4
2223f4b4
2023f4c4
2e23f4d4
2c23f2e4
e7b7f2f4
a7830021
9b637707
17b71807
8513fab0
60ef0877
2a23b9bf
2823fc04
67c1fc04
262317fd
4791fcf4
fcf42423
22234791
57fdfcf4
fcf42023
fc042e23
fa042e23
fc042c23
fa042c23
fa042a23
fa042823
f4042703
fcc42783
00f77a63
f4042783
fcf42e23
2c234785
a039fcf4
dead07b7
00878513
b39f60ef
fdc42783
faf42e23
fdc42783
faf42c23
fbc42783
faf42a23
fd842783
faf42823
f5040793
06000613
853e4581
7e7060ef
08234789
2783f4f4
893ef4c4
27834981
8a3ef484
05134a81
2783f504
c03ef444
fd042883
885687d2
874e86ca
f3842603
f3c42583
4310a0ef
2783872a
8fd9fd44
fcf42a23
fbc42603
fb442783
f5040513
fb042803
fb842703
fd842683
fdc42583
5cb0a0ef
2783872a
8fd9fd44
fcf42a23
fc842783
f5040713
f3c42683
85be863a
a0ef4501
872a2870
fd442783
2a238fd9
2783fcf4
873efc04
fc442683
f3842603
f3c42583
a0ef4501
872a34b0
fd442783
2a238fd9
2783fcf4
e791fd44
fab017b7
08978793
17b7a029
8793dead
853e0887
a35f60ef
0021e7b7
77c7a783
2783e781
a011fd44
e7374781
28230021
278376f7
a019fd44
00010001
40fe853e
495e446e
4a3e49ce
612d4aae
71758082
c522c706
c14ec34a
dcd6ded2
2e230900
2c23f6a4
e7b7f6b4
a7830021
9a637707
17b73007
8513fab0
60ef0847
2e239cff
0793fc04
893ef804
27834981
8a3ef7c4
07134a81
47810400
86d68652
85ce854a
84ff70ef
2783872a
8fd9fdc4
fcf42e23
fb442783
07b7cb81
85139000
60ef0107
a44998bf
fc042c23
90000537
97df60ef
fc042a23
2703a8e9
2783f884
57b3fd44
8b8500f7
2783c3e1
eb99f844
fd842703
900007b7
04078793
853e97ba
94df60ef
fd442783
2c230789
2503fcf4
80effd84
24231430
2503fca4
80effc84
22231010
2583fca4
4501fc84
15f080ef
202387aa
2783fcf4
cfa9fc04
f8442783
00100737
001006b7
fc442603
fc842583
90ef4501
872a3460
fdc42783
2e238fd9
2783fcf4
ef81fdc4
fd842703
900007b7
08078793
853e97ba
8d5f60ef
2703a035
b7b7fd84
879390de
97bad007
60ef853e
aa5d8bff
fd842703
900007b7
09078793
853e97ba
8a9f60ef
fd442783
2a230785
2703fcf4
47a1fd44
f2e7f1e3
45014585
154090ef
2783872a
8fd9fdc4
fcf42e23
45014585
182090ef
2783872a
8fd9fdc4
fcf42e23
fc042823
2703a051
2783f884
57b3fd04
8b8500f7
2783c7ad
0789fd04
fcf42c23
fd842583
80ef4501
872a4990
fdc42783
2e238fd9
2583fcf4
4501fd84
03e0a0ef
2783872a
8fd9fdc4
fcf42e23
f8c42783
2583863e
4501fd84
587090ef
2783872a
8fd9fdc4
fcf42e23
fd842583
80ef4501
872a50f0
fdc42783
2e238fd9
2783fcf4
0785fd04
fcf42823
fd042703
fce347a1
2783f6e7
8513f7c4
25830407
2603f8c4
2683f884
37b7f944
87931122
47013447
872a36cd
fdc42783
2e238fd9
2703fcf4
2783f944
97baf7c4
04078513
f9042583
f8842603
f9842683
556677b7
78878793
3e454701
2783872a
8fd9fdc4
fcf42e23
fc042623
2703a095
2783f884
57b3fcc4
8b8500f7
2783cf85
0789fcc4
fcf42c23
fd842583
90ef4501
872a6f70
fdc42783
2e238fd9
2703fcf4
07b7fd84
87939000
97ba0207
60ef853e
a811f32f
fd842703
900007b7
97ba07c1
60ef853e
2783f1ef
0785fcc4
fcf42623
fcc42703
fce3479d
0001f8e7
fdc42783
17b7e791
8793fab0
a0290867
dead17b7
08578793
60ef853e
e7b7eeaf
a7830021
e78177c7
fdc42783
4781a011
0021e737
76f72823
fdc42783
0001a019
853e0001
442a40ba
498a491a
5ae65a76
80826149
d7067171
d34ad522
cf52d14e
cb5acd56
c762c95e
1900c566
f6a42e23
f6b42c23
0021e7b7
7707a783
12079763
fab017b7
06378513
e7cf60ef
fc042623
fa840793
4b818b3e
f7c42783
4c818c3e
02000713
86624781
855a86e6
70ef85de
872acfcf
fcc42783
26238fd9
2423fcf4
a879fc04
f8840793
4981893e
fc842783
00579713
f7c42783
879397ba
8a3e0207
07134a81
47810200
86d68652
85ce854a
cbaf70ef
2783872a
8fd9fcc4
fcf42623
f8842883
f8c42803
f9042503
f9442583
f9842603
f9c42683
fa042703
fa442783
f5142823
f5042a23
f4a42c23
f4b42e23
f6c42023
f6d42223
f6e42423
f6f42623
f5040793
80ef853e
872ae10f
fcc42783
26238fd9
2783fcf4
0785fc84
fcf42423
fa842783
fc842703
f4f76ee3
fcc42783
17b7e791
8793fab0
a0290657
dead17b7
06478793
60ef853e
e7b7d7ef
a7830021
e78177c7
fcc42783
4781a011
0021e737
76f72823
fcc42783
0001a019
853e0001
542a50ba
598a591a
4aea4a7a
4bca4b5a
4caa4c3a
8082614d
d8010113
26112e23
26812c23
27212a23
27312823
27412623
27512423
26230500
2423d8a4
e7b7d8b4
a7830021
9b637707
17b71207
8513fab0
60ef01e7
2e23d02f
0793fc04
0713d9c4
863a2400
853e4581
1cb060ef
d9c40793
4981893e
d8c42783
4a818a3e
24000713
86524781
854a86d6
70ef85ce
872ab70f
fdc42783
2e238fd9
2783fcf4
e3cdd9c4
02200593
80ef4501
872a14c0
fdc42783
2e238fd9
4501fcf4
470090ef
2783872a
8fd9fdc4
fcf42e23
da042783
46b1ebb5
45814605
90ef4501
872a6a40
fdc42783
2e238fd9
4681fcf4
45814605
90ef4501
872a6480
fdc42783
2e238fd9
46b1fcf4
45854605
90ef4501
872a6740
fdc42783
2e238fd9
0713fcf4
46850210
45854605
90ef4501
872a5ac0
fdc42783
2e238fd9
2783fcf4
e789fdc4
45114591
9cafd0ef
fdc42783
17b7e791
8793fab0
a0210207
dead17b7
853e07fd
bfcf60ef
0021e7b7
77c7a783
2783e781
a011fdc4
e7374781
28230021
278376f7
a019fdc4
00010001
2083853e
240327c1
29032781
29832741
2a032701
2a8326c1
01132681
80822801
ce061101
ca26cc22
84aa1000
0021e7b7
7707a783
17b7e3c5
8513fab0
60ef0427
2623b96f
c783fe04
c7030044
07220054
c7038fd9
07420064
c7038fd9
07620074
86be8fd9
0084c783
0094c703
8fd90722
00a4c703
8fd90742
00b4c703
8fd90762
85b6863e
60ef4501
872ae6ef
fec42783
26238fd9
2783fef4
e791fec4
fab017b7
04478793
17b7a029
8793dead
853e0437
b24f60ef
0021e7b7
77c7a783
2783e781
a011fec4
e7374781
28230021
278376f7
a019fec4
00010001
40f2853e
44d24462
80826105
d7067171
d326d522
cf4ed14a
84aa1900
0021e7b7
7707a783
42079a63
fab017b7
04878513
accf60ef
fc042e23
49814901
fd242823
fd342a23
0004c783
0014c703
8fd90722
0024c703
8fd90742
0034c703
8fd90762
fcf42823
fd042e03
fd442e83
fd242423
fd342623
0044c783
0054c703
8fd90722
0064c703
8fd90742
0074c703
8fd90762
fcf42423
fc842703
fcc42783
fd242023
fd342223
0084c683
0094c603
8ed10622
00a4c603
8ed10642
00b4c603
8ed10662
fcd42023
fc042603
fc442683
fb242c23
fb342e23
0244c583
0254c503
8dc90522
0264c503
8dc90542
0274c503
8dc90562
fab42c23
fb842503
fbc42583
0021d837
8f082303
8f482383
ca2ec82a
c636c432
88bac03e
887687f2
871e869a
2c000613
504425b7
77a58593
50ef4519
2823f03f
2a23fb24
c783fb34
c7030144
07220154
c7038fd9
07420164
c7038fd9
07620174
28238fd9
2e03faf4
2e83fb04
2423fb44
2623fb24
c783fb34
c7030184
07220194
c7038fd9
074201a4
c7038fd9
076201b4
24238fd9
2703faf4
2783fa84
2023fac4
2223fb24
c683fb34
c60300c4
062200d4
c6038ed1
064200e4
c6038ed1
066200f4
20238ed1
2603fad4
2683fa04
2c23fa44
2e23f924
c583f934
c5030104
05220114
c5038dc9
05420124
c5038dc9
05620134
2c238dc9
2503f8b4
2583f984
d837f9c4
23030021
23838f08
c82a8f48
c432ca2e
c03ec636
87f288ba
869a8876
0613871e
25b72c10
85935044
451977a5
e11f50ef
f9242823
f9342a23
01c4c783
01d4c703
8fd90722
01e4c703
8fd90742
01f4c703
8fd90762
f8f42823
f9042e03
f9442e83
f9242423
f9342623
0204c783
0214c703
8fd90722
0224c703
8fd90742
0234c703
8fd90762
f8f42423
f8842703
f8c42783
f9242023
f9342223
f8042603
f8442683
f7242c23
f7342e23
f7842503
f7c42583
0021d837
8f082303
8f482383
ca2ec82a
c636c432
88bac03e
887687f2
871e869a
2c200613
504425b7
77a58593
50ef4519
c783d5ff
c7030044
07220054
c7038fd9
07420064
c7038fd9
07620074
96638fd9
c7831207
c7030004
07220014
c7038fd9
07420024
c7038fd9
07620034
85be8fd9
0084c783
0094c703
8fd90722
00a4c703
8fd90742
00b4c703
8fd90762
c783863e
c70300c4
072200d4
c7038fd9
074200e4
c7038fd9
076200f4
853e8fd9
0104c783
0114c703
8fd90722
0124c703
8fd90742
0134c703
8fd90762
c783833e
c7030144
07220154
c7038fd9
07420164
c7038fd9
07620174
8e3e8fd9
0184c783
0194c703
8fd90722
01a4c703
8fd90742
01b4c703
8fd90762
c783883e
c70301c4
072201d4
c7038fd9
074201e4
c7038fd9
076201f4
88be8fd9
0204c783
0214c703
8fd90722
0224c703
8fd90742
0234c703
8fd90762
c78386be
c7030244
07220254
c7038fd9
07420264
c7038fd9
07620274
c23e8fd9
87f2c036
86aa871a
a0ef4501
872a5680
fdc42783
2e238fd9
2783fcf4
e791fdc4
fab017b7
04a78793
17b7a029
8793dead
853e0497
ec9f50ef
0021e7b7
77c7a783
2783e781
a011fdc4
e7374781
28230021
278376f7
a019fdc4
00010001
50ba853e
549a542a
49fa590a
8082614d
ce86711d
caa6cca2
84aa1080
0021e7b7
7707a783
17b7efc9
8513fab0
50ef0457
2623e73f
2423fe04
a835fe04
fe842783
97a6079a
fa040713
06930791
86360400
853a85be
2e0060ef
fa040793
3e89853e
2783872a
8fd9fec4
fef42623
fe842783
24230785
2703fef4
47b5fe84
fce7f0e3
fec42783
17b7e791
8793fab0
a0290477
dead17b7
04678793
50ef853e
e7b7e07f
a7830021
e78177c7
fec42783
4781a011
0021e737
76f72823
fec42783
0001a019
853e0001
446640f6
612544d6
71798082
d422d606
d04ed24a
cc56ce52
01131800
26238201
2423baa4
e7b7bab4
a7830021
95637707
17b72007
8513fab0
50ef0277
2e23da3f
0793fc04
893ebdc4
27834981
8a3ebac4
07134a81
47814000
86d68652
85ce854a
c23f60ef
2783872a
8fd9fdc4
fcf42e23
0021f7b7
a2c78793
079386be
0713bdc4
863a0480
853685be
1e8060ef
45814501
bca42823
bcb42a23
0021f7b7
a2c78793
28234b9c
2e03bcf4
2e83bd04
2423bd44
2623bca4
f7b7bcb4
87930021
4f9ca2c7
bcf42423
bc842703
bcc42783
bca42023
bcb42223
0021f6b7
a2c68693
20234ad4
2603bcd4
2683bc04
2c23bc44
2e23baa4
f5b7bab4
85930021
4dcca2c5
bab42c23
bb842503
bbc42583
0021d837
8f082303
8f482383
ca2ec82a
c636c432
88bac03e
887687f2
871e869a
2da00613
504425b7
77a58593
50ef4519
f7b79d7f
87930021
4b98a2c7
24f00793
00e7f863
04000593
04000513
a3bfc0ef
bdc42783
4501eb91
5b4090ef
2783872a
8fd9fdc4
fcf42e23
c2442783
0793e795
07138104
0693c244
86363840
853e85ba
0e8060ef
81040793
3b6d853e
2783872a
8fd9fdc4
fcf42e23
fa842783
2883ebb9
2803fa84
2503fac4
2583fb04
2603fb44
2683fb84
2703fbc4
2783fc04
2823fc44
2a238114
2c238104
2e2380a4
202380b4
222382c4
242382d4
262382e4
079382f4
853e8104
872a3835
fdc42783
2e238fd9
2783fcf4
e791fdc4
fab017b7
02978793
17b7a029
8793dead
853e0287
bc9f50ef
0021e7b7
77c7a783
2783e781
a011fdc4
e7374781
28230021
278376f7
a019fdc4
00010001
0113853e
50b27e01
59125422
4a725982
61454ae2
715d8082
c4a2c686
c0cec2ca
dc56de52
2e230880
2c23faa4
e7b7fab4
a7830021
95637707
17b73007
8513fab0
50ef0217
2e23b5ff
f7b7fc04
87930021
893ea747
27834981
8a3efbc4
07134a81
47811200
86d68652
85ce854a
9dbf60ef
2783872a
8fd9fdc4
fcf42e23
0021f7b7
a7478793
9d63439c
45852607
80ef4501
872a26f0
fdc42783
2e238fd9
2c23fcf4
2623fc04
4601fc04
45014581
4400a0ef
2783872a
8fd9fdc4
fcf42e23
45814601
a0ef4501
872a4640
fdc42783
2e238fd9
f7b7fcf4
87930021
47dca747
fcf42c23
fc042a23
f7b7a0d9
87130021
2783a747
0791fd44
97ba078a
cbbd43dc
0021f7b7
a7478713
fd442783
078a0791
43dc97ba
2623078e
2603fcf4
2583fcc4
4501fd44
20a0a0ef
2783872a
8fd9fdc4
fcf42e23
fd842603
fd442583
a0ef4501
872a1b60
fdc42783
2e238fd9
2583fcf4
4501fd44
4100a0ef
2783872a
8fd9fdc4
fcf42e23
fd842703
fcc42783
2c2397ba
a80dfcf4
25834601
4501fd44
1b20a0ef
2783872a
8fd9fdc4
fcf42e23
25834601
4501fd44
1600a0ef
2783872a
8fd9fdc4
fcf42e23
fd442783
2a230785
2703fcf4
0793fd44
dae303f0
f7b7f2e7
87930021
4b9ca747
fcf42c23
fc042823
f7b7a8f9
87130021
2783a747
0791fd04
97ba078a
c7d943dc
0021f7b7
a7478713
fd042783
078a0791
43dc97ba
2623078a
2603fcf4
2583fcc4
4501fd04
2080a0ef
2783872a
8fd9fdc4
fcf42e23
fd842603
fd042583
a0ef4501
872a1b40
fdc42783
2e238fd9
2583fcf4
4501fd04
37e0a0ef
2783872a
8fd9fdc4
fcf42e23
2583460d
4501fd04
2680a0ef
2783872a
8fd9fdc4
fcf42e23
fd842703
fcc42783
2c2397ba
a80dfcf4
25834601
4501fd04
1980a0ef
2783872a
8fd9fdc4
fcf42e23
25834601
4501fd04
1460a0ef
2783872a
8fd9fdc4
fcf42e23
fd042783
28230785
2703fcf4
0793fd04
dee303f0
4801f0e7
471d4781
46014681
45014581
4820a0ef
2783872a
8fd9fdc4
fcf42e23
47814801
07000713
46014681
45014581
4fc0a0ef
2783872a
8fd9fdc4
fcf42e23
fdc42783
4585e791
c0ef4505
a011e58f
27830001
e791fdc4
fab017b7
02378793
17b7a029
8793dead
853e0227
885f50ef
0021e7b7
77c7a783
2783e781
a011fdc4
e7374781
28230021
278376f7
a019fdc4
00010001
40b6853e
49164426
5a724986
61615ae2
715d8082
c4a2c686
c0cec2ca
dc56de52
d85eda5a
d466d662
2e230880
2c23faa4
e7b7fab4
a7830021
9d637707
17b71007
8513fab0
50ef05d7
2423817f
2783fc04
078efb84
fcf42223
fc442503
483050ef
202387aa
2783fcf4
8a3efc04
27834a81
8b3efbc4
27834b81
8c3efc44
87624c81
865a87e6
855286de
60ef85d6
872ae78f
fc842783
24238fd9
2623fcf4
a0b5fc04
fcc42783
2703078e
97bafc04
0007c703
0017c683
8f5506a2
0027c683
8f5506c2
0037c783
8fd907e2
4981893e
fcc42783
2703078e
97bafc04
0047c703
0057c683
8f5506a2
0067c683
8f5506c2
0077c783
8fd907e2
85ca86be
4501864e
7c7060ef
fcc42783
26230785
2703fcf4
2783fcc4
67e3fb84
2783f8f7
e791fc84
fab017b7
05f78793
17b7a029
8793dead
853e05e7
f2cf50ef
0021e7b7
77c7a783
2783e781
a011fc84
e7374781
28230021
278376f7
a019fc84
00010001
40b6853e
49164426
5a724986
5b525ae2
5c325bc2
61615ca2
71358082
cd22cf06
c94ecb4a
c556c752
c15ec35a
dce6dee2
d8eedaea
26231100
c7b7fc04
87931001
24230e07
2783fcf4
863efc84
85b24681
45018636
721060ef
fca42223
fc442783
20239bbd
2783fcf4
893efc84
26834981
85cafc04
4501864e
6f3060ef
100217b7
10c78793
fcf42423
0c0137b7
d9078793
fcf42023
fc842783
4a818a3e
fc042683
865685d2
60ef4501
17b76c50
87931002
24231107
67c5fcf4
a0078793
fcf42023
fc842783
4b818b3e
fc042683
865e85da
60ef4501
17b76990
87931002
24231147
2023fcf4
2783fc04
8c3efc84
26834c81
85e2fc04
45018666
673060ef
100217b7
11c78793
fcf42423
c012d7b7
10078793
fcf42023
fc842783
faf42c23
fa042e23
fc042683
fb842583
fbc42603
60ef4501
17b763d0
87931002
24231207
a7b7fcf4
20230010
2783fcf4
2823fc84
2a23faf4
2683fa04
2583fc04
2603fb04
4501fb44
60b060ef
100217b7
13078793
fcf42423
010a07b7
202307b1
2783fcf4
2423fc84
2623faf4
2683fa04
2583fc04
2603fa84
4501fac4
5d7060ef
100217b7
14078793
fcf42423
10a007b7
0c078793
fcf42023
fc842783
faf42023
fa042223
fc042683
fa042583
fa442603
60ef4501
17b75a10
87931002
242317c7
67b7fcf4
87937d35
20235d07
2783fcf4
2c23fc84
2e23f8f4
2683f804
2583fc04
2603f984
4501f9c4
56b060ef
100217b7
02478793
fcf42423
008037b7
fcf42023
fc842783
f8f42823
f8042a23
fc042683
f9042583
f9442603
60ef4501
17b75390
87931002
24230347
07b7fcf4
87932019
2023e007
2783fcf4
2423fc84
2623f8f4
2683f804
2583fc04
2603f884
4501f8c4
503060ef
100217b7
04478793
fcf42423
500077b7
70078793
fcf42023
fc842783
f8f42023
f8042223
fc042683
f8042583
f8442603
60ef4501
17b74cd0
87931002
24230487
0793fcf4
20230f00
2783fcf4
2c23fc84
2e23f6f4
2683f604
2583fc04
2603f784
4501f7c4
49b060ef
100217b7
07078793
fcf42423
0005e7b7
0f078793
fcf42023
fc842783
f6f42823
f6042a23
fc042683
f7042583
f7442603
60ef4501
c7b74650
87931001
24230a47
2783fcf4
2423fc84
2623f6f4
2583f604
2603f684
4501f6c4
449060ef
fca42023
fc042703
fa0007b7
8ff917fd
fcf42023
fc042703
500007b7
8ff917fd
fcf42023
fc042703
480007b7
20238fd9
2783fcf4
8d3efc84
26834d81
85eafc04
4501866e
3f7060ef
fcc42783
40fa853e
495a446a
4a3a49ca
4b1a4aaa
5c764b8a
5d565ce6
610d5dc6
716d8082
10112623
10812423
11212223
11312023
ddd6dfd2
2e230a00
2c23eea4
e7b7eeb4
a7830021
96637707
17b72607
8513fab0
50ef0517
2e23b36f
2c23fc04
0793fc04
893ef884
27834981
8a3eefc4
07134a81
47810400
86d68652
85ce854a
9b2f60ef
2783872a
8fd9fdc4
fcf42e23
f8842783
fcf42a23
fcc40793
85be4615
70ef4501
872a0bd0
fdc42783
2e238fd9
0793fcf4
863efc84
67854585
10278513
cb1f60ef
fca42e23
fcc42703
fd442783
27838f5d
8fd9fc84
fcf42c23
fd842703
19634785
b7b700f7
8513aaaa
50efa137
a259a9ef
4609468d
45014585
7c7060ef
2783872a
8fd9fdc4
fcf42e23
05934605
45010440
613060ef
2783872a
8fd9fdc4
fcf42e23
05934605
45010370
5fb060ef
2783872a
8fd9fdc4
fcf42e23
f9442703
19634785
3eb100f7
2783872a
8fd9fdc4
fcf42e23
fa442783
4581eb99
80ef4501
872a7130
fdc42783
2e238fd9
2783fcf4
eb89fa84
e9efd0ef
2783872a
8fd9fdc4
fcf42e23
05934601
45010370
59b060ef
2783872a
8fd9fdc4
fcf42e23
05934601
45010440
583060ef
2783872a
8fd9fdc4
fcf42e23
d84fd0ef
2783872a
8fd9fdc4
fcf42e23
90ef4501
872a0b40
fdc42783
2e238fd9
2783fcf4
c79dfa04
efc42783
04078793
fa042703
853e85ba
872a3a99
fdc42783
2e238fd9
b7b7fcf4
8513aaaa
50efa167
a03998af
aaaab7b7
a1778513
97cf50ef
f9042783
4589c789
b0ef4509
2703f21f
4785f9c4
04f71763
f0840793
08000713
4581863a
50ef853e
07936300
85bef084
70ef4501
872a7510
fdc42783
2e238fd9
2783fcf4
2823f244
2583fcf4
4501fd04
9e0f50ef
2783872a
8fd9fdc4
fcf42e23
0001a011
fdc42783
17b7e791
8793fab0
a0290537
dead17b7
05278793
50ef853e
e7b78faf
a7830021
e78177c7
fdc42783
4781a011
0021e737
76f72823
fdc42783
0001a019
853e0001
10c12083
10812403
10412903
10012983
5aee5a7e
80826151
de867119
dacadca2
d6d2d8ce
0100d4d6
f8a42623
f8b42423
0021e7b7
7707a783
22079363
fab017b7
05778513
88cf50ef
fc042e23
fc042c23
fc042a23
f9c40793
4981893e
f8c42783
4a818a3e
02000713
86524781
854a86d6
50ef85ce
872af05f
fdc42783
2e238fd9
0793fcf4
863efc04
67854585
11578513
a25f60ef
2783872a
8fd9fdc4
fcf42e23
fbc40793
85be4619
70ef4501
872a5f80
fdc42783
2e238fd9
2783fcf4
2823f9c4
2783fcf4
e799fc04
fbc42783
2783e781
c399fd04
a0114785
2c234781
2783fcf4
cb81fd84
bbbbc7b7
b1278513
fe5f40ef
c7b7aa05
8513bbbb
40efb117
2783fd7f
e799fa04
bbbbc7b7
b1478513
fc5f40ef
fc042623
242347b9
4581fcf4
60ef4501
87aa7f10
fcf42223
fc442783
2783cfa9
0737fa04
06b70010
26030010
2583fc84
4501fcc4
1d9070ef
2783872a
8fd9fdc4
fcf42e23
bbbbc7b7
b1378513
f75f40ef
0021e7b7
7707a783
c7b7eb81
8513bbbb
40efb187
a831f5ff
bbdeb7b7
d0078513
f51f40ef
c7b7a871
8513bbbb
40efb197
2783f43f
cb85fa84
f8c42783
02078793
fa842703
853e85ba
edeff0ef
2783872a
8fd9fdc4
fcf42e23
bbbbc7b7
b1678513
f11f40ef
c7b7a039
8513bbbb
40efb177
2783f03f
c789fa44
45094589
ca7fb0ef
03a00593
60ef4501
872a3890
fdc42783
2e238fd9
0593fcf4
45010450
373060ef
2783872a
8fd9fdc4
fcf42e23
fdc42783
e7b7e799
47050021
76e7ac23
0001a011
fdc42783
17b7e791
8793fab0
a0290597
dead17b7
05878793
40ef853e
e7b7e97f
a7830021
e78177c7
fdc42783
4781a011
0021e737
76f72823
fdc42783
0001a019
853e0001
546650f6
59c65956
5aa65a36
80826109
26237165
24231811
22231881
20231921
2e231931
2c231741
2a231751
28231761
26231771
24231781
22231791
202317a1
0b0017b1
e8a42e23
e8b42c23
0021e7b7
7707a783
58079863
fab017b7
02d78513
e0df40ef
fc042623
fa042223
fa440793
85be460d
70ef4501
872a3c80
fcc42783
26238fd9
0793fcf4
8d3ef444
27834d81
2823e9c4
2a23e8f4
0713e804
47810600
e9042603
e9442683
85ee856a
c67f50ef
2783872a
8fd9fcc4
fcf42623
f4442783
4c079d63
fa442783
4c079963
e9c42783
06078793
4b818b3e
e9842783
fa078793
4c818c3e
87e68762
86de865a
12100537
50ef4581
872ac21f
fcc42783
26238fd9
2423fcf4
a085fc04
f5042583
f5442503
f5842303
f5c42e03
f6042803
f6442883
f6842783
f7c42703
f8042683
f7042603
c436c632
c03ec23a
871a87f2
862e86aa
121005b7
c0ef4501
872a0ba0
fcc42783
26238fd9
2783fcf4
cf89fcc4
fc842783
24230785
2783fcf4
2703f6c4
6de3fc84
a011f8f7
27830001
cfddf784
12200737
2c234781
2e23f2e4
2703f2f4
2783f384
2823f3c4
2a23f2e4
2e03f2f4
2e83f304
4501f344
24234581
2623f2a4
e7b7f2b4
a7830021
24237707
2703f2f4
2783f284
2023f2c4
2223f2a4
e6b7f2b4
a6830021
20237706
2603f2d4
2683f204
2c23f244
2e23f0a4
e5b7f0b4
a5830021
2c237705
2503f0b4
2583f184
d837f1c4
23030021
23838f08
c82a8f48
c432ca2e
c03ec636
87f288ba
869a8876
0613871e
25b74320
85935044
451977a5
975f40ef
f3840793
450185be
5980a0ef
fcc42783
d7b7cbcd
8513cccc
40efc197
4501c27f
28234581
2a23f0a4
2783f0b4
2823fcc4
2e03f0f4
2e83f104
2423f144
2623f0a4
e7b7f0b4
a7830021
24237707
2703f0f4
2783f084
2023f0c4
2223f0a4
e6b7f0b4
a6830021
20237706
2603f0d4
2683f004
2c23f044
2e23eea4
e5b7eeb4
a5830021
2c237705
2503eeb4
2583ef84
d837efc4
23030021
23838f08
c82a8f48
c432ca2e
c03ec636
87f288ba
869a8876
0613871e
25b74370
85935044
450577a5
8b5f40ef
2783ac6d
8963f744
d7b72807
87930021
43908e07
479843d4
242347dc
2623eec4
2823eed4
2a23eee4
07b7eef4
2c2300ab
2a23faf4
2823fa04
2623fa04
0793fa04
24234000
2223faf4
ac25fc04
fc042023
2783a8dd
078afc44
fd040713
a70397ba
2783f187
97bafb84
fc042703
2a2397ba
4601faf4
20234681
2223eec4
2783eed4
078afc44
fd040713
a70397ba
2783f187
078afc04
202397ba
2e03eef4
2e83ee04
2c23ee44
2e23ecc4
2783ecd4
2c23fb44
2703ecf4
2783ed84
8532edc4
282385b6
2a23ecc4
2603ecd4
2683ed04
2423ed44
2623eca4
2503ecb4
2583ec84
d837ecc4
23030021
23838f08
c82a8f48
c432ca2e
c03ec636
87f288ba
869a8876
0613871e
25b74450
85935044
451977a5
fa4f40ef
fc442783
0713078a
97bafd04
f187a703
fc042783
97ba078a
4981893e
26834701
85cafb44
4501864e
fddf40ef
fc042783
20230785
2703fcf4
2783fc04
62e3fa84
2e23f0f7
aa19fa04
fc442783
0713078a
97bafd04
f187a703
fb842783
270397ba
97bafbc4
faf42623
fc442783
0713078a
97bafd04
f187a703
fbc42783
97ba078a
4a818a3e
85d24681
45018656
980f50ef
faa42823
46814601
ecc42023
ecd42223
fc442783
0713078a
97bafd04
f187a703
fbc42783
97ba078a
ecf42023
ec042e03
ec442e83
eac42c23
ead42e23
fb042783
eaf42c23
eb842703
ebc42783
85b68532
eac42823
ead42a23
eb042603
eb442683
eaa42423
eab42623
ea842503
eac42583
0021d837
8f082303
8f482383
ca2ec82a
c636c432
88bac03e
887687f2
871e869a
44b00613
504425b7
77a58593
40ef4519
2703e72f
2783fac4
0c63fb04
d7b700f7
8513cccc
40efc1a7
57fd92bf
fcf42623
2783a8a9
0785fbc4
faf42e23
fbc42703
fa842783
eef762e3
fc442783
22230785
2703fcf4
478dfc44
dce7f2e3
02000593
02000513
e9efb0ef
454145c1
e96fb0ef
ccccd7b7
c1778513
8d9f40ef
d7b7a039
8513cccc
40efc187
27838cbf
e791fcc4
fab017b7
02f78793
17b7a029
8793dead
853e02e7
8adf40ef
0021e7b7
77c7a783
2783e781
a011fcc4
e7374781
28230021
278376f7
a019fcc4
00010001
2083853e
240318c1
29031881
29831841
2a031801
2a8317c1
2b031781
2b831741
2c031701
2c8316c1
2d031681
2d831641
61591601
711d8082
cca2ce86
26231080
2423fe04
2023fe04
f7b7fe04
87930021
4398b947
1f634785
222310f7
a219fe04
fe040793
2583863e
4501fe44
0f6090ef
2783872a
8fd9fe84
fef42423
0793a839
863efe04
fe442583
90ef4501
872a0d80
fe842783
24238fd9
2783fef4
f3e5fe04
45814501
fca42c23
fcb42e23
fe442783
fcf42c23
fd842e03
fdc42e83
fca42823
fcb42a23
0021f7b7
b9478793
2823439c
2703fcf4
2783fd04
2423fd44
2623fca4
f6b7fcb4
86930021
46d4b946
fcd42423
fc842603
fcc42683
fca42023
fcb42223
0021e5b7
7705a583
fcb42023
fc042503
fc442583
0021d837
8f082303
8f482383
ca2ec82a
c636c432
88bac03e
887687f2
871e869a
47a00613
504425b7
77a58593
40ef4519
60efc72f
872a13c0
f6b787ae
86930021
d698b946
2783d6dc
0785fe44
fef42223
fe442703
fbe34785
4785eee7
fef42623
fec42783
40f6853e
61254466
11018082
cc22ce06
26231000
65b7fe04
85931000
46010845
50ef4501
222375b0
2783fea4
cf85fe44
0021e7b7
7807a783
2423c79d
a00dfe04
fe842583
40ef4501
872a9b7f
fec42783
26238fd9
2783fef4
0785fe84
fef42423
fe842783
2783dff1
853efec4
446240f2
80826105
ce86711d
1080cca2
fe042623
fe042423
fe042223
fe042023
0021f7b7
b9478793
e39d439c
02f00793
fef42623
2423479d
4785fef4
fef42223
872a2299
fe042783
20238fd9
a035fef4
0021f7b7
c2878793
2623439c
f7b7fef4
87930021
43dcc287
fef42423
0021f7b7
c2878793
2223479c
4501fef4
2c234581
2e23fca4
2783fcb4
2c23fec4
2e03fcf4
2e83fd84
2823fdc4
2a23fca4
2783fcb4
2823fe84
2703fcf4
2783fd04
2423fd44
2623fca4
2683fcb4
2423fe44
2603fcd4
2683fc84
2023fcc4
2223fca4
2503fcb4
2583fc04
d837fc44
23030021
23838f08
c82a8f48
c432ca2e
c03ec636
87f288ba
869a8876
0613871e
25b74aa0
85935044
450977a5
accf40ef
fec42683
1000a5b7
460105c1
50ef4501
26835f10
a5b7fe84
05d11000
45014601
5df050ef
fe442683
1000a5b7
460105e1
50ef4501
26835cd0
a5b7fe44
05f11000
45014601
5bb050ef
fe442683
1000a5b7
02058593
45014601
5a7050ef
fe442683
1000a5b7
02458593
45014601
593050ef
fe042783
40f6853e
61254466
11018082
cc22ce06
26231000
a5b7fe04
05c11000
45014601
575050ef
fea42423
fe842783
0017f713
0021f7b7
c0c78793
2783c398
8385fe84
0017f713
0021f7b7
c0c78793
f7b7c3d8
87930021
47dca2c7
c7998b85
fe842783
c3998b91
a0114785
873e4781
0021f7b7
c0c78793
2783c798
838dfe84
0017f713
0021f7b7
c0c78793
f7b7c7d8
87930021
5f9ca2c7
c7998b85
fe842783
c3998bc1
a0114785
873e4781
0021f7b7
c0c78793
2783cb98
8395fe84
0017f713
0021f7b7
c0c78793
2783cbd8
8399fe84
0017f713
0021f7b7
c0c78793
2783cf98
853efec4
446240f2
80826105
d6067179
1800d422
fca42e23
fcb42c23
fdc42783
0007c703
fd842783
00e78023
fd842783
000780a3
fdc42783
0007c783
86634705
470900e7
08e78a63
e7b7a0f9
87930021
d7837d07
971301a7
e7b70107
87930021
c7837d07
07a20197
e7378fd9
07130021
47037d07
8fd90187
2783873e
7593fd84
c6830ff7
8a810047
86ae8636
82238ed1
569300d7
f5930087
c6830ff6
8a810057
86ae8636
82a38ed1
569300d7
f5930107
c6830ff6
8a810067
86ae8636
83238ed1
561300d7
c7030187
8b010077
873286ba
83a38f55
a0b900e7
fdc42783
0047c703
0057c683
8f5506a2
0067c683
8f5506c2
0077c783
8fd907e2
853e458d
de7f70ef
fea42623
fec42783
0ff7f713
fd842783
00e780a3
2783a801
0713fd84
80a3f810
000100e7
50b20001
61455422
71198082
dca2de86
24230100
47b5fe04
fef42223
fc042a23
fc042c23
fc042e23
fe042023
fc042223
fc042423
fc042623
fc042823
fe042623
fe440793
450185be
1ef070ef
fe442783
071307c1
863afe84
450185be
0b7070ef
fe842703
f0634785
27830ee7
07c1fe44
fd440713
460986ba
450185be
165070ef
fc440713
fd440793
853e85ba
27833db1
0713fe44
86bafc44
85be4609
70ef4501
87aa0d50
fef42623
fec42783
4781cfd9
2c234801
2e23faf4
2783fb04
2c23fe44
2e03faf4
2e83fb84
2783fbc4
2823fd44
2783faf4
2a23fd84
2703faf4
2783fb04
2683fb44
2423fc44
2683fad4
2623fc84
2603fad4
2683fa84
2583fac4
2023fcc4
2583fab4
2223fd04
2503fab4
2583fa04
d837fa44
23030021
23838f08
c82a8f48
c432ca2e
c03ec636
87f288ba
869a8876
0613871e
25b74e10
85935044
450577a5
f15f30ef
0001a019
0001a011
546650f6
80826109
cf067135
1100cd22
0021e7b7
7707a783
36079b63
fab017b7
03978513
9b4f40ef
fe042623
fe042423
fe042023
0021e7b7
ae234705
f7b776e7
87930021
4398b947
1b634785
450116f7
2c234581
2e23fca4
f7b7fcb4
87930021
439cb947
fcf42c23
fd842e03
fdc42e83
fca42823
fcb42a23
0021f7b7
b9478793
282347dc
2703fcf4
2783fd04
2423fd44
2623fca4
f6b7fcb4
86930021
4294b946
fcd42423
fc842603
fcc42683
fca42023
fcb42223
0021e5b7
7705a583
fcb42023
fc042503
fc442583
0021d837
8f082303
8f482383
ca2ec82a
c636c432
88bac03e
887687f2
871e869a
4ec00613
504425b7
77a58593
30ef4509
f7b7e13f
87930021
a023b947
50ef0007
872a2d10
f6b787ae
86930021
d298b946
f7b7d2dc
86930021
4e98b947
2c234edc
2e23fae4
2e03faf4
2e83fb84
f7b7fbc4
86930021
5298b947
282352dc
2a23fae4
2603faf4
2683fb04
f7b7fb44
85930021
4998b947
242349dc
2623fae4
2503faf4
2583fa84
f7b7fac4
88130021
2703b947
27830288
202302c8
2223fae4
2703faf4
2783fa04
d837fa44
23030021
23838f08
c83a8f48
c42aca3e
c036c62e
87f288b2
869a8876
0613871e
25b74ef0
85935044
450977a5
d4df30ef
0021f7b7
c0c78793
c3b143dc
45814605
40ef4501
872aa42f
fec42783
26238fd9
38d5fef4
2783872a
8fd9fec4
fef42623
45014589
72d050ef
2783872a
8fd9fec4
fef42623
0021e7b7
a0234705
3c4578e7
2783872a
8fd9fec4
fef42623
2783314d
0785fe84
fef42423
fe842703
1d636799
80ef00f7
3045c76f
2783872a
8fd9fec4
fef42623
fe042423
851367c1
30efab07
f7b7f8bf
87930021
47dcb947
05b707e2
853eff00
d27fa0ef
fe042223
2503a005
a0effe44
872ac3bf
fec42783
26238fd9
2783fef4
0785fe44
fef42223
fe442703
fee34785
f0effce7
87aaef4f
50efcf81
872a1390
f6b787ae
86930021
ce98b946
a879cedc
fec42783
4501dbb9
2c234581
2e23f8a4
2783f8b4
2c23fec4
2e03f8f4
2e83f984
2823f9c4
2a23f8a4
2783f8b4
2823fec4
2703f8f4
2783f904
2423f944
2623f8a4
2683f8b4
2423fec4
2603f8d4
2683f884
2023f8c4
2223f8a4
2583f8b4
2023fec4
2503f8b4
2583f804
d837f844
23030021
23838f08
c82a8f48
c432ca2e
c03ec636
87f288ba
869a8876
0613871e
25b750f0
85935044
450977a5
bbdf30ef
fec42783
17b7e791
8793fab0
a02903b7
dead17b7
03a78793
30ef853e
e7b7e6ff
a7830021
e78177c7
fec42783
4781a011
0021e737
76f72823
fec42783
0001a019
853e0001
446a40fa
8082610d
ce061101
1000cc22
0021e7b7
7707a783
14079f63
fab017b7
06978513
e21f30ef
fe042423
fe042623
f7b7a01d
87130021
27836807
078afec4
d73797ba
07130020
c398a067
fec42783
26230785
2703fef4
47fdfec4
fce7fbe3
0021f7b7
68078793
0020d737
1b870713
f7b7c3d8
87930021
d7376807
07130020
c7985287
0021f7b7
68078793
0020e737
a6c70713
f7b7c7d8
87930021
e7376807
07130020
cb984747
0021f7b7
68078793
0020e737
5e870713
f7b7cbd8
87930021
f7376807
07130020
d398f9a7
0021f7b7
68078793
0020f737
7ba70713
f7b7d3d8
87930021
07376807
07130021
d798a6c7
0021f7b7
68078793
00210737
cc870713
f7b7df98
87930021
e7376807
07130020
c3b812a7
0021f7b7
68078793
0020e737
d7070713
f7b7c3f8
87930021
f7376807
07130020
cf98d527
fe842783
17b7e791
8793fab0
a02906b7
dead17b7
06a78793
30ef853e
e7b7cf3f
a7830021
e78177c7
fe842783
4781a011
0021e737
76f72823
fe842783
0001a019
853e0001
446240f2
80826105
ce061101
1000cc22
0021e7b7
7707a783
0e079963
fab017b7
06c78513
ca5f30ef
fe042623
a75fb0ef
873e87aa
fec42783
26238fd9
b0effef4
87aae65f
2783873e
8fd9fec4
fef42623
de0ff0ef
873e87aa
fec42783
26238fd9
b0effef4
87aabc9f
2783873e
8fd9fec4
fef42623
c9bfb0ef
873e87aa
fec42783
26238fd9
c0effef4
87aaa68f
2783873e
8fd9fec4
fef42623
f6ffb0ef
873e87aa
fec42783
26238fd9
b0effef4
87aaf47f
2783873e
8fd9fec4
fef42623
87aa3bc1
2783873e
8fd9fec4
fef42623
fec42783
17b7e791
8793fab0
a02906e7
dead17b7
06d78793
30ef853e
e7b7be3f
a7830021
e78177c7
fec42783
4781a011
0021e737
76f72823
fec42783
0001a019
853e0001
446240f2
80826105
d6867159
1880d4a2
faa42e23
fe042623
fbc42783
17b34705
242300f7
2783fef4
c793fe84
2603fff7
85befe84
100057b7
10878513
f5cf50ef
fe842603
fe842583
100057b7
10c78513
f48f50ef
46814601
fec42023
fed42223
fbc42783
fef42023
fe042e03
fe442e83
fcc42c23
fcd42e23
fe842783
fff7c793
fcf42c23
fd842703
fdc42783
85b68532
fcc42823
fcd42a23
fe842683
fcd42823
fd042603
fd442683
fca42423
fcb42623
0021e5b7
7705a583
fcb42423
fc842503
fcc42583
0021d837
8f082303
8f482383
ca2ec82a
c636c432
88bac03e
887687f2
871e869a
02c00613
e8b5e5b7
27b58593
30ef4515
2783ff6f
853efec4
542650b6
80826165
ce061101
1000cc22
0021e7b7
7707a783
12079063
fab017b7
06f78513
a99f30ef
fe042623
0021e7b7
7d078793
47854798
00f71f63
0021e7b7
7d078793
853e47dc
872a35d1
fec42783
26238fd9
e7b7fef4
87930021
d7837d07
971301a7
e7b70107
87930021
c7837d07
07a20197
e7378fd9
07130021
47037d07
8fd90187
fef42423
fe842683
100065b7
09058593
45014601
28a050ef
952f70ef
2783872a
8fd9fec4
fef42623
f53f60ef
2783872a
8fd9fec4
fef42623
0021e7b7
7d078793
47854b98
02f71263
0021f7b7
b9478793
eb99439c
45054581
c7af70ef
2783872a
8fd9fec4
fef42623
05b766c1
460183d0
70ef4501
278358f0
e791fec4
fab017b7
07178793
17b7a029
8793dead
853e0707
9a9f30ef
0021e7b7
77c7a783
2783e781
a011fec4
e7374781
28230021
278376f7
a019fec4
00010001
40f2853e
61054462
716d8082
10112623
10812423
11212223
11312023
ddd6dfd2
d9dedbda
d5e6d7e2
d1eed3ea
e7b70a00
a7830021
9f637707
17b73c07
8513fab0
30ef0127
262393ff
07b7fc04
24230002
2223fcf4
ae8dfc04
0021e7b7
6007a783
fc842703
242397ba
0793fcf4
893ef404
27834981
8a3efc84
07134a81
47810200
86d68652
85ce854a
f9ef40ef
2783872a
8fd9fcc4
fcf42623
f4040793
4b818b3e
fc842783
02078793
4c818c3e
02000713
86624781
855a86e6
50ef85de
872aa4ef
fcc42783
26238fd9
2783fcf4
c3cdfcc4
45814501
faa42c23
fab42e23
fc842783
faf42c23
fb842e03
fbc42e83
faa42823
fab42a23
fc442783
faf42823
fb042703
fb442783
faa42423
fab42623
0021e6b7
6006a683
fad42423
fa842603
fac42683
faa42023
fab42223
0021e5b7
7705a583
fab42023
fa042503
fa442583
0021d837
8f082303
8f482383
ca2ec82a
c636c432
88bac03e
887687f2
871e869a
05400613
e8b5e5b7
27b58593
30ef4505
a4b5d46f
f4042703
5e0007b7
222397ba
f7b7fcf4
87930021
4398b947
16634785
f7b70cf7
87930021
4798b947
fc442783
00f757b3
cbd58b85
47014681
f8d42c23
f8e42e23
fc442783
f8f42c23
f9842e03
f9c42e83
f8d42823
f8e42a23
0021f7b7
b9478793
2823439c
2803f8f4
2883f904
2423f944
2623f8d4
f7b7f8e4
87930021
479cb947
f8f42423
f8842303
f8c42383
f8d42023
f8e42223
0021f7b7
b9478793
202343dc
2503f8f4
2583f804
d7b7f844
a6030021
a6838f07
c82a8f47
c41aca2e
c046c61e
87f288c2
87368876
061386b2
e5b705a0
8593e8b5
451527b5
c68f30ef
f4842783
fcf42423
07b7aa95
20231210
2783fcf4
8d3efc04
27834d81
8793fc84
2c230607
2e23f2f4
2783f204
2823f444
2a23f2f4
2703f204
2783f304
2603f344
2683f384
856af3c4
40ef85ee
872ad90f
fcc42783
26238fd9
2783fcf4
2423fc04
2623f2f4
2703f204
2783f444
97bafc84
06078793
f2f42023
f2042223
f4442783
f0f42c23
f0042e23
f1842703
f1c42783
f2042603
f2442683
f2842503
f2c42583
81cf50ef
2783872a
8fd9fcc4
fcf42623
fcc42783
4501c3cd
2c234581
2e23f6a4
2783f6b4
2c23fc84
2e03f6f4
2e83f784
2823f7c4
2a23f6a4
2783f6b4
2823fc44
2703f6f4
2783f704
2423f744
2623f6a4
e6b7f6b4
a6830021
24236006
2603f6d4
2683f684
2023f6c4
2223f6a4
e5b7f6b4
a5830021
20237705
2503f6b4
2583f604
d837f644
23030021
23838f08
c82a8f48
c432ca2e
c03ec636
87f288ba
869a8876
0613871e
e5b70640
8593e8b5
450527b5
b14f30ef
f7b7a82d
87130021
27836807
078afc44
439897ba
f4442783
250385be
9702fc04
f4842783
fcf42423
fc842703
a200e7b7
ead78793
c8f712e3
27830001
e789fcc4
fab017b7
a02107d1
dead17b7
853e07cd
d90f30ef
0021e7b7
77c7a783
2783e781
a011fcc4
e7374781
28230021
278376f7
a019fcc4
00010001
2083853e
240310c1
29031081
29831041
5a7e1001
5b5e5aee
5c3e5bce
5d1e5cae
61515d8e
71718082
d522d706
d14ed34a
e7b71900
a7830021
873e7707
fab007b7
853e97ba
d24f30ef
49013085
24234981
2623ff24
f7b7ff34
87930021
439cb947
fef42423
fe842e03
fec42e83
ff242023
ff342223
0021f7b7
b9478793
202347dc
2703fef4
2783fe04
2c23fe44
2e23fd24
e6b7fd34
a6830021
2c237706
2603fcd4
2683fd84
2823fdc4
2a23fd24
e5b7fd34
a5830021
28237705
2503fcb4
2583fd04
d837fd44
23030021
23838f08
c82a8f48
c432ca2e
c03ec636
87f288ba
869a8876
0613871e
15b70300
859392a4
4509d595
9a8f30ef
24233cfd
2623fd24
e7b7fd34
a7830021
24237707
2e03fcf4
2e83fc84
2023fcc4
2223fd24
e7b7fd34
a7830021
20237707
2703fcf4
2783fc04
2c23fc44
2e23fb24
e6b7fb34
a6830021
2c237706
2603fad4
2683fb84
2823fbc4
2a23fb24
e5b7fb34
a5830021
28237705
2503fab4
2583fb04
d837fb44
23030021
23838f08
c82a8f48
c432ca2e
c03ec636
87f288ba
869a8876
0613871e
15b70320
859392a4
4509d595
904f30ef
24233a31
2623fb24
e7b7fb34
a7830021
24237707
2e03faf4
2e83fa84
2023fac4
2223fb24
e7b7fb34
a7830021
20237707
2703faf4
2783fa04
2c23fa44
2e23f924
e6b7f934
a6830021
2c237706
2603f8d4
2683f984
2823f9c4
2a23f924
e5b7f934
a5830021
28237705
2503f8b4
2583f904
d837f944
23030021
23838f08
c82a8f48
c432ca2e
c03ec636
87f288ba
869a8876
0613871e
15b70340
859392a4
4509d595
860f30ef
95cff0ef
f9242423
f9342623
0021f7b7
b9478793
2423439c
2e03f8f4
2e83f884
2023f8c4
2223f924
f7b7f934
87930021
47dcb947
f8f42023
f8042703
f8442783
f7242c23
f7342e23
0021e6b7
7706a683
f6d42c23
f7842603
f7c42683
f7242823
f7342a23
0021e5b7
7705a583
f6b42823
f7042503
f7442583
0021d837
8f082303
8f482383
ca2ec82a
c636c432
88bac03e
887687f2
871e869a
03600613
92a415b7
d5958593
20ef4509
f7b7fb7f
87930021
4398b947
00e34785
e7b7d4f7
a7830021
873e7707
dead07b7
853e97ba
a60f30ef
0000a001
00016117
03410113
000012b7
80028293
245d9116
4300006f
47c10000
00a7f363
050a4541
0021d7b7
e9078793
4108953e
11418082
c422c606
842ac226
0021d537
ae050513
085000ef
a0114481
47910411
0497c363
0021e7b7
25078793
02f46d63
002287b7
10078793
0287e763
47b7400c
87930020
fbe31fc7
c7b7fcb7
87930021
f5e32907
d537fcf5
05130021
00efaec5
048503b0
d537bf65
05130021
00efb945
40b202b0
44924422
80820141
ce061101
4791cc22
0793c23e
c43e0400
05000793
d537c63e
05130021
00efaf45
44017fe0
1793a015
08180024
a58397ba
9793ff47
a60300c5
d5371207
05130021
00efafc5
04057da0
fee34789
40f2fc87
61054462
11418082
c422c606
05634799
40ef02f5
e5013d40
3dc040ef
40efc129
c90d3c80
0021d5b7
b2458593
0021d537
b2850513
798000ef
142025f3
07b74601
c7938000
8dfdfff7
30ef5571
00ef6480
bff57d40
0021d5b7
b1058593
f437bfc1
04130021
440c6144
0021d537
b4850513
75c000ef
40ef4408
bf7d5240
c686715d
c2a6c4a2
842e84aa
e3634799
17930aa7
d7370025
07130021
97bacf47
8782439c
0021d537
b7050513
40ef2715
85aa2340
407cda22
403cd83e
5c5cd63e
5c1cd43e
585cd23e
581cd03e
545cce3e
541ccc3e
505cca3e
501cc83e
4c5cc63e
4c1cc43e
485cc23e
2883c03e
28030104
441c00c4
40144058
d5374430
05130021
25f9bf45
f0ef8522
40efe35f
c9152e00
ea5ff0ef
852685a2
ef3ff0ef
0021d537
b9850513
b7612575
0021d537
bb450513
bfb52545
d53785a6
05130021
2d49bd05
40efb7bd
b7e92b60
c6061141
c226c422
247384aa
07b71420
c7938000
8c7dfff7
f0ef8522
85aadc1f
d5378622
05130021
2db9d105
450185a6
f09ff0ef
c6061141
2473c422
07b71420
c7938000
8c7dfff7
d53785a2
05130021
2d1ded45
096347a5
d5b700f4
85930021
4511e405
ed5ff0ef
85aa2749
0021d537
efc50513
b7d52d11
c6061141
650030ef
30ef2d81
11016d20
cc22ce06
c84aca26
c452c64e
c05ac256
842e84aa
8b368932
8a3e8aba
85c689c2
46115682
390040ef
0404ae23
0604a023
fb090593
99c195a2
0365a423
0355a623
0345a823
0335aa23
12000793
27b7c5fc
87930021
c5bc8e07
40f2d48c
44d24462
49b24942
4a924a22
61054b02
41088082
02b60633
80829532
00b50783
02b7c363
9713455c
95ba0015
95be058a
41f65793
97b28bfd
078a8795
c29c97ae
01f67513
45588082
00159793
058a95be
418c95ba
1101bff1
0074ce06
fc1ff0ef
47854732
00a797b3
8d5d4308
40f2c308
80826105
c6061141
c226c422
5883842a
415c0085
02f888b3
00052803
577d9846
00e505a3
a00d4601
97364454
01072023
d71305fd
8b7d41f5
8715972e
983a070a
078d8389
06059bf1
00a44703
02e65463
02f8d5b3
17134454
97320016
96ba070a
00468513
c688c2c8
cfe346fd
05a3fab6
b7f900c4
a0254481
404c8626
f0ef8522
445cf25f
00478713
4798c118
c308c158
8626c788
85224581
f4fff0ef
57830485
cbe30084
40b2fcf4
44924422
80820141
c6061141
852e87aa
863685b2
30ef9782
40ef7890
45012400
11418082
c422c606
842ac226
051384ae
94020450
051385a6
94020520
051385a6
94020520
442240b2
01414492
11418082
419cc606
c19c0785
0021e7b7
5ec7a783
40b29782
80820141
d6067179
d226d422
ce4ed04a
ca56cc52
c65ec85a
c266c462
8b2ac06a
8c328bae
8cba8a36
490189be
44814ac1
a03d47c1
001a1713
8e8946fd
00d71733
00ac5833
01076833
47a5a03d
0507f963
05700513
954285de
09059b02
87a24485
8413c3a5
1513fff7
08130024
43e3fe05
5833fc08
7813010a
18e300f8
f4f1fc08
84e34705
8d13fce7
c963fffa
47850359
00fc8a63
8d634789
8aea00fc
0513b7c9
bf4d0300
051385de
9b020300
bf458aea
051385de
9b020200
b7558aea
b7458aea
8063478d
50b202fc
54925422
49f25902
4ad24a62
4bb24b42
4c924c22
61454d02
09868082
41298933
85dea031
02000513
89229b02
fff90413
ff2049e3
7179b7e9
d422d606
d04ad226
cc52ce4e
c85aca56
c462c65e
8b2e8aaa
8bb684b2
5a6389ba
4a0500e0
4c014929
3b9ad437
9ff40413
4985a02d
0513b7fd
d5330014
85da02a4
03050513
0a059a82
197d4c05
00140793
02f4f4b3
543347a9
47a102f4
0287f763
fc0c1be3
fc9469e3
ff29c1e3
eee34789
4785fd77
00fb8863
02000513
9a8285da
b7e10a05
03000513
85dabfd5
03048513
478d9a82
00fb8e63
542250b2
59025492
4a6249f2
4b424ad2
4c224bb2
80826145
414989b3
fff98413
ff3050e3
051385da
9a820200
b7fd89a2
0021e7b7
5ea7a623
71398082
dc22de06
d84ada26
d452d64e
d05ad256
89aace5e
8432892e
4a81c636
4a015b7d
a0214481
998285ca
45030405
09630004
e8911e05
02500793
fef516e3
5b7d8aa6
44854a01
0793b7d5
f693fdb5
07130ff7
69630550
97931ad7
d7370026
07130021
97baf287
8782439c
000b5463
1a0a0863
000b4d63
002b1793
078697da
8b1397aa
13e3fd07
4a09fa0a
0b13b745
bfd5fd05
bf590a85
020a9263
871347b2
c63a0047
c9634384
875a0404
862686d2
854e85ca
e7bff0ef
bf8d4481
87634785
47b202fa
9be1079d
00878713
4384c63a
07b743d8
97a68000
0097b7b3
d7e197ba
854e85ca
d0bff0ef
b7894481
871347b2
c63a0047
bf454384
051385ca
998202d0
409004b3
b7551b7d
000a9f63
871347b2
c63a0047
875a4390
85ca86d2
f0ef854e
4481e11f
4785b721
02fa8463
079d47b2
87139be1
c63a0087
43dc4390
ffe1e781
fc065be3
854e85ca
ca7ff0ef
bdf94481
871347b2
c63a0047
bf754390
051385ca
99820300
051385ca
99820780
4a054b21
d2634785
47b20357
9be1079d
00878713
4390c63a
87da43d4
85ca8752
f0ef854e
4481ca7f
47b2bd61
00478713
4390c63a
b7d54681
871347b2
c63a0047
0007ab83
a02184de
85ca0485
c5039982
f97d0004
0463478d
448100fa
87b3b595
07b34174
849340fb
5863fff7
85ca00f0
02000513
87a69982
4481b7fd
47b2b591
00478713
85cac63a
99824388
bd0d4481
051385ca
99820250
b51d4481
051385ca
99820250
450385ca
99820004
bd094481
b5394a0d
b5294a05
546250f2
594254d2
5a2259b2
5b025a92
61214bf2
11018082
862ace06
c60286ae
2537006c
05130021
f0efd565
40f2db5f
80826105
ce067139
d432d22e
d83ad636
dc42da3e
104cde46
f0efc62e
40f2fcdf
80826121
c6061141
ed6347fd
47ad00a7
00a7ec63
95334785
257300a7
40b21045
80820141
bfe52235
bfd52a31
100177f3
10405073
14405073
67f38082
00731001
80821050
0021f737
cc070713
97ba435c
00a78423
0785435c
3ff7f793
0737c35c
8fd90400
28236705
808254f7
c6061141
f7b7c422
87930021
0713cc07
c3984040
073707a1
97baffe0
26236705
07b754f7
28230400
243754f7
05130021
f0ef1f44
0513ce7f
20ef1f44
45015f30
442240b2
80820141
ff850713
f7634785
47fd00e7
00a7f663
80824501
80824501
80824505
c6061141
f0ef4525
4501f2ff
014140b2
27b78082
a5030007
cd213107
c6061141
f5df10ef
02000713
40a707b3
04a70063
0021e737
78f72c23
071307a9
646303f0
c6b702f7
97130021
86930037
97362906
ca914354
0021c737
0713078e
97ba2907
96824388
4501a021
859ff0ef
014140b2
80828082
e7b78082
a5030021
80827987
c6061141
0413c422
8522fe05
f59ff0ef
6705cd01
11472683
97b34785
f7930087
8fd5cff7
10f72a23
442240b2
80820141
000727b7
3007aa23
07136741
ac2303e7
808230e7
000747b7
ac23577d
aa2314e7
ac2314a7
808214b7
000747b7
1507a583
14c7a503
1507a783
feb798e3
11018082
cc22ce06
c84aca26
7973c64e
79131001
f0ef0029
84aafd7f
e43789ae
04130021
40087884
8533405c
b5b340a4
87b300a4
d63740f9
06130003
46810906
40b785b3
eadf10ef
2223c004
29730134
30ef1009
47375fd0
27830007
e7931107
28230017
40f210f7
44d24462
49b24942
80826105
c6061141
f75ff0ef
d53787aa
05130003
953e0905
00f537b3
f0ef95be
4515f4bf
db5ff0ef
000747b7
11078693
1107a703
00176713
10e7a823
1147a783
0017e793
4501c2dc
014140b2
edd58082
c6061141
c226c422
0d6357fd
041300f5
5d63fff5
67890080
18c78793
0087d963
a031843e
05136509
b7d518c5
74f34401
88891001
ef9ff0ef
0003d6b7
09068793
02f40433
0021e7b7
78878793
43cc4398
40e507b3
08f68693
06b797b6
c6938000
8e9dfff6
0086e463
a02997a2
800007b7
fff7c793
0003d6b7
09068693
02d7d7b3
02d787b3
00f706b3
40a68533
3e700693
00a6c763
0003d6b7
09068693
853397b6
37b300e7
95be00f5
e71ff0ef
1004a4f3
442240b2
01414492
80828082
c6061141
7473c422
88091001
e65ff0ef
0021e7b7
7887a783
d7b78d1d
87930003
55330907
247302f5
40b21004
01414422
47838082
07b20045
97ba5d58
1207a783
0ff7f793
4745cb81
00e78463
80824505
80824501
80824501
c6061141
4540c422
47034781
fd630065
405800e7
5703c711
943a0085
b7f50785
746030ef
a011c048
85224401
442240b2
80820141
c6061141
c226c422
4104842a
43dc409c
4b9cc781
9782c391
00042223
00042823
02448513
7b4030ef
442240b2
01414492
11418082
c422c606
a039842a
89634705
30ef02e7
e1156fc0
00c41713
12072783
0ff7f793
6799f7e5
a0678793
10f72023
12072783
0ff7f793
30efbfd1
bfe960a0
40b24501
01414422
11418082
c422c606
c04ac226
84ae892a
a0318432
a00d853e
5e4030ef
4c63147d
27830004
f7930009
95e30ff7
30effe97
d56d6980
5541b7d5
442240b2
49024492
80820141
c6061141
0007a637
12060613
fb3ff0ef
014140b2
11018082
cc22ce06
c84aca26
c452c64e
89ae8a2a
843684b2
0a63893a
25030209
f533000a
478100a9
0087fb63
00279813
28039826
0d630008
078500a8
30efb7f5
e1196300
bfd1197d
55c030ef
5541bfe5
446240f2
494244d2
4a2249b2
80826105
c6061141
c226c422
892ac04a
843284ae
30efa021
147d5320
2783cc19
f7930009
81630ff7
07130297
8f630800
30ef00e7
d1755e00
5541bff9
442240b2
49024492
80820141
bfcd4501
b7fd556d
00554783
8082e391
c6061141
842ac422
e1bff0ef
40b2e509
01414422
45038082
05320044
953e5c5c
051345c1
f0ef1205
4783f13f
07b20044
97ba5c58
0ff00713
12e7a823
00444503
5c5c0532
0613953e
45813e80
12050513
f5dff0ef
1101bf6d
cc22ce06
c84aca26
84aac64e
4583842e
862e0065
02450513
5d2030ef
01048513
36d020ef
2983c080
44c00044
a0294901
0084d783
0905943e
0064c783
02f97563
0084d603
85224581
06b020ef
4605c004
05134581
30ef0084
a7835940
dbe90109
97828522
40f2b7f1
44d24462
49b24942
80826105
c6061141
c226c422
55fd842a
20ef0541
54833190
cc8900a4
00544783
4783e385
07b20044
97ba5c58
1147a483
1007aa23
40b28526
44924422
80820141
f0ef8522
d57dd19f
1141bfe9
c422c606
842ac226
00a55783
84aecf81
00554783
4783e38d
07b20044
97ba5c58
1097aa23
01040513
39b020ef
442240b2
01414492
f0ef8082
d56dcd9f
1101bfe9
cc22ce06
c84aca26
c452c64e
8a2e892a
454089b2
a0294481
00895783
0485943e
00694783
00f4fb63
d7fd405c
00098863
852285d2
f16d9982
4401a011
40f28522
44d24462
49b24942
61054a22
cd058082
c6061141
c226c422
842ac04a
85264104
f19ff0ef
8522892a
cc1ff0ef
f0ef8526
85cae37f
f0ef8526
40b2f49f
44924422
01414902
80828082
ce061101
ca26cc22
c64ec84a
c256c452
8a2e892a
450089b2
0205f793
55fdefa5
02440513
47a030ef
046357c1
85220af5
ec1ff0ef
85228aaa
c35ff0ef
cd2984aa
03452023
00544783
7593c781
c9b1004a
00492903
00492603
85cec611
f0ef8522
ed39f19f
00092783
85cec789
97828526
5583e921
e5b300a4
85220155
ebbff0ef
40f28526
44d24462
49b24942
4a924a22
80826105
b7694581
852285d6
e9bff0ef
4503b7c5
f0ef0044
53e3c2df
85d6fa05
f0ef8522
8526e85f
f0fff0ef
b7c94481
852285d6
e73ff0ef
f0ef8526
4481efdf
4481bf45
1101b775
cc22ce06
c84aca26
cd15c64e
4104842a
a903409c
27830047
cb850089
f0ef8526
89aadfbf
00892783
97828522
85ce842a
f0ef8526
8522e2df
446240f2
494244d2
610549b2
54298082
4401b7fd
7179b7ed
d422d606
d04ad226
c13dce4e
55fd84aa
30ef0521
a0193640
1d4030ef
f0ef8526
842af91f
00a05663
28e030ef
b7edd965
a903e905
27830004
a9830009
a7830047
cf9900c9
f0ef854a
c62ad83f
00c9a783
8526006c
842a9782
854a45b2
db3ff0ef
50b28522
54925422
49f25902
80826145
b7fd5429
852e87aa
5398c789
c3118b05
8082c191
c6061141
f0ef853e
40b2f75f
80820141
c11c57fd
00052223
00052423
00052623
2a23c91c
80820005
c6061141
842ac422
d15c57fd
02850513
fd9ff0ef
04042023
04042223
04840513
fc9ff0ef
06042023
442240b2
80820141
8763515c
57fd00b7
00f59663
80824501
80824501
80825555
7ff00793
00b7e563
4501d14c
55298082
11418082
c422c606
413c842a
5518c399
407cc398
5858c399
2823c398
05130004
f0ef0284
2023f6ff
22230404
05130404
f0ef0484
40b2f5ff
01414422
5d188082
5663595c
555c00f7
4501c399
4d388082
5863497c
453800f7
166357fd
450500f7
45058082
45018082
45388082
096357fd
4d3c00f7
0007d463
80824501
80825579
80825579
c791555c
c6635d1c
45010007
45018082
45058082
862a8082
d513058d
47810025
00a7fc63
58c78713
4314070a
00279713
c3149732
b7ed0785
882a8082
d613852e
f7930025
c3910035
47810605
00c7fc63
00279713
43149742
58078713
c314070a
b7ed0785
11418082
f0efc606
4513f51f
75130015
40b20ff5
80820141
d6067179
d226d422
e7b7d04a
a7830021
8d637a07
84aa1207
c40153a0
a02353a0
53d80607
06b70742
8f750fff
100006b7
4fb08f55
026356fd
4fb008d6
58634bf4
668d10d6
47b48f55
167d6605
8f558ef1
4bf8c03a
8f154fb4
e76346ed
a9030ee6
4fb80547
40e90933
4fbc47ec
95be864a
20ef0048
05933460
850a0049
f43ff0ef
e7b78c49
a5030021
4d3c7a07
2c23993e
4d380525
4c63497c
05210af7
0b0030ef
00213637
b6a60613
85264581
b9fff0ef
0021e7b7
7aa7a023
6689a859
47b48f55
167d6605
8f558ef1
c202c03a
c43a4bb8
073747f4
e1634000
4bb402e6
00d76e63
4bb447f8
06b79736
9736c000
400006b7
00e6e463
c23a47f8
cbf84bb8
850a45b1
ebfff0ef
47a28c49
4792c399
e937c79d
09130021
25037a09
497c0009
0521cd3c
02c030ef
00213637
b6a60613
85264581
b1bff0ef
00a92023
e7b7a819
a7830021
ac237a07
a0210407
bf394971
85224401
542250b2
59025492
80826145
a7836785
c7816207
40f00533
11418082
c422c606
f0ef842e
8d41e8ff
6785c519
62a7a023
a0234705
40b250e7
01414422
11418082
05c2c606
0fff07b7
07b78dfd
8fcd1000
65c10632
8df115fd
e7b78ddd
a7830021
c3997a07
d3ac53b8
fa5ff0ef
014140b2
11418082
c422c606
d713c226
d69301c5
67850105
f43317fd
478500f6
00f70763
442240b2
01414492
84aa8082
89bd81b1
846347bd
478502f5
fef594e3
00213637
ad860613
852655fd
a43ff0ef
460dc929
852685a2
f7bff0ef
0793b7e1
ffe18004
0021e7b7
79c7a783
577dcf81
aa23d798
df980207
0207ae23
0021e7b7
7807ae23
0021e7b7
7a07a503
497cdd41
0521cd3c
6fd020ef
0021e7b7
7a07a023
4609b751
1141bf45
85aac606
f0ef4508
67058e5f
11472783
3007e793
10f72a23
40b24501
80820141
ce061101
ca26cc22
c64ec84a
89ae892a
45058432
76e000ef
84aac905
00347613
8c11c219
86a20411
85ca864e
25718526
8526842a
768000ef
40f28522
44d24462
49b24942
80826105
b7fd5479
ce061101
ca26cc22
c64ec84a
c256c452
2983842a
29030005
106303c5
49010209
f0ef8522
854ac11f
446240f2
494244d2
4a2249b2
61054a92
84ae8082
02c52a03
03452a83
854e418c
8f3ff0ef
85d28656
f0ef854a
892af63f
f0ef854e
c08889bf
4505b7c1
71798082
d422d606
d04ad226
892e84aa
f0ef850a
4782c55f
01c7d613
0107d693
177d6705
00e6f433
00c7d693
47058ff9
00e61c63
470d8abd
01277863
8b634705
470d00e6
0ce68c63
542250b2
59025492
80826145
16e34731
e737fee9
27030021
c71979c7
85a2462d
f0ef8526
bfe9df1f
00213637
ad860613
852685be
89bff0ef
0021e7b7
78a7ae23
f0efc541
c53dbc7f
e7b74622
a7830021
5b9879c7
04c76663
dbd0d780
e5814592
0207ac23
43c8bf71
f4fff0ef
e437c105
04130021
400879c4
dd1c47a2
dd5c4792
20ef0521
202354f0
bf9d0004
85a24631
f0ef8526
e7b7d81f
ae230021
b78d7807
85a24621
f0ef8526
e7b7d6df
ae230021
b7b97807
85a24625
f0ef8526
e7b7d59f
ae230021
bf2d7807
85a24629
f0ef8526
b73dd45f
75e34711
0713f327
61e30200
e737f327
27030021
0be379c7
5714f007
f08698e3
95e35354
5f14f0f6
d1e35b5c
5f1cf0f6
ee07cee3
5b5c1971
8f955f14
0127f763
03472903
09335f1c
574840f9
864a5f1c
953e004c
715010ef
0021e7b7
79c7a503
993e5d1c
03252c23
595c5d18
ecf740e3
20ef0521
e7b748b0
ae230021
b57d7807
ce061101
ca26cc22
c64ec84a
a4036785
a9031107
a8231147
74331087
77930089
c39d1004
a4836785
79fd6507
0134f9b3
02099363
e4b3ec85
c4990134
a8236785
47056407
50e7a023
20047793
7413eb85
84a2cff4
85cea091
0021e537
27050513
c93ff0ef
17fd6785
b7e98cfd
e53785a6
05130021
f0ef2705
bf75df1f
e5374581
05130021
f0ef2705
b7d1c07f
97b34785
c7930137
8c7dfff7
8522cc29
890f10ef
02000793
40a78533
fff50993
0793057d
ede303f0
c737fca7
17930021
07130035
97ba2907
d3f943dc
00212737
b4070713
fae78ee3
0021c737
0713050e
953a2907
97824108
97b34785
c7930137
8cfdfff7
e881bf71
446240f2
494244d2
610549b2
c7938082
f933fff4
67850127
1127aa23
10ef8526
bff938c0
67058d6d
10a72823
100177f3
26838b89
c5931147
8df5fff5
2a238dc9
a7f310b7
80821007
000407b7
1207a783
0ff7f793
8c634705
071300e7
86630f00
478100e7
4501c799
47858082
4785bfe5
556dbfd5
07b78082
a5030004
75131207
15410ff5
00153513
11418082
85aac606
f0ef4508
4501cf8f
014140b2
11418082
07b7c606
a7030004
a8231107
f53710e7
05130021
05213245
2d1020ef
014140b2
11418082
85aac606
e5374601
05130021
f0ef6505
40b2e3ef
80820141
c6061141
df6ff0ef
014140b2
28238082
07130005
515c0345
2783c398
078a0945
c31c5558
09452703
c398591c
000627b7
05500713
12e7a823
1207a783
0ff7f793
8c634741
071300e7
86630f00
478100e7
4501c799
47858082
4785bfe5
5549bfd5
77fd8082
f7b7953e
3533000f
808200f5
000627b7
1207a783
0ff7f793
0f000713
00e78c63
08000713
00e78663
45134501
80820015
bfe54505
bfd54505
000627b7
1207a783
0ff7f793
0f000713
00e79463
80824501
8082556d
000627b7
30078713
8713d158
d5183047
30878713
8793d558
d91c30c7
a8394701
00271793
078a97ba
04078793
079197aa
00c70693
96aa068a
0705c2dc
f1e3478d
8082fee7
c6061141
450885aa
baaff0ef
40b24501
80820141
c6061141
000627b7
1107a703
10e7a823
0021f537
34850513
20ef0521
40b21830
80820141
0035f793
14079763
d6067179
d226d422
ce4ed04a
ca56cc52
c65ec85a
84aac462
89b2892e
8c3a8436
00367793
12079563
0036f793
12079363
f263478d
07b712d7
17f10004
10d7ef63
f0ef8532
8aaaee5f
f0ef854a
8a2aeddf
000a8463
10051563
0004ab83
f0ef855e
8b2ab8af
87936791
7c33c007
27b700fc
a7830006
f7931207
47050ff7
02e78763
85da546d
f0ef855e
85a2ba8f
f0ef8526
50b2e06f
54925422
49f25902
4ad24a62
4bb24b42
61454c22
06138082
45810500
04448513
373010ef
040a8a63
102c6c13
0584a223
0524aa23
25098793
8009c8bc
ea33c4e0
7a13014a
04630ffa
07b7020a
87930003
ccbc1017
040a8e63
10098913
0524ae23
87936799
d0bca067
aa234789
852608f4
dcfff0ef
bfa5842a
000a0c63
102c6c13
0584a223
29090793
a823c8fc
b7750534
000307b7
10278793
00fc6c33
0584a223
0534a823
0524aa23
aa234785
b77108f4
10090913
5529b765
55298082
5529b789
5529bf3d
5529bf2d
5529bf1d
1141bf0d
4701c606
e91ff0ef
014140b2
11018082
cc22ce06
c84aca26
c452c64e
c05ac256
89ae842a
89368ab2
2a038b3a
85520005
a54ff0ef
27b784aa
a7830006
f7931207
45050ff7
02a78563
85a6596d
f0ef8552
85caa7cf
f0ef8522
40f2cdaf
44d24462
49b24942
4a924a22
61054b02
06138082
45810500
04440513
24b010ef
000307b7
10178793
0763c07c
47b7000b
87930003
c07c1017
05542423
05342623
05642823
05242a23
2a234785
852208f4
cc3ff0ef
bf61892a
c6061141
46814701
f53ff0ef
014140b2
11418082
85aac606
e5374601
05130021
f0ef6985
40b2abef
80820141
c6061141
a76ff0ef
014140b2
511c8082
c3998b85
80824501
c6061141
bbeff0ef
014140b2
45018082
07378082
07b70006
17fd4000
30f72223
45018082
07b78082
37370007
a0233b04
073730e7
a2230308
073730e7
a4231f09
373730e7
a6233904
073730e7
a8230108
073730e7
aa231d09
373730e7
ac233804
073730e7
ae230008
073730e7
a0231c09
808232e7
2223515c
07370205
27030005
77131207
06930ff7
1e630f00
cf9502d7
07134b94
84630ff0
450100e6
86138082
470102c7
67d1a821
08478793
078a97ba
00271693
439c96b2
0705c29c
f4e3479d
4501fee7
556d8082
55298082
07b78082
a7830005
f7931207
47410ff7
00e78a63
0f100713
00e78463
80824501
80824505
80824505
80824501
c6061141
450885aa
816ff0ef
40b24501
80820141
c6061141
000507b7
1107a703
10e7a823
0021f537
3e050513
20ef0521
40b25ee0
80820141
12052503
01255793
03f7f793
5793c19c
c21c01a5
0ff57513
07b78082
d15c0002
80824501
80824501
de067139
da26dc22
d64ed84a
d256d452
ce5ed05a
ca66cc62
8b3ec86a
00377793
1a079a63
84ae892a
8ab68432
77938a3a
c3990036
1a0b0263
0c63eb81
4791000b
0087eb63
a0114b81
89634b81
1471020b
4b81a035
4b85bfdd
0c37bfcd
1c710004
864a86e2
854e85a6
d47ff0ef
e1218caa
f0ef854e
94e2e1ff
41840433
0ff00793
0487fa63
f0ef4505
89aadf1f
14050863
10090d13
87936799
20232067
07b710f9
17f10004
fa87ebe3
ffc47c13
854ebf55
de1ff0ef
f0ef4505
842adc1f
12050163
6599866a
a0658593
d9dff0ef
f0ef8522
a231dc3f
89936989
478d7109
0487f263
04098063
003019fd
854a006c
eedff0ef
08000793
10f50463
ef9947b2
7ee3460d
4832fc86
fc080be3
c642187d
28234090
147124c9
b7dd0491
89936989
bff97109
0f305063
040b0863
000b8363
47850411
008797b3
674117fd
20238fd9
698914f9
71098993
19fd87ce
0030c785
854a006c
e89ff0ef
08000793
0af50663
06400793
fef512e3
dff947b2
4080c011
24892823
09305c63
04136409
a0217104
f763478d
87a20547
c3b9147d
006c0030
f0ef854a
0793e4bf
0b630800
478506f5
02f50863
04100793
02f50463
06000793
02f50063
f5e3478d
47a2fd47
17fdd3f1
2783c43e
a0232909
1a7100fa
b7dd0a91
04805263
a0314c81
a0215ca9
a0115ca9
85665cf9
546250f2
594254d2
5a2259b2
5b025a92
4c624bf2
4d424cd2
80826121
b7c55ced
bff15c81
bfe15ced
bfd15c81
bfc15ced
b7f15c81
c6061141
450885aa
da3fe0ef
40b24501
80820141
ce061101
ca26cc22
c64ec84a
c256c452
7793c05a
ebcd0036
89ae842a
893684b2
00052b03
e0ef855a
8a2ade7f
02442a83
02042423
02040623
8b91501c
c485c781
a8a15929
133aa823
e793cc99
a8230019
478512fa
46814701
85a6864a
f0ef8556
892ad7bf
c8a9e91d
06136609
05937106
85130410
e0ef120a
892ac77f
e993ed19
a8230059
6609133a
71060613
06000593
120a8513
c59fe0ef
85d2892a
e0ef855a
854adb5f
446240f2
494244d2
4a2249b2
4b024a92
80826105
8b91501c
e993f7d5
a8230039
b7c1133a
bfe15929
ce061101
ca26cc22
c64ec84a
c9a1c452
84ae842a
f7938932
e7a10035
00052a03
e0ef8552
89aad1ff
47014781
864a4681
504885a6
cd9ff0ef
e50984aa
99325410
03242423
855285ce
d3ffe0ef
40f28526
44d24462
49b24942
61054a22
54a98082
54a9b7f5
7179b7e5
d422d606
d04ad226
cc52ce4e
c85aca56
c462c65e
8c63c266
84aa1206
8a328b2e
89ba8936
12070763
0035f793
12079563
0036fa93
120a9363
4783c609
906302c5
ac831207
85660004
c91fe0ef
ac038baa
24030244
6785130c
f0078793
c7838c7d
c79302c4
a7030017
86ca0009
85da8652
f0ef8562
892ac33f
5490ed39
a4239a32
07930344
08635000
e8630af4
07930687
05632000
f0630af4
07930287
02633000
07930af4
1f634000
27b700f4
01630002
4af108fc
d875a801
10000793
00f41463
02000a93
0009a783
00faf463
0159a023
86234785
85de02f4
e0ef8566
854ac45f
542250b2
59025492
4a6249f2
4b424ad2
4c224bb2
61454c92
07938082
c7a98004
87936785
fa638007
67850087
90078793
faf41ae3
04000a93
0793b775
06e36000
0793f8f4
1fe37000
0a93f8f4
bf590200
04000a93
0a93bf41
b7690200
03000a93
0a93b751
bfbd0400
03000a93
5929bfa5
5929b779
5929b769
5929b759
5929b749
1141bfbd
85aac606
e5374601
05130021
e0ef6b05
40b2c77f
80820141
c6061141
c2ffe0ef
014140b2
11018082
cc22ce06
c84aca26
c452c64e
0035f793
842eefb5
84b689b2
00052a03
e0ef8552
892ab2ff
e0ef4509
6509909f
30852023
12952823
051345c1
e0ef1205
842a97ff
02054463
08000793
00f50d63
08100793
00f50b63
a7836789
a0233047
440100f9
547da021
546da011
07136789
a8230ff0
85ca12e7
e0ef8552
8522b1df
446240f2
494244d2
4a2249b2
80826105
b7f55429
ce061101
ca26cc22
c64ec84a
c256c452
0035f793
842eefbd
893689b2
2a8384ba
85560005
a99fe0ef
45098a2a
873fe0ef
20236509
22233085
24233135
28233125
45c11295
12050513
8e1fe0ef
4b63842a
07930005
0a630800
079302f5
18630810
546d02f5
07136789
a8230ff0
85d212e7
e0ef8556
8522a91f
446240f2
494244d2
4a2249b2
61054a92
547d8082
4401bfe1
5429bfd1
1141b7cd
85aac606
e0ef4508
45019a9f
014140b2
11418082
4691c606
ebfff0ef
014140b2
11418082
4715c606
f41ff0ef
014140b2
11018082
cc22ce06
c84aca26
84ae892a
00708432
f0ef4581
ed09fcdf
c4094632
00167793
00f40023
6613cc81
47b20016
00c79a63
446240f2
494244d2
80826105
b7f59a79
458156fd
f0ef854a
b7ddfa9f
c6061141
45814601
0021e537
6bc50513
aa5fe0ef
014140b2
11418082
e0efc606
40b2a5df
80820141
a5036791
75131207
15410ff5
00153513
11418082
85aac606
e0ef4508
45018edf
014140b2
67918082
1207a783
0ff7f793
0f000713
00e78e63
0f300713
00e78863
cb894781
d6067179
a0254701
bfd54785
bfc54785
8082556d
87936785
97ba0a47
4394078a
00271793
97b21010
fed7a023
479d0705
fee7f2e3
858a5550
10ef5508
45010f20
614550b2
11418082
6511c606
0ff00793
12f52823
3e800613
05134581
e0ef1205
40b2fbaf
80820141
c6061141
842ac422
07136761
46956a07
0021d637
16c60613
0ff00593
05136511
e0ef1205
4763f30f
07930205
05630f00
079302f5
03630f30
478502f5
00f50363
c7a54781
a8236791
a4371287
04130007
a8111204
b7f54781
b7e54785
b7d54785
495010ef
4e63147d
67910004
1207a783
0ff7f793
96634741
10ef00e7
d17d5450
6791b7c5
1207a503
0ff57513
006347c1
079302f5
0e630f00
079300f5
0c630f30
40b200f5
01414422
556d8082
5541bfdd
4501bfcd
4501b7fd
1141b7ed
f0efc606
40b2f43f
80820141
c6061141
842ac422
ef91515c
f0ef4515
2223fe5f
24230204
26230204
40b20204
01414422
45118082
dc2fe0ef
1141b7c5
c422c606
84aac226
450d842e
fb7ff0ef
d0c0cc31
07136761
46956a07
0021d637
16c60613
0ff00593
05136511
e0ef1205
4763e2cf
07930205
05630f00
079302f5
03630f30
478502f5
00f50363
c38d4781
e97ff0ef
40b24501
44924422
80820141
b7f54781
b7e54785
b7d54785
b7e54501
b7d5556d
c6061141
450885aa
ee6fe0ef
40b24501
80820141
80824501
05a00793
02f50663
07b70542
8d7d00ff
40c007b3
674107a2
8ff9177d
05b38d5d
f59340b0
8d4d0ff5
a6236785
808250a7
bfd94501
c6061141
fc9ff0ef
100177f3
10500073
1141bff5
67adc606
1207a783
672dcfa5
12f72023
12f72423
02000713
02f76363
6d63c7b1
078a00f7
0021d737
1b070713
439c97ba
05138782
a8290700
05a00513
0713a811
89630400
071302e7
98630800
452102e7
55815671
f99ff0ef
05200513
4509bfd5
0513bfc5
b7ed0740
05a00513
0513b7d5
bff90400
05000513
0513bfe1
bfc905a0
67adcd11
12a7a423
34102773
12e7a623
55ed5671
05a00513
f55ff0ef
55ed5649
05a00513
f49ff0ef
80824541
95334785
157d00a7
07b78082
8d7d0007
000407b7
04f50663
02a7e463
000207b7
04f50263
00a7f863
000307b7
04f51263
80824535
67c1c915
02f51a63
8082453d
000607b7
02f50863
000707b7
00f51463
80824511
000507b7
02f51063
80824521
80824531
80824539
80824541
8082557d
8082557d
80824519
8082557d
80824501
c6061141
450885aa
d5afe0ef
56634781
450100f0
014140b2
07138082
86b302c0
f73702e7
07130021
97364b07
0021d6b7
26068693
0785d354
1141bfd9
c422c606
84aac226
a0314401
a835853e
1b1010ef
47b70405
8793000f
e26323f7
27b70287
a7830005
f7931207
8d630ff7
071300f4
8be30800
10effce7
d9792510
0513bfc1
a011fc40
40b24501
44924422
80820141
c6061141
c226c422
842e84aa
f0ef8532
e111f9df
40b2c004
44924422
80820141
c6061141
450885aa
caafe0ef
40b24501
80820141
d6067179
d226d422
ce4ed04a
ca56cc52
c65ec85a
10058f63
499c842e
10078d63
799345d8
9a6300f7
67851009
e86317c1
290310e7
854a0005
cdcfe0ef
460584aa
000525b7
20058593
f0ef4008
c505f83f
85a6546d
e0ef854a
4463d04f
85220e80
542250b2
59025492
4a6249f2
4b424ad2
61454bb2
46058082
000525b7
20458593
f0ef4048
c119f4bf
b7e1546d
46054408
000525b7
20858593
f0ef893d
c119f33f
bf45546d
00c42a03
004a5a13
25b74605
85930005
85521405
f15ff0ef
2a83e92d
8b4e0104
0613a80d
25b70200
85930005
45051305
ef9ff0ef
fd25842a
02630b05
0513054b
f0ef0200
842ae91f
27b7f13d
ab030005
766320c7
8bce034b
e4e3478d
65d5fd77
88458593
061395de
058a0200
000aa503
eb9ff0ef
fd05842a
0a910b85
0513bff1
f0ef0f00
842ae51f
546db71d
5429b70d
5429b72d
5429b71d
5429b70d
546dbf39
1141bf29
4601c606
e5374581
05130021
e0ef6d45
40b2ccef
80820141
c6061141
c86fe0ef
014140b2
f7938082
e39d3005
0021e7b7
5f07a783
00b7f733
00b71e63
fff5c713
e7378ff9
28230021
d14c5ef7
80824501
80825529
80825541
35135548
80820015
c399591c
c3985558
02052623
80824501
c6061141
7473c422
88091001
0021e7b7
7a878793
8d394398
8d398d6d
e7b7c388
a5830021
e0ef7a47
2473d5bf
45011004
442240b2
80820141
c6061141
c226c422
74f3842a
88891001
4501514c
fb5ff0ef
1004a4f3
e7b75054
87930021
43985f07
c3988f55
02042623
02042423
02042223
02042823
442240b2
01414492
11418082
c422c606
842ac226
e7b74504
a2230021
47817a07
4685a821
00f69633
0021e737
7a470713
8ed14314
0785c314
6763477d
871302f7
4685ff87
fee6f9e3
02078693
0021c737
0713068e
97362907
27374354
07130021
9ae3b407
bf75fce6
0021e7b7
7a47a583
0021e7b7
5eb7a823
e0ef4501
85a2c93f
e0ef8526
45019f0f
442240b2
01414492
11418082
c422c606
842ac226
50634481
44130290
e7b7fff4
87930021
43887a87
c3808c69
442240b2
01414492
07938082
87330340
f7b702f4
87930021
97ba5007
8fe1579c
0713cf85
86b30340
f73702e4
07130021
97365007
8fd55754
e38dd75c
fff44713
03400793
02f486b3
0021f7b7
50078793
579497b6
d7988f75
bf410485
00870513
75c010ef
7793bfe1
e7990035
99f1058d
95aa15f1
0005a023
11418082
c422c606
c04ac226
892e84aa
85b28432
fdbff0ef
85ca8622
00ef8526
40b21930
44924422
01414902
11018082
cc22ce06
c84aca26
892ac64e
84b2842e
67b3e685
8fc50089
0037f713
9426e315
1471cca9
00490993
f0ef4008
2023bd7e
14f100a9
b7ed894e
f0ef85b2
bfd1f85f
e3858b85
c8959426
57831479
07a20004
00045703
8fd98321
00f91023
090914f9
9426b7dd
fff48793
147dc889
00044703
00e90023
84be0905
40f2b7f5
44d24462
49b24942
80826105
000307b7
00100737
20e7a023
2007a023
11418082
0021d7b7
8f878793
479843d4
c23647dc
c63ec43a
000307b7
11111737
11170713
24e7a823
aa234712
472224e7
24e7ac23
ae234732
470524e7
20e7ae23
01414501
e7b78082
a5030021
75137ac7
35130555
80820015
80824501
c6061141
45816609
00200537
00050513
0c7000ef
014140b2
11418082
85aac606
e0ef4508
e7b7800f
a6230021
45017a07
014140b2
11418082
07b7c606
a6030003
ac232187
e73720c7
07130021
43147ac7
c3148ed1
1107a703
10e7a823
0021f537
c4850513
10ef0521
40b25ba0
80820141
20700793
0aa7e663
20200793
04f57363
f7634795
079302a7
e7631070
079318a7
65631020
051308f5
4795efe5
04a7ec63
e7b7050a
87930021
953ef007
8782411c
8082e521
0021d537
37050513
45018082
05138082
4795dfe5
00a7ef63
e7b7050a
87930021
953ef187
8782411c
0021d537
7f850513
45018082
d5378082
05130021
80824305
80824501
ef634795
050a00a7
0021e7b7
f3078793
411c953e
d5378782
05130021
80822b05
80824501
80824501
30000793
0ef50c63
0ef56f63
800007b7
ec6307cd
07b70ea7
079d8000
02f56263
800007b7
ff97c793
47b1953e
f6a7e9e3
e7b7050a
87930021
953ef487
8782411c
80824501
0021d537
33050513
d5378082
05130021
80823b05
0021d537
3f050513
d5378082
05130021
80824b05
0021d537
4f050513
d5378082
05130021
80825305
0021d537
57050513
e5378082
05130021
80829b05
0021e537
ab050513
e5378082
05130021
8082be05
0021e537
d4050513
d5378082
05130021
80827385
0021d537
7b850513
d5378082
05130021
80826505
0021d537
77850513
e5378082
05130021
80828c85
0021d537
47050513
d5378082
05130021
80822f05
80824501
0021d537
5b050513
45018082
45018082
d7b78082
87930021
05633f07
414800f5
8082050a
04200513
07b78082
a5030003
57932207
8bbd0085
82634711
472102e7
00e78f63
000307b7
2207a703
1207a783
0ff7f793
84634685
450104d7
11418082
f0efc606
07b7d17f
a7030003
a7832207
f7931207
46850ff7
00d78663
40b24501
80820141
00875793
e7918bbd
8b3d8311
4505e709
4501b7ed
4501b7dd
5793b7cd
8bbd0087
8311e791
e7098b3d
80824505
80824501
80824501
c6061141
86cfe0ef
014140b2
d50c8082
2823d550
e7b70005
87930021
43987ac7
faa77713
07b7c398
a4230003
450128b7
41dc8082
67410785
8ff91779
02a78533
7ff00793
00a7e963
07b7050a
87930020
953e0007
45018082
11418082
c422c606
c04ac226
842e84aa
ef3ff0ef
1793892a
97a20014
00379713
0021e7b7
f8878793
438897ba
1e6357fd
179308f5
97a20014
00379713
0021e7b7
f8878793
43c897ba
186357fd
179308f5
97a20014
00379713
0021e7b7
f8878793
478897ba
126357fd
179308f5
97a20014
00379713
0021e7b7
f8878793
47c897ba
1c6357fd
179306f5
97a20014
00379713
0021e7b7
f8878793
4b8897ba
166357fd
159306f5
942e0014
00341593
0021e437
f8840413
4848942e
106357fd
40b206f5
44924422
01414902
85a68082
f0fff0ef
548c864a
adfff0ef
85a6bfa9
effff0ef
54cc864a
acfff0ef
85a6b79d
eefff0ef
588c864a
abfff0ef
85a6bf8d
edfff0ef
508c864a
aafff0ef
85a6bfbd
ecfff0ef
4ccc864a
a9fff0ef
85a6b769
ebfff0ef
50cc864a
a8fff0ef
7179bf59
d422d606
d04ad226
cc52ce4e
c85aca56
892ac65e
000307b7
2207a503
00855793
47118bbd
02e78263
8f634721
4b8100e7
03090b13
03092503
f0efcd01
8aaad9df
03490413
a0254481
af5ff0ef
b7cd5ba9
b7fd4a81
03092583
f0ef4408
85aae55f
86524681
f0ef854e
0485a4df
8a630441
478d020a
0297e763
00042983
fe0987e3
00442a03
000a1363
445c8a56
2583f7e1
44080309
e1bff0ef
865285aa
2e59854e
0613b7e9
45810440
2ed1855a
48014781
02f92423
03092623
50b2855e
54925422
49f25902
4ad24a62
4bb24b42
80826145
c6061141
f2bff0ef
014140b2
76138082
c1100ff6
47854998
00f70a63
078541dc
07a28385
c1108e5d
80824505
08066613
49d8c110
00f70463
8082557d
07a24d9c
67a18e5d
c1108e5d
80824501
de067139
da26dc22
d64ed84a
d256d452
ce5ed05a
84ae842a
8ab689b2
2b038a3a
855a0005
b01fd0ef
f0ef892a
c171ca9f
f0ef8526
8baac89f
0021d7b7
73878793
0af48063
0021d7b7
7b878793
08f48a63
450d85a6
d3fff0ef
865e4685
f0ef85ce
4605939f
006885a6
f5bff0ef
046357fd
478508f5
00f51e63
0204a983
06098f63
453585a6
d0fff0ef
85ce865e
8dfff0ef
04400613
05134581
24e10304
2a23d804
478d0354
2223dc5c
47910544
45b2c47c
85224601
cbbff0ef
85ca84aa
d0ef855a
85a6aadf
f0ef8522
50f2c9bf
54d25462
59b25942
5a925a22
4bf25b02
80826121
450d85a6
cafff0ef
85ce865e
87fff0ef
54edbf8d
44d9b7d9
44d9b7c9
4501bf7d
736341dc
179302f5
88330025
280300f6
08b30008
a88300f6
97ba0008
01184833
0107a023
bfe90505
80824501
12058d63
de067139
da26dc22
d64ed84a
d256d452
ce5ed05a
ca66cc62
84aac86a
8cb2842e
8b3a8bb6
8ac2893e
2c038d46
85620005
9c5fd0ef
f0ef8a2a
e905b6df
85d2546d
d0ef8562
85a29f9f
f0ef8526
50f2be7f
54d25462
59b25942
5a925a22
4bf25b02
4cd24c62
61214d42
85228082
b1fff0ef
85a289aa
f0ef4501
4685bedf
85e6864e
fe6ff0ef
450585a2
bdbff0ef
864e4685
f0ef85de
0663fd4f
f5630009
894e0129
894ea011
450985a2
bbbff0ef
4581864e
85a22249
f0ef4509
4685badf
85da864a
fa6ff0ef
450d85a2
b9bff0ef
864e4685
f0ef85d6
85a2f94f
f0ef4511
4685b89f
85ea864e
f82ff0ef
e399485c
cf8d481c
85a24601
f0ef0068
57fdd9df
02f50b63
04400613
85134581
22250304
4786d880
4789d8dc
4785dcdc
45b2c0bc
85264601
b1fff0ef
bf21842a
85224585
b5fff0ef
5429b7c1
5529b729
11418082
85aac606
e5374601
05130021
d0ef6e05
40b29bbf
80820141
c6061141
973fd0ef
014140b2
c5158082
c6061141
842ac422
5558551c
e7918fd9
40b24501
01414422
d0ef8082
4781aadf
d41c4801
03042623
5529b7ed
11418082
0713c606
c9580145
c0efcd18
40b2cf7f
80820141
c6061141
e437c422
04130021
e7b77344
87930021
77637347
852200f4
fcfff0ef
b7f50471
40b24501
01414422
11418082
2229c606
c11c47b1
40b24501
80820141
00b547b3
c3998b8d
a83587aa
f71387aa
cf190037
c703ca15
80230005
167d00e7
07850585
4198b7ed
1671c398
07910591
6ae3470d
a801fec7
0005c703
00e78023
0585167d
fa6d0785
f6938082
87aa0ff5
0037f713
ca15c719
00d78023
0785167d
f593bfc5
97130ff5
8f4d0085
01071593
470d8dd9
00c77a63
1671c38c
bfd50791
00d78023
0785167d
8082fe65
8082557d
0021e7b7
5ea7aa23
488d8082
00000073
48958082
00000073
11418082
c422c606
84aac226
00251713
0021e7b7
01478793
438097ba
2223a021
04310004
00148793
00279713
0021e7b7
01478793
439c97ba
00f47963
d3e5401c
852243dc
dd719782
40b2bfd9
44924422
80820141
0021f7b7
61478793
05134788
80820645
ce061101
842acc22
0021e7b7
02878793
4785c23e
48bdc03e
47814801
66b74701
86930021
061337c6
00ef2000
478355d0
9bed00d4
00f406a3
446240f2
80826105
ce061101
ca26cc22
06234485
06a30095
00ef0095
f7b72b10
f5370021
04130021
87935a45
d3806147
0021e7b7
03078793
c026c23e
480148b9
47014781
002156b7
20068693
f5b76621
85930021
05137005
00ef5a45
47834f50
f79300d4
06a30fb7
8bed00f4
f7b7eb99
87930021
4f9c5a47
4781c399
4785a021
4781a011
f537ef9d
04930021
75b75345
85930022
05137005
f0ef5345
f437f2ff
04130021
c4446144
6b3000ef
0021f7b7
62c78793
cc5ccc1c
446240f2
610544d2
f5378082
05130021
2b095a45
1141bf6d
7573c606
89091001
fd5ee0ef
c6061141
0021e537
77050613
0021f7b7
70078793
40c78633
05134581
f0ef7705
40b2e0df
80820141
c6061141
f0ef4509
e537e5df
05130021
c0ef0385
450df83f
e4bff0ef
4af000ef
bc2fc0ef
0021f7b7
5a478793
00c7c703
86239b79
678500e7
50c7a583
0ff5f513
0533cd11
81a140a0
0ff5f593
05b34601
f0ef40b0
40b2e09f
80820141
b7e55549
de867119
f437dca2
04130021
87b76144
87930022
c05c1007
fffef297
d9428293
10529073
07000613
850a4581
d77ff0ef
06a34785
242300f1
45010024
dc7ff0ef
f0ef4505
850adc1f
e5dff0ef
f1fff0ef
00b55363
c46385aa
852e0005
45018082
45088082
00e50783
00b79363
11418082
00efc606
40b27860
80820141
00052423
00052623
c148c108
11418082
c422c606
c04ac226
f7b7842a
87930021
47986147
00f74783
07a317fd
455c00f7
efbdeb9d
0021f737
61470713
07034718
c81800e7
c45c0785
0021f7b7
61478793
c41c479c
44812685
40b28526
44924422
01414902
84ae8082
f7374514
07130021
47186147
fae68fe3
8583cd95
050300e6
f0ef00e7
7973f53f
79131001
441c0029
00e78783
02f54363
862286a6
f53785ca
05130021
257d6145
ed0984aa
b76d2621
bf414818
54c12601
85aab745
f0ef8522
bfd9f29f
0463401c
480c02f4
8503c791
f0ef00e7
85aaf03f
100174f3
85228889
f07ff0ef
1004a4f3
54d524f1
480cb7b5
1141b7e5
c422c606
c04ac226
f7b7842a
87930021
47986147
00f74783
07a317fd
455c00f7
8b634705
17fd00e7
2c59c55c
442240b2
49024492
80820141
10017973
00297913
f0ef490c
8522eb1f
84aa2f2d
c905c408
00d54783
e7998bfd
c3994d1c
a0214781
a0114785
eb894781
10092973
0604a623
00e48783
bf55c81c
24798526
2623b7f5
29730004
b7551009
80824508
c6061141
888fd0ef
e7b7872a
a5030021
972a7b47
0021f7b7
61478793
4581cb98
4e5000ef
014140b2
07038082
878300e5
446300e5
450100f7
45058082
11418082
c422c606
c04ac226
84ae892a
74734781
88091001
f7b7ef85
87930021
a8236147
07930007
47290099
02e7c7b3
0021e737
7af72a23
0021e7b7
7a97a823
f85ff0ef
00247793
1007a7f3
b7e94785
442240b2
49024492
80820141
c6061141
c226c422
4781842a
100174f3
e38d8889
f0ef8522
85a2f4ff
47832859
9bf500d4
00f406a3
0024f793
1007a7f3
b7c54785
00042423
442240b2
01414492
f7b78082
a7830021
c7916147
0025f513
10052573
11418082
852ec606
c59ee0ef
014140b2
f7b78082
a7830021
c7896147
25738909
80821005
c6061141
c39ee0ef
014140b2
47818082
100176f3
e38d8a89
0021f7b7
61478793
47834798
17fd00f7
00f707a3
0026f793
1007a7f3
b7c54785
41d88082
c31c419c
c3d841d8
0005a023
0005a223
11418082
c422c606
842ac226
74f34781
88891001
8522e395
e89ff0ef
f0ef85a2
4783fd1f
9bf500d4
00f406a3
0024f793
1007a7f3
bff94785
00042423
01840513
305000ef
442240b2
01414492
87aa8082
83634108
808200a7
bff54501
c6061141
c226c422
f53784aa
05130021
05136145
f0ef0245
842afddf
ec85c51d
0021f7b7
61478793
47834798
8bfd00d7
5683e39d
079300e7
fe6307f0
f7b700d7
87930021
d3986147
f7b7a02d
87930021
47c06147
f7b7b7e9
87930021
479c6147
00878463
de5ff0ef
0021f7b7
61478793
40b2d380
44924422
80820141
c6061141
4781c422
10017473
e7858809
0021f7b7
61478793
47834798
078500f7
00f707a3
f0ef4505
7793f5ff
a7f30024
47851007
7573bfe9
89091001
e8fff0ef
442240b2
80820141
c6061141
c226c422
84aac04a
79734781
79131001
a0990029
c0dc405c
405cc080
c044c384
4401a831
f7b7a0a1
87930021
87136147
c0980247
c0d85798
d784c304
00d4c783
0407e793
00f486a3
f0ef4501
7793eeff
a7f30029
47851007
f7b7eb9d
87930021
53c06147
02478793
faf40de3
85a2dc4d
f0ef8526
fd59d39f
f7b7d45d
87930021
579c6147
faf401e3
f06d4000
40b2bf69
44924422
01414902
11418082
c422c606
c04ac226
0493842a
2783fe85
cb95ff05
79734781
79131001
a00d0029
f0ef8526
85a6cbff
e07ff0ef
ff544783
0aa39bf5
7793fef4
a7f30029
47851007
2823d3e5
4783fe04
f793ff54
0aa30eb7
8badfef4
401ce799
4781c399
4785a021
4781a011
40b2e799
44924422
01414902
85268082
eedff0ef
1101b7fd
cc22ce06
c84aca26
84aac64e
79734781
79131001
a8910029
c0dc405c
405cc080
c044c384
4401a831
f7b7a8b9
87930021
87136147
c0980247
c0d85798
d784c304
00d4c783
0407e793
00f486a3
0021f7b7
61478793
8d054788
00153513
dc5ff0ef
00297793
1007a7f3
ef9d4785
0021f437
61440413
02440993
854e85a6
d37ff0ef
02e35040
d055fb34
852685a2
c07ff0ef
dc41f541
0021f7b7
61478793
06e3579c
4000f8f4
b751f06d
446240f2
494244d2
610549b2
e7b78082
a7830021
cf857b47
0021f7b7
61478793
d683479c
071300e7
626307f0
868302d7
e73700e7
27030021
ca637b07
e73700e6
27030021
846361c7
4f9800e7
f7b7cb01
87930021
a8236147
80820007
0021f737
61470713
5a634b18
053300e5
f7b740a7
87930021
cb886147
11418082
853ec606
ed7ff0ef
b3dff0ef
014140b2
11418082
c422c606
842ac226
74f34781
88891001
85a2a83d
0021f537
61450513
02450513
c5bff0ef
00d44783
fbf7f793
00f406a3
0021f7b7
61478793
8d014788
00153513
ca9ff0ef
0024f793
1007a7f3
e7994785
00d44783
0407f793
bf65dfe1
442240b2
01414492
11018082
cc22ce06
c84aca26
84aac64e
89b2892e
f87ff0ef
00d4c783
0027e793
00f486a3
02090d63
0124a423
00092403
04890863
85a2cc09
f0ef8526
e915abdf
2703c419
04630049
400000e4
a023f465
27830124
c0dc0049
2223c384
57fd0099
02f99263
446240f2
494244d2
610549b2
405c8082
c080c0dc
c384405c
b7c5c044
bf4d4401
00998613
463349a9
06050336
002155b7
77658593
01848513
b7d92d25
c6061141
842ec422
863685b2
0021f7b7
61478793
f0ef4788
8522f4df
f5cee0ef
442240b2
80820141
ce061101
ca26cc22
c64ec84a
c256c452
8a2e892a
79f34781
f9931001
44010029
4405a821
4401a011
0723e015
f7930149
a7f30029
47851007
4783ebc9
8bfd00d9
2783f3fd
dff10189
bff94401
0021f4b7
61448493
02448a93
855685ca
af3ff0ef
01490723
806350c4
c0850754
854a85a6
9bfff0ef
c891ed15
0021f7b7
61478793
8463579c
408400f4
f7b7f0ed
87930021
87136147
20230247
579800e9
00e92223
01272023
0327a423
f0ef4505
b741b13f
222340dc
202300f9
40dc0099
0127a023
0124a223
4481b7d5
c809b74d
0021f7b7
61478793
c783479c
cb9100f7
446240f2
494244d2
4a2249b2
61054a92
75738082
89091001
a0fff0ef
1141b7d5
c422c606
c04ac226
4781892a
100174f3
44018889
854aeb99
a9bff0ef
f793842a
a7f30024
47851007
c80db7f5
74f34781
88891001
8522e395
8cdff0ef
f0ef85a2
4783a15f
9bf500d4
00f406a3
0024f793
1007a7f3
bff94785
00042423
0513c401
23990184
40b28522
44924422
01414902
11418082
f7b7c606
87930021
87136147
d3d80247
4581d798
f0ef4501
40b28bdf
80820141
ce061101
ca26cc22
c64ec84a
0021f7b7
61478793
e7b74798
a7830021
046361c7
478108f7
10017973
00297913
405ca82d
c080c0dc
c384405c
a831c044
a0994401
0021f7b7
61478793
02478713
5798c098
c304c0d8
4505d784
9d5ff0ef
00297793
1007a7f3
e3a14785
0021f437
61440413
02440993
854e440c
947ff0ef
50404404
fb340ee3
85a2dc55
f0ef8526
f145815f
f7b7d845
87930021
579c6147
faf402e3
f06d4000
7573bf71
89091001
d14ee0ef
446240f2
494244d2
610549b2
f7b78082
87930021
47886147
f7b78082
a7830021
ef916147
0021f7b7
61478793
d703479c
079300e7
e66307f0
450500e7
45018082
45018082
11418082
c422c606
84aac226
e6bff0ef
842ac90d
00d54783
e7998bfd
c3994d1c
a0214781
a0114785
eb814781
06042623
442240b2
01414492
85228082
9c1ff0ef
449cb7f5
8a6344d8
470500e7
c49c97ba
85134589
2bfd0104
4701bfe1
c50cbfc5
c108c550
0793c148
c91c0105
8082c95c
c6061141
7473c422
88091001
f87ff0ef
f53785a2
05130021
f0ef6405
40b2fd0f
01414422
77f38082
8b891001
c7194518
c518177d
1007a7f3
80824501
1141cd99
86aec606
85be862a
0021f537
64050513
c95ff0ef
014140b2
a7f38082
55411007
f7b78082
a5030021
35336147
808200a0
0021f7b7
61478793
c503479c
890500c7
11418082
c422c606
10017473
47838809
f71300d5
cb190047
0fb7f793
00f506a3
eb918bed
c7914d1c
a0394781
10042473
4785a821
4781a011
85a2ef81
0021f537
64050513
f26ff0ef
442240b2
80820141
8bdff0ef
1141b7dd
e591c606
fa7ff0ef
014140b2
05a58082
c6334629
060502c5
002155b7
77658593
2c390561
1101b7d5
cc22ce06
5302842a
b0efc01a
f7b7d3df
87930021
479c6147
d43c57bc
446240f2
80826105
c6061141
842ac422
c391513c
47839782
f71300d4
e71901f7
c3194c18
a0214701
a0114705
e3154701
e7858b89
c7814c1c
01840513
47832ca1
e79300d4
06a30087
40b200f4
01414422
85228082
a6fff0ef
8522b7dd
e30ff0ef
1101bfd1
cc22ce06
0021e437
73440413
0021e7b7
73478793
02f47763
c23e545c
c03e501c
01c42883
01842803
4818485c
44104454
4008404c
f4bff0ef
cfe0401c
03040413
f0efb7f1
e437e6cf
04130021
a0317344
f0ef4008
0413f05f
e7b70304
87930021
77637347
504c00f4
86e357fd
b7cdfef5
f54ff0ef
446240f2
80826105
00d50623
00c506a3
00b50723
000507a3
00052c23
00052e23
11418082
c422c606
10017473
f0ef8809
85a2f03f
f0ef850a
40b2dc0f
01414422
e7b78082
87930021
43885f87
00f50363
45018082
c919bff5
0021e737
5f870713
04634358
410800e5
45018082
11418082
c422c606
f0ef842a
c509fe1f
451c4418
c51c97ba
401c4058
4058c31c
2023c3d8
22230004
40b20004
01414422
e7b78082
a7830021
c3997b87
80824501
c6061141
cf8fc0ef
014140b2
11418082
c422c606
e7b7c226
c7830021
cf857bc7
f0ef54fd
842af75f
4504c901
fc7ff0ef
d7638c89
44810204
0021f7b7
61478793
c7814b9c
0097d363
852684be
442240b2
01414492
04b78082
c4938000
b7d1fff4
f0ef4404
8c89f91f
e7b7bfc1
87930021
c39c5f87
8082c3dc
c6061141
c226c422
842ac04a
84b2c54c
00c05863
79734781
79131001
a0350029
bfcd4485
40f707b3
415cc51c
c008c05c
c380415c
c91dc140
ee7ff0ef
04a40263
00297793
1007a7f3
e3a94785
f2fff0ef
c4089526
ecbff0ef
4518dd79
c3e3441c
8f99fce7
f0efc41c
b7fdecdf
0021e7b7
5f878793
43d8c01c
c300c058
bf6dc3c0
f17ff0ef
c0ef4581
bf5db40f
442240b2
49024492
80820141
c6061141
c226c422
4781842a
100174f3
55298889
8522a811
e9bff0ef
f7934501
a7f30024
47851007
401ce781
bfc5f7ed
442240b2
01414492
11418082
c422c606
74734781
88091001
eb89557d
eb3ff0ef
00247793
1007a7f3
bfc54785
442240b2
80820141
c6061141
c226c422
84aac04a
4781892e
10017473
a8198809
c7814785
c3634785
779302a7
a7f30024
47851007
f0efe38d
57fde6df
fef502e3
00a4d463
bff14785
bfe14781
852685ca
a82fc0ef
40b2bfd9
44924422
01414902
11418082
c422c606
842ac226
ee6ff0ef
100174f3
e7b78889
ac230021
f0ef7a87
842adadf
4510cd21
0021e7b7
7b87a683
04c6c663
0021e7b7
79078793
41f65813
43cc4398
00c70533
00e53733
972e95c2
c3d8c388
e7b78e91
ac230021
24237ad7
85220004
d93ff0ef
a4f38889
445c1004
97828522
100174f3
b7558889
441cc801
0021e737
7b872703
c41c8f99
0021e7b7
79078793
0021e637
7b860613
d5134214
439841f6
96ba43cc
00e6b733
972e95aa
c3d8c394
00062023
d8bff0ef
c0ef4581
88899b4f
1004a4f3
442240b2
01414492
11418082
c422c606
c04ac226
84ae842a
c3a5451c
0007a903
00078223
00d94783
cba18b89
02092703
0d6357f9
854a06f7
b02ff0ef
8e6347a1
478100f4
06f92623
00d94783
eb918bfd
01892703
4701c709
57f1a031
4705b7e5
4701a011
eb81cb19
01892783
4781c399
4785a021
4781a011
2423e795
44580004
00c75793
8fc58bfd
07b28bfd
16fd7685
8fd98f75
4501c45c
442240b2
49024492
80820141
f0ef854a
bfc1bb2f
b7ed5555
410887aa
02a78363
411c4158
4158c31c
2023c3d8
22230005
c9010005
c6061141
f3bff0ef
014140b2
80828082
c6061141
dd7ff0ef
c3634789
450500a7
f0ef4585
b0efdf3f
40b2e79f
80820141
c6061141
100177f3
fd9ff0ef
07b7bfe5
95be4000
8082c194
400007b7
418895be
11418082
c226c422
c04ac606
8732842e
ee0984b6
400005b7
00b47a63
c004942e
442240b2
49024492
80820141
800007b7
00f40633
008636b3
fff70593
f2ed96ae
ffe7c793
fcc7eee3
10000937
fff90793
458586a2
20000637
573050ef
7433197d
05b70124
bf5d6000
c4221141
c226c606
8732842e
06b7ee01
f9634000
943600d5
40b24008
44924422
80820141
800007b7
00f40633
008636b3
fff70593
e68596ae
ffe7c793
02c7e163
100004b7
879386a2
0637fff4
45852000
513050ef
8c6514fd
600006b7
4501bf6d
1101bf6d
ca26cc22
c64ec84a
c256c452
ce06c05a
842e8a2a
8ab684b2
59938b3e
49010027
01299c63
446240f2
494244d2
4a2249b2
4b024a92
80826105
00291793
439497d6
85a2875a
85528626
eefff0ef
00440793
0087b733
843e0905
b7d994ba
cc221101
c84aca26
c452c64e
c05ac256
8a2ace06
84b2842e
8b3e8ab6
00275993
9c634901
40f20129
44d24462
49b24942
4a924a22
61054b02
85a28082
86da8626
f0ef8552
1793efff
97d60029
0793c388
b7330044
09050087
94ba843e
6785b7d9
4087a503
40c7a583
80828082
c4221141
842e4601
1000a5b7
f0efc606
c008e57f
442240b2
01414501
47898082
7463c19c
450100f5
41988082
07060785
bfc5c198
ff958793
e6634691
478500f6
4501c11c
87938082
4719ff45
00f76463
b7fd4789
fed58793
6463462d
478d00f6
8793b7c5
464dfe15
00f66463
bfd1c114
fcd58793
e46346f5
479500f6
8793b7d1
0693faf5
e4630310
c11800f6
8593bf5d
0793f7d5
e4630450
479d00b7
67b9b755
ead78793
5575c11c
11418082
892ec04a
100065b7
05c1c422
46018432
c606c226
f0ef84aa
47c9da3f
0287eb63
86aa478d
e6635575
47090927
06e90863
08f90e63
0b634785
47b104f9
04f40463
0087eb63
01634791
47a104f4
09634505
557500f4
47c5a8b9
1c635575
451104f4
8ec99ae1
100065b7
460105c1
f0ef8526
65b7d41f
05c11000
85264601
d3dff0ef
a8054501
bfe94509
bfd94501
5575c401
03241163
04129abd
b7e98ec1
006347a5
47b502f4
00f40e63
55754795
09634901
40b200f4
44924422
01414902
49058082
f9f6f693
66b30916
bf6900d9
47bd1479
e0e35575
757dfe87
0ff50513
04228ee9
0713bf65
6c630460
110106b7
ca26cc22
c84ace06
84aa4705
55758432
04c74b63
0055d793
f9134709
458101f5
00f76a63
00279713
0021e7b7
16878793
438c97ba
85264601
f0efc62e
477dc93f
07b745b2
05638000
478500e9
012797b3
fff7c693
c0118ee9
8526843e
46018ec1
c63ff0ef
40f24501
44d24462
61054942
55758082
07938082
eb630450
110106b7
ca26cc22
c84ace06
84aa4785
55758432
04c7ca63
0055d713
f9134789
458101f5
00e7e963
0021e7b7
8793070a
97ba1747
4601438c
c62e8526
c15ff0ef
45b2477d
800007b7
00e90563
97b34785
c6930127
8ee9fff7
843ec011
8ec18526
f0ef4601
4501be5f
446240f2
494244d2
80826105
80825575
f06f4605
4601f01f
efbff06f
f06f4605
4601f75f
f6fff06f
e063478d
110108b7
c84acc22
ca26ce06
892a473d
55758432
04c76263
6f6384b6
470502d7
04e58263
83634709
966304e5
65b704f5
85931000
46010485
c62e854a
f0ef043a
8c29b7ff
04ba45b2
46b38c65
460100a4
f0ef854a
4501b61f
446240f2
494244d2
80826105
100065b7
b7f105b1
100065b7
04058593
65b7b7c9
05911000
5575bf6d
478d8082
0ec7e863
ca261101
ce06c64e
c84acc22
84aac452
557589b6
04d7eb63
842e4705
0e638a32
470904e6
10006937
04e60d63
04f61e63
04890913
460185ca
f0ef8526
1063afbf
9563060a
76f10409
8ee916fd
6591043a
8ec18c6d
460185ca
f0ef8526
85caad1f
85264601
ad1ff0ef
40f24501
44d24462
49b24942
61054a22
69378082
09311000
0913bf55
b77d0409
b76d0911
9f634785
76e100f9
8ee916fd
65a1043e
4785bf55
00fa1f63
fa0981e3
ff4985e3
91634789
76c102f9
8ee916fd
65c10442
4709bf51
00ea1f63
f80981e3
fcf985e3
ff4983e3
16fd7681
04468ee9
000205b7
84e3bf95
88e3f609
95e3faf9
b7e1fee9
80825575
e56347b9
110106b7
c64ecc22
ca26ce06
4985c84a
57f58432
04c9e263
01f5f913
100065b7
03458593
84aa4601
a19ff0ef
07b7477d
04638000
97b300e9
c6930129
8ee9fff7
4781e011
100065b7
85938edd
46010345
f0ef8526
47819e5f
446240f2
494244d2
853e49b2
80826105
853e57f5
46058082
f8dff06f
f06f4601
47b9f87f
06b7e563
cc221101
ce06c64e
c84aca26
84324985
e26357f5
f91304c9
65b701f5
85931000
46010305
f0ef84aa
477d99bf
800007b7
00e90463
012997b3
fff7c693
e0118ee9
65b74781
8edd1000
03058593
85264601
967ff0ef
40f24781
44d24462
49b24942
6105853e
57f58082
8082853e
f06f4605
4601f8df
f87ff06f
66b30642
65b700b6
11411000
04c58593
c6064601
92bff0ef
450140b2
80820141
c4221141
65b7842e
85931000
460106c5
c606c226
f0ef84aa
47a1913f
0687e563
479d147d
00156693
0087ec63
0021e7b7
06078793
943e040a
8782401c
00256693
100065b7
85938526
460106c5
8d3ff0ef
40b24501
44924422
80820141
00456693
6693b7c5
bfe90085
01056693
6693bfd1
b7f90205
04056693
6693b7e1
b7c90805
10056693
5575bf75
47b9b7e9
02a7e863
d5b7715d
c4a20021
03c00613
8593842a
0048a445
e0efc686
009cca6f
943e040a
fc442503
442640b6
80826161
80825575
e86347ad
713902a7
0021d5b7
0613dc22
842a0300
a8058593
de06850a
c70fe0ef
040a181c
2503943e
50f2fd04
61215462
55758082
47b98082
02b7e463
c4221141
65b7842e
85931000
46010305
f0efc606
40b281bf
00855533
89054422
80820141
80825575
873647b9
02b7e163
96b34785
478900b7
00b61633
00b7e363
65b78636
85931000
506f0385
557566a0
47b98082
04b7e563
c4221141
65b7842e
85931000
46010585
c226c606
f0ef84aa
4685fbef
9433041d
46930086
8ee9fff4
100065b7
8ec18526
05858593
f0ef4601
40b2f94f
44924422
01414501
55758082
47b98082
04b7e563
c4221141
65b7842e
85931000
46010585
c226c606
f0ef84aa
4585f6ef
9433041d
44130085
65b7fff4
76b31000
859300a4
85260585
f0ef4601
40b2f44f
44924422
01414501
55758082
47b98082
ec638732
468500b7
00b696b3
100065b7
85934601
506f0745
55755aa0
47b98082
ec638732
468500b7
00b696b3
100065b7
85938636
506f0785
557558a0
65b78082
11411000
07858593
c6064601
eecff0ef
814540b2
00154513
05338905
014140a0
65b78082
11411000
07858593
c6064601
ec8ff0ef
814940b2
00154513
05338905
014140a0
65b78082
11411000
07858593
c6064601
ea4ff0ef
814d40b2
00154513
05338905
014140a0
715d8082
d06adc52
c6868a3e
c2a6c4a2
de4ec0ca
d85ada56
d462d65e
ce6ed266
4d56478d
1eb7e863
471d8aba
1ec76463
03f00793
ef638c36
07931cd7
eb631ff0
47bd1d57
1d47e863
e56389c2
89461d07
1d17e263
ef6346c6
6d631ad7
47661ba7
1ae7ea63
fff58793
84aa4709
67638b2e
971318f7
e7b70027
87930021
97ba1807
0007ad83
0021e7b7
18c78793
ab8397ba
44010007
86a24c91
4585865a
04058526
ab7ff0ef
ff9419e3
460185de
f0ef8526
6c8dde2f
800c8693
85de8ec9
842a4601
f0ef8526
e7b7dc4f
a7830021
059360c7
0068001c
02b7d5b3
f88ff0ef
0b6357f5
85ee12f5
85264601
da8ff0ef
fc057693
0186ec33
869376e1
7c3303f6
969300dc
8ab7006a
1afdfff8
0186e6b3
0156f6b3
66b30a3e
0a3700da
1a7dff88
0146fa33
01399693
f88009b7
0146e6b3
f6b319fd
095e0136
00d96933
880006b7
793316fd
46b200d9
0d2247c6
81f47413
f6930696
64330ff6
8c5501a4
01b79693
0126e6b3
460185ee
f0ef8526
8693d20f
8ec181ec
460185de
f0ef8526
76f5d10f
7ff68693
e6938ee1
85de01e6
85264601
10006937
cf6ff0ef
02c90913
44094981
4a854a0d
864e85ca
f0ef8526
0163ceaf
0163068b
0b63074b
8141055b
d17d8905
49114401
86a247e6
d5b3865a
c5930087
8985fff5
04058526
983ff0ef
ff2414e3
40b64501
44964426
59f24906
5ad25a62
5bb25b42
5c925c22
4df25d02
80826161
10006bb7
6db70b91
b5711000
b77d8145
b76d8149
b75d814d
b7e15575
04600793
04c7eb63
c4221141
c606c226
00565693
842e4789
01f67493
e9634581
e73700d7
068a0021
16870713
430c9736
f0ef4601
477dc46f
800007b7
00e48563
17b34705
8fe90097
0097d7b3
c01c40b2
44924422
01414501
55758082
47b18082
0ab7ec63
c4221141
15fdc606
842a47ad
00b7ea63
0021e7b7
08078793
95be058a
8782419c
f0ef45c1
45c981bf
f0ef8522
40b2813f
45014422
80820141
f0ef45c5
45cd803f
4581b7e5
ff8ff0ef
bff945a1
f0ef4585
45a5feef
4589bfd1
fe4ff0ef
b7e945a9
f0ef458d
45adfdaf
4591b7c1
fd0ff0ef
bf5d45b1
f0ef4595
45b5fc6f
4599b775
fbcff0ef
b74d45b9
f0ef459d
45bdfb2f
45d1bf61
fa8ff0ef
b77945d9
f0ef45d5
45ddf9ef
0593b751
f0ef0400
0593f92f
bf9d0410
80825575
ec6347b1
11410ab7
c606c422
47ad15fd
ea63842a
e7b700b7
87930021
058a0b07
419c95be
45c18782
f62ff0ef
852245c9
f5aff0ef
442240b2
01414501
45c58082
f4aff0ef
b7e545cd
f0ef4581
45a1f40f
4585bff9
f36ff0ef
bfd145a5
f0ef4589
45a9f2cf
458db7e9
f22ff0ef
b7c145ad
f0ef4591
45b1f18f
4595bf5d
f0eff0ef
b77545b5
f0ef4599
45b9f04f
459db74d
efaff0ef
bf6145bd
f0ef45d1
45d9ef0f
45d5b779
ee6ff0ef
b75145dd
04000593
edaff0ef
04100593
5575bf9d
47a18082
02c7e963
c2261141
65b784ae
c4221000
07058593
46018432
f0efc606
40b2a82f
00855533
89054422
4492c088
01414501
55758082
47ad8082
06b7e463
57f54805
06c86163
c6061141
47a915fd
00b7eb63
0021e7b7
0e078793
95be058a
86aa419c
45b58782
873ff0ef
478140b2
0141853e
45b98082
b7fd8536
bfed458d
bfdd4591
bfcd4595
b7fd4599
b7ed459d
b7dd45a1
b7cd45a5
bff945a9
bfe945ad
bfd945b1
853e57f5
47ad8082
06b7e463
57f54805
06c86163
c6061141
47a915fd
00b7eb63
0021e7b7
10c78793
95be058a
86aa419c
45b58782
f84ff0ef
478140b2
0141853e
45b98082
b7fd8536
bfed458d
bfdd4591
bfcd4595
b7fd4599
b7ed459d
b7dd45a1
b7cd45a5
bff945a9
bfe945ad
bfd945b1
853e57f5
47b18082
0eb7e163
c4221141
c226c606
84324705
686357f5
15fd02c7
84aa47ad
00b7ea63
0021e7b7
13878793
95be058a
8782419c
f0ef45c1
8622cfcf
852645c9
cf2ff0ef
40b24781
44924422
0141853e
45c58082
cdeff0ef
45cd8622
4581b7cd
cd2ff0ef
45a18622
4585bfd9
cc6ff0ef
45a58622
4589b7e9
cbaff0ef
45a98622
458dbf7d
caeff0ef
45ad8622
4591bf4d
ca2ff0ef
45b18622
4595b75d
c96ff0ef
45b58622
4599bf69
c8aff0ef
45b98622
459db779
c7eff0ef
45bd8622
45d1b749
c72ff0ef
45d98622
45d5bf9d
c66ff0ef
45dd8622
0593b7ad
f0ef0400
8622c58f
04100593
57f5bfa9
8082853e
c2261141
c606c04a
84aac422
ce05892e
f0ef4601
842ae25f
85ca4601
f0ef8526
8c49e89f
460585ca
f0ef8526
8c49eedf
852685ca
d0dff0ef
8d4140b2
44924422
01414902
f0ef8082
85cac3df
4601842a
f0ef8526
85caec5f
46058c49
f0ef8526
8c49e49f
85ca4605
f0ef8526
b7e9dcdf
c2261141
c422c606
c18d84aa
02100593
c50ff0ef
0593842a
85260210
c3eff0ef
8d4140b2
44924422
80820141
02100593
c24ff0ef
0593842a
85260210
c2aff0ef
1141b7c5
c606c226
84aac422
0593c18d
f0ef0200
842ac0ef
02000593
f0ef8526
40b2bfcf
44228d41
01414492
05938082
f0ef0200
842abe2f
02000593
f0ef8526
b7c5be8f
c2261141
c422c606
c18d84aa
02300593
bccff0ef
0593842a
85260230
bbaff0ef
8d4140b2
44924422
80820141
02300593
ba0ff0ef
0593842a
85260230
ba6ff0ef
1141b7c5
c606c226
84aac422
0593c18d
f0ef0240
842ab8af
02400593
f0ef8526
40b2b78f
44228d41
01414492
05938082
f0ef0240
842ab5ef
02400593
f0ef8526
b7c5b64f
e563478d
27b702b7
87930400
11418217
c42295be
8432058a
c6064601
f09fe0ef
40b2c008
45014422
80820141
80825575
cc221101
c84aca26
c452c64e
892ace06
440189ae
4a114481
00241613
964e85a2
f0ef854a
0405faff
17e38cc9
40f2ff44
49424462
4a2249b2
44d28526
80826105
d6067179
d226d422
ce4ed04a
c202c002
c602c402
eb6347b9
84aa06b7
892e89b2
f0aff0ef
858a842a
f0ef8526
8c49f97f
852685ca
ea6ff0ef
858a8c49
f0ef8526
864ef83f
85ca8c49
f0ef8526
8c49f30f
8526858a
f6dff0ef
85ca864e
85268c49
f3aff0ef
85268c49
f76ff0ef
85268c49
f4aff0ef
85268c49
f8aff0ef
50b28d41
54925422
49f25902
80826145
bfc55575
d6067179
d226d422
84aad04a
ce4e892e
ca56cc52
8abe8a3a
c63689b2
cbaff0ef
842a46b2
85ca4601
f0ef8526
8c49df6f
852685ca
c24ff0ef
88638c49
8652000a
852685ce
f2dff0ef
50b28c49
54228522
59025492
4a6249f2
61454ad2
478d8082
0ab7ee63
ca261101
ce06c84a
47bdcc22
84b2892a
e7635575
879304c7
4709fff5
65b78436
6a631000
e73700f7
95930021
07930027
95be1807
4601418c
c62e854a
d85fe0ef
45b24789
816386aa
e16306f4
c89d0297
83634785
854a04f4
e0ef4601
4501d5df
446240f2
494244d2
80826105
94e3478d
07b7fef4
17fd8800
00f576b3
0537046e
a8017800
fff88537
8ee9157d
8537043e
8c690007
b7c18ec1
ff880537
8ee9157d
0537044e
b7f50078
f8800537
8ee9157d
0537045e
bff10780
80825575
6363470d
11410ac7
c606c226
c04ac422
57f584b6
02d76a63
842e4785
0c638932
478902f6
100065b7
02f60b63
02e61c63
04858593
e0ef4601
1c63ccff
e48d0209
89058139
4781c008
442240b2
49024492
0141853e
65b78082
05b11000
8593bfe1
bfc90405
b7f90591
9a634785
813d00f4
4785bfc9
00f91a63
8ae3d4e1
4789ff24
00f49c63
bf758141
19634709
d8cd00e9
fcf48fe3
ff2488e3
b7658145
88e3d0d5
9be3fcf4
bff9fee4
853e57f5
71798082
d606c462
d4228c3e
d04ad226
cc52ce4e
c85aca56
478dc65e
0ab7ee63
478915fd
8a3284aa
8bba8b36
89c68ac2
08b7ee63
0021ee37
00259313
180e0593
0021ee37
18ce0e13
9372959a
2903418c
46010003
e0ef8526
842ac03f
460185ca
e0ef8526
5793bf7f
8bbd00f4
00fb2023
01345793
a0238bbd
579300fb
8bbd0174
00fc2023
01b45793
a0238bbd
579300fa
8b9d0085
00fa2023
771357c2
801903f4
57d2c398
1ff47413
891d8115
0089a023
4501c388
542250b2
59025492
4a6249f2
4b424ad2
4c224bb2
80826145
10006937
65b70911
bfb51000
bfe95575
c6ce711d
89bece86
caa6cca2
c4d2c8ca
c0dac2d6
ee63478d
185c0eb7
181cc23e
02c10893
8ab68b32
08740830
c03e8a3a
105c1018
02810813
892a84ae
eebff0ef
04135832
45620320
08330805
54420288
dc02182c
54330405
e0ef0288
5862cddf
468147f2
07858626
854a186c
5833de02
57b30304
202302f8
578200fb
57b30785
a02302f8
579200fa
57b30785
202302f8
57a200fa
58330785
a02302f8
f0ef0109
5772ddbf
15634785
47e500f7
00fb2023
86264685
854a186c
dc1ff0ef
47855772
00f71563
a02347e5
468900fa
186c8626
f0ef854a
5772da7f
15634785
47e500f7
00fa2023
8626468d
854a186c
d8dff0ef
47855772
00f71563
a02347e5
40f600f9
44d64466
49b64946
4a964a26
61254b06
55758082
7119b7ed
181cdca2
08141018
842e860a
de864581
d8cadaa6
d6ce84aa
d2d6d4d2
ceded0da
cae6cce2
c6eec8ea
ec1ff0ef
1058185c
00500854
85264585
eb1ff0ef
1038183c
00300834
85264589
ea1ff0ef
1078187c
00700874
8526458d
e91ff0ef
100065b7
05c1892a
85264601
4d424d82
49d24a12
5c624ca2
4b724bb2
e0ef5ab2
77939ebf
eba90075
20235782
222301b4
242301a4
26230144
28230144
2a230134
2c230134
2e230194
20230184
22230374
24230364
50f60354
5466d45c
59b654d6
5a965a26
4bf65b06
4cd64c66
4db64d46
5946854a
80826109
94634705
579200e7
4709b76d
00e79463
b74557a2
bf7157f2
c2261141
c422c606
c98d84aa
f0ef4589
842a81cf
85264589
f95fe0ef
100065b7
46818c49
02058593
85264601
943fe0ef
852240b2
44924422
80820141
100065b7
007f46b7
85934601
e0ef0205
4589925f
e0ef8526
842af55f
85264589
fc9fe0ef
b7f98c49
c2261141
c422c606
c18d84aa
03d00593
d39fe0ef
0593842a
852603d0
d27fe0ef
8d4140b2
44924422
80820141
03d00593
d0dfe0ef
0593842a
852603d0
d13fe0ef
4705b7c5
986387aa
473d00e5
73634501
557500f7
45018082
470dfdf5
4709bfcd
966387aa
450100e5
5575c799
477da029
6ce34501
8082fef7
77b71101
c4521000
efff9a37
ca26cc22
c64ec84a
892ace06
04c78413
0a134481
8993fb4a
06b30cc7
85a20144
854a8626
863fe0ef
08040593
0085b633
46919626
e0ef854a
0593851f
b6331004
96260085
854a4685
83ffe0ef
18040593
0085b633
468d9626
e0ef854a
079382df
b7330044
94ba0087
98e3843e
f4d5fb37
446240f2
494244d2
4a2249b2
61054501
11018082
84aeca26
85b2c256
85268aaa
c84acc22
c452c64e
8a32ce06
893a8436
f1fff0ef
59f547dd
0087e363
07934981
69b337f0
ed630135
9b630527
1e630409
25b7020a
85930400
1693e615
95a60054
3e06f693
01f97913
e6b3058a
46010126
e0ef8556
40f2fa4f
44d24462
4a224942
854e4a92
610549b2
47858082
00fa1763
040025b7
e6558593
4681b7c9
bfc14581
bfd159f5
cc527179
ca568a2e
8aaa85b2
d4228552
ce4ed04a
c65ec85a
8bbec462
01f7fc13
d226d606
89368b32
f0ef843a
4785e81f
e36359f5
49810127
69b34789
54f50135
0287e463
856285a2
e7fff0ef
00a9e4b3
468de88d
02d906b3
875e0409
85d2865a
96a28556
f0bff0ef
542250b2
49f25902
4ad24a62
4bb24b42
85264c22
61455492
54f58082
1101b7d5
892ec84a
85b2c256
854a8aaa
c64eca26
c05ac452
cc22ce06
8a3689b2
00575b13
01f77493
dffff0ef
ec634785
842a0347
852685da
e0bff0ef
e4058c49
875a87a6
864e86d2
855685ca
f31ff0ef
852240f2
44d24462
49b24942
4a924a22
61054b02
54758082
1101b7e5
84aeca26
85b2c84a
8526892a
cc22ce06
c432c636
da7ff0ef
47fd4732
02e7e163
ed11842a
46814622
854a85a6
e53ff0ef
852240f2
44d24462
61054942
54758082
7179bfc5
84aed226
85b2ce4e
852689aa
ca56cc52
d422d606
8ab2d04a
f0ef8a36
47fdd5df
0747e663
e13d892a
040a9563
04400413
028484b3
10007437
43440413
008485b3
854e4601
e0efc62e
4785e02f
9a3345b2
66b30147
460100aa
e0ef854e
50b2de4f
54925422
4a6249f2
854a4ad2
61455902
47858082
95e34581
0413fcfa
84b30440
74370284
04131000
bf4d5444
bfc15975
ec634785
77b702b7
87931000
058a0207
95be1101
ce064601
c62ecc22
e0ef842a
45b2d9af
00256693
85224601
d82fe0ef
446240f2
61054501
55758082
47858082
02b7ec63
100077b7
02078793
1101058a
460195be
cc22ce06
842ac62e
d5cfe0ef
769345b2
4601ffd5
e0ef8522
40f2d44f
45014462
80826105
80825575
ec634785
87b702b7
87931000
058aa787
95be1101
ce064601
c62ecc22
e0ef842a
45b2d1ef
00256693
85224601
d06fe0ef
446240f2
61054501
55758082
47858082
02b7ec63
100087b7
a7878793
1101058a
460195be
cc22ce06
842ac62e
ce0fe0ef
769345b2
4601ffd5
e0ef8522
40f2cc8f
45014462
80826105
80825575
ec63479d
77b702b7
87931000
058a0287
95be1101
ce064601
c62ecc22
e0ef842a
45b2ca2f
00256693
85224601
c8afe0ef
446240f2
61054501
55758082
479d8082
02b7ec63
100077b7
02878793
1101058a
460195be
cc22ce06
842ac62e
c64fe0ef
769345b2
4601ffd5
e0ef8522
40f2c4cf
45014462
80826105
80825575
eb634785
717906d7
8937d04a
cc521000
a8090793
00369a13
ce4ed422
89b28436
460186ae
00fa05b3
d226d606
e0ef84aa
0593c0cf
86cea849
852695d2
e0ef4601
75b7bfcf
040a1000
02058593
460195a2
c62e8526
bf0fe0ef
669345b2
46010015
e0ef8526
50b2bd8f
54925422
49f25902
45014a62
80826145
80825575
e9634785
717906d7
8937d04a
cc521000
a9090793
00369a13
ce4ed422
89b28436
460186ae
00fa05b3
d226d606
e0ef84aa
0593b90f
86cea949
852695d2
e0ef4601
040ab80f
a7890593
460195a2
c62e8526
b78fe0ef
669345b2
46010015
e0ef8526
50b2b60f
54925422
49f25902
45014a62
80826145
80825575
e863479d
110104c7
c84acc22
00261413
10007937
460186ae
012405b3
ca26ce06
e0ef84aa
0593b24f
95a20289
85264601
e0efc62e
45b2b1ef
00156693
85264601
b06fe0ef
446240f2
494244d2
61054501
55758082
46ad8082
e863872e
114106b6
177dc606
85b246a9
00e6eb63
0021e6b7
8693070a
97361986
87aa4318
46818702
f0ef4601
40b2e8bf
01414501
46858082
bfc54601
853e4601
f69ff0ef
4605b7ed
4609bfdd
460dbfcd
4611b7fd
4615b7ed
4619b7dd
461db7cd
4681bff9
853e4601
ec9ff0ef
4685b7c9
5575bfd5
47fd8082
02b7e563
040027b7
c9378793
95be1141
058ac422
46018432
e0efc606
c008a66f
442240b2
01414501
55758082
47fd8082
02b7e563
040027b7
c3378793
95be1141
058ac422
46018432
e0efc606
c008a36f
442240b2
01414501
55758082
47fd8082
06b7e463
d04a7179
00308932
d422d606
ce4ed226
89aa84ae
f0ef8436
85a6fb5f
854e0070
f7bff0ef
473247a2
040025b7
cb358593
8f9994ae
557d048a
0127e763
9922090a
01241a63
50b24501
54925422
49f25902
80826145
85a64014
854e4601
9b6fe0ef
bff90411
80825575
d2267179
007084b2
d04ad422
892ece4e
89aad606
f0ef8436
47b2f1df
040025b7
cb358593
557d992e
0097e863
090a048a
1a6394a2
45010094
542250b2
59025492
614549f2
85ca8082
854e4601
968fe0ef
0411c008
7175bff9
c326c522
84aa842e
04000613
00884581
c0efc706
4709db9f
470dd03a
4711d23a
4715d43a
4719d63a
471dd83a
47b1da3a
c03e4721
0793dc3a
47250ff0
c43ec23e
c83ec63e
cc3eca3e
de3ace3e
4705ccbe
85b7cebe
47a91000
c6bac4ba
4735d0be
8526d2be
859347ad
4601aa05
d6bed4be
cabac8ba
8e8fe0ef
050a011c
2783953e
40baf805
c01c449a
4501442a
80826149
6463472d
114106b7
15fdc606
6b634729
e73700b7
07130021
058a1c47
419895ba
870287aa
f0ef4581
40b2b2df
01414501
45858082
4581bfcd
f0ef853e
b7f5c11f
bfdd4585
bfcd4589
b7fd458d
b7ed4591
b7dd4595
b7cd4599
bff9459d
853e4581
b6fff0ef
4585b7d9
5575bfdd
472d8082
06b76463
c6061141
472915fd
00b76b63
0021e737
1f070713
95ba058a
87aa4198
45818702
a81ff0ef
450140b2
80820141
bfcd4585
853e4581
b65ff0ef
4585b7f5
4589bfdd
458dbfcd
4591b7fd
4595b7ed
4599b7dd
459db7cd
4581bff9
f0ef853e
b7d9ac3f
bfdd4585
80825575
e5634789
114102c7
842ec422
040015b7
40358593
058a95b2
c6064601
fd5fd0ef
40b2c008
45014422
80820141
80825575
66634809
089304b8
58757ff0
04c8e263
ef63488d
488502d8
02e8ec63
07ba6811
0107f7b3
8fd9072e
17b78e5d
87930400
95be4007
114106b2
058a8ed1
c6064601
f77fd0ef
480140b2
01418542
58758082
80828542
100055b7
85931141
46010d85
c422c606
d0ef842a
55b7f5bf
76931000
8593ffe5
85220d85
d0ef4601
40b2f3df
45014422
80820141
05931141
c60602d0
c226c422
e0ef84aa
842ab58f
85264625
e0ef45a5
40b2dd6f
44228d41
01414492
478d8082
08b7e163
c84a1101
ce06c256
ca26cc22
c452c64e
8aaac05a
55758932
04c7e663
842e4785
04f58d63
99634789
440104f5
44814981
85ce4b0d
47014781
46014681
f0ef8556
8a2af0bf
478585ce
86ca8722
85564601
ef9ff0ef
00aa6a33
e4b30985
9ae30144
8526fd69
446240f2
494244d2
4a2249b2
4b024a92
80826105
49014401
5575bf45
71798082
d226d422
cc52ce4e
c85aca56
d04ad606
84ae8a2a
440189b2
4a8d4b05
4901c602
d71347b2
186300a7
7e630367
17130299
974e0024
3ff7f793
0405c31c
ff5410e3
50b24501
54925422
49f25902
4ad24a62
61454b42
86228082
8552006c
f0ef0905
ffe3e37f
5579fb24
479dbfe9
04b7ea63
f59315fd
47990ff5
00b7ea63
0021e7b7
21c78793
95be058a
8782419c
100397b7
4501c11c
a7b78082
bfdd1003
1003b7b7
c7b7bfc5
b7ed1003
1003d7b7
e7b7b7d5
bff91003
1003f7b7
07b7bfe1
bfc91004
80825575
ca261101
84aac84a
0068892e
cc2285b2
c602ce06
f93ff0ef
e50d842a
ea634785
45b20327
85264601
15458593
d0efc62e
45b2d93f
ffe57693
0126e6b3
85264601
d77fd0ef
852240f2
44d24462
61054942
54758082
7139bfc5
d84adc22
892a842e
006885c2
d64eda26
d256d452
ce5ed05a
de068a3e
8b368bb2
89c28aba
f0efc602
478df29f
ec6354f5
84aa0687
45d1e92d
02b40433
86de45b2
85934601
854a1585
c62e95a2
d13fd0ef
006885ce
efbff0ef
86da45b2
85934601
95a215c5
c62e854a
cf7fd0ef
006885ce
edfff0ef
86d645b2
85934601
95a21605
c62e854a
cdbfd0ef
006885ce
ec3ff0ef
84aa45b2
859386d2
95a21645
854a4601
d0efc62e
50f2cbdf
59425462
5a2259b2
5b025a92
85264bf2
612154d2
71798082
ce4ed04a
89aa892e
006885b6
d226d422
8432d606
f0efc602
84aae79f
4785e91d
0487e163
05b345d1
47b202b9
854e4601
16878793
95be040a
d0efc62e
7693c6ff
45b2ffb5
e6938ec1
46010086
d0ef854e
50b2c51f
59025422
852649f2
61455492
54f58082
7179b7fd
ce4ed226
89aa84ae
006885b6
d04ad422
8432d606
f0efc602
892ae11f
45d1e90d
02b485b3
460147b2
8793854e
95be1687
d0efc62e
1693c0ff
99750014
45b28a89
e6938ec9
46010086
d0ef854e
50b2bedf
54925422
854a49f2
61455902
11018082
c84acc22
892a842e
006885b2
ce06ca26
f0efc602
84aadb5f
4785e50d
0287ea63
460145b2
8593854a
c62e1a85
bb5fd0ef
769345b2
0406ffd5
46018ec1
d0ef854a
40f2b99f
49424462
44d28526
80826105
bfc554f5
e0634789
114104b7
842ec422
1001c5b7
08058593
c6064601
84aac226
b71fd0ef
ff157693
1001c5b7
8ec18526
08058593
d0ef4601
40b2b51f
44924422
01414501
55758082
47858082
04b7e063
c4221141
15b7842e
85931002
46016305
c226c606
d0ef84aa
7693b2bf
15b7ffe5
85261002
85938ec1
46016305
b0bfd0ef
442240b2
45014492
80820141
80825575
c64e1101
89bece06
ca26cc22
c452c84a
47fdc256
06b7e363
84334451
14b70285
85931002
8ab66a84
460186b2
892a8a3a
d0ef95a2
8593ac5f
86d66ac4
460195a2
d0ef854a
8593ab5f
86d26b04
460195a2
d0ef854a
8593aa5f
854a6b44
95a286ce
d0ef4601
4501a95f
446240f2
494244d2
4a2249b2
61054a92
55758082
4785b7f5
04c7ea63
57f5477d
04b76763
85b347d1
17b702f5
11011002
6b878793
8432cc22
ce064601
84aaca26
c62e95be
a55fd0ef
769345b2
040affb5
85268ec1
0086e693
d0ef4601
40f2a35f
47814462
853e44d2
80826105
853e57f5
47858082
04c7ea63
57f5477d
04b76763
85b347d1
17b702f5
11011002
6b878793
8432cc22
ce064601
84aaca26
c62e95be
9f9fd0ef
769345b2
0406ffd5
85268ec1
0086e693
d0ef4601
40f29d9f
47814462
853e44d2
80826105
853e57f5
47858082
04b7e163
c4221141
25b7842e
85931002
46019285
c226c606
d0ef84aa
76939aff
0406ffd5
100225b7
8ec18526
92858593
d0ef4601
40b298df
44924422
01414501
55758082
15b78082
11411002
64058593
c6064601
842ac422
971fd0ef
15b76691
8ec91002
64058593
46018522
953fd0ef
442240b2
01414501
47838082
47090005
04e78263
4501470d
00e78c63
8c634711
471500e7
00e78c63
8f634721
557500e7
83634725
472902e7
02e78063
8d634739
475100e7
00e78a63
87634779
c51100e7
80825575
bfe94501
80824501
00054783
8f634709
871300e7
7713ffd7
46850ff7
f6634501
471500e6
00e78363
80825575
80824501
100325b7
85931141
46017885
c422c606
d0ef842a
25b78c3f
76931003
8593ffd5
85227885
d0ef4601
40b28a5f
45014422
80820141
100325b7
85931141
46017885
c422c606
d0ef842a
25b788ff
66931003
85930025
85227885
d0ef4601
40b2871f
45014422
80820141
87931101
cc22ffc5
c84aca26
c256c452
c64ece06
9bedc05a
84ae8aaa
84368932
c7914a01
5a7547c1
00f59363
854a4a01
eefff0ef
03f00793
e86359f5
69b30287
9a6300aa
47830409
04120009
100305b7
00279713
0021e7b7
57078793
ab0397ba
942e0007
4d634a01
40f2016a
44d24462
4a224942
4b024a92
49b2854e
80826105
014906b3
87264781
460185a2
d0ef8556
9a268b1f
59f5bfc9
1101bfc9
c437cc22
04130400
95a23fb4
00259413
85a2c64e
460189b2
ca26ce06
84b6c84a
d0ef892a
a023faef
059300a9
854a1004
d0ef4601
40f2f9ef
75134462
c0880ff5
44d24942
450149b2
80826105
d6067179
d226d422
ce4ed04a
c632cc52
0793c436
f26303f0
557502b7
0034a0a1
85a60070
f0ef854a
47b2f8df
03378b63
16e3147d
5579ff44
57fda035
843a892a
41635575
84ae02f7
5a7d89b2
fcf419e3
00700034
854a85a6
f5bff0ef
99e347b2
4501ff37
542250b2
59025492
4a6249f2
80826145
d4227179
d04ad226
cc52ce4e
c85aca56
c462c65e
8a3a8ab6
d60689be
8bae842a
894284b2
f0ef8b46
0693deff
5c4203f0
577587aa
0176e363
06934701
55750ff0
0b86ee63
00e7e533
16051d63
00044783
91634709
d7930ce7
0aa3008a
d79300f4
0b23010a
579300f4
0ca3008a
579300f4
0d23010a
d79300f4
0ea30089
d79300f4
0f230109
579300f4
00a30089
789302f4
5793001b
4b030109
01230094
d79302f4
0a230084
0c230154
da930144
5a13018a
0e23018a
00230134
d9930324
59130189
02a30189
03230094
d79300f4
80e10104
01540ba3
01440da3
01340fa3
032401a3
017400a3
00f403a3
00940423
ffeb7b13
0168eb33
016404a3
018409a3
542250b2
59025492
4a6249f2
4b424ad2
4c224bb2
80826145
80e3470d
4711f4e7
f2e78de3
9de34715
d793fce7
0aa3008a
d79300f4
0b23010a
579300f4
0ca3008a
579300f4
0d23010a
d79300f4
0ea30089
d79300f4
0f230109
579300f4
48830089
00a30094
579302f4
01230109
d79302f4
0a230084
0c230154
da930144
5a13018a
0e23018a
00230134
d9930324
59130189
02a30189
03230094
d79300f4
80e10104
01540ba3
01440da3
01340fa3
032401a3
017400a3
00f403a3
00940423
001b7b13
ffe8f893
5575bf05
88aabf25
cdd15575
cf41cec9
08080b63
02d58e33
03070333
086e1563
951315fd
81410105
02b88223
00855593
02b882a3
00865593
832316fd
83a302c8
559302b8
82610106
02c884a3
01069613
177d8241
02d88523
00865693
02d885a3
01071693
862382c1
d71302e8
86a30086
d71302e8
187d0087
02f88723
02e887a3
0107d713
88a383e1
179302f8
83c10108
842383a1
882302b8
892302e8
89a30308
450102f8
80828082
c4221141
86ae8436
100325b7
8593c226
84b27385
c6064601
892ac04a
c82fd0ef
100325b7
854a86a6
73c58593
d0ef4601
06b7c70f
8cf5ff00
00841693
25b782a1
854a1003
85938ec5
46017405
c52fd0ef
442240b2
49024492
01414501
05198082
f46347cd
557500a7
45018082
47cd8082
04d7eb63
c04a1141
45b7892e
c4221000
84360591
460186b2
c226c606
84aa0446
c0efd0ef
01246433
8ec166c1
45b78526
46011000
bfafd0ef
40b24422
85264902
67054492
100045b7
56fd177d
05a14605
306f0141
557526e0
11418082
c606c422
c04ac226
547547cd
04c7e063
89360646
00b666b3
100045b7
84aa4601
bb2fd0ef
45b76705
177d1000
460556fd
852605a1
230030ef
100045b7
05b1842a
85264601
b98fd0ef
00a92023
852240b2
44924422
01414902
71398082
de06dc22
da26843e
d64ed84a
d256d452
ce5ed05a
57fdc602
06f44d63
892e84aa
89b68ab2
09638a3a
4b8502f4
00745b7d
85ca8656
f0ef8526
0793f6df
ff630025
47b202fb
00f9c7b3
0147f7b3
147dc79d
fd641fe3
a01d5579
00744405
85ca8656
f0ef8526
0793f41f
79630025
47b200f4
00f9c7b3
0147f7b3
4501f3ed
546250f2
594254d2
5a2259b2
5b025a92
61214bf2
55758082
0699b7e5
e46347cd
f06f00d7
5575ea9f
06198082
e46347cd
f06f00c7
5575ef5f
11418082
05934605
c60603c0
c226c422
d0ef842a
45b7de4f
85221000
020006b7
460105f1
a9efd0ef
100045b7
46818522
02058593
d0ef4601
06b7a8cf
45b78000
85221000
10168693
02458593
d0ef4601
06b7a74f
45b70030
85221000
40468693
02858593
d0ef4601
06b7a5cf
45b70018
85221000
03068693
02c58593
d0ef4601
45b7a44f
85221000
859346cd
46010305
a32fd0ef
45b76485
86931000
8522f3f4
03458593
d0ef4601
4601a1cf
03c00593
d0ef8522
8522d44f
40b24422
fff48793
67414492
461566c1
10000593
f06f0141
7139e7df
d05ad64e
8b3e89ba
dc22de06
d84ada26
d256d452
cc62ce5e
00658713
eb6347cd
892e0ae7
8c368432
0074862e
84aa4581
8ac68a42
f0efc602
0793ee9f
4b850025
06fbfe63
17934506
1693001b
0526002c
8edd8fc9
003a9893
0116e8b3
004a1813
0108e833
00799613
00c86733
00abc637
8e590605
458186ca
c6328526
e93ff0ef
00250793
02fbfc63
864a0074
85264591
e8fff0ef
00250793
02fbf263
00241613
86ca4432
8e414591
85264416
64258e41
20040413
c6328e41
e57ff0ef
546250f2
594254d2
5a2259b2
5b025a92
4c624bf2
80826121
b7dd5575
03f00793
02b7e863
7ff00713
57f586b2
02c76363
040007b7
20178793
114195be
4601058a
d0efc606
40b28f0f
853e4781
80820141
853e57f5
07938082
e96303f0
670502b7
80070713
57f586b2
02c76363
040007b7
28178793
114195be
4601058a
d0efc606
40b28b4f
853e4781
80820141
853e57f5
07938082
e76303f0
07b702b7
87930400
11412817
c42295be
8432058a
c6064601
88cfd0ef
81510552
40b2c008
45014422
80820141
80825575
03f00793
02b7e763
040007b7
40178793
95be1141
058ac422
46018432
d0efc606
054a856f
c0088149
442240b2
01414501
55758082
07938082
e86303f0
071302b7
86b27ff0
636357f5
07b702c7
87930400
95be2417
058a1141
c6064601
80efd0ef
478140b2
0141853e
57f58082
8082853e
03f00793
02b7e963
07136705
86b28007
636357f5
07b702c7
87930400
95be2c17
058a1141
c6064601
fd3fc0ef
478140b2
0141853e
57f58082
8082853e
03f00793
02b7e763
040007b7
2c178793
95be1141
058ac422
46018432
c0efc606
0552fabf
c0088151
442240b2
01414501
55758082
07938082
e76303f0
07b702b7
87930400
11414417
c42295be
8432058a
c6064601
f75fc0ef
8149054a
40b2c008
45014422
80820141
80825575
03f00793
02b7e763
86b26709
736357f5
07b702e6
87930400
95be3c17
058a1141
c6064601
f2ffc0ef
478140b2
0141853e
57f58082
8082853e
c2261141
15b784ae
86b21000
22458593
c6064601
842ac422
f03fc0ef
100015b7
86a68522
22858593
c0ef4601
40b2ef1f
44924422
01414501
11418082
84aec226
100015b7
859386b2
460122c5
c422c606
c0ef842a
15b7ec9f
85221000
859386a6
46012305
eb7fc0ef
442240b2
45014492
80820141
03f00793
04b7e563
cc221101
0055d793
05b7842e
85930400
97ae4895
00279593
ce064601
c62eca26
c0ef84aa
45b2e87f
94334785
66b30087
460100a4
c0ef8526
40f2e69f
44d24462
61054501
55758082
07938082
e66303f0
110104b7
8793cc22
842e0405
040005b7
48958593
97ae8395
00279593
ce064601
c62eca26
c0ef84aa
45b2e33f
94334785
66b30087
460100a4
c0ef8526
40f2e15f
44d24462
61054501
55758082
07938082
e06303f0
110106b7
002007b7
c452ca26
cc22ce06
c64ec84a
17f9c256
84b68a2a
ec635575
059200d7
10000437
8aba89b2
4901942e
00996c63
40f24501
44d24462
49b24942
4a924a22
80826105
012a86b3
874e4781
460185a2
c0ef8552
994eedff
5575bfd1
07938082
e06303f0
110106b7
002007b7
c452ca26
cc22ce06
c64ec84a
17f9c256
84b68a2a
ec635575
059200d7
10000437
8aba89b2
4901942e
00996c63
40f24501
44d24462
49b24942
4a924a22
80826105
012a86b3
874e4781
460185a2
c0ef8552
994ee19f
5575bfd1
07938082
e26303f0
110106b7
002007b7
c452ca26
cc22ce06
c64ec84a
17f9c256
84b68a2a
ee635575
841300d7
04120405
100005b7
8aba89b2
4901942e
00996c63
40f24501
44d24462
49b24942
4a924a22
80826105
012a86b3
874e4781
460185a2
c0ef8552
994edadf
5575bfd1
11018082
8aaec256
100045b7
8593c64e
89b6d985
460186b2
cc22ce06
c84aca26
84bec452
89428a3a
c0ef842a
45b7c9df
86d61000
85938522
4601d9c5
c8bfc0ef
100045b7
852286d2
db858593
c0ef4601
45b7c79f
86ce1000
85938522
4601dbc5
c67fc0ef
100045b7
852286ca
e1858593
c0ef4601
45b7c55f
85221000
859386a6
4601e1c5
c43fc0ef
446240f2
494244d2
4a2249b2
45014a92
80826105
c2561101
45b78aae
c64e1000
da058593
86b289b6
ce064601
ca26cc22
c452c84a
8a3a84be
842a8942
c03fc0ef
100045b7
852286d6
da458593
c0ef4601
45b7bf1f
86d21000
85938522
4601dc05
bdffc0ef
100045b7
852286ce
dc458593
c0ef4601
45b7bcdf
86ca1000
85938522
4601e205
bbbfc0ef
100045b7
86a68522
e2458593
c0ef4601
40f2ba9f
44d24462
49b24942
4a924a22
61054501
71798082
89b2ce4e
d6060050
d226d422
84ae842a
c202d04a
c4028936
f0efc602
0070b0bf
852285a6
be3ff0ef
85a60030
f0ef8522
4792ba3f
eb634501
45220137
050a46b2
41250533
00d53533
00154513
542250b2
59025492
614549f2
11018082
8432cc22
ce064601
c84aca26
84aac64e
89b6892e
b29fc0ef
76b38c29
8ea90134
852685ca
c0ef4601
40f2b0df
44d24462
49b24942
61054501
11418082
24b7c226
85931001
468d2c44
c6064605
842ac422
fafff0ef
2c448593
30000693
10000613
f0ef8522
8593f9df
06b72c44
66410003
f0ef8522
8593f8df
06b70fc4
063700ff
852200ff
f7bff0ef
27c48593
000306b7
85226641
f6bff0ef
27c48593
030006b7
01000637
f0ef8522
8593f59f
468d2804
85224605
f4bff0ef
08448593
ff0006b7
ff000637
f0ef8522
8593f39f
06b72984
06370300
85220100
f27ff0ef
29c48593
30000693
10000613
f0ef8522
8593f15f
06b729c4
06370300
85220100
f03ff0ef
869366c1
8636f006
0d448593
f0ef8522
8593ef1f
06b72984
66410003
f0ef8522
8593ee1f
468d29c4
85224605
ed3ff0ef
29c48593
000306b7
85226641
ec3ff0ef
0d448593
0ff00693
0ff00613
f0ef8522
8593eb1f
06933304
06133000
85221000
e9fff0ef
33c48593
30000693
10000613
f0ef8522
8593e8df
06933484
06133000
85221000
e7bff0ef
12448593
ff0006b7
ff000637
f0ef8522
8593e69f
06b703c4
063700ff
852200ff
e57ff0ef
100105b7
06b78522
06370300
85930100
f0ef5145
40b2e41f
44924422
01414501
11418082
100105b7
c04ac226
030006b7
01000637
51458593
100144b7
10016937
c606c422
04d1842a
e0bff0ef
85a60951
030006b7
01000637
84938522
f0ef4004
96e3df5f
75b7ff24
06931001
06130ff0
85930550
85228385
ddbff0ef
100124b7
03c48593
00ff06b7
00550637
f0ef8522
8593dc5f
06b70844
0637ff00
85225500
db3ff0ef
0d448593
0ff00693
05500613
f0ef8522
66c1da1f
85936615
86930d44
0613f006
85225006
d8bff0ef
0fc48593
00ff06b7
00550637
f0ef8522
8593d79f
85221244
ff0006b7
55000637
d67ff0ef
442240b2
49024492
01414501
11018082
75b7ca26
34b71001
86137654
56fd2104
96858593
cc22ce06
842ac84a
c452c64e
10012937
d2fff0ef
18490593
46014685
f0ef8522
09b7d21f
86930707
05937009
06371849
85220201
d0bff0ef
18890593
460d469d
f0ef8522
0637cfdf
86930605
05937009
06137449
85224006
ce7ff0ef
74890593
461d469d
f0ef8522
4a37cd9f
05931001
46850b4a
85224605
cc7ff0ef
4b4a0593
46014685
59378522
f0ef1001
0593cb5f
46858b49
85224605
ca7ff0ef
cb490593
46014685
f0ef8522
0593c99f
46850b49
85224605
c8bff0ef
4b490593
46014685
f0ef8522
69b7c7df
85931001
46858b49
85224605
c6bff0ef
cb498593
46014685
f0ef8522
8613c5df
05932104
56fd1c4a
f0ef8522
8613c4df
05932104
56fd5c4a
f0ef8522
8613c3df
05932104
56fd9c49
f0ef8522
8613c2df
05932104
56fddc49
f0ef8522
8613c1df
05932104
56fd1c49
f0ef8522
8613c0df
05932104
56fd5c49
f0ef8522
8613bfdf
85932104
56fd9c49
f0ef8522
8613bedf
85932104
8522dc49
f0ef56fd
40f2bddf
44d24462
49b24942
45014a22
80826105
45670637
100175b7
56fd1101
13260613
96858593
cc22ce06
842aca26
c64ec84a
100124b7
ba3ff0ef
18448593
46054685
f0ef8522
0937b95f
06370707
06930002
85937009
06131844
85223006
b7bff0ef
18848593
4605469d
f0ef8522
0637b6df
06930506
85937009
06137444
85227006
b57ff0ef
74848593
4611469d
f0ef8522
49b7b49f
85931001
46850b49
85224601
b37ff0ef
4b498593
46054685
54b78522
f0ef1001
8593b25f
46858b44
85224605
b17ff0ef
cb448593
46014685
f0ef8522
8593b09f
46850b44
85224601
afbff0ef
4b448593
46054685
f0ef8522
6937aedf
05931001
46858b49
85224601
adbff0ef
cb490593
46054685
f0ef8522
0637acdf
85932674
56fd1c49
51360613
f0ef8522
2637ab9f
85930765
56fd5c49
31460613
f0ef8522
1637aa5f
85934207
56fd9c44
56360613
f0ef8522
3637a91f
85937610
56fddc44
54260613
f0ef8522
1637a7df
85934603
56fd1c44
27560613
f0ef8522
6637a69f
85937304
56fd5c44
21560613
f0ef8522
6637a55f
05937325
56fd9c49
04160613
f0ef8522
0637a41f
05937246
8522dc49
061356fd
f0ef5136
40f2a2df
44d24462
49b24942
61054501
36378082
75b74657
11011001
061356fd
85930216
ce069685
ca26cc22
c84a842a
24b7c64e
f0ef1001
85939f5f
46851844
85224605
9e7ff0ef
07070937
01000637
70090693
18448593
20060613
f0ef8522
85939cdf
469d1884
8522460d
9bfff0ef
06050637
70090693
74448593
70060613
f0ef8522
85939a9f
469d7484
85224611
99bff0ef
100149b7
0b498593
46054685
f0ef8522
8593989f
46854b49
85224605
100154b7
977ff0ef
8b448593
46014685
f0ef8522
8593969f
4685cb44
85224601
95bff0ef
0b448593
46014685
f0ef8522
859394df
46854b44
85224601
93fff0ef
10016937
8b490593
46054685
f0ef8522
059392df
4685cb49
85224605
91fff0ef
17640637
1c498593
061356fd
85225236
90bff0ef
76043637
5c498593
061356fd
85222156
8f7ff0ef
43021637
9c448593
061356fd
85227656
8e3ff0ef
76132637
dc448593
061356fd
85224506
8cfff0ef
57130637
1c448593
061356fd
85222466
8bbff0ef
13745637
5c448593
061356fd
85222066
8a7ff0ef
73156637
9c490593
061356fd
85222406
893ff0ef
02453637
dc490593
56fd8522
76160613
87fff0ef
446240f2
494244d2
450149b2
80826105
45673637
100175b7
56fd1101
20160613
96858593
cc22ce06
842aca26
c64ec84a
100124b7
847ff0ef
18448593
46054685
f0ef8522
0937839f
06370707
06930200
85937009
06131844
85221006
81fff0ef
18848593
460d469d
f0ef8522
0637811f
06930506
85937009
06137444
85227006
ffaff0ef
74848593
4611469d
f0ef8522
49b7fecf
85931001
46850b49
85224601
fdaff0ef
4b498593
46054685
54b78522
f0ef1001
8593fc8f
46858b44
85224605
fbaff0ef
cb448593
46014685
f0ef8522
8593facf
46850b44
85224601
f9eff0ef
4b448593
46054685
f0ef8522
6937f90f
05931001
46858b49
85224601
f7eff0ef
cb490593
46054685
f0ef8522
4637f70f
85935320
56fd1c49
16760613
f0ef8522
3637f5cf
85937604
56fd5c49
21560613
f0ef8522
4637f48f
85932735
56fd9c44
10660613
f0ef8522
2637f34f
85937613
56fddc44
45060613
f0ef8522
0637f20f
85935713
56fd1c44
24660613
f0ef8522
1637f0cf
85936342
56fd5c44
75060613
f0ef8522
2637ef8f
05933157
56fd9c49
60460613
f0ef8522
3637ee4f
05930245
8522dc49
061356fd
f0ef7616
40f2ed0f
44d24462
49b24942
61054501
11018082
84aeca26
100185b7
08458593
cc224601
c84ace06
842ac64e
9e0fc0ef
00457793
8125cbb1
4785897d
06f50863
0b634709
461104e5
85b7c13d
46891001
05b14609
f0ef8522
85b7e78f
85931001
46010845
89378522
c0ef1001
09139a2f
49810849
e1298911
100185b7
46014689
852205b1
e4aff0ef
446240f2
494244d2
450149b2
80826105
8a634621
876300f4
478d00a4
faf493e3
a0114645
45814631
c0ef8522
bf51ba0f
864e85ca
c0ef8522
bf4d94ef
4210cd89
46851141
100125b7
f0efc606
40b2dfcf
01414501
45018082
11418082
c606c422
c599842a
46854210
100105b7
ddaff0ef
05b78522
46011001
90cfc0ef
442240b2
01414501
11418082
c606c422
c999842a
05b74210
06b71001
06620f00
28c58593
da6ff0ef
100105b7
85938522
460128c5
8d4fc0ef
442240b2
01414501
71798082
c462d422
ac034180
c85a0045
10011b37
d04ad226
cc52ce4e
c65eca56
8a2ad606
8aa284ae
09378be2
49811001
c78b0b13
864e85ca
c0ef8552
86aa88ef
865e85d6
c0ef8552
8793878f
b733004a
8abe0157
00490793
b7339bba
99ba0127
99e3893e
97e3fd67
6785fc09
c7878793
b43397a2
94620087
50b2c0c0
c09c5422
54925902
4a6249f2
4b424ad2
4c224bb2
80826145
d4227179
4180c462
0045ac03
3b37c85a
d2261001
ce4ed04a
ca56cc52
d606c65e
84ae8a2a
8be28aa2
10012937
0b134981
85ca8d0b
8552864e
ffdfb0ef
85d686aa
8552865e
fe7fb0ef
004a8793
0157b733
07938abe
9bba0049
0127b733
893e99ba
fd6799e3
fc0997e3
87936785
97a28d07
0087b433
c0c09462
542250b2
5902c09c
49f25492
4ad24a62
4bb24b42
61454c22
71798082
c462d422
ac034180
c85a0045
10017b37
d04ad226
cc52ce4e
c65eca56
8a2ad606
8aa284ae
49378be2
49811001
a64b0b13
864e85ca
b0ef8552
86aaf6bf
865e85d6
b0ef8552
8793f55f
b733004a
8abe0157
00490793
b7339bba
99ba0127
99e3893e
97e3fd67
678dfc09
a6478793
b43397a2
94620087
50b2c0c0
c09c5422
54925902
4a6249f2
4b424ad2
4c224bb2
80826145
c6061141
c226c422
84ae842a
e3fff0ef
852285a6
ec9ff0ef
44228522
85a640b2
01414492
f4bff06f
100175b7
85931141
460190c5
b0efc606
40b2edbf
01414501
71398082
24b7da26
d64e1001
ca66cc62
8cae8c32
660989b6
85936689
de061704
d84adc22
8942842a
d256d452
8abed05a
ce5e8b46
8bba4a36
b5aff0ef
100125b7
859386e6
46017505
b0ef8522
46bde7df
85934601
85227544
b3aff0ef
66c109a2
1009f993
0ffc7c13
010b9613
0189e9b3
66338e75
86930136
85931ff6
852274c4
b12ff0ef
00030637
79330942
0b6200c9
03000637
00cb7b33
008a9613
01696933
70067613
030306b7
00c96633
7b848593
70068693
f0ef8522
e9b7adcf
8593effe
49017bc4
84498993
7dc48a93
87b34706
864a0135
439497ba
c62e8522
debfb0ef
879345b2
b7330045
993a00b7
9fe385be
1de3fd57
4603fc09
06930441
85220ff0
a92ff0ef
063747a6
85930fff
07c27684
06b78e7d
85220fff
a7aff0ef
000a2603
75848593
852256fd
a6aff0ef
004a2603
75c48593
852256fd
a5aff0ef
008a2603
76048593
852256fd
a4aff0ef
00ca2603
76448593
852256fd
a3aff0ef
74848593
10000693
10000613
f0ef8522
8593a28f
26b71744
46011000
f0ef8522
25b7a18f
85931001
460116c5
b0ef8522
2937d47f
84aa1001
16c90913
97934981
de630124
25b70607
85931001
46017485
b0ef8522
4746d23f
01055793
c31c8b85
814547d6
25b78905
c3881001
76858593
85224601
d01fb0ef
055247e6
100124b7
c3888151
74848593
10000693
85224601
9a6ff0ef
17048593
66898522
f0ef4601
50f2998f
54d25462
59b25942
5a925a22
4bf25b02
4cd24c62
61214501
85ca8082
8522864e
cb1fb0ef
051384aa
b0ef3e80
b7b5e41f
da267139
100104b7
ce5ed452
8bb6cc62
8a328c2e
664166c1
5bc48593
dc22de06
842ad84a
d64e8946
89c2d256
d05a8abe
f0ef8b3a
6641930f
060566c1
59848593
f0ef8522
05b7920f
86e21001
38c58593
85224601
c43fb0ef
460146bd
39048593
f0ef8522
0a62900f
3f000637
00ca7633
3f0006b7
38448593
f0ef8522
f6138e8f
4685001b
38848593
f0ef8522
06b78d8f
46010003
51848593
f0ef8522
76138c8f
8593007b
469d3a44
f0ef8522
0b378b8f
8593efff
4a013a84
c58b0b13
3c848b93
016587b3
439497d6
85228652
b0efc62e
45b2bc9f
00458793
00b7b733
85be9a3a
ff7790e3
fc0a1ee3
001006b7
f0068693
00899613
85228e75
86aff0ef
00092603
39448593
852256fd
85aff0ef
00492603
39848593
852256fd
84aff0ef
00892603
39c48593
852256fd
83aff0ef
00c92603
3a048593
852256fd
82aff0ef
38448593
10000693
10000613
f0ef8522
05b7818f
85931001
46015745
b0ef8522
0937b47f
84aa1001
57490913
97934981
d86300f4
05b70607
85931001
46013845
b0ef8522
4786b23f
89058141
100105b7
8593c388
46013cc5
b0ef8522
4796b0bf
04b70552
81511001
8593c388
06933844
46011000
e0ef8522
8593fb1f
85225bc4
664166c1
fa3fe0ef
546250f2
594254d2
5a2259b2
5b025a92
4c624bf2
61214501
85ca8082
8522864e
abdfb0ef
051384aa
b0ef3e80
bfa5c4df
46011101
ca26cc22
c452c64e
ce06c256
84aac84a
b0ef842e
89aaa97f
0ab74a01
1c631001
40f2013a
44d24462
49b24942
4a924a22
61054501
05938082
46010044
b0ef8526
0421a6bf
85a2892a
85264601
a5dfb0ef
015905b3
b63386aa
85260125
a43fb0ef
bf750a05
c4521101
30214637
10017a37
968a0593
061356fd
ce066576
ca26cc22
24b7842a
c84a1001
c256c64e
edffe0ef
18448593
46054685
e0ef8522
0937ed1f
06370707
06930605
85937009
06131844
85227006
eb7fe0ef
18848593
4611469d
e0ef8522
0637ea9f
06930002
85937009
06137444
85221006
e93fe0ef
74848593
460d469d
e0ef8522
4ab7e85f
85931001
46850b4a
85224605
e73fe0ef
4b4a8593
46054685
59378522
e0ef1001
0593e61f
46858b49
85224601
e53fe0ef
cb490593
46014685
e0ef8522
0593e45f
46850b49
85224601
e37fe0ef
4b490593
46014685
e0ef8522
69b7e29f
85931001
46858b49
85224605
e17fe0ef
cb498593
46054685
e0ef8522
0637e09f
85932674
56fd1c4a
51360613
e0ef8522
2637df5f
85930675
56fd5c4a
31460613
e0ef8522
7637de1f
05934102
56fd9c49
56360613
e0ef8522
3637dcdf
05937621
56fddc49
54060613
e0ef8522
0637db9f
05936731
56fd1c49
24560613
e0ef8522
6637da5f
05930375
56fd5c49
21460613
e0ef8522
7637d91f
85930416
56fd9c49
35260613
e0ef8522
1637d7df
85935346
56fddc49
72060613
e0ef8522
2937d69f
06931f1f
8593f009
06374844
85220201
d53fe0ef
48848593
460d46fd
e0ef8522
3ab7d45f
06371001
06930706
8593f1f9
0613830a
85225046
d2bfe0ef
0a0e1637
f0090693
47c48593
90060613
e0ef8522
8593d15f
46fd4804
8522463d
d07fe0ef
0c0b1637
f1f90693
82ca8593
d0860613
e0ef8522
0693cf1f
8593f009
16374784
85221211
cdffe0ef
47c48593
464d46fd
e0ef8522
1637cd1f
06931716
8593f1f9
0613830a
85225146
cbbfe0ef
17848593
664166c1
e0ef8522
0637cadf
05930440
0693884a
0613f000
85222006
c97fe0ef
08200637
888a0593
061356fd
85221806
c83fe0ef
88ca0593
0ff00693
85224641
c73fe0ef
001004b7
fff48693
46098593
03300613
e0ef8522
8693c5df
8593fff4
85224649
e0ef4631
40f2c4df
44d24462
49b24942
4a924a22
61054501
11418082
c6068636
47054681
02f69563
87936785
95be8007
07b7177d
058a1001
00c716b3
963395be
e0ef00c8
40b2c0df
01414501
07068082
bfc90685
d2267179
ce4ed04a
89b6cc52
893a8a32
88ae84be
4789c62e
46814801
05934701
46010b10
d422d606
f0ef842a
48b2f9df
48014789
470146a1
0b100593
85224601
f87ff0ef
478948b2
46c14801
05934701
46010b10
f0ef8522
88d2f71f
48014789
470146c1
09f00593
85224601
f5bff0ef
478988d2
46e14801
05934701
460109f0
f0ef8522
88d2f45f
48014789
47014681
0a000593
85224601
f2fff0ef
478988ce
46e14801
05934701
46010a60
f0ef8522
88cef19f
48014789
470146a1
0a700593
85224601
f03ff0ef
478988ce
46e14801
05934701
46010a70
f0ef8522
88caeedf
48014789
470146c1
0a600593
85224601
ed7ff0ef
478988ca
46814801
05934701
46010a70
f0ef8522
88caec1f
48014789
470146c1
0a700593
85224601
eabff0ef
478988a6
46a14801
05934701
46010cc0
f0ef8522
88a6e95f
48014789
470146a1
0cf00593
85224601
e7fff0ef
852288a6
48014789
470146a1
0d200593
f0ef4601
50b2e69f
54925422
49f25902
45014a62
80826145
86361141
4681c606
93634705
678502f6
177d95be
100107b7
16b3058a
95be00c7
00c89633
a63fe0ef
450140b2
80820141
06850706
6585bfd9
08931141
47b50650
46814801
85934701
4601a405
c422c606
842ac226
fadff0ef
000258b7
18fd6585
480147c9
47014681
a3258593
85224601
f91ff0ef
65856495
fff48893
480147c5
47014681
a3358593
85224601
f75ff0ef
88936585
47c5fff4
46814801
85934701
4601a345
f0ef8522
6585f5bf
fff48893
480147c9
47014681
a3558593
85224601
f41ff0ef
88936585
47c9fff4
46814801
85934701
4601a365
f0ef8522
6585f27f
fff48893
480147c9
47014681
a3858593
85224601
f0dff0ef
88936585
47c9fff4
46814801
85934701
4601a395
f0ef8522
6585ef3f
fff48893
480147c9
47014681
a3a58593
85224601
ed9ff0ef
88936585
47c9fff4
46814801
85934701
4601a3b5
f0ef8522
6585ebff
47dd4881
46814801
85934701
4601a4f5
f0ef8522
6585ea7f
478d4899
46814801
85934701
4601a905
f0ef8522
6585e8ff
488d8522
4801478d
47014681
a6958593
f0ef4601
40b2e77f
44924422
01414501
71798082
d226d422
ce4ed04a
842ad606
049388ae
49010580
45800993
4701479d
864a85a6
46c14801
c6468522
e3dff0ef
10048793
0097b733
84be48b2
9fe3993a
1de3fd37
6785fc09
82878493
c2878993
470147ad
864a85a6
46c14801
c6468522
e09ff0ef
10048793
0097b733
84be48b2
9fe3993a
1de3fd37
6585fc09
478d8522
46814801
85934701
4601a6a5
dddff0ef
542250b2
59025492
450149f2
80826145
cc221101
c84aca26
ce06c64e
0413892a
44810500
45000993
4701478d
862685a2
48014895
854a46e1
da1ff0ef
10040793
0087b733
843e94ba
ff3790e3
40f2fcf1
44d24462
49b24942
61054501
11418082
47014781
46014681
c606458d
842ac422
bf5ff0ef
f0ef8522
458dd99f
f0ef8522
48bdef5f
48014791
47014681
0cf00593
85224601
b97ff0ef
479148bd
46814801
05934701
46010d20
f0ef8522
8522b81f
f61ff0ef
442240b2
01414501
67858082
95be1141
8432c422
00259613
100105b7
b63395b2
c22600c5
84b6c606
ac0fb0ef
553340b2
07930085
44220200
15338f85
449200f5
00f55533
80820141
11416585
004008b7
480147dd
47014681
a4f58593
c6064601
c226c422
c04a842a
cbdff0ef
08936585
47b50670
46814801
85934701
4601a405
f0ef8522
6585ca3f
07936885
48010200
47014681
a4158593
85224601
c89ff0ef
48856585
48014785
470146e1
a4058593
85224601
f0ef6485
0913c6ff
84930320
0513a434
197d0640
bbafb0ef
02090c63
465d4685
852285a6
f33ff0ef
6585d17d
47854885
46814801
85934701
4601a145
f0ef8522
4501c33f
442240b2
49024492
80820141
bfcd4505
87936785
11418007
c42295be
96138432
05b70025
95b21001
00c5b633
c606c226
b0ef84b6
40b29bef
00855533
02000793
8f854422
00f51533
55334492
014100f5
11418082
47a188ae
46e14801
05934701
460103c0
c422c606
842ac226
a13ff0ef
47854885
46c14801
05934701
460103c0
f0ef8522
04939fdf
05130320
14fd0640
afafb0ef
25b7ec99
85931001
460116c5
b0ef8522
450594ef
442240b2
01414492
46858082
05934631
852205b0
f55ff0ef
25b7d569
85931001
46011705
b0ef8522
76fd922f
8d7516fd
100125b7
8ec96685
17058593
46018522
8fefb0ef
bf6d4501
88ae1141
480147a1
470146a1
460145fd
c422c606
842ac226
977ff0ef
47854885
46814801
45fd4701
85224601
963ff0ef
03200493
06400513
b0ef14fd
ec99a60f
100125b7
16c58593
85224601
8b4fb0ef
40b24505
44924422
80820141
46314685
05b00593
f0ef8522
d569ebbf
100125b7
17058593
85224601
888fb0ef
16fd76fd
25b78d75
66851001
85938ec9
85221705
b0ef4601
4501864f
1141bf6d
47a188ae
46814801
05934701
46010290
c422c606
842ac226
8dbff0ef
47854885
46e14801
05934701
46010280
f0ef8522
04938c5f
05130320
14fd0640
9c2fb0ef
25b7ec99
85931001
460116c5
b0ef8522
4505816f
442240b2
01414492
46858082
05934631
852205b0
e1dff0ef
25b7d569
85931001
46011705
a0ef8522
76fdfebf
8d7516fd
100125b7
8ec96685
17058593
46018522
fc7fa0ef
bf6d4501
88ae1141
480147a1
47014681
02900593
c6064601
c226c422
f0ef842a
488583df
48014785
470146c1
02800593
85224601
827ff0ef
03200493
06400513
b0ef14fd
ec99924f
100125b7
16c58593
85224601
f79fa0ef
40b24505
44924422
80820141
46314685
05b00593
f0ef8522
d569d7ff
100125b7
17058593
85224601
f4dfa0ef
16fd76fd
25b78d75
66851001
85938ec9
85221705
a0ef4601
4501f29f
1141bf6d
47a188ae
46814801
05934701
460104b0
c422c606
842ac226
f9eff0ef
47854885
46e14801
05934701
460104a0
f0ef8522
0493f88f
05130320
14fd0640
886fb0ef
25b7ec99
85931001
460116c5
a0ef8522
4505edbf
442240b2
01414492
46858082
05934631
852205b0
ce1ff0ef
25b7d569
85931001
46011705
a0ef8522
76fdeaff
8d7516fd
100125b7
8ec96685
17058593
46018522
e8bfa0ef
bf6d4501
100175b7
85931141
460181c5
c422c606
a0ef842a
75b7e7bf
66931001
85930015
852281c5
a0ef4601
40b2e5df
45014422
80820141
100165b7
85931141
46010a45
c422c606
a0ef842a
06b7e47f
16fdf801
65b78d75
06b71001
8ec902fc
0a458593
46018522
e1ffa0ef
100165b7
0a858593
85224601
e19fa0ef
fff806b7
0ff68693
65b78d75
06b71001
8ec90003
0a858593
46018522
deffa0ef
100165b7
0ac58593
85224601
de9fa0ef
80057693
100165b7
3586e693
85938522
46010ac5
dc7fa0ef
100165b7
0b058593
85224601
dc1fa0ef
80057693
100165b7
30c6e693
85938522
46010b05
d9ffa0ef
100165b7
0b458593
85224601
d99fa0ef
80057693
100165b7
3286e693
85938522
46010b45
d77fa0ef
100165b7
0b858593
85224601
d71fa0ef
80057693
100165b7
e6938522
859332c6
46010b85
d4ffa0ef
f0ef8522
40b2ec7f
45014422
80820141
ce061101
ca26cc22
c84a842a
8932c64e
f0ef89ae
8522a93f
e45fe0ef
100125b7
17058593
85224601
d1dfa0ef
16fd76fd
25b78d75
66851001
85938ec9
46011705
a0ef8522
25b7cf9f
85931001
46011705
a0ef8522
06b7cf3f
16fdff00
25b78d75
06b71001
8ec90100
17058593
85224601
ccbfa0ef
100125b7
17058593
85224601
cc5fa0ef
100125b7
40056693
17058593
85224601
ca7fa0ef
47094789
46094689
85224589
d68ff0ef
05500493
00098463
0ff00493
100125b7
16c58593
85224601
c85fa0ef
100125b7
17058593
85224601
c75fa0ef
100125b7
17458593
85224601
c65fa0ef
100125b7
85934681
46011745
a0ef8522
25b7c49f
06b71001
46010100
17058593
a0ef8522
85a6c35f
f0ef8522
25b7a99f
85931001
460116c5
a0ef8522
25b7c27f
85931001
46011705
a0ef8522
25b7c17f
85931001
46011745
a0ef8522
4785c07f
00f91563
f0ef8522
85a6da3f
f0ef8522
85a6af3f
f0ef8522
85a6b85f
f0ef8522
85a6c1bf
f0ef8522
40f2cb1f
44d24462
49b24942
61054501
11018082
04b7ca26
c64e1001
c256c452
8aae8a32
859389b6
06932a84
46011000
cc22ce06
842ac84a
e0ef893a
9613860f
8593010a
06b72904
85220fff
84efe0ef
86526685
29448593
852216fd
83efe0ef
01099613
29448593
00ff06b7
e0ef8522
06b782cf
1613ff00
85930189
85222944
81afe0ef
100105b7
2a858593
85224601
b49fa0ef
100105b7
29058593
85224601
b39fa0ef
100105b7
29458593
46018522
b29fa0ef
446240f2
494244d2
4a2249b2
45014a92
61054581
11018082
04b7ca26
c84a1001
8936c64e
46bd89b2
8593862e
ce062904
842acc22
fb3fd0ef
00899613
29048593
70000693
d0ef8522
06b7fa1f
16130f00
85930189
852228c4
f8ffd0ef
100105b7
28c58593
85224601
abdfa0ef
100105b7
29058593
46018522
aadfa0ef
446240f2
494244d2
450149b2
61054581
862e8082
100125b7
85934685
d06f6e05
9613f4df
25b70085
06931001
85931000
d06f1a45
1101f39f
c25ac652
10018a37
10018b37
ca26cc22
c456c84a
ce06c05e
892e84aa
0a138432
4a81088a
084b0b13
ec014b81
40f24529
44d24462
4a324942
4b124aa2
61054b82
85ca8082
e0ef8526
85d2831f
85268656
a21fa0ef
147d8909
85dae519
8526865e
a11fa0ef
4501b7d9
1101b7d9
0937c84a
cc221001
c64eca26
ce06c452
842e84aa
57890913
0a374981
e8110200
40f2452d
44d24462
49b24942
61054a22
85ca8082
8526864e
9cdfa0ef
01457533
dd71147d
bff14501
d5227171
4685d14a
8432892e
08904585
cd52d706
cf4ed326
c95acb56
c8828a2a
89ffe0ef
02000613
18084581
dfef90ef
d0024785
d402d202
1563d602
57fd00f4
d63ed23e
ce02cc02
47814481
49814401
01c10a93
01810b13
e063e399
c0190324
10000413
852250ba
549a542a
49fa590a
4ada4a6a
614d4b4a
181c8082
c05ac256
02010893
47014805
46754685
85524581
c8dfe0ef
e39147e2
47f20985
00148713
943e97ce
009737b3
b77d84ba
c3567135
04010a93
c94acd22
892ec552
84328a2a
06134581
85560200
cb26cf06
c15ac74e
dce2dede
d8eadae6
90efd6ee
4785d50f
da02d802
de02dc02
00f41563
da3e57fd
d202de3e
d602d402
47814481
49814401
02c10b13
02810b93
02410c13
03010c93
4da54d05
e563e399
c0190324
20000413
852240fa
44da446a
49ba494a
4a9a4a2a
5bf64b0a
5cd65c66
5db65d46
8082610d
cc5a4781
c862ca5e
c46ac666
c056c26e
48014881
46854701
45814675
e0ef8552
5792991f
0985e391
871357b2
97ce0014
37b3943e
84ba0097
1101bf71
c84aca26
100174b7
00020937
0693c64e
4601f009
859389ae
ce06a0c4
842acc22
ce3fd0ef
f0090693
85934601
8522a2c4
cd3fd0ef
f0090693
85934601
8522a344
cc3fd0ef
f0090693
85934601
8522a244
cb3fd0ef
9f634785
069316f9
06133c00
85932400
8522a004
c9bfd0ef
3c000693
24000613
a0448593
d0ef8522
c6b7c89f
46370003
85930002
8522a084
c77fd0ef
0003c6b7
85936671
8522a104
c67fd0ef
0003c6b7
00024637
a3048593
d0ef8522
c6b7c55f
66610003
a2048593
d0ef8522
c6b7c45f
66610003
a2848593
d0ef8522
4937c35f
05931001
06b71849
06370f00
85220900
c1ffd0ef
58490593
0f0006b7
09000637
d0ef8522
5937c0df
05931001
06b79849
06370f00
85220900
bf7fd0ef
d8490593
0f0006b7
09000637
d0ef8522
0593be5f
06b71849
06370f00
85220900
bd3fd0ef
58490593
0f0006b7
09000637
d0ef8522
6937bc1f
06b71001
06370f00
05930900
85229849
babfd0ef
0f0006b7
09000637
d8490593
d0ef8522
6689b99f
061316fd
85930970
85229004
b87fd0ef
0ff00693
85934619
85229304
b77fd0ef
0003f6b7
85936641
85229a44
b67fd0ef
86936685
0613fc06
85934000
85229a44
b53fd0ef
01e006b7
85934601
8522a2c4
b43fd0ef
01e006b7
85934601
8522a244
b33fd0ef
446240f2
494244d2
450149b2
80826105
cc221101
ce06c256
c84aca26
c452c64e
8aae842a
16059263
849364bd
04c20f04
10014a37
862676c1
224a0593
d0ef8522
76c1af1f
05938626
8522624a
ae3fd0ef
10015937
862676c1
a2490593
d0ef8522
76c1ad1f
05938626
8522e249
ac3fd0ef
862676c1
22490593
d0ef8522
76c1ab5f
05938626
85226249
aa7fd0ef
100169b7
862676c1
a2498593
d0ef8522
76c1a95f
85938626
8522e249
a87fd0ef
93634785
74b70cfa
06b71001
c6378000
c6930004
0613fff6
8593fcc6
85229f84
a63fd0ef
0ff00693
85934619
85229304
a53fd0ef
007f06b7
00020637
160a0593
d0ef8522
06b7a41f
0637007f
05930002
8522560a
a2ffd0ef
007f06b7
00020637
96090593
d0ef8522
06b7a1df
0637007f
05930002
8522d609
a0bfd0ef
07ff06b7
00020637
0a098593
d0ef8522
06b79f9f
063707ff
85930002
85224a09
9e7fd0ef
000406b7
16fd6641
40460613
9a448593
d0ef8522
06b79d1f
16fd0010
85934609
85229a84
9bffd0ef
446240f2
494244d2
4a2249b2
45014a92
80826105
84936485
b545f0f4
c6de7159
45818bae
d4a2d686
842ad2a6
d0ca84b2
893acece
ccd289b6
8a42cad6
c8da8abe
b0ef8b46
4585b3ff
b0ef8522
85deb37f
e0ef8522
85229fbf
99ffd0ef
fff48613
ed634795
e7b700c7
87930021
060a2387
421c963e
87828522
d7dfd0ef
85224585
9e3ff0ef
85224585
9ebff0ef
15634785
852200fa
926ff0ef
92634785
852210fa
aebfd0ef
47855756
00f71663
85224585
c07ff0ef
47855766
00f71663
85224585
dddff0ef
46854b85
4585860a
c05e8522
ae0fe0ef
860a4685
85224585
e0efc05e
5676af0f
852285da
99fff0ef
e14184aa
852255f6
9ffff0ef
e93584aa
017a1a63
45814601
014a8363
85224585
ea8ff0ef
9b634785
05b700f9
46851001
85934605
85225185
897fd0ef
00090e63
85ca864e
f0ef8522
84aaa0bf
85ca864e
f0ef8522
8cc9aabf
47855746
02f71363
0ff00693
3ff00613
0ff00713
0ff00593
f0ef8522
46bdfd4f
45bd461d
f0ef8522
50b6881f
59065426
4a6649f6
4b464ad6
85264bb6
61655496
d0ef8082
bdcde1df
fc5fd0ef
e0efb5f5
b5dd923f
acffd0ef
05b7b5c5
06b71001
06370300
85930300
85225145
80bfd0ef
4781bdc5
00b7c463
80824501
00279713
4318972a
0785e319
6541b7f5
b0050513
11018082
ce06ca26
84aacc22
70efc62e
c905da3f
85a64632
70ef842a
ed09d49f
70ef8522
6789da9f
1207a503
0ff57513
6541c501
a0050513
446240f2
610544d2
45058082
1141bfd5
84aac226
c4224501
c606c04a
8932842e
9bef70ef
040acd1d
94634781
70ef0287
07b79caf
a5030004
75131207
c5010ff5
05136541
40b2a005
44924422
01414902
06b38082
429400f9
00978733
c3140791
4505b7e9
1141b7cd
84aac226
c4224501
c606c04a
8932842e
966f70ef
040acd1d
94634781
70ef0287
07b7972f
a5030004
75131207
c5010ff5
05136541
40b2a005
44924422
01414902
87338082
43140097
00f90733
c3140791
4505b7e9
7179b7cd
842ed422
1002e5b7
8593ca56
8ab20745
d2264601
ce4ed04a
c85acc52
8a36c65e
84aad606
a0ef8b3a
4685a06f
96b345e1
04330086
e93702b4
09931002
f7b30889
99a200a6
0089bbb3
85cecb95
8526865e
9dcfa0ef
00aa0863
85ce86d2
8526865e
9c2fa0ef
542250b2
59025492
4a6249f2
4b424ad2
45014bb2
80826145
1002e5b7
85938ec9
85260745
a0ef4601
0593998f
95a20789
0085b633
852686da
986fa0ef
08090593
86d695a2
0085b633
a0ef8526
b75d974f
456357fd
110106f7
ca26cc22
c64ec84a
c256c452
84aace06
89b2892e
843a8a36
16635afd
85ca02f7
85264601
94cfa0ef
00a9c7b3
0147f7b3
4501f7fd
446240f2
494244d2
4a2249b2
61054a92
85ca8082
85264601
924fa0ef
013547b3
0147f7b3
147ddfe9
ff5415e3
bfc95579
80825575
00000000
00000000
00211b40
00000000
00211b40
00000000
00211b40
00000000
00211b40
00000000
00211b40
00000000
0021236e
00000000
00211b40
00000000
00211b40
00000000
00211b40
00000000
00212292
00000000
00211b40
00000000
00211b40
00000000
002133b0
00000000
00214762
00000000
00213744
00000000
002130d0
00000000
00213262
00000000
00211b40
00000000
00211b40
00000000
00211b40
00000000
00211b40
00000000
00211b40
00000000
00211b40
00000000
00211b40
00000000
00211b40
00000000
00211b40
00000000
00211b40
00000000
00211b40
00000000
00211b40
00000000
00211b40
00000000
00211b40
00000000
00211b40
00000000
00211b40
00000000
00211b40
00000000
00211b40
00000000
00211b40
00000000
00211b40
00000000
00211b40
00000000
00211b40
00000000
00211b40
00000000
00211b40
00000000
00211b40
00000000
00211b40
00000000
00211b40
00000000
00211b40
00000000
00211b40
00000000
00211b40
00000000
00211b40
00000000
00211b40
00000000
00211b40
00000000
00211b40
00000000
00211b40
00000000
00211b40
00000000
00211b40
00000000
00211b40
00000000
00211b40
00000000
00211b40
00000000
00211b40
00000000
00211b40
00000000
00211b40
00000000
00211b40
00000000
00211b40
00000000
00211b40
00000000
00211b40
0021cd28
0021221c
00000000
0021cd28
00212280
00000000
0021d080
002123e0
00000000
0021d08c
00212e62
00000000
0021d0ac
0021324e
00000000
0021d0cc
0021339c
00000000
0021d0ec
00213646
00000000
0021d0f8
0021365a
00000000
0021cd28
0021372c
00000000
0021d104
00213730
00000000
0021cd28
0021378c
00000000
0021d124
002139a4
00000000
0021d140
00213d9e
00000000
0021d160
00213e5a
00000000
0021d194
00214060
00000000
0021d234
00214074
00000000
0021cd28
002141e8
00000000
0021d240
002141ec
00000000
0021d270
0021429c
00000000
0021d290
002144e6
00000000
0021cd28
00214728
00000000
0021df7c
00214746
00000000
0021cd28
00214f78
00000000
00000000
20000002
00000500
00010801
00802004
00141000
00088048
500000a0
0c024000
00600210
00000500
00010801
00802004
00141000
00088048
500000a0
0c024000
00600210
00206e5c
00206e54
00206bd2
00206c14
00206e54
00206e54
00206d3a
00206db6
00206e54
00206cf4
00206e54
00206e54
00206e54
00206e54
00206e54
00206e54
00206e54
00206c94
00000001
00000000
00000000
00000001
00000001
00000001
00000000
00000001
00000001
00000001
00000000
00000000
00000000
00000000
00000000
00000000
00000000
00000000
00000000
00000000
00000000
00000001
00000000
00000000
00000001
00000001
00000000
00000000
00000000
00000000
00000000
00000000
00000001
00000000
00000000
00000001
00000001
00000003
00000000
00000001
00000003
00000003
00000000
00000000
00000000
00000000
00000000
00000000
00000002
00000000
00000000
00000002
00000002
00000005
00000000
00000002
00000004
00000004
00000000
00000000
00000000
00000000
00000000
00000000
00000001
00000002
00000003
00000000
00208e00
00208ae8
002087f4
002088f0
002089ec
00208c2e
00208ca4
00208d64
002088ec
0020886c
002088ec
00208814
00208840
002088b0
002088b8
002088e4
002089e8
00208968
00208910
002089e8
0020893c
002089ac
002089b4
002089e0
00208ae4
00208a64
00208a0c
00208a38
00208ae4
00208aa8
00208ab0
00208ab8
00208c2a
00208c2a
00208b08
00208b4e
00208b94
00208bda
00208c1a
00208c22
00208ca0
00208c4e
00208c78
00208c80
00208c88
00208ca0
00208c90
00208c98
00208d60
00208d50
00208cc4
00208cf0
00208d48
00208d58
00208d60
00208d1c
00208dfc
00208dec
00208ddc
00208de4
00208db0
00208df4
00208d84
00000003
0000000c
00000030
000000c0
0020b43a
0020b652
0020b41e
0020b402
0020b652
0020b55a
0020b5a2
0020b5c6
0020b57e
0020b652
0020b652
0020b652
0020b652
0020b652
0020b652
0020b652
0020b45e
0020b482
0020b4a6
0020b4ca
0020b652
0020b662
0020b60e
0020b630
0020b652
0020b652
0020b652
0020b652
0020b652
0020b652
0020b652
0020b652
0020b4ee
0020b652
0020b652
0020b512
80000000
90000000
a0000000
b0000000
9ad336e6
d66c655f
11111111
22222222
33333333
44444444
02020100
03030303
04040404
04040404
05050505
05050505
05050505
05050505
06060606
06060606
06060606
06060606
06060606
06060606
06060606
06060606
07070707
07070707
07070707
07070707
07070707
07070707
07070707
07070707
07070707
07070707
07070707
07070707
07070707
07070707
07070707
07070707
08080808
08080808
08080808
08080808
08080808
08080808
08080808
08080808
08080808
08080808
08080808
08080808
08080808
08080808
08080808
08080808
08080808
08080808
08080808
08080808
08080808
08080808
08080808
08080808
08080808
08080808
08080808
08080808
08080808
08080808
08080808
08080808
0000000e
0000000d
00000006
00000005
00000004
00000003
0000000a
00000009
00000008
00000007
0000000c
0000000b
00000001
00000002
00000000
0000000e
0000000c
0000000d
00000005
00000004
00000003
00000002
00000009
00000008
00000007
00000006
0000000b
0000000a
00000001
00000000
0000000d
0000000e
00000003
00000004
00000005
00000006
00000007
00000008
00000009
0000000a
0000000b
0000000c
00000000
00000001
00000002
00000003
00000004
00000005
00000006
00000007
00000008
00000009
0000000a
0000000b
6b636142
63617274
00003a65
25783020
00000078
65726f43
000a3a73
25206469
74732078
73757461
0a782520
00000000
65737365
6169746e
6874206c
64616572
00000000
00525349
61746146
6166206c
20746c75
25206e69
53202173
6e6e6970
2e676e69
000a2e2e
61746146
6166206c
20746c75
74206e69
61657268
70252064
62412021
6974726f
0a2e676e
00000000
2a2a2a2a
72654b20
206c656e
6f6c6c41
69746163
46206e6f
756c6961
20216572
2a2a2a2a
0000000a
2a2a2a2a
654b202a
6c656e72
504f4f20
2a202153
2a2a2a2a
0000000a
2a2a2a2a
654b202a
6c656e72
6e615020
20216369
2a2a2a2a
00000a2a
2a2a2a2a
6b6e5520
6e776f6e
74614620
45206c61
726f7272
21642520
2a2a2a20
00000a2a
72727543
20746e65
65726874
49206461
203d2044
460a7025
746c7561
20676e69
74736e69
74637572
206e6f69
72646461
20737365
7830203d
200a7825
3a617220
25783020
67202078
30203a70
20782578
3a707420
25783020
74202078
30203a30
0a782578
31742020
7830203a
20207825
203a3274
78257830
33742020
7830203a
20207825
203a3474
78257830
7420200a
30203a35
20782578
3a367420
25783020
61202078
30203a30
20782578
3a316120
25783020
20200a78
203a3261
78257830
33612020
7830203a
20207825
203a3461
78257830
35612020
7830203a
200a7825
3a366120
25783020
61202078
30203a37
20782578
3a707320
25783020
00000a78
00211a72
00211af8
00211af8
00211a68
00211a72
00211ae0
00211aec
65637845
6f697470
6163206e
20657375
28207325
0a296425
00000000
74736e49
74637572
206e6f69
72646461
20737365
6173696d
6e67696c
00006465
74736e49
74637572
206e6f69
65636341
66207373
746c7561
00000000
656c6c49
206c6167
74736e69
74637572
006e6f69
61657242
696f706b
0000746e
64616f4c
64646120
73736572
73696d20
67696c61
0064656e
64616f4c
63636120
20737365
6c756166
00000074
726f7453
64612065
73657264
696d2073
696c6173
64656e67
00000000
726f7453
63612065
73736563
75616620
0000746c
6f6d2d55
65206564
6c6c6163
00000000
6f6d2d53
65206564
6c6c6163
00000000
74736e49
74637572
206e6f69
65676170
75616620
0000746c
64616f4c
67617020
61662065
00746c75
726f7453
61702065
66206567
746c7561
00000000
deadbaad
deadbaad
deadbaad
deadbaad
deadbaad
deadbaad
deadbaad
deadbaad
deadbaad
deadbaad
deadbaad
deadbaad
deadbaad
deadbaad
deadbaad
deadbaad
deadbaad
deadbaad
deadbaad
deadbaad
0021cd2c
0021cd4c
0021cd68
0021cd7c
0021cd88
0021cda0
0021cdb4
0021cdd0
0021cde4
0021cdf4
0021e610
0021e610
0021ce04
0021ce1c
0021e610
0021ce2c
0021e610
72757053
73756f69
746e6920
75727265
64207470
63657465
21646574
51524920
6425203a
0000000a
43494c50
746e6920
75727265
6c207470
20656e69
73756163
20676e69
20656874
3a515249
0a642520
00000000
00212138
00212144
00212144
00212144
00212144
00212144
00212144
00212144
00212158
00212144
00212144
00211fa8
00211fb0
00211fb0
00211fb0
00211fb0
00211fb0
00211fb0
00211fb0
00211fb0
00211fb0
00212144
00212144
00212144
00212144
00212144
00212144
00212144
00212144
00212144
00212144
00212144
00212144
00212144
00212144
00212144
00212144
00212144
00212144
00212144
00212144
00212144
00212144
00212144
00212144
00212144
00212144
00212144
00212144
00212144
00212144
002120ac
00212144
00212144
00212144
00212144
00212144
00212144
00212144
00212144
00212144
00212144
00212126
00211fd4
00212144
00212144
00212144
00211f68
00211fd4
00212144
00212144
00211fd0
00212144
00212144
00212144
00212098
00212144
00212144
002120e0
00212144
00212044
00212144
00212144
002120ac
00212144
00211f68
5f737973
636f6c63
0000006b
54524d43
4349535f
00000000
00212af0
00212ad8
00212bea
00212ed0
00212aa8
54524d43
434d4f5f
00000000
00000000
00000000
0021323a
0021320c
00000000
54524d43
414d445f
00000043
00000000
00000000
00213310
0021333c
00213358
54524d43
4341535f
00000000
54524d43
55504d5f
00000000
54524d43
43444b5f
00000000
00000000
00000000
00213706
002136ac
00000000
54524d43
0043485f
00213782
00000000
00000000
00000000
00000000
54524d43
434d465f
00000000
00000000
00000000
00000000
00000000
00000000
54524d43
434d545f
00000000
00000000
00000001
000000f0
000000f3
00000080
00213fea
00000000
00213e48
00213e6e
00213fbc
54524d43
0043435f
00000000
00000000
00000000
00000000
00000000
002140f8
002140f2
0021412e
002140f8
0021412e
002140f8
002140f8
002140f8
00214118
002140f8
002140f8
002140f8
002140f8
002140f8
002140f8
002140f8
0021411e
002140f8
002140f8
002140f8
002140f8
002140f8
002140f8
002140f8
002140f8
002140f8
002140f8
002140f8
002140f8
002140f8
002140f8
002140f8
00214122
54524d43
4341455f
00000000
54524d43
5345415f
00000000
00000000
00000000
00000000
00000000
00000000
00010000
00214168
0021416c
00214176
54524d43
43544b5f
00000000
00000000
00000000
00000000
00000000
00000000
54524d43
4449535f
00000000
0021441e
00000000
00214450
00214458
002144a0
55aa55aa
00000006
00000001
00000000
00000001
00000001
00000001
00000000
00000000
00000000
00000000
00000000
00000000
00000000
00214ca0
55aa55aa
55aa55aa
00000007
00000001
00000000
00000001
00000001
00000002
00000000
00000000
00000000
00000000
00000000
00000000
00000000
00214ca0
55aa55aa
55aa55aa
00000008
00000001
00000000
00000001
00000001
00000003
00000000
00000000
00000000
00000000
00000000
00000000
00000000
00214ca0
55aa55aa
55aa55aa
00000008
00000001
00000000
00000001
00000001
00000007
00000000
00000000
00000000
00000000
00000000
00000000
00000000
00214ca0
55aa55aa
55aa55aa
0000000c
00000001
00000000
00000001
00000001
00000004
00000000
00000000
00000000
00000000
00000000
00000000
00000000
00214ca0
55aa55aa
55aa55aa
00000011
00000001
00000000
00000001
00000001
00000005
00000000
00000000
00000000
00000000
00000000
00000000
00000000
00214ca0
55aa55aa
55aa55aa
00000006
00000001
00000000
00000001
00000001
00000011
00000000
00000000
00000000
00000000
00000000
00000000
00000000
00214ca0
55aa55aa
55aa55aa
00000007
00000001
00000000
00000001
00000001
00000012
00000000
00000000
00000000
00000000
00000000
00000000
00000000
00214ca0
55aa55aa
55aa55aa
00000008
00000001
00000000
00000001
00000001
00000013
00000000
00000000
00000000
00000000
00000000
00000000
00000000
00214ca0
55aa55aa
55aa55aa
0000000a
00000001
00000000
00000001
00000001
00000014
00000000
00000000
00000000
00000000
00000000
00000000
00000000
00214ca0
55aa55aa
55aa55aa
0000000c
00000001
00000000
00000001
00000001
00000015
00000000
00000000
00000000
00000000
00000000
00000000
00000000
00214ca0
55aa55aa
55aa55aa
00000010
00000001
00000000
00000001
00000001
00000016
00000000
00000000
00000000
00000000
00000000
00000000
00000000
00214ca0
55aa55aa
55aa55aa
00000008
00000001
00000001
00000000
00000000
00000000
0021d630
00000000
0021d5f0
00000000
0021d610
00000000
00000000
00214d9e
55aa55aa
0001db41
00000000
00000000
00000000
00000000
00000000
00000000
00000000
00000009
00000000
00000000
00000000
00000000
00000000
00000000
00000000
ffffffed
ffffffff
ffffffff
ffffffff
ffffffff
ffffffff
ffffffff
7fffffff
55aa55aa
0000000e
00000001
00000001
00000000
00000000
00000000
0021d700
00000000
0021d690
00000000
0021d6c8
00000000
00000000
00214d9e
55aa55aa
000098a9
00000000
00000000
00000000
00000000
00000000
00000000
00000000
00000000
00000000
00000000
00000000
00000000
00000000
00000005
00000000
00000000
00000000
00000000
00000000
00000000
00000000
00000000
00000000
00000000
00000000
00000000
00000000
ffffffff
ffffffff
ffffffff
ffffffff
ffffffff
ffffffff
ffffffff
fffffffe
ffffffff
ffffffff
ffffffff
ffffffff
ffffffff
ffffffff
55aa55aa
00000008
00000001
00000000
00000001
00000001
00000021
00000000
00000000
00000000
00000000
00000000
00000000
00000000
00214ca0
55aa55aa
55aa55aa
00000008
00000001
00000000
00000001
00000001
00000017
00000000
00000000
00000000
00000000
00000000
00000000
00000000
00214ca0
55aa55aa
55aa55aa
0000000e
00000001
00000000
00000001
00000001
00000022
00000000
00000000
00000000
00000000
00000000
00000000
00000000
00214ca0
55aa55aa
55aa55aa
00000006
00000001
00000000
00000000
00000000
00000000
0021d8b0
0021d898
0021d838
0021d850
0021d868
0021d880
00000000
00214ca0
00000000
e1a86294
8fce476d
93d18db7
a7a34630
932a36cd
c302f41d
27897b79
fb68542e
3b35bec2
68f9deb4
ec78681e
13d56ffa
f4618129
2c446af6
bbf43fa7
282e1fe7
82f63c30
3ae9e58c
7ccc01c9
b7e5b3de
449d0084
902ab5ca
67c2223a
097e2c56
9ac4acc1
5be8f102
9e9e916b
a7a3462f
932a36cd
c302f41d
e1a86297
8fce476d
93d18db7
a7a34630
932a36cd
c302f41d
55aa55aa
00000007
00000001
00000000
00000000
00000000
00000000
0021d994
0021d978
0021d908
0021d924
0021d940
0021d95c
00000000
00214ca0
00000000
7ec8c0fc
97da89f5
b09f0757
75d1d787
2a183025
26436686
d7c134aa
8a60888d
b3bb64f1
0da14c08
0ced1ed2
ef271bf6
4104cd7b
4b337d93
29b4d580
8ac0c760
cb49f892
fe14762e
96424e7f
ce25ff38
6ab1e344
1a46db4c
1c6abd5f
41c8cc0d
7c0d4b1e
d23f3f4d
143e568c
0374e9f5
a5a7939f
6ddebca3
d116bc4b
75d0fb98
2a183025
26436686
d7c134aa
7ec8c0ff
97da89f5
b09f0757
75d1d787
2a183025
26436686
d7c134aa
55aa55aa
00000008
00000001
00000000
00000000
00000000
00000000
0021da90
0021da70
0021d9f0
0021da10
0021da30
0021da50
00000000
00214ca0
00000000
1f6e5374
2013481d
d5262028
6e3bf623
9d838d72
3e660a90
a1eea9bc
a9fb57db
fee92b04
6ae58101
af2f4925
bf93ebc4
3d0b76b7
fe66a773
30d84ea4
662c61c4
2e1305f4
79a19156
7aafbc2b
afa142c4
3a656149
732213b2
c1cfe7b7
a3e8eb3c
5b25c9be
1dabe8f3
39d02700
69bcb6de
4644417e
7f7b22e1
3439c56d
2d996c82
974856a7
901e0e82
b561a6f7
8c397aa3
9d838d71
3e660a90
a1eea9bc
a9fb57db
1f6e5377
2013481d
d5262028
6e3bf623
9d838d72
3e660a90
a1eea9bc
a9fb57db
55aa55aa
0000000a
00000001
00000000
00000000
00000000
00000000
0021dbb8
0021db90
0021daf0
0021db18
0021db40
0021db68
00000000
00214ca0
00000000
f1b32e24
fcd412b1
7893ec28
4f92b9ec
f6f40def
f98fcfa6
d201e065
e13c785e
36bc4fb7
d35e4720
22340353
b5b4fef4
b8a547ce
80aaf77f
7ed27c67
064c19f2
db782013
60b3d147
38eb1ed5
a7f561e0
a21bed52
3357f624
cc136fff
7ee07868
6c4f09cb
3408ab10
90010f81
4d3e7d49
01afc6fb
925be9fb
5fb0d2c3
1b9bc045
9d1ee71b
42a5a098
a0b077ad
ee084e58
7abb30eb
6671dbef
27483ebf
63ba3a7a
44c59311
8691555b
ee8658e9
2d482ec7
b68f12a3
f98fcfa5
d201e065
e13c785e
36bc4fb7
d35e4720
f1b32e27
fcd412b1
7893ec28
4f92b9ec
f6f40def
f98fcfa6
d201e065
e13c785e
36bc4fb7
d35e4720
55aa55aa
0000000c
00000001
00000000
00000000
00000000
00000000
0021dd10
0021dce0
0021dc20
0021dc50
0021dc80
0021dcb0
00000000
00214ca0
00000000
3107ec50
87470013
901d1a71
acd3a729
7fb71123
12b1da19
ed5456b4
152f7109
50e641df
0f5d6f7e
a3386d28
8cb91e82
33b471ee
ed70355a
3b88805c
2074aa26
756dce1d
4b1abd11
8ccdc64e
4b9346ed
47910f8c
d826dba6
a7bda81b
7f519ead
418808cc
d8d0aa2f
946a5f54
c4ff191b
462aabff
2476fecd
ebd65317
9b80ab12
35f72a81
f2afcd72
2db9a306
18de98b0
9e582928
2675bf5b
4dc2b291
46940858
a208ccfe
3b88f2b6
5b7a1fca
747f9347
755ad336
a114afd2
62d30651
25ab0569
e9046565
3b883202
6b7fc310
cf3ab6af
ac0425a7
1f166e6c
ed5456b3
152f7109
50e641df
0f5d6f7e
a3386d28
8cb91e82
3107ec53
87470013
901d1a71
acd3a729
7fb71123
12b1da19
ed5456b4
152f7109
50e641df
0f5d6f7e
a3386d28
8cb91e82
55aa55aa
00000010
00000001
00000000
00000000
00000000
00000000
0021dec0
0021de80
0021dd80
0021ddc0
0021de00
0021de40
00000000
00214ca0
00000000
583a48f0
28aa6056
2d82c685
2881ff2f
e6a380e6
aecda12a
9bc66842
7d4d9b00
70330871
d6639cca
b3c9d20e
cb308db3
33c9fc07
3fd4e6ae
dbe9c48b
aadd9db8
1867423e
180ea257
65763689
c22553b4
f2dae145
f6450085
04976540
2bcdfa23
ec3e36a6
7897504b
cb498152
21f70c0b
6884eae3
6e1890e4
441cfab7
7cbbbcf9
fa9035da
1baa2696
e26f06b5
f7a3f25f
d6943a64
99aa77a7
5cdb3ea4
82ba5173
39c0313d
9db1758d
58c56dde
ba858424
cbc2a6fe
b9c1ba06
12788717
640ece5c
00f8b332
e198b61e
6dbb8bac
306ecff9
df86a627
d71df2da
beef216b
d9932184
ae03cee9
1131159c
b71634c0
bb4e3019
6c84ace1
a2c89237
95f5af0f
5b534bd5
9ca90069
b5879682
085ddadd
1db1d381
7fac1047
41866119
4ca92619
553e5c41
70330870
d6639cca
b3c9d20e
cb308db3
33c9fc07
3fd4e6ae
dbe9c48b
aadd9db8
583a48f3
28aa6056
2d82c685
2881ff2f
e6a380e6
aecda12a
9bc66842
7d4d9b00
70330871
d6639cca
b3c9d20e
cb308db3
33c9fc07
3fd4e6ae
dbe9c48b
aadd9db8
00214816
00214930
002148ae
002148b8
002148c2
002148cc
00214808
00214926
002148d6
002148e0
002148ea
002148f4
00214844
0021483a
0021493a
00214890
0021489a
002148a4
002147e0
002147ea
002147ea
002147ea
002147ea
002147ea
002147ea
002147ea
002147ea
002148fe
00214912
0021491c
00214908
54524d43
454b505f
00000000
0000000a
0000000b
0000000c
0000000d
0000000e
0000000f
0000000a
0000000b
0000000c
0000000d
0000000e
0000000f
0000000a
0000000b
0000000c
0000000d
0000000e
0000000f
0000000a
ffffffff
ffffffff
ffffffff
0000000e
0000000f
0000000a
ffffffff
ffffffff
0000000d
0000000e
0000000f
002146d2
00000000
00214716
00214c54
0021472c
0021e620
0021e6ec
0021e6f8
0021e734
0021e734
656c6469
00000000
6e69616d
00000000
2a2a2a2a
6f42202a
6e69746f
655a2067
72796870
20534f20
34312e31
2a20322e
2a2a2a2a
0000000a
00216aa8
00216ac8
00216ace
00216ad4
00216ada
00216ae0
00216ae6
00216aec
00216fb8
00216fc2
00216fcc
00216fd6
00216fe0
00216fea
00216ff4
00216ffe
00217008
00217012
0021701c
00217026
00217076
00217080
0021708a
00217094
0021709e
002170a8
002170b2
002170bc
002170c6
002170d0
002170da
002170e4
0021716a
00217170
00217174
00217178
0021717c
00217180
00217184
00217188
0021718c
00217190
00217194
002171da
002171e0
002171e4
002171e8
002171ec
002171f0
002171f4
002171f8
002171fc
00217200
00217204
0021725e
0021726a
00217276
00217282
0021728e
0021729a
002172a6
002172b2
002172be
002172ca
002172d6
002172e2
1000601c
10006020
10006058
10006014
10006018
10006054
10006008
1000603c
10006044
1000600c
10006040
10006048
002180d2
002180d8
002180e2
002180e6
002180ea
002180ee
002180f2
002180f6
002180fa
002180fe
0021810a
002182fa
002182fe
00218308
0021830c
00218310
00218314
00218318
0021831c
00218320
00218324
0021832e
00218368
0021836c
00218376
0021837a
0021837e
00218382
00218386
0021838a
0021838e
00218392
0021839c
002185a6
002185ac
002185b2
002185b8
002185be
002185c4
002185ca
0021bf14
0021c022
0021c028
0021c02e
0021c02e
0021c034
00000002
00000002
00000000
0000012f
00000000
00000000
00000000
000003ff
00000000
00060001
03000064
0021f0cc
00000000
00000000
00000000
00000000
00000000
00000000
00000000
00000000
00000000
00000000
00000000
00000000
00000000
00010140
000f0024
0021f324
00000000
00000000
00000000
00000000
00000000
00000000
00000000
00000000
00000000
00000000
00000000
00000000
00000000
00010162
00030098
0021f348
00000000
00000000
00000000
00000000
00000000
00000000
00000000
00000000
00000000
00000000
00000000
00000000
00000000
00010150
00030028
0021f3e0
00000000
00000000
00000000
00000000
00000000
00000000
00000000
00000000
00000000
00000000
00000000
00000000
00000000
00010120
00000030
0021f408
00000000
00000000
00000000
00000000
00000000
00000000
00000000
00000000
00000000
00000000
00000000
00000000
00000000
00010002
00000024
0021f438
00000000
00000000
00000000
00000000
00000000
00000000
00000000
00000000
00000000
00000000
00000000
00000000
00000000
00010104
00000030
0021f45c
00000000
00000000
00000000
00000000
00000000
00000000
00000000
00000000
00000000
00000000
00000000
00000000
00000000
00010108
00000024
0021f48c
00000000
00000000
00000000
00000000
00000000
00000000
00000000
00000000
00000000
00000000
00000000
00000000
00000000
00010110
0000002c
0021f4b0
00000000
00000000
00000000
00000000
00000000
00000000
00000000
00000000
00000000
00000000
00000000
00000000
00000000
00010152
00000024
0021f4dc
00000000
00000000
00000000
00000000
00000000
00000000
00000000
00000000
00000000
00000000
00000000
00000000
00000000
00010000
00000034
0021f500
00000000
00000000
00000000
00000000
00000000
00000000
00000000
00000000
00000000
00000000
00000000
00000000
00000000
00010130
00010078
0021ec48
00000000
00000000
00000000
00000000
00000000
00000000
00000000
00000000
00000000
00000000
00000000
00000000
00000000
00000000
00000040
00000040
00000060
00000060
00000000
00000000
00000020
00000040
00000020
00000000
00000000
00000000
00000020
00000000
00000000
00000000
00000000
00000000
00000020
00000000
00000000
00000000
00000000
00000000
00000000
00000000
00000000
00000000
00000040
00211d26
fffffcff
00215044
0021e5f8
0021e5f8
14000000
127fe000
12200000
00000019
6e6b6e75
006e776f
fffffff5
0021f534
0021c4e4
00000000
00000000
0021c598
00000000
00000000
0021c490
00000000
00000000
0021c49c
00000000
00000000
0021c4c0
0021d0b8
0021e2b0
0021c4d8
00000000
00000000
0021c538
0021d19c
0021e430
0021c544
00000000
00000000
0021c52c
0021d180
0021e3f0
0021c4b4
0021d098
0021e270
0021c4cc
0021d0d8
0021e2f0
0021c4fc
0021d110
0021e330
0021c514
0021d12c
0021e370
0021c520
0021d14c
0021e3b0
0021c55c
0021d24c
0021e470
0021c568
0021d27c
0021e4b0
0021c58c
0021e000
0021e530
0021c4a8
00000000
00000000
0021c574
0021d29c
0021e4f0
0021c4f0
00000000
00000000
0021c508
00000000
00000000
0021c550
00000000
00000000
0021c580
00000000
00000000
0021e734
0021e734
00000000
00000000
0000000f
0021e748
0021e748
00000000
00000000
0000000f
0021e75c
0021e75c
00000000
00000000
0000000f
00204000
0021c290
0021c5a8
0021e250
0021e250
0021e770
0021e770
0021f700
0021f700
00228100
00204004
00204000
00000034
00000048
00000001
06937162
c6afb9e9
84069542
897c2d7a
2e504fa8
348c8a64
56b80876
8274d363
00000001
c0ffbeef
00000001
0f0fff1f
fffffe0f
7fffffff
bfff8000
00000000
8000ffff
00000000
00000001
00000040
bb4a1ef6
2ade9ebe
1f48209f
d333253d
ecc0f6ea
da0a2bda
c51ee68d
5d482df9
6b06470c
8ed76914
87969f10
d00ef4e8
f9804435
9c48bbe3
80d00712
99550670
00000040
06914cce
48f44ed7
44dca5ca
afe54cb4
9e45aaac
b93b8edc
9cccbd2d
9257fb22
adae2cd9
c55e3dbd
617edf8e
fa17f3ed
1c318d2b
8fe487a5
85688ce6
e489d815
000000e0
00000000
00000000
00000000
00000000
00000000
00000000
00000000
00000000
00000000
00000000
00000000
00000000
00000000
00000000
00000000
00000000
00000000
00000000
00000000
00000000
00000000
00000000
00000000
00000000
00000000
00000000
00000000
00000000
00000000
00000000
00000000
00000000
00000000
00000000
00000000
00000000
00000000
00000000
00000000
00000000
00000000
00000000
00000000
00000000
00000000
00000000
00000000
00000000
00000000
00000000
00000000
00000000
00000000
00000000
00000000
00000000
00000000
00000000
00000000
00000000
00000000
00000000
00000000
00000000
00000000
00000000
00000000
00000000
00000000
00000000
00000000
00000000
00000000
00000000
00000000
00000000
00000000
00000000
00000000
00000000
00000000
00000000
00000000
00000000
00000000
00000000
00000000
00000000
00000000
00000000
00000000
00000000
00000000
00000000
00000000
00000000
00000000
00000000
00000000
00000000
00000000
00000000
00000000
00000000
00000000
00000000
00000000
00000000
00000000
00000000
00000000
00000000
00000000
00000000
00000000
00000000
00000000
00000000
00000000
00000000
00000000
00000000
00000000
00000000
00000000
00000000
00000000
00000000
00000000
00000000
00000000
00000000
00000000
00000000
00000000
00000000
00000000
00000000
00000000
00000000
00000000
00000000
00000000
00000000
00000000
00000000
00000000
00000000
00000000
00000000
00000000
00000000
00000000
00000000
00000000
00000000
00000000
00000000
00000000
00000000
00000000
00000000
00000000
00000000
00000000
00000000
00000000
00000000
00000000
00000000
00000000
00000000
00000000
00000000
00000000
00000000
00000000
00000000
00000000
00000000
00000000
00000000
00000000
00000000
00000000
00000000
00000000
00000000
00000000
00000000
00000000
00000000
00000000
00000000
00000000
00000000
00000000
00000000
00000000
00000000
00000000
00000000
00000000
00000000
00000000
00000000
00000000
00000000
00000000
00000000
00000000
00000000
00000000
00000000
00000000
00000000
00000000
00000000
00000000
00000000
00000000
00000000
00000000
00000000
00000000
00000000
00000000
00000000
00000000
00000000
00000000
00000000
00000000
00000000
00000000
00000000
00000000
00000000
00000000
00000000
00000000
00000000
00000000
00000000
00000000
00000000
00000000
00000000
00000000
00000000
00000000
00000000
00000000
00000000
00000000
00000000
00000000
00000000
00000000
00000000
00000000
00000000
00000000
00000000
00000000
00000000
00000000
00000000
00000000
00000000
00000000
00000000
00000000
00000000
00000000
00000000
00000000
00000000
00000000
00000000
00000000
00000000
00000000
00000000
00000000
00000000
00000000
00000000
00000000
00000000
00000000
00000000
00000000
00000000
00000000
00000000
00000000
00000000
00000000
00000000
00000000
00000000
00000000
00000000
00000000
00000000
00000000
00000000
00000000
00000000
00000000
00000000
00000000
00000000
00000000
00000000
00000000
00000000
00000000
00000000
00000000
00000000
00000000
00000000
00000000
00000000
00000000
00000000
00000000
00000000
00000000
00000000
00000000
00000000
00000000
00000000
00000000
00000000
00000000
00000000
00000000
00000000
00000000
00000000
00000000
00000000
00000000
00000000
00000000
00000000
00000000
00000000
00000000
00000000
00000000
00000000
00000000
00000000
00000000
00000000
00000000
00000000
00000000
00000000
00000000
00000000
00000000
00000000
00000000
00000000
00000000
00000000
00000000
00000000
00000000
00000000
00000000
00000000
00000000
00000000
00000000
00000000
00000000
00000000
00000000
00000000
00000000
00000000
00000000
00000000
00000000
00000000
00000000
00000000
00000000
00000000
00000000
00000000
00000000
00000000
00000000
00000000
00000000
00000000
00000000
00000000
00000000
00000000
00000000
00000000
00000000
00000000
00000000
00000000
00000000
00000000
00000000
00000000
00000000
00000000
00000000
00000000
00000000
00000000
00000000
00000000
00000000
00000000
00000000
00000000
00000000
00000000
00000000
00000000
00000000
00000000
00000000
00000000
00000000
00000000
00000000
00000000
00000000
00000000
00000000
00000000
00000000
00000000
00000000
00000000
00000000
00000000
00000000
00000000
00000000
00000000
00000000
00000000
00000000
00000000
00000000
00000000
00000000
00000000
00000000
00000000
00000000
00000000
00000000
00000000
00000000
00000000
00000000
00000000
00000000
00000000
00000000
00000000
00000000
00000000
00000000
00000000
00000000
00000000
00000000
00000000
00000000
00000000
00000000
00000000
00000000
00000000
00000000
00000000
00000000
00000000
00000000
00000000
00000000
00000000
00000000
00000000
00000000
00000000
00000000
00000000
00000000
00000000
00000000
00000000
00000000
00000000
00000000
00000000
00000000
00000000
00000000
00000000
00000000
00000000
00000000
00000000
00000000
00000000
00000000
00000000
00000000
00000000
00000000
00000000
00000000
00000000
00000000
00000000
00000000
00000000
00000000
00000000
00000000
00000000
00000000
00000000
00000000
00000000
00000000
00000000
00000000
00000000
00000000
00000000
00000000
00000000
00000000
00000000
00000000
00000000
00000000
00000000
00000000
00000000
00000000
00000000
00000000
00000000
00000000
00000000
00000000
00000000
00000000
00000000
00000000
00000000
00000000
00000000
00000000
00000000
00000000
00000000
00000000
00000000
00000000
00000000
00000000
00000000
00000000
00000000
00000000
00000000
00000000
00000000
00000000
00000000
00000000
00000000
00000000
00000000
00000000
00000000
00000000
00000000
00000000
00000000
00000000
00000000
00000000
00000000
00000000
00000000
00000000
00000000
00000000
00000000
00000000
00000000
00000000
00000000
00000000
00000000
00000000
00000000
00000000
00000000
00000000
00000000
00000000
00000000
00000000
00000000
00000000
00000000
00000000
00000000
00000000
00000000
00000000
00000000
00000000
00000000
00000000
00000000
00000000
00000000
00000000
00000000
00000000
00000000
00000000
00000000
00000000
00000000
00000000
00000000
00000000
00000000
00000000
00000000
00000000
00000000
00000000
00000000
00000000
00000000
00000000
00000000
00000000
00000000
00000000
00000000
00000000
00000000
00000000
00000000
00000000
00000000
00000000
00000000
00000000
00000000
00000000
00000000
00000000
00000000
00000000
00000000
00000000
00000000
00000000
00000000
00000000
00000000
00000000
00000000
00000000
00000000
00000000
00000000
00000000
00000000
00000000
00000000
00000000
00000000
00000000
00000000
00000000
00000000
00000000
00000000
00000000
00000000
00000000
00000000
00000000
00000000
00000000
00000000
00000000
00000000
00000000
00000000
00000000
00000000
00000000
00000000
00000000
00000000
00000000
00000000
00000000
00000000
00000000
00000000
00000000
00000000
00000000
00000000
00000000
00000000
00000000
00000000
00000000
00000000
00000000
00000000
00000000
00000000
00000000
00000000
00000000
00000000
00000000
00000000
00000000
00000000
00000000
00000000
00000000
00000000
00000000
00000000
00000000
00000000
00000000
00000000
00000000
00000000
00000000
00000000
00000000
00000000
00000000
00000000
00000000
00000000
00000000
00000000
00000000
00000000
00000000
00000000
00000000
00000000
00000000
00000000
00000000
00000000
00000000
00000000
00000000
00000000
00000000
00000000
00000000
00000000
00000000
00000000
00000000
00000000
00000000
00000000
00000000
00000000
00000000
00000000
00000000
00000000
00000000
00000000
00000000
00000000
00000000
00000000
00000000
00000000
00000000
00000000
00000000
00000000
00000000
00000000
00000000
00000000
00000000
00000000
00000000
00000000
00000000
00000000
00000000
00000000
00000000
00000000
00000000
00000000
00000000
00000000
00000000
00000000
00000000
00000000
00000000
00000000
00000000
00000000
00000000
00000000
00000000
00000000
00000000
00000000
00000000
00000000
00000000
00000000
00000000
00000000
00000000
00000000
00000000
00000000
00000000
00000000
00000000
00000000
00000000
00000000
00000000
00000000
00000000
00000000
00000000
00000000
00000000
00000000
00000000
00000000
00000000
00000000
00000000
00000000
00000000
00000000
00000000
00000000
00000000
00000000
00000000
00000000
00000000
00000000
00000000
00000000
00000000
00000000
00000000
00000000
00000000
00000000
00000000
00000000
00000000
00000000
00000000
00000000
00000000
00000000
00000000
00000000
00000000
00000000
00000000
00000000
00000000
00000000
00000000
00000000
00000000
00000000
00000000
00000000
00000000
00000000
00000000
00000000
00000000
00000000
00000000
00000000
00000000
00000000
00000000
00000000
00000000
00000000
00000000
00000000
00000000
00000000
00000000
00000000
00000000
00000000
00000000
00000000
00000000
00000000
00000000
00000000
00000000
00000000
00000000
00000000
00000000
00000000
00000000
00000000
00000000
00000000
00000000
00000000
00000000
00000000
00000000
00000000
00000000
00000000
00000000
00000000
00000000
00000000
00000000
00000000
00000000
00000000
00000000
00000000
00000000
00000000
00000000
00000000
00000000
00000000
00000000
00000000
00000000
00000000
00000000
00000000
00000000
00000000
00000000
00000000
00000000
00000000
00000000
00000000
00000000
00000000
00000000
00000000
00000000
00000000
00000000
00000000
00000000
00000000
00000000
00000000
00000000
00000000
00000000
00000000
00000000
00000000
00000000
00000000
00000000
00000000
00000000
00000000
00000000
00000000
00000000
00000000
00000000
00000000
00000000
00000000
00000000
00000000
00000000
00000000
00000000
00000000
00000000
00000000
00000000
00000000
00000000
00000000
00000000
00000000
00000000
00000000
00000000
00000000
00000000
00000000
00000000
00000000
00000000
00000000
00000000
00000000
00000000
00000000
00000000
00000000
00000000
00000000
00000000
00000000
00000000
00000000
00000000
00000000
00000000
00000000
00000000
00000000
00000000
00000000
00000000
00000000
00000000
00000000
00000000
00000000
00000000
00000000
00000000
00000000
00000000
00000000
00000000
00000000
00000000
00000000
00000000
00000000
00000000
00000000
00000000
00000000
00000000
00000000
00000000
00000000
00000000
00000000
00000000
00000000
00000000
00000000
00000000
00000000
00000000
00000000
00000000
00000000
00000000
00000000
00000000
00000000
00000000
00000000
00000000
00000000
00000000
00000000
00000000
00000000
00000000
00000000
00000000
00000000
00000000
00000000
00000000
00000000
00000000
00000000
00000000
00000000
00000000
00000000
00000000
00000000
00000000
00000000
00000000
00000000
00000000
00000000
00000000
00000000
00000000
00000000
00000000
00000000
00000000
00000000
00000000
00000000
00000000
00000000
00000000
00000000
00000000
00000000
00000000
00000000
00000000
00000000
00000000
00000000
00000000
00000000
00000000
00000000
00000000
00000000
00000000
00000000
00000000
00000000
00000000
00000000
00000000
00000000
00000000
00000000
00000000
00000000
00000000
00000000
00000000
00000000
00000000
00000000
00000000
00000000
00000000
00000000
00000000
00000000
00000000
00000000
00000000
00000000
00000000
00000000
00000000
00000000
00000000
00000000
00000000
00000000
00000000
00000000
00000000
00000000
00000000
00000000
00000000
00000000
00000000
00000000
00000000
00000000
00000000
00000000
00000000
00000000
00000000
00000000
00000000
00000000
00000000
00000000
00000000
00000000
00000000
00000000
00000000
00000000
00000000
00000000
00000000
00000000
00000000
00000000
00000000
00000000
00000000
00000000
00000000
00000000
00000000
00000000
00000000
00000000
00000000
00000000
00000000
00000000
00000000
00000000
00000000
00000000
00000000
00000000
00000000
00000000
00000000
00000000
00000000
00000000
00000000
00000000
00000000
00000000
00000000
00000000
00000000
00000000
00000000
00000000
00000000
00000000
00000000
00000000
00000000
00000000
00000000
00000000
00000000
00000000
00000000
00000000
00000000
00000000
00000000
00000000
00000000
00000000
00000000
00000000
00000000
00000000
00000000
00000000
00000000
00000000
00000000
00000000
00000000
00000000
00000000
00000000
00000000
00000000
00000000
00000000
00000000
00000000
00000000
00000000
00000000
00000000
00000000
00000000
00000000
00000000
00000000
00000000
00000000
00000000
00000000
00000000
00000000
00000000
00000000
00000000
00000000
00000000
00000000
00000000
00000000
00000000
00000000
00000000
00000000
00000000
00000000
00000000
00000000
00000000
00000000
00000000
00000000
00000000
00000000
00000000
00000000
00000000
00000000
00000000
00000000
00000000
00000000
00000000
00000000
00000000
00000000
00000000
00000000
00000000
00000000
00000000
00000000
00000000
00000000
00000000
00000000
00000000
00000000
00000000
00000000
00000000
00000000
00000000
00000000
00000000
00000000
00000000
00000000
00000000
00000000
00000000
00000000
00000000
00000000
00000000
00000000
00000000
00000000
00000000
00000000
00000000
00000000
00000000
00000000
00000000
00000000
00000000
00000000
00000000
00000000
00000000
00000000
00000000
00000000
00000000
00000000
00000000
00000000
00000000
00000000
00000000
00000000
00000000
00000000
00000000
00000000
00000000
00000000
00000000
00000000
00000000
00000000
00000000
00000000
00000000
00000000
00000000
00000000
00000000
00000000
00000000
00000000
00000000
00000000
00000000
00000000
00000000
00000000
00000000
00000000
00000000
00000000
00000000
00000000
00000000
00000000
00000000
00000000
00000000
00000000
00000000
00000000
00000000
00000000
00000000
00000000
00000000
00000000
00000000
00000000
00000000
00000000
00000000
00000000
00000000
00000000
00000000
00000000
00000000
00000000
00000000
00000000
00000000
00000000
00000000
00000000
00000000
00000000
00000000
00000000
00000000
00000000
00000000
00000000
00000000
00000000
00000000
00000000
00000000
00000000
00000000
00000000
00000000
00000000
00000000
00000000
00000000
00000000
00000000
00000000
00000000
00000000
00000000
00000000
00000000
00000000
00000000
00000000
00000000
00000000
00000000
00000000
00000000
00000000
00000000
00000000
00000000
00000000
00000000
00000000
00000000
00000000
00000000
00000000
00000000
00000000
00000000
00000000
00000000
00000000
00000000
00000000
00000000
00000000
00000000
00000000
00000000
00000000
00000000
00000000
00000000
00000000
00000000
00000000
00000000
00000000
00000000
00000000
00000000
00000000
00000000
00000000
00000000
00000000
00000000
00000000
00000000
00000000
00000000
00000000
00000000
00000000
00000000
00000000
00000000
00000000
00000000
00000000
00000000
00000000
00000000
00000000
00000000
00000000
00000000
00000000
00000000
00000000
00000000
00000000
00000000
00000000
00000000
00000000
00000000
00000000
00000000
00000000
00000000
00000000
00000000
00000000
00000000
00000000
00000000
00000000
00000000
00000000
00000000
00000000
00000000
00000000
00000000
00000000
00000000
00000000
00000000
00000000
00000000
00000000
00000000
00000000
00000000
00000000
00000000
00000000
00000000
00000000
00000000
00000000
00000000
00000000
00000000
00000000
00000000
00000000
00000000
00000000
00000000
00000000
00000000
00000000
00000000
00000000
00000000
00000000
00000000
00000000
00000000
00000000
00000000
00000000
00000000
00000000
00000000
00000000
00000000
00000000
00000000
00000000
00000000
00000000
00000000
00000000
00000000
00000000
00000000
00000000
00000000
00000000
00000000
00000000
00000000
00000000
00000000
00000000
00000000
00000000
00000000
00000000
00000000
00000000
00000000
00000000
00000000
00000000
00000000
00000000
00000000
00000000
00000000
00000000
00000000
00000000
00000000
00000000
00000000
00000000
00000000
00000000
00000000
00000000
00000000
00000000
00000000
00000000
00000000
00000000
00000000
00000000
00000000
00000000
00000000
00000000
00000000
00000000
00000000
00000000
00000000
00000000
00000000
00000000
00000000
00000000
00000000
00000000
00000000
00000000
00000000
00000000
00000000
00000000
00000000
00000000
00000000
00000000
00000000
00000000
00000000
00000000
00000000
00000000
00000000
00000000
00000000
00000000
00000000
00000000
00000000
00000000
00000000
00000000
00000000
00000000
00000000
00000000
00000000
00000000
00000000
00000000
00000000
00000000
00000000
00000000
00000000
00000000
00000000
00000000
00000000
00000000
00000000
00000000
00000000
00000000
00000000
00000000
00000000
00000000
00000000
00000000
00000000
00000000
00000000
00000000
00000000
00000000
00000000
00000000
00000000
00000000
00000000
00000000
00000000
00000000
00000000
00000000
00000000
00000000
00000000
00000000
00000000
00000000
00000000
00000000
00000000
00000000
00000000
00000000
00000000
00000000
00000000
00000000
00000000
00000000
00000000
00000000
00000000
00000000
00000000
00000000
00000000
00000000
00000000
00000000
00000000
00000000
00000000
00000000
00000000
00000000
00000000
00000000
00000000
00000000
00000000
00000000
00000000
00000000
00000000
00000000
00000000
00000000
00000000
00000000
00000000
00000000
00000000
00000000
00000000
00000000
00000000
00000000
00000000
00000000
00000000
00000000
00000000
00000000
00000000
00000000
00000000
00000000
00000000
00000000
00000000
00000000
00000000
00000000
00000000
00000000
00000000
00000000
00000000
00000000
00000000
00000000
00000000
00000000
00000000
00000000
00000000
00000000
00000000
00000000
00000000
00000000
00000000
00000000
00000000
00000000
00000000
00000000
00000000
00000000
00000000
00000000
00000000
00000000
00000000
00000000
00000000
00000000
00000000
00000000
00000000
00000000
00000000
00000000
00000000
00000000
00000000
00000000
00000000
00000000
00000000
00000000
00000000
00000000
00000000
00000000
00000000
00000000
00000000
00000000
00000000
00000000
00000000
00000000
00000000
00000000
00000000
00000000
00000000
00000000
00000000
00000000
00000000
00000000
00000000
00000000
00000000
00000000
00000000
00000000
00000000
00000000
00000000
00000000
00000000
00000000
00000000
00000000
00000000
00000000
00000000
00000000
00000000
00000000
00000000
00000000
00000000
00000000
00000000
00000000
00000000
00000000
00000000
00000000
00000000
00000000
00000000
00000000
00000000
00000000
00000000
00000000
00000000
00000000
00000000
00000000
00000000
00000000
00000000
00000000
00000000
00000000
00000000
00000000
00000000
00000000
00000000
00000000
00000000
00000000
00000000
00000000
00000000
00000000
00000000
00000000
00000000
00000000
00000000
00000000
00000000
00000000
00000000
00000000
00000000
00000000
00000000
00000000
00000000
00000000
00000000
00000000
00000000
00000000
00000000
00000000
00000000
00000000
00000000
00000000
00000000
00000000
00000000
00000000
00000000
00000000
00000000
00000000
00000000
00000000
00000000
00000000
00000000
00000000
00000000
00000000
00000000
00000000
00000000
00000000
00000000
00000000
00000000
00000000
00000000
00000000
00000000
00000000
00000000
00000000
00000000
00000000
00000000
00000000
00000000
00000000
00000000
00000000
00000000
00000000
00000000
00000000
00000000
00000000
00000000
00000000
00000000
00000000
00000000
00000000
00000000
00000000
00000000
00000000
00000000
00000000
00000000
00000000
00000000
00000000
00000000
00000000
00000000
00000000
00000000
00000000
00000000
00000000
00000000
00000000
00000000
00000000
00000000
00000000
00000000
00000000
00000000
00000000
00000000
00000000
00000000
00000000
00000000
00000000
00000000
00000000
00000000
00000000
00000000
00000000
00000000
00000000
00000000
00000000
00000000
00000000
00000000
00000000
00000000
00000000
00000000
00000000
00000000
00000000
00000000
00000000
00000000
00000000
00000000
00000000
00000000
00000000
00000000
00000000
00000000
00000000
00000000
00000000
00000000
00000000
00000000
00000000
00000000
00000000
00000000
00000000
00000000
00000000
00000000
00000000
00000000
00000000
00000000
00000000
00000000
00000000
00000000
00000000
00000000
00000000
00000000
00000000
00000000
00000000
00000000
00000000
00000000
00000000
00000000
00000000
00000000
00000000
00000000
00000000
00000000
00000000
00000000
00000000
00000000
00000000
00000000
00000000
00000000
00000000
00000000
00000000
00000000
00000000
00000000
00000000
00000000
00000000
00000000
00000000
00000000
00000000
00000000
00000000
00000000
00000000
00000000
00000000
00000000
00000000
00000000
00000000
00000000
00000000
00000000
00000000
00000000
00000000
00000000
00000000
00000000
00000000
00000000
00000000
00000000
00000000
00000000
00000000
00000000
00000000
00000000
00000000
00000000
00000000
00000000
00000000
00000000
00000000
00000000
00000000
00000000
00000000
00000000
00000000
00000000
00000000
00000000
00000000
00000000
00000000
00000000
00000000
00000000
00000000
00000000
00000000
00000000
00000000
00000000
00000000
00000000
00000000
00000000
00000000
00000000
00000000
00000000
00000000
00000000
00000000
00000000
00000000
00000000
00000000
00000000
00000000
00000000
00000000
00000000
00000000
00000000
00000000
00000000
00000000
00000000
00000000
00000000
00000000
00000000
00000000
00000000
00000000
00000000
00000000
00000000
00000000
00000000
00000000
00000000
00000000
00000000
00000000
00000000
00000000
00000000
00000000
00000000
00000000
00000000
00000000
00000000
00000000
00000000
00000000
00000000
00000000
00000000
00000000
00000000
00000000
00000000
00000000
00000000
00000000
00000000
00000000
00000000
00000000
00000000
00000000
00000000
00000000
00000000
00000000
00000000
00000000
00000000
00000000
00000000
00000000
00000000
00000000
00000000
00000000
00000000
00000000
00000000
00000000
00000000
00000000
00000000
00000000
00000000
00000000
00000000
00000000
00000000
00000000
00000000
00000000
00000000
00000000
00000000
00000000
00000000
00000000
00000000
00000000
00000000
00000000
00000000
00000000
00000000
00000000
00000000
00000000
00000000
00000000
00000000
00000000
00000000
00000000
00000000
00000000
00000000
00000000
00000000
00000000
00000000
00000000
00000000
00000000
00000000
00000000
00000000
00000000
00000000
00000000
00000000
00000000
00000000
00000000
00000000
00000000
00000000
00000000
00000000
00000000
00000000
00000000
00000000
00000000
00000000
00000000
00000000
00000000
00000000
00000000
00000000
00000000
00000000
00000000
00000000
00000000
00000000
00000000
00000000
00000000
00000000
00000000
00000000
00000000
00000000
00000000
00000000
00000000
00000000
00000000
00000000
00000000
00000000
00000000
00000000
00000000
00000000
00000000
00000000
00000000
00000000
00000000
00000000
00000000
00000000
00000000
00000000
00000000
00000000
00000000
00000000
00000000
00000000
00000000
00000000
00000000
00000000
00000000
00000000
00000000
00000000
00000000
00000000
00000000
00000000
00000000
00000000
00000000
00000000
00000000
00000000
00000000
00000000
00000000
00000000
00000000
00000000
00000000
00000000
00000000
00000000
00000000
00000000
00000000
00000000
00000000
00000000
00000000
00000000
00000000
00000000
00000000
00000000
00000000
00000000
00000000
00000000
00000000
00000000
00000000
00000000
00000000
00000000
00000000
00000000
00000000
00000000
00000000
00000000
00000000
00000000
00000000
00000000
00000000
00000000
00000000
00000000
00000000
00000000
00000000
00000000
00000000
00000000
00000000
00000000
00000000
00000000
00000000
00000000
00000000
00000000
00000000
00000000
00000000
00000000
00000000
00000000
00000000
00000000
00000000
00000000
00000000
00000000
00000000
00000000
00000000
00000000
00000000
00000000
00000000
00000000
00000000
00000000
00000000
00000000
00000000
00000000
00000000
00000000
00000000
00000000
00000000
00000000
00000000
00000000
00000000
00000000
00000000
00000000
00000000
00000000
00000000
00000000
00000000
00000000
00000000
00000000
00000000
00000000
00000000
00000000
00000000
00000000
00000000
00000000
00000000
00000000
00000000
00000000
00000000
00000000
00000000
00000000
00000000
00000000
00000000
00000000
00000000
00000000
00000000
00000000
00000000
00000000
00000000
00000000
00000000
00000000
00000000
00000000
00000000
00000000
00000000
00000000
00000000
00000000
00000000
00000000
00000000
00000000
00000000
00000000
00000000
00000000
00000000
00000000
00000000
00000000
00000000
00000000
00000000
00000000
00000000
00000000
00000000
00000000
00000000
00000000
00000000
00000000
00000000
00000000
00000000
00000000
00000000
00000000
00000000
00000000
00000000
00000000
00000000
00000000
00000000
00000000
00000000
00000000
00000000
00000000
00000000
00000000
00000000
00000000
00000000
00000000
00000000
00000000
00000000
00000000
00000000
00000000
00000000
00000000
00000000
00000000
00000000
00000000
00000000
00000000
00000000
00000000
00000000
00000000
00000000
00000000
00000000
00000000
00000000
00000000
00000000
00000000
00000000
00000000
00000000
00000000
00000000
00000000
00000000
00000000
00000000
00000000
00000000
00000000
00000000
00000000
00000000
00000000
00000000
00000000
00000000
00000000
00000000
00000000
00000000
00000000
00000000
00000000
00000000
00000000
00000000
00000000
00000000
00000000
00000000
00000000
00000000
00000000
00000000
00000000
00000000
00000000
00000000
00000000
00000000
00000000
00000000
00000000
00000000
00000000
00000000
00000000
00000000
00000000
00000000
00000000
00000000
00000000
00000000
00000000
00000000
00000000
00000000
00000000
00000000
00000000
00000000
00000000
00000000
00000000
00000000
00000000
00000000
00000000
00000000
00000000
00000000
00000000
00000000
00000000
00000000
00000000
00000000
00000000
00000000
00000000
00000000
00000000
00000000
00000000
00000000
00000000
00000000
00000000
00000000
00000000
00000000
00000000
00000000
00000000
00000000
00000000
00000000
00000000
00000000
00000000
00000000
00000000
00000000
00000000
00000000
00000000
00000000
00000000
00000000
00000000
00000000
00000000
00000000
00000000
00000000
00000000
00000000
00000000
00000000
00000000
00000000
00000000
00000000
00000000
00000000
00000000
00000000
00000000
00000000
00000000
00000000
00000000
00000000
00000000
00000000
00000000
00000000
00000000
00000000
00000000
00000000
00000000
00000000
00000000
00000000
00000000
00000000
00000000
00000000
00000000
00000000
00000000
00000000
00000000
00000000
00000000
00000000
00000000
00000000
00000000
00000000
00000000
00000000
00000000
00000000
00000000
00000000
00000000
00000000
00000000
00000000
00000000
00000000
00000000
00000000
00000000
00000000
00000000
00000000
00000000
00000000
00000000
00000000
00000000
00000000
00000000
00000000
00000000
00000000
00000000
00000000
00000000
00000000
00000000
00000000
00000000
00000000
00000000
00000000
00000000
00000000
00000000
00000000
00000000
00000000
00000000
00000000
00000000
00000000
00000000
00000000
00000000
00000000
00000000
00000000
00000000
00000000
00000000
00000000
00000000
00000000
00000000
00000000
00000000
00000000
00000000
00000000
00000000
00000000
00000000
00000000
00000000
00000000
00000000
00000000
00000000
00000000
00000000
00000000
00000000
00000000
00000000
00000000
00000000
00000000
00000000
00000000
00000000
00000000
00000000
00000000
00000000
00000000
00000000
00000000
00000000
00000000
00000000
00000000
00000000
00000000
00000000
00000000
00000000
00000000
00000000
00000000
00000000
00000000
00000000
00000000
00000000
00000000
00000000
00000000
00000000
00000000
00000000
00000000
00000000
00000000
00000000
00000000
00000000
00000000
00000000
00000000
00000000
00000000
00000000
00000000
00000000
00000000
00000000
00000000
00000000
00000000
00000000
00000000
00000000
00000000
00000000
00000000
00000000
00000000
00000000
00000000
00000000
00000000
00000000
00000000
00000000
00000000
00000000
00000000
00000000
00000000
00000000
00000000
00000000
00000000
00000000
00000000
00000000
00000000
00000000
00000000
00000000
00000000
00000000
00000000
00000000
00000000
00000000
00000000
00000000
00000000
00000000
00000000
00000000
00000000
00000000
00000000
00000000
00000000
00000000
00000000
00000000
00000000
00000000
00000000
00000000
00000000
00000000
00000000
00000000
00000000
00000000
00000000
00000000
00000000
00000000
00000000
00000000
00000000
00000000
00000000
00000000
00000000
00000000
00000000
00000000
00000000
00000000
00000000
00000000
00000000
00000000
00000000
00000000
00000000
00000000
00000000
00000000
00000000
00000000
00000000
00000000
00000000
00000000
00000000
00000000
00000000
00000000
00000000
00000000
00000000
00000000
00000000
00000000
00000000
00000000
00000000
00000000
00000000
00000000
00000000
00000000
00000000
00000000
00000000
00000000
00000000
00000000
00000000
00000000
00000000
00000000
00000000
00000000
00000000
00000000
00000000
00000000
00000000
00000000
00000000
00000000
00000000
00000000
00000000
00000000
00000000
00000000
00000000
00000000
00000000
00000000
00000000
00000000
00000000
00000000
00000000
00000000
00000000
00000000
00000000
00000000
00000000
00000000
00000000
00000000
00000000
00000000
00000000
00000000
00000000
00000000
00000000
00000000
00000000
00000000
00000000
00000000
00000000
00000000
00000000
00000000
00000000
00000000
00000000
00000000
00000000
00000000
00000000
00000000
00000000
00000000
00000000
00000000
00000000
00000000
00000000
00000000
00000000
00000000
00000000
00000000
00000000
00000000
00000000
00000000
00000000
00000000
00000000
00000000
00000000
00000000
00000000
00000000
00000000
00000000
00000000
00000000
00000000
00000000
00000000
00000000
00000000
00000000
00000000
00000000
00000000
00000000
00000000
00000000
00000000
00000000
00000000
00000000
00000000
00000000
00000000
00000000
00000000
00000000
00000000
00000000
00000000
00000000
00000000
00000000
00000000
00000000
00000000
00000000
00000000
00000000
00000000
00000000
00000000
00000000
00000000
00000000
00000000
00000000
00000000
00000000
00000000
00000000
00000000
00000000
00000000
00000000
00000000
00000000
00000000
00000000
00000000
00000000
00000000
00000000
00000000
00000000
00000000
00000000
00000000
00000000
00000000
00000000
00000000
00000000
00000000
00000000
00000000
00000000
00000000
00000000
00000000
00000000
00000000
00000000
00000000
00000000
00000000
00000000
00000000
00000000
00000000
00000000
00000000
00000000
00000000
00000000
00000000
00000000
00000000
00000000
00000000
00000000
00000000
00000000
00000000
00000000
00000000
00000000
00000000
00000000
00000000
00000000
00000000
00000000
00000000
00000000
00000000
00000000
00000000
00000000
00000000
00000000
00000000
00000000
00000000
00000000
00000000
00000000
00000000
00000000
00000000
00000000
00000000
00000000
00000000
00000000
00000000
00000000
00000000
00000000
00000000
00000000
00000000
00000000
00000000
00000000
00000000
00000000
00000000
00000000
00000000
00000000
00000000
00000000
00000000
00000000
00000000
00000000
00000000
00000000
00000000
00000000
00000000
00000000
00000000
00000000
00000000
00000000
00000000
00000000
00000000
00000000
00000000
00000000
00000000
00000000
00000000
00000000
00000000
00000000
00000000
00000000
00000000
00000000
00000000
00000000
00000000
00000000
00000000
00000000
00000000
00000000
00000000
00000000
00000000
00000000
00000000
00000000
00000000
00000000
00000000
00000000
00000000
00000000
00000000
00000000
00000000
00000000
00000000
00000000
00000000
00000000
00000000
00000000
00000000
00000000
00000000
00000000
00000000
00000000
00000000
00000000
00000000
00000000
00000000
00000000
00000000
00000000
00000000
00000000
00000000
00000000
00000000
00000000
00000000
00000000
00000000
00000000
00000000
00000000
00000000
00000000
00000000
00000000
00000000
00000000
00000000
00000000
00000000
00000000
00000000
00000000
00000000
00000000
00000000
00000000
00000000
00000000
00000000
00000000
00000000
00000000
00000000
00000000
00000000
00000000
00000000
00000000
00000000
00000000
00000000
00000000
00000000
00000000
00000000
00000000
00000000
00000000
00000000
00000000
00000000
00000000
00000000
00000000
00000000
00000000
00000000
00000000
00000000
00000000
00000000
00000000
00000000
00000000
00000000
00000000
00000000
00000000
00000000
00000000
00000000
00000000
00000000
00000000
00000000
00000000
00000000
00000000
00000000
00000000
00000000
00000000
00000000
00000000
00000000
00000000
00000000
00000000
00000000
00000000
00000000
00000000
00000000
00000000
00000000
00000000
00000000
00000000
00000000
00000000
00000000
00000000
00000000
00000000
00000000
00000000
00000000
00000000
00000000
00000000
00000000
00000000
00000000
00000000
00000000
00000000
00000000
00000000
00000000
00000000
00000000
00000000
00000000
00000000
00000000
00000000
00000000
00000000
00000000
00000000
00000000
00000000
00000000
00000000
00000000
00000000
00000000
00000000
00000000
00000000
00000000
00000000
00000000
00000000
00000000
00000000
00000000
00000000
00000000
00000000
00000000
00000000
00000000
00000000
00000000
00000000
00000000
00000000
00000000
00000000
00000000
00000000
00000000
00000000
00000000
00000000
00000000
00000000
00000000
00000000
00000000
00000000
00000000
00000000
00000000
00000000
00000000
00000000
00000000
00000000
00000000
00000000
00000000
00000000
00000000
00000000
00000000
00000000
00000000
00000000
00000000
00000000
00000000
00000000
00000000
00000000
00000000
00000000
00000000
00000000
00000000
00000000
00000000
00000000
00000000
00000000
00000000
00000000
00000000
00000000
00000000
00000000
00000000
00000000
00000000
00000000
00000000
00000000
00000000
00000000
00000000
00000000
00000000
00000000
00000000
00000000
00000000
00000000
00000000
00000000
00000000
00000000
00000000
00000000
00000000
00000000
00000000
00000000
00000000
00000000
00000000
00000000
00000000
00000000
00000000
00000000
00000000
00000000
00000000
00000000
00000000
00000000
00000000
00000000
00000000
00000000
00000000
00000000
00000000
00000000
00000000
00000000
00000000
00000000
00000000
00000000
00000000
00000000
00000000
00000000
00000000
00000000
00000000
00000000
00000000
00000000
00000000
00000000
00000000
00000000
00000000
00000000
00000000
00000000
00000000
00000000
00000000
00000000
00000000
00000000
00000000
00000000
00000000
00000000
00000000
00000000
00000000
00000000
00000000
00000000
00000000
00000000
00000000
00000000
00000000
00000000
00000000
00000000
00000000
00000000
00000000
00000000
00000000
00000000
00000000
00000000
00000000
00000000
00000000
00000000
00000000
00000000
00000000
00000000
00000000
00000000
00000000
00000000
00000000
00000000
00000000
00000000
00000000
00000000
00000000
00000000
00000000
00000000
00000000
00000000
00000000
00000000
00000000
00000000
00000000
00000000
00000000
00000000
00000000
00000000
00000000
00000000
00000000
00000000
00000000
00000000
00000000
00000000
00000000
00000000
00000000
00000000
00000000
00000000
00000000
00000000
00000000
00000000
00000000
00000000
00000000
00000000
00000000
00000000
00000000
00000000
00000000
00000000
00000000
00000000
00000000
00000000
00000000
00000000
00000000
00000000
00000000
00000000
00000000
00000000
00000000
00000000
00000000
00000000
00000000
00000000
00000000
00000000
00000000
00000000
00000000
00000000
00000000
00000000
00000000
00000000
00000000
00000000
00000000
00000000
00000000
00000000
00000000
00000000
00000000
00000000
00000000
00000000
00000000
00000000
00000000
00000000
00000000
00000000
00000000
00000000
00000000
00000000
00000000
00000000
00000000
00000000
00000000
00000000
00000000
00000000
00000000
00000000
00000000
00000000
00000000
00000000
00000000
00000000
00000000
00000000
00000000
00000000
00000000
00000000
00000000
00000000
00000000
00000000
00000000
00000000
00000000
00000000
00000000
00000000
00000000
00000000
00000000
00000000
00000000
00000000
00000000
00000000
00000000
00000000
00000000
00000000
00000000
00000000
00000000
00000000
00000000
00000000
00000000
00000000
00000000
00000000
00000000
00000000
00000000
00000000
00000000
00000000
00000000
00000000
00000000
00000000
00000000
00000000
00000000
00000000
00000000
00000000
00000000
00000000
00000000
00000000
00000000
00000000
00000000
00000000
00000000
00000000
00000000
00000000
00000000
00000000
00000000
00000000
00000000
00000000
00000000
00000000
00000000
00000000
00000000
00000000
00000000
00000000
00000000
00000000
00000000
00000000
00000000
00000000
00000000
00000000
00000000
00000000
00000000
00000000
00000000
00000000
00000000
00000000
00000000
00000000
00000000
00000000
00000000
00000000
00000000
00000000
00000000
00000000
00000000
00000000
00000000
00000000
00000000
00000000
00000000
00000000
00000000
00000000
00000000
00000000
00000000
00000000
00000000
00000000
00000000
00000000
00000000
00000000
00000000
00000000
00000000
00000000
00000000
00000000
00000000
00000000
00000000
00000000
00000000
00000000
00000000
00000000
00000000
00000000
00000000
00000000
00000000
00000000
00000000
00000000
00000000
00000000
00000000
00000000
00000000
00000000
00000000
00000000
00000000
00000000
00000000
00000000
00000000
00000000
00000000
00000000
00000000
00000000
00000000
00000000
00000000
00000000
00000000
00000000
00000000
00000000
00000000
00000000
00000000
00000000
00000000
00000000
00000000
00000000
00000000
00000000
00000000
00000000
00000000
00000000
00000000
00000000
00000000
00000000
00000000
00000000
00000000
00000000
00000000
00000000
00000000
00000000
00000000
00000000
00000000
00000000
00000000
00000000
00000000
00000000
00000000
00000000
00000000
00000000
00000000
00000000
00000000
00000000
00000000
00000000
00000000
00000000
00000000
00000000
00000000
00000000
00000000
00000000
00000000
00000000
00000000
00000000
00000000
00000000
00000000
00000000
00000000
00000000
00000000
00000000
00000000
00000000
00000000
00000000
00000000
00000000
00000000
00000000
00000000
00000000
00000000
00000000
00000000
00000000
00000000
00000000
00000000
00000000
00000000
00000000
00000000
00000000
00000000
00000000
00000000
00000000
00000000
00000000
00000000
00000000
00000000
00000000
00000000
00000000
00000000
00000000
00000000
00000000
00000000
00000000
00000000
00000000
00000000
00000000
00000000
00000000
00000000
00000000
00000000
00000000
00000000
00000000
00000000
00000000
00000000
00000000
00000000
00000000
00000000
00000000
00000000
00000000
00000000
00000000
00000000
00000000
00000000
00000000
00000000
00000000
00000000
00000000
00000000
00000000
00000000
00000000
00000000
00000000
00000000
00000000
00000000
00000000
00000000
00000000
00000000
00000000
00000000
00000000
00000000
00000000
00000000
00000000
00000000
00000000
00000000
00000000
00000000
00000000
00000000
00000000
00000000
00000000
00000000
00000000
00000000
00000000
00000000
00000000
00000000
00000000
00000000
00000000
00000000
00000000
00000000
00000000
00000000
00000000
00000000
00000000
00000000
00000000
00000000
00000000
00000000
00000000
00000000
00000000
00000000
00000000
00000000
00000000
00000000
00000000
00000000
00000000
00000000
00000000
00000000
00000000
00000000
00000000
00000000
00000000
00000000
00000000
00000000
00000000
00000000
00000000
00000000
00000000
00000000
00000000
00000000
00000000
00000000
00000000
00000000
00000000
00000000
00000000
00000000
00000000
00000000
00000000
00000000
00000000
00000000
00000000
00000000
00000000
00000000
00000000
00000000
00000000
00000000
00000000
00000000
00000000
00000000
00000000
00000000
00000000
00000000
00000000
00000000
00000000
00000000
00000000
00000000
00000000
00000000
00000000
00000000
00000000
00000000
00000000
00000000
00000000
00000000
00000000
00000000
00000000
00000000
00000000
00000000
00000000
00000000
00000000
00000000
00000000
00000000
00000000
00000000
00000000
00000000
00000000
00000000
00000000
00000000
00000000
00000000
00000000
00000000
00000000
00000000
00000000
00000000
00000000
00000000
00000000
00000000
00000000
00000000
00000000
00000000
00000000
00000000
00000000
00000000
00000000
00000000
00000000
00000000
00000000
00000000
00000000
00000000
00000000
00000000
00000000
00000000
00000000
00000000
00000000
00000000
00000000
00000000
00000000
00000000
00000000
00000000
00000000
00000000
00000000
00000000
00000000
00000000
00000000
00000000
00000000
00000000
00000000
00000000
00000000
00000000
00000000
00000000
00000000
00000000
00000000
00000000
00000000
00000000
00000000
00000000
00000000
00000000
00000000
00000000
00000000
00000000
00000000
00000000
00000000
00000000
00000000
00000000
00000000
00000000
00000000
00000000
00000000
00000000
00000000
00000000
00000000
00000000
00000000
00000000
00000000
00000000
00000000
00000000
00000000
00000000
00000000
00000000
00000000
00000000
00000000
00000000
00000000
00000000
00000000
00000000
00000000
00000000
00000000
00000000
00000000
00000000
00000000
00000000
00000000
00000000
00000000
00000000
00000000
00000000
00000000
00000000
00000000
00000000
00000000
00000000
00000000
00000000
00000000
00000000
00000000
00000000
00000000
00000000
00000000
00000000
00000000
00000000
00000000
00000000
00000000
00000000
00000000
00000000
00000000
00000000
00000000
00000000
00000000
00000000
00000000
00000000
00000000
00000000
00000000
00000000
00000000
00000000
00000000
00000000
00000000
00000000
00000000
00000000
00000000
00000000
00000000
00000000
00000000
00000000
00000000
00000000
00000000
00000000
00000000
00000000
00000000
00000000
00000000
00000000
00000000
00000000
00000000
00000000
00000000
00000000
00000000
00000000
00000000
00000000
00000000
00000000
00000000
00000000
00000000
00000000
00000000
00000000
00000000
00000000
00000000
00000000
00000000
00000000
00000000
00000000
00000000
00000000
00000000
00000000
00000000
00000000
00000000
00000000
00000000
00000000
00000000
00000000
00000000
00000000
00000000
00000000
00000000
00000000
00000000
00000000
00000000
00000000
00000000
00000000
00000000
00000000
00000000
00000000
00000000
00000000
00000000
00000000
00000000
00000000
00000000
00000000
00000000
00000000
00000000
00000000
00000000
00000000
00000000
00000000
00000000
00000000
00000000
00000000
00000000
00000000
00000000
00000000
00000000
00000000
00000000
00000000
00000000
00000000
00000000
00000000
00000000
00000000
00000000
00000000
00000000
00000000
00000000
00000000
00000000
00000000
00000000
00000000
00000000
00000000
00000000
00000000
00000000
00000000
00000000
00000000
00000000
00000000
00000000
00000000
00000000
00000000
00000000
00000000
00000000
00000000
00000000
00000000
00000000
00000000
00000000
00000000
00000000
00000000
00000000
00000000
00000000
00000000
00000000
00000000
00000000
00000000
00000000
00000000
00000000
00000000
00000000
00000000
00000000
00000000
00000000
00000000
00000000
00000000
00000000
00000000
00000000
00000000
00000000
00000000
00000000
00000000
00000000
00000000
00000000
00000000
00000000
00000000
00000000
00000000
00000000
00000000
00000000
00000000
00000000
00000000
00000000
00000000
00000000
00000000
00000000
00000000
00000000
00000000
00000000
00000000
00000000
00000000
00000000
00000000
00000000
00000000
00000000
00000000
00000000
00000000
00000000
00000000
00000000
00000000
00000000
00000000
00000000
00000000
00000000
00000000
00000000
00000000
00000000
00000000
00000000
00000000
00000000
00000000
00000000
00000000
00000000
00000000
00000000
00000000
00000000
00000000
00000000
00000000
00000000
00000000
00000000
00000000
00000000
00000000
00000000
00000000
00000000
00000000
00000000
00000000
00000000
00000000
00000000
00000000
00000000
00000000
00000000
00000000
00000000
00000000
00000000
00000000
00000000
00000000
00000000
00000000
00000000
00000000
00000000
00000000
00000000
00000000
00000000
00000000
00000000
00000000
00000000
00000000
00000000
00000000
00000000
00000000
00000000
00000000
00000000
00000000
00000000
00000000
00000000
00000000
00000000
00000000
00000000
00000000
00000000
00000000
00000000
00000000
00000000
00000000
00000000
00000000
00000000
00000000
00000000
00000000
00000000
00000000
00000000
00000000
00000000
00000000
00000000
00000000
00000000
00000000
00000000
00000000
00000000
00000000
00000000
00000000
00000000
00000000
00000000
00000000
00000000
00000000
00000000
00000000
00000000
00000000
00000000
00000000
00000000
00000000
00000000
00000000
00000000
00000000
00000000
00000000
00000000
00000000
00000000
00000000
00000000
00000000
00000000
00000000
00000000
00000000
00000000
00000000
00000000
00000000
00000000
00000000
00000000
00000000
00000000
00000000
00000000
00000000
00000000
00000000
00000000
00000000
00000000
00000000
00000000
00000000
00000000
00000000
00000000
00000000
00000000
00000000
00000000
00000000
00000000
00000000
00000000
00000000
00000000
00000000
00000000
00000000
00000000
00000000
00000000
00000000
00000000
00000000
00000000
00000000
00000000
00000000
00000000
00000000
00000000
00000000
00000000
00000000
00000000
00000000
00000000
00000000
00000000
00000000
00000000
00000000
00000000
00000000
00000000
00000000
00000000
00000000
00000000
00000000
00000000
00000000
00000000
00000000
00000000
00000000
00000000
00000000
00000000
00000000
00000000
00000000
00000000
00000000
00000000
00000000
00000000
00000000
00000000
00000000
00000000
00000000
00000000
00000000
00000000
00000000
00000000
00000000
00000000
00000000
00000000
00000000
00000000
00000000
00000000
00000000
00000000
00000000
00000000
00000000
00000000
00000000
00000000
00000000
00000000
00000000
00000000
00000000
00000000
00000000
00000000
00000000
00000000
00000000
00000000
00000000
00000000
00000000
00000000
00000000
00000000
00000000
00000000
00000000
00000000
00000000
00000000
00000000
00000000
00000000
00000000
00000000
00000000
00000000
00000000
00000000
00000000
00000000
00000000
00000000
00000000
00000000
00000000
00000000
00000000
00000000
00000000
00000000
00000000
00000000
00000000
00000000
00000000
00000000
00000000
00000000
00000000
00000000
00000000
00000000
00000000
00000000
00000000
00000000
00000000
00000000
00000000
00000000
00000000
00000000
00000000
00000000
00000000
00000000
00000000
00000000
00000000
00000000
00000000
00000000
00000000
00000000
00000000
00000000
00000000
00000000
00000000
00000000
00000000
00000000
00000000
00000000
00000000
00000000
00000000
00000000
00000000
00000000
00000000
00000000
00000000
00000000
00000000
00000000
00000000
00000000
00000000
00000000
00000000
00000000
00000000
00000000
00000000
00000000
00000000
00000000
00000000
00000000
00000000
00000000
00000000
00000000
00000000
00000000
00000000
00000000
00000000
00000000
00000000
00000000
00000000
00000000
00000000
00000000
00000000
00000000
00000000
00000000
00000000
00000000
00000000
00000000
00000000
00000000
00000000
00000000
00000000
00000000
00000000
00000000
00000000
00000000
00000000
00000000
00000000
00000000
00000000
00000000
00000000
00000000
00000000
00000000
00000000
00000000
00000000
00000000
00000000
00000000
00000000
00000000
00000000
00000000
00000000
00000000
00000000
00000000
00000000
00000000
00000000
00000000
00000000
00000000
00000000
00000000
00000000
00000000
00000000
00000000
00000000
00000000
00000000
00000000
00000000
00000000
00000000
00000000
00000000
00000000
00000000
00000000
00000000
00000000
00000000
00000000
00000000
00000000
00000000
00000000
00000000
00000000
00000000
00000000
00000000
00000000
00000000
00000000
00000000
00000000
00000000
00000000
00000000
00000000
00000000
00000000
00000000
00000000
00000000
00000000
00000000
00000000
00000000
00000000
00000000
00000000
00000000
00000000
00000000
00000000
00000000
00000000
00000000
00000000
00000000
00000000
00000000
00000000
00000000
00000000
00000000
00000000
00000000
00000000
00000000
00000000
00000000
00000000
00000000
00000000
00000000
00000000
00000000
00000000
00000000
00000000
00000000
00000000
00000000
00000000
00000000
00000000
00000000
00000000
00000000
00000000
00000000
00000000
00000000
00000000
00000000
00000000
00000000
00000000
00000000
00000000
00000000
00000000
00000000
00000000
00000000
00000000
00000000
00000000
00000000
00000000
00000000
00000000
00000000
00000000
00000000
00000000
00000000
00000000
00000000
00000000
00000000
00000000
00000000
00000000
00000000
00000000
00000000
00000000
00000000
00000000
00000000
00000000
00000000
00000000
00000000
00000000
00000000
00000000
00000000
00000000
00000000
00000000
00000000
00000000
00000000
00000000
00000000
00000000
00000000
00000000
00000000
00000000
00000000
00000000
00000000
00000000
00000000
00000000
00000000
00000000
00000000
00000000
00000000
00000000
00000000
00000000
00000000
00000000
00000000
00000000
00000000
00000000
00000000
00000000
00000000
00000000
00000000
00000000
00000000
00000000
00000000
00000000
00000000
00000000
00000000
00000000
00000000
00000000
00000000
00000000
00000000
00000000
00000000
00000000
00000000
00000000
00000000
00000000
00000000
00000000
00000000
00000000
00000000
00000000
00000000
00000000
00000000
00000000
00000000
00000000
00000000
00000000
00000000
00000000
00000000
00000000
00000000
00000000
00000000
00000000
00000000
00000000
00000000
00000000
00000000
00000000
00000000
00000000
00000000
00000000
00000000
00000000
00000000
00000000
00000000
00000000
00000000
00000000
00000000
00000000
00000000
00000000
00000000
00000000
00000000
00000000
00000000
00000000
00000000
00000000
00000000
00000000
00000000
00000000
00000000
00000000
00000000
00000000
00000000
00000000
00000000
00000000
00000000
00000000
00000000
00000000
00000000
00000000
00000000
00000000
00000000
00000000
00000000
00000000
00000000
00000000
00000000
00000000
00000000
00000000
00000000
00000000
00000000
00000000
00000000
00000000
00000000
00000000
00000000
00000000
00000000
00000000
00000000
00000000
00000000
00000000
00000000
00000000
00000000
00000000
00000000
00000000
00000000
00000000
00000000
00000000
00000000
00000000
00000000
00000000
00000000
00000000
00000000
00000000
00000000
00000000
00000000
00000000
00000000
00000000
00000000
00000000
00000000
00000000
00000000
00000000
00000000
00000000
00000000
00000000
00000000
00000000
00000000
00000000
00000000
00000000
00000000
00000000
00000000
00000000
00000000
00000000
00000000
00000000
00000000
00000000
00000000
00000000
00000000
00000000
00000000
00000000
00000000
00000000
00000000
00000000
00000000
00000000
00000000
00000000
00000000
00000000
00000000
00000000
00000000
00000000
00000000
00000000
00000000
00000000
00000000
00000000
00000000
00000000
00000000
00000000
00000000
00000000
00000000
00000000
00000000
00000000
00000000
00000000
00000000
00000000
00000000
00000000
00000000
00000000
00000000
00000000
00000000
00000000
00000000
00000000
00000000
00000000
00000000
00000000
00000000
00000000
00000000
00000000
00000000
00000000
00000000
00000000
00000000
00000000
00000000
00000000
00000000
00000000
00000000
00000000
00000000
00000000
00000000
00000000
00000000
00000000
00000000
00000000
00000000
00000000
00000000
00000000
00000000
00000000
00000000
00000000
00000000
00000000
00000000
00000000
00000000
00000000
00000000
00000000
00000000
00000000
00000000
00000000
00000000
00000000
a2000001
00000180
00020220
00000000
00000000
00000000
00000000
00000000
abd1ae0d
3ad4690b
081a0ff3
0e5abac8
3b5f764e
4cdae38f
b530f04f
bd69632e
5ff5374e
8d411c17
0a635f94
c5ee842c
20d6d4d0
777c2a37
c7dc0e41
0cbbdfc1
00000000
00000000
00000001
0000000b
00000001
00000000
00020000
0001013e
36647830
35366336
61396635
36333364
66373665
62333861
66663339
30633834
74750062
6f772f6f
2f616b72
79766964
68736e61
52494a2f
6e2f5341
625f7078
646c6975
636f795f
542f6f74
5f545345
5f50584e
47415453
32525f45
342e302e
5f77682f
6c697475
61705f73
67616b63
616b2f65
00000075
00000000
00000000
00000000
00000000
00000000
00000000
00000000
00000000
00000000
00000000
6d6d6f43
69637265
00006c61
00000000
00000000
00000000
00000000
00000000
00000000
00000000
00000000
00000000
00000000
00000000
00000000
00000000
00000000
00000000
00000000
00000000
00000000
00000000
00000000
00000000
00000000
00000000
00000000
00000000
00000000
00000000
00000000
00000000
36323032
38313330
3533305f
00373332
00000000
00000000
00000000
00000000
00000000
00000000
00000000
00000000
00000000
00000000
00000000
00000000
013582d5
ec76fe61
2488a4cb
ad3ae011
6f736ea6
c2c6ccb6
3f2ca7c3
477e2b1f
dfaa96aa
0a4d4ad7
28a7090b
ef07732f
9daf5ea1
1f353f76
ea88c2ee
111af35c
a2000002
00000120
000203e0
00000000
00000000
00000000
00000000
00000000
a5970502
70bc427f
6151a8f5
3a4fbd07
8fe903af
16615a22
496cbf29
bdf5cf11
f7db5c56
7eccba91
c0510c7a
0d52ff9b
1670d97b
2399b9ab
636b67a6
4f15b6e9
00000000
00000004
00000000
00000009
0000000f
00000001
00000000
00000000
00000057
00000000
00000002
00000000
00000000
00000001
0000000b
00000001
00000002
00000000
00000000
00000000
00000000
00000001
00000001
00000000
0000004f
00000000
00000001
00000000
00000000
00000001
0000000f
00000001
00000002
00000000
00000000
00000000
00000000
00000001
00000002
00000000
00000047
00000001
00000001
00000001
00000005
00000001
00000007
00000001
00000001
00000000
00000000
00000000
00000000
00000001
00000003
00000002
000000ff
0000000a
00000005
00000002
00000000
00000001
0000000d
00000001
00000002
00000000
00000000
00000000
00000000
00000000
00000000
00000000
be2a2673
b0ee2525
ecde114c
f8b572d4
d5d418ab
6246354e
f88a6dbc
625369bc
4f76f7c3
22aa3c9d
4941cb98
60fffd9d
8ef997ee
77c9e3cf
f0096c98
31a7b76e
a2000009
00000040
000204c0
00000000
00000000
00000000
00000000
00000000
462a0578
2aca3579
5f72dea4
d8a3baa4
8e2727eb
4dcff559
cd92914d
61769d35
de86584a
86efd0d6
c13394f1
b443ab81
6c517d24
e7954c6b
f2faa551
282163f5
00000000
00000000
00000000
00000001
00000000
00000000
00000000
00000000
00000000
00000000
00000000
00000000
00000000
00000000
00000000
00000000
0d00ccc8
6fa8c18e
ee874e3f
6f46226e
1a862619
506a9d9a
5458b9ae
80f65805
3280d09a
288e35a2
1070045f
1eccef8b
e15c48d2
1e9a9b2e
523d7f20
9a98d0bf
a200000a
00000020
00020580
00000000
00000000
00000000
00000000
00000000
99075cd2
ded6d051
3650f4be
2c6ecb76
3e6ef9cf
71f861b9
3cff0974
bab4f96e
9ae4ccb9
c483a525
bbd872f1
c477d4ba
87624195
24945ff9
4b6ac102
852856a7
00000000
00000000
00000000
00000000
00000000
00000000
00000000
00000000
b8fdc0e4
86f7fca2
17737fdc
bcdfbe3e
a79e3dfb
68fb0563
bda3e7b2
77d5fbb4
09489b65
adb7070f
3c8a05b6
f12f8477
da213d59
2e50e925
e742a058
08708c50
a200000e
0000521c
0002583c
00000000
00000000
00000000
00000000
00000000
8392e485
e1c55932
da575326
6f7f2e18
e0e557d7
03d3b4b9
bd24b098
c0ea477f
866077d3
1f07116e
41423f08
2095a328
f7aaffe9
3a393c46
058c0a07
206f99b2
00000001
00000000
00000000
00000005
00000000
00000001
00000002
00000001
00000002
00000000
00000001
00010000
00000001
00000001
00000000
00000000
00000000
00000000
00000000
00000000
00000000
00000000
00000000
00000000
00000a37
00000000
00000b00
00000004
00000000
00000008
00000000
0000000c
00000000
00000010
00000000
00000014
00000000
00000018
00000000
0000001c
00000000
00000020
00000000
00000024
00000000
00000028
00000000
0000002c
00000000
00000030
00002710
00000034
000186a0
00000038
00000005
0000003c
00000064
00000040
000681c8
00000044
004111c9
00000048
00000005
0000004c
000010a9
00000050
000681c8
00000054
004111c9
00000058
00000005
0000005c
000010a9
00000060
01010100
00000064
01010000
00000068
01000110
0000006c
02010002
00000070
0000000a
00000074
00000019
00000078
00000000
0000007c
00000000
00000080
02000000
00000084
00000002
00000088
00000000
0000008c
00000000
00000090
00000000
00000094
00000000
00000098
02000010
0000009c
00005656
000000a0
00000000
000000a4
00000000
000000a8
00000000
000000ac
00000000
000000b0
00000000
000000b4
00000000
000000b8
00000000
000000bc
00000000
000000c0
1248040c
000000c4
08041248
000000c8
00000705
000000cc
03090004
000000d0
00110002
000000d4
005c0083
000000d8
00422717
000000dc
00008311
000000e0
2717005c
000000e4
0a090042
000000e8
0406db0a
000000ec
16112004
000000f0
1082351e
000000f4
16112010
000000f8
1082351e
000000fc
04042010
00000100
00020304
00000104
29280405
00000108
00082928
0000010c
50070101
00000110
2d030450
00000114
2d2d032d
00000118
01000000
0000011c
03010001
00000120
01000000
00000124
00131003
00000128
000000bb
0000012c
0000032b
00000130
00002082
00000134
0000032b
00000138
00002082
0000013c
00000005
00000140
0005000a
00000144
0196000a
00000148
00019611
0000014c
00110196
00000150
000a0196
00000154
00000a05
00000158
00110196
0000015c
01960196
00000160
00019611
00000164
12010000
00000168
00100005
0000016c
2b080010
00000170
0a05052b
00000174
1e100b03
00000178
1e100b04
0000017c
04010104
00000180
00010401
00000184
00140014
00000188
033b033b
0000018c
033b033b
00000190
05010303
00000194
20040505
00000198
100b0404
0000019c
0420100b
000001a0
0b100b04
000001a4
04040310
000001a8
03010000
000001ac
00010000
000001b0
00000000
000001b4
01000000
000001b8
80104002
000001bc
00040003
000001c0
00040005
000001c4
00030000
000001c8
00050004
000001cc
00000004
000001d0
00040003
000001d4
00040005
000001d8
00000000
000001dc
00002ec0
000001e0
00002ec0
000001e4
00002ec0
000001e8
00002ec0
000001ec
00002ec0
000001f0
00000000
000001f4
0000051d
000001f8
00082080
000001fc
00082080
00000200
00082080
00000204
00082080
00000208
00082080
0000020c
00000000
00000210
0000e38e
00000214
00082080
00000218
00082080
0000021c
00082080
00000220
00082080
00000224
00082080
00000228
00000000
0000022c
0000e38e
00000230
00000000
00000234
00000000
00000238
00000000
0000023c
00000000
00000240
00000000
00000244
00000000
00000248
00000000
0000024c
00000000
00000250
00000000
00000254
00000000
00000258
00000000
0000025c
00000000
00000260
05000000
00000264
0b040b03
00000268
00000004
0000026c
010a0900
00000270
0e0a0907
00000274
0a090000
00000278
0a090701
0000027c
0900000e
00000280
0907010a
00000284
01000e0a
00000288
00040003
0000028c
00000007
00000290
00000000
00000294
00000000
00000298
00000000
0000029c
00000000
000002a0
00000000
000002a4
00000000
000002a8
10100100
000002ac
01000000
000002b0
00000000
000002b4
00001a00
000002b8
0000100e
000002bc
00000002
000002c0
00000000
000002c4
00000001
000002c8
00000002
000002cc
00000c00
000002d0
001e8480
000002d4
00000c00
000002d8
001e8480
000002dc
00000c00
000002e0
001e8480
000002e4
00000000
000002e8
00000000
000002ec
00000000
000002f0
00000000
000002f4
00000000
000002f8
00000000
000002fc
00000000
00000300
000a0000
00000304
000d0005
00000308
00000404
0000030c
0000000d
00000310
00d601ab
00000314
10100216
00000318
00000216
0000031c
00d601ab
00000320
10100216
00000324
00000216
00000328
00000000
0000032c
00000000
00000330
00000000
00000334
3f740004
00000338
00043f74
0000033c
3f743f74
00000340
31310000
00000344
31313131
00000348
00000000
0000034c
00000000
00000350
00000000
00000354
06060000
00000358
06060606
0000035c
00000000
00000360
00000000
00000364
25252525
00000368
00002525
0000036c
00000000
00000370
0e0e0e0e
00000374
00200e0e
00000378
00010000
0000037c
00000100
00000380
00000000
00000384
00000000
00000388
00000001
0000038c
00000000
00000390
00000000
00000394
00000000
00000398
00000000
0000039c
00000000
000003a0
00000000
000003a4
00000000
000003a8
00000000
000003ac
00000000
000003b0
00000000
000003b4
00000000
000003b8
00000000
000003bc
00000000
000003c0
00000000
000003c4
00000000
000003c8
00000000
000003cc
00000000
000003d0
00000000
000003d4
00000000
000003d8
02000000
000003dc
01040101
000003e0
00000000
000003e4
00000000
000003e8
00000000
000003ec
00000000
000003f0
00000000
000003f4
00000000
000003f8
00000000
000003fc
00000000
00000400
00000000
00000404
00000000
00000408
00000000
0000040c
00000000
00000410
00000000
00000414
00000000
00000418
00000000
0000041c
00000000
00000420
00000000
00000424
00000000
00000428
00000000
0000042c
00000000
00000430
00000000
00000434
00000000
00000438
00000000
0000043c
00000000
00000440
00000000
00000444
00000000
00000448
00000000
0000044c
00000000
00000450
00000000
00000454
00000000
00000458
00000000
0000045c
00000000
00000460
00000000
00000464
00000000
00000468
00000000
0000046c
00000020
00000470
006403e8
00000474
00000000
00000478
00000000
0000047c
00000000
00000480
14110000
00000484
00080c18
00000488
00000003
0000048c
00000000
00000490
00000000
00000494
00000000
00000498
00000000
0000049c
00000000
000004a0
00000000
000004a4
00000000
000004a8
00000000
000004ac
00000000
000004b0
00000000
000004b4
00000000
000004b8
00000000
000004bc
00000000
000004c0
00020000
000004c4
00400100
000004c8
00020032
000004cc
01000200
000004d0
08550040
000004d4
00020040
000004d8
00400100
000004dc
00400855
000004e0
00030000
000004e4
006b006b
000004e8
00000100
000004ec
00000000
000004f0
01010101
000004f4
1fff0000
000004f8
0003ff00
000004fc
3fff2000
00000500
0003ff00
00000504
ff0b0000
00000508
010001ff
0000050c
01010101
00000510
30010101
00000514
01000001
00000518
00000000
0000051c
00000000
00000520
00000000
00000524
00000000
00000528
02020000
0000052c
40100401
00000530
00000000
00000534
40100401
00000538
00000000
0000053c
00000000
00000540
01010100
00000544
01010101
00000548
00000000
0000054c
00000000
00000550
00000000
00000554
00000000
00000558
00000000
0000055c
00000000
00000560
00000000
00000564
00000000
00000568
00000000
0000056c
00000000
00000570
00000000
00000574
00000000
00000578
00000000
0000057c
00000000
00000580
00000000
00000584
00000000
00000588
00000000
0000058c
00000000
00000590
00000000
00000594
00000000
00000598
00000000
0000059c
00000000
000005a0
00000000
000005a4
00000000
000005a8
00000000
000005ac
00000000
000005b0
00000000
000005b4
00000000
000005b8
00000000
000005bc
00000000
000005c0
00000000
000005c4
00000000
000005c8
00000000
000005cc
00000000
000005d0
00000000
000005d4
00000000
000005d8
00000000
000005dc
00000000
000005e0
00000000
000005e4
00000000
000005e8
00000000
000005ec
00000000
000005f0
00000000
000005f4
00000000
000005f8
00000000
000005fc
00000000
00000600
00000000
00000604
00000000
00000608
00000000
0000060c
00000000
00000610
00000000
00000614
00000000
00000618
00000000
0000061c
00000000
00000620
00000000
00000624
00010100
00000628
01000101
0000062c
01010101
00000630
0a0a0300
00000634
02020101
00000638
081f1f05
0000063c
08021010
00000640
0c020e00
00000644
0c02070c
00000648
0b08070c
0000064c
0000000b
00000650
04080101
00000654
00000408
00000658
00000404
0000065c
00000404
00000660
00000404
00000664
00000404
00000668
00000404
0000066c
00000000
00000670
00000000
00000674
00000000
00000678
00000000
0000067c
00000000
00000680
00000000
00000684
00000000
00000688
00000000
0000068c
00000000
00000690
00000000
00000694
00000000
00000698
00000000
0000069c
00000001
000006a0
00000000
000006a4
033fffff
000006a8
ffffffff
000006ac
000f000f
000006b0
00000000
000006b4
033fffff
000006b8
ffffffff
000006bc
000f000f
000006c0
00000000
000006c4
033fffff
000006c8
ffffffff
000006cc
000f000f
000006d0
00000000
000006d4
033fffff
000006d8
ffffffff
000006dc
000f000f
000006e0
00000000
000006e4
033fffff
000006e8
ffffffff
000006ec
000f000f
000006f0
00000000
000006f4
033fffff
000006f8
ffffffff
000006fc
000f000f
00000700
00000000
00000704
033fffff
00000708
ffffffff
0000070c
000f000f
00000710
00000000
00000714
033fffff
00000718
ffffffff
0000071c
000f000f
00000720
00000000
00000724
033fffff
00000728
ffffffff
0000072c
000f000f
00000730
00000000
00000734
033fffff
00000738
ffffffff
0000073c
000f000f
00000740
00000000
00000744
033fffff
00000748
ffffffff
0000074c
000f000f
00000750
00000000
00000754
033fffff
00000758
ffffffff
0000075c
000f000f
00000760
00000000
00000764
033fffff
00000768
ffffffff
0000076c
000f000f
00000770
00000000
00000774
033fffff
00000778
ffffffff
0000077c
000f000f
00000780
00000000
00000784
033fffff
00000788
ffffffff
0000078c
000f000f
00000790
00000000
00000794
033fffff
00000798
ffffffff
0000079c
000f000f
000007a0
00000000
000007a4
033fffff
000007a8
ffffffff
000007ac
000f000f
000007b0
00000000
000007b4
033fffff
000007b8
ffffffff
000007bc
000f000f
000007c0
00000000
000007c4
033fffff
000007c8
ffffffff
000007cc
000f000f
000007d0
00000000
000007d4
033fffff
000007d8
ffffffff
000007dc
000f000f
000007e0
00000000
000007e4
033fffff
000007e8
ffffffff
000007ec
000f000f
000007f0
00000000
000007f4
033fffff
000007f8
ffffffff
000007fc
000f000f
00000800
00000000
00000804
033fffff
00000808
ffffffff
0000080c
000f000f
00000810
00000000
00000814
033fffff
00000818
ffffffff
0000081c
000f000f
00000820
00000000
00000824
033fffff
00000828
ffffffff
0000082c
000f000f
00000830
00000000
00000834
033fffff
00000838
ffffffff
0000083c
000f000f
00000840
00000000
00000844
033fffff
00000848
ffffffff
0000084c
000f000f
00000850
00000000
00000854
033fffff
00000858
ffffffff
0000085c
000f000f
00000860
00000000
00000864
033fffff
00000868
ffffffff
0000086c
000f000f
00000870
00000000
00000874
033fffff
00000878
ffffffff
0000087c
000f000f
00000880
00000000
00000884
033fffff
00000888
ffffffff
0000088c
000f000f
00000890
00000000
00000894
033fffff
00000898
ffffffff
0000089c
000f000f
000008a0
00000000
000008a4
033fffff
000008a8
ffffffff
000008ac
000f000f
000008b0
00000000
000008b4
033fffff
000008b8
ffffffff
000008bc
000f000f
000008c0
00000000
000008c4
033fffff
000008c8
ffffffff
000008cc
000f000f
000008d0
00000000
000008d4
033fffff
000008d8
ffffffff
000008dc
000f000f
000008e0
00000000
000008e4
033fffff
000008e8
ffffffff
000008ec
000f000f
000008f0
00000000
000008f4
033fffff
000008f8
ffffffff
000008fc
000f000f
00000900
00000000
00000904
033fffff
00000908
ffffffff
0000090c
000f000f
00000910
00000000
00000914
033fffff
00000918
ffffffff
0000091c
000f000f
00000920
00000000
00000924
033fffff
00000928
ffffffff
0000092c
000f000f
00000930
00000000
00000934
033fffff
00000938
ffffffff
0000093c
000f000f
00000940
00000000
00000944
033fffff
00000948
ffffffff
0000094c
000f000f
00000950
00000000
00000954
033fffff
00000958
ffffffff
0000095c
000f000f
00000960
00000000
00000964
033fffff
00000968
ffffffff
0000096c
000f000f
00000970
00000000
00000974
033fffff
00000978
ffffffff
0000097c
000f000f
00000980
00000000
00000984
033fffff
00000988
ffffffff
0000098c
000f000f
00000990
00000000
00000994
033fffff
00000998
ffffffff
0000099c
000f000f
000009a0
00000000
000009a4
033fffff
000009a8
ffffffff
000009ac
000f000f
000009b0
00000000
000009b4
033fffff
000009b8
ffffffff
000009bc
000f000f
000009c0
00000000
000009c4
033fffff
000009c8
ffffffff
000009cc
000f000f
000009d0
00000000
000009d4
033fffff
000009d8
ffffffff
000009dc
000f000f
000009e0
00000000
000009e4
033fffff
000009e8
ffffffff
000009ec
000f000f
000009f0
00000000
000009f4
033fffff
000009f8
ffffffff
000009fc
000f000f
00000a00
00000000
00000a04
033fffff
00000a08
ffffffff
00000a0c
000f000f
00000a10
00000000
00000a14
033fffff
00000a18
ffffffff
00000a1c
000f000f
00000a20
00000000
00000a24
033fffff
00000a28
ffffffff
00000a2c
000f000f
00000a30
00000000
00000a34
033fffff
00000a38
ffffffff
00000a3c
000f000f
00000a40
00000000
00000a44
033fffff
00000a48
ffffffff
00000a4c
000f000f
00000a50
00000000
00000a54
033fffff
00000a58
ffffffff
00000a5c
000f000f
00000a60
00000000
00000a64
033fffff
00000a68
ffffffff
00000a6c
000f000f
00000a70
00000000
00000a74
033fffff
00000a78
ffffffff
00000a7c
000f000f
00000a80
00000000
00000a84
033fffff
00000a88
ffffffff
00000a8c
000f000f
00000a90
00000000
00000a94
033fffff
00000a98
ffffffff
00000a9c
000f000f
00000aa0
00000000
00000aa4
033fffff
00000aa8
ffffffff
00000aac
000f000f
00000ab0
00000000
00000ab4
033fffff
00000ab8
ffffffff
00000abc
000f000f
00000ac0
00000000
00000ac4
033fffff
00000ac8
ffffffff
00000acc
000f000f
00000ad0
00000000
00000ad4
033fffff
00000ad8
ffffffff
00000adc
000f000f
00000ae0
00000000
00000ae4
033fffff
00000ae8
ffffffff
00000aec
000f000f
00000af0
00000000
00000af4
033fffff
00000af8
ffffffff
00000afc
000f000f
00000b00
00000000
00000b04
033fffff
00000b08
ffffffff
00000b0c
000f000f
00000b10
00000000
00000b14
033fffff
00000b18
ffffffff
00000b1c
000f000f
00000b20
00000000
00000b24
033fffff
00000b28
ffffffff
00000b2c
000f000f
00000b30
00000000
00000b34
033fffff
00000b38
ffffffff
00000b3c
000f000f
00000b40
00000000
00000b44
033fffff
00000b48
ffffffff
00000b4c
000f000f
00000b50
00000000
00000b54
033fffff
00000b58
ffffffff
00000b5c
000f000f
00000b60
00000000
00000b64
033fffff
00000b68
ffffffff
00000b6c
000f000f
00000b70
00000000
00000b74
033fffff
00000b78
ffffffff
00000b7c
000f000f
00000b80
00000000
00000b84
033fffff
00000b88
ffffffff
00000b8c
000f000f
00000b90
00000000
00000b94
033fffff
00000b98
ffffffff
00000b9c
000f000f
00000ba0
05000000
00000ba4
05050505
00000ba8
00050505
00000bac
04040064
00000bb0
04040404
00000bb4
00010404
00000bb8
03030064
00000bbc
03030303
00000bc0
00020303
00000bc4
02020064
00000bc8
02020202
00000bcc
00030202
00000bd0
01010064
00000bd4
01010101
00000bd8
00040101
00000bdc
00000064
00000be0
0001761b
00000be4
00000200
00000be8
00000200
00000bec
00000200
00000bf0
00000200
00000bf4
00000693
00000bf8
00000e9c
00000bfc
03000202
00000c00
3b200201
00000c04
00004104
00000c08
00000200
00000c0c
00000200
00000c10
00000200
00000c14
00000200
00000c18
00012492
00000c1c
00028a28
00000c20
141e0402
00000c24
3b200e0b
00000c28
00004104
00000c2c
00000200
00000c30
00000200
00000c34
00000200
00000c38
00000200
00000c3c
00012492
00000c40
00028a28
00000c44
141e0402
00000c48
00200e0b
00000c4c
00000000
00000c50
02000a00
00000c54
01010503
00000c58
01000101
00000c5c
01000101
00000c60
01000100
00000c64
01000001
00000c68
00020002
00000c6c
00020100
00000c70
06020002
00000c74
00002828
00002000
00000b00
00002004
4aee36ad
00002008
00070c80
0000200c
01001387
00002010
00000001
00002014
00010064
00002018
00000000
0000201c
00000000
00002020
00000000
00002024
00000000
00002028
00000000
00002030
00000200
00002034
00000005
0000203c
00550001
00002040
08000000
00002044
00000300
00002048
07070301
0000204c
00000001
00002050
00000005
00002054
00000000
00002058
00000000
0000205c
00000000
00002060
00000000
00002064
00000000
00002068
00000000
0000206c
00000000
00002070
00000000
00002074
00000000
00002078
01010000
0000207c
280a0100
00002080
00000000
00002084
ff000000
00002088
00320000
0000208c
00000000
00002090
00000000
00002094
00010102
00002098
00000001
000020a0
00000000
000020a4
00000001
000020a8
0000aaaa
000020ac
00005555
000020b0
0000b5b5
000020b4
00004a4a
000020b8
00005656
000020bc
0000a9a9
000020c0
0000b7b7
000020c4
00004848
000020c8
00000000
000020cc
00000000
000020d0
00000000
000020d4
001bffff
000020d8
000007d0
000020dc
00000300
000020e0
00000000
000020e4
00000000
000020e8
08080000
000020ec
00010101
000020f0
01000000
000020f4
00000000
000020f8
00000003
000020fc
17ff0000
00002100
00000000
00002104
00000000
00002108
00000000
0000210c
0a140a00
00002110
0204030a
00002114
00021010
00002118
00040401
0000211c
00000005
00002120
03010e00
00002124
ff000001
00002128
00000102
0000212c
00003401
00002130
00000000
00002134
00000000
00002138
00000000
0000213c
00000000
0000214c
00000000
00002150
01000001
00002154
02000008
00002158
01000200
0000215c
00000100
00002160
02000100
00002164
02000200
00002168
00000000
0000216c
00000000
00002170
00000000
00002174
00000000
00002178
00000004
00002184
02000101
00002188
00080103
0000218c
00010000
00002190
00000000
00002194
00000000
00002198
00000000
0000219c
0000000a
000021a0
00000019
000021a4
00000100
000021a8
00000000
000021ac
00000000
000021b0
00000000
000021b4
00000000
000021b8
00000000
000021bc
01000000
000021c0
00000003
000021cc
01000100
000021d0
01020001
000021d4
00010300
000021d8
05000104
000021dc
01060001
000021e0
00010700
000021e4
00000000
000021e8
00000000
000021ec
00010001
000021f0
00000000
000021f4
00000000
000021f8
00000000
000021fc
00000000
00002200
01000000
00002204
00000004
00002208
00000000
0000220c
00010000
00002210
00000000
00002214
00000000
00002240
002b2b01
00002244
00000034
00002248
00000065
0000224c
00020065
00002250
02000200
00002254
00000004
00002258
0000120c
0000225c
00124800
00002260
00480000
00002264
00000013
00002268
000000bb
0000226c
0000032b
00002270
00002082
00002274
0000032b
00002278
04002082
0000227c
01010404
00002280
00001501
00002284
002a002a
00002288
01000100
0000228c
00000100
00002290
00000000
00002298
01010000
0000229c
01010101
000022a0
00000000
000022a4
03000000
000022a8
03030000
000022ac
04030000
000022b0
0e021515
000022b4
0404020e
000022b8
000c0034
000022bc
003d0065
000022c0
003d0065
000022c4
01010101
000022c8
00040017
000022cc
00040220
000022d0
01000220
000022d4
000e000e
000022dc
02170100
000022e0
00000217
000022e4
01000000
000022e8
02170217
000022f0
63532e1a
000022f4
01012510
000022f8
0a07060a
000022fc
1f130a0d
00002300
1f130a14
00002304
000c0014
00002308
00001000
0000230c
00000c00
00002310
00001000
00002314
00000c00
00002318
02001000
0000231c
0024000d
00002320
00240216
00002324
00000216
00002328
00001900
0000232c
24140056
00002330
00000101
00002334
00350000
00002338
2510005b
0000233c
00000101
00002340
00350000
00002344
2510005b
00002348
0000010a
00002350
05030900
00002354
00040900
00002358
0000062b
0000235c
20010004
00002360
000a0a03
00002364
2d110000
00002368
29170028
0000236c
0000752f
00002370
2008005c
00002374
00171e20
00002378
2d110000
0000237c
29170028
00002380
0000752f
00002384
2008005c
00002388
00171e20
00002390
00000176
00002394
00000e9c
00002398
00004104
0000239c
00028a28
000023a0
00004104
000023a4
00028a28
000023a8
033b0014
000023ac
0403033b
000023b0
00000004
000023c0
00002710
000023c4
000186a0
000023c8
00000005
000023cc
00000064
000023d0
00000014
000023d4
000681c8
000023d8
000186a0
000023dc
00000005
000023e0
000010a9
000023e4
0000033b
000023e8
000681c8
000023ec
000186a0
000023f0
00000005
000023f4
000010a9
000023f8
0100033b
000023fc
00320040
00002400
00010002
00002404
08550040
00002408
00010040
0000240c
08550040
00002410
00000340
00002414
006b006b
00002418
03040404
0000241c
00000303
00002450
55080000
00002454
00000000
00002458
3c00005a
0000245c
00005508
00002460
00005a00
00002464
0055083c
00002468
00000000
0000246c
3c00005a
00002470
00005508
00002474
00005a00
00002478
1a19183c
0000247c
1211101b
00002480
00000013
00002484
02010000
00002488
00000003
0000248c
00000000
00002490
00000000
00002494
00000000
00002498
01000000
0000249c
04020201
000024a0
00080804
000024a4
00000000
000024a8
00000000
000024ac
00000000
000024b0
00000000
00002530
00000004
00002534
00000000
00002538
00000031
00002544
00000000
00002548
4d4d004d
0000254c
00000004
00002554
00000074
00002558
0000003f
0000255c
00000031
00002568
14000000
0000256c
25250053
00002570
00000004
00002578
00000074
0000257c
0000003f
00002580
00000031
0000258c
24000000
00002590
25250053
00002594
00000004
0000259c
00000004
000025a0
00000000
000025a4
00000031
000025b0
00000000
000025b4
4d4d004d
000025b8
00000004
000025c0
00000074
000025c4
0000003f
000025c8
00000031
000025d4
14000000
000025d8
25250053
000025dc
00000004
000025e4
00000074
000025e8
0000003f
000025ec
00000031
000025f8
24000000
000025fc
25250053
00002600
0000002c
00002608
00000004
0000260c
00000000
00002610
00000031
0000261c
00000000
00002620
4d4d004d
00002624
00000004
0000262c
00000074
00002630
0000003f
00002634
00000031
00002640
14000000
00002644
25250053
00002648
00000024
00002650
00000074
00002654
0000003f
00002658
00000031
00002664
24000000
00002668
25250053
0000266c
00000004
00002674
00000004
00002678
00000000
0000267c
00000031
00002688
00000000
0000268c
4d4d004d
00002690
00000004
00002698
00000074
0000269c
0000003f
000026a0
00000031
000026ac
14000000
000026b0
25250053
000026b4
00000004
000026bc
00000074
000026c0
0000003f
000026c4
00000031
000026d0
24000000
000026d4
25250053
000026d8
0000002c
000026dc
ffffffff
000026e0
00000001
000026e4
00000000
000026e8
00000000
000026ec
00000000
000026f0
00000000
000026f4
00000000
000026f8
00000000
000026fc
00000000
00002700
00000000
00002704
00000000
00002708
00000000
0000270c
00000000
00002710
00000000
00002714
00000000
00002718
00000000
0000271c
00000000
00002720
00000000
00002724
00000000
00002728
00000000
0000272c
00000000
00002730
00000000
00002734
00000000
00002738
00000000
0000273c
00000000
00002740
00000000
00002744
05060700
00002748
00000004
0000274c
00010008
00002750
00000000
00002754
0000aa00
00002758
00000000
0000275c
00000000
00002760
00000000
00002764
00000000
00002768
00010000
0000276c
00000000
00002770
00000000
00002774
00000000
00002778
00000000
0000277c
00000000
00002780
00000000
00002784
00000000
00002788
00000000
0000278c
00000000
00002790
00000000
00002794
00000000
00002798
00000000
0000279c
00000000
000027a0
00000000
000027a4
00000000
000027a8
00000000
000027ac
00000000
000027b0
00000000
000027b4
00000000
000027b8
00000000
000027bc
00000000
000027c0
00000000
000027c4
00000000
000027c8
00000000
000027cc
00000000
000027d0
00000000
000027d4
00000000
000027d8
00000000
000027dc
00000009
000027e0
00000000
000027e4
00000000
000027e8
00000000
000027ec
00000000
000027f0
00000000
000027f4
00000000
000027f8
00000000
000027fc
00000000
00002800
0006000b
00002804
00d701ac
00002808
00d701ac
0000280c
00005508
00002810
083c5a00
00002814
00000055
00002818
55083c5a
0000281c
5a000000
00002820
0055083c
00002824
3c5a0000
00002828
1f1e1d1c
0000282c
17161514
00002830
07060504
00002834
00000000
00002838
20201010
0000283c
80804040
00002840
00000000
00002844
00000000
00002848
00000000
0000284c
00000000
00002850
00310004
00002854
4d4d004d
00002858
3f740004
0000285c
001d1431
00002860
00042525
00002864
24313f74
00002868
25250053
0000286c
04000004
00002870
00003100
00002874
4d4d004d
00002878
3f740004
0000287c
001d1431
00002880
00042525
00002884
24313f74
00002888
25250053
0000288c
0400002c
00002890
00003100
00002894
4d4d004d
00002898
3f740004
0000289c
001d1431
000028a0
00242525
000028a4
24313f74
000028a8
25250053
000028ac
04000004
000028b0
00003100
000028b4
4d4d004d
000028b8
3f740004
000028bc
001d1431
000028c0
00042525
000028c4
24313f74
000028c8
25250053
000028cc
0000002c
00004000
04f00000
00004004
00000000
00004008
01030200
0000400c
00000000
00004010
00000000
00004014
03000000
00004018
01000001
0000401c
03000400
00004020
00000001
00004024
00000001
00004028
00000000
0000402c
00000000
00004030
01010000
00004034
00010000
00004038
00c00004
0000403c
00cc0008
00004040
00660601
00004044
00000003
00004048
00000000
0000404c
00000001
00004050
0000aaaa
00004054
00005555
00004058
0000b5b5
0000405c
00004a4a
00004060
00005656
00004064
0000a9a9
00004068
0000b7b7
0000406c
00004848
00004070
00000000
00004074
00000000
00004078
08000000
0000407c
04080008
00004080
00000408
00004084
00e4e400
00004088
00071030
0000408c
000c0020
00004090
00062000
00004094
00000100
00004098
55555555
0000409c
aaaaaaaa
000040a0
55555555
000040a4
aaaaaaaa
000040a8
00005555
000040ac
01000100
000040b0
00800180
000040b4
00000000
000040b8
00000000
000040bc
00000000
000040c0
00000000
000040c4
00000000
000040c8
00000000
000040cc
00000000
000040d0
00000000
000040d4
00000000
000040d8
00000000
000040dc
00000000
000040e0
00000000
000040e4
00000000
000040e8
00000000
000040ec
00000000
000040f0
00000000
000040f4
00000000
000040f8
00000000
000040fc
00000000
00004100
00000000
00004104
00000000
00004108
00000000
0000410c
00000104
00004110
00000000
00004114
00000000
00004118
00000000
0000411c
00000000
00004120
00000000
00004124
00000000
00004128
081f07ff
0000412c
10200080
00004130
00000008
00004134
00010401
00004138
00000000
0000413c
00000000
00004140
05ff0805
00004144
2503ff08
00004148
20000137
0000414c
07ff0200
00004150
0000dd01
00004154
00000303
00004158
00000000
0000415c
00000000
00004160
00020000
00004164
00000000
00004168
00000000
0000416c
00000000
00004170
00000000
00004174
02020000
00004178
00000005
0000417c
51516042
00004180
31c06000
00004184
07ad01a0
00004188
00c0c001
0000418c
0e010000
00004190
000e0d0d
00004194
00000304
00004198
42100010
0000419c
010c083e
000041a0
000f0c37
000041a4
01000140
000041a8
01470120
000041ac
00000c00
000041b0
00000322
000041b4
00030200
000041b8
02800000
000041bc
80800000
000041c0
000e2010
000041c4
53204167
000041c8
00000008
000041cc
04a104a1
000041d0
04a104a1
000041d4
04a104a1
000041d8
04a104a1
000041dc
000004a1
000041e0
0000a000
000041e4
00a000a0
000041e8
00a000a0
000041ec
00a000a0
000041f0
00a000a0
000041f4
00a000a0
000041f8
00a000a0
000041fc
00a000a0
00004200
00a000a0
00004204
01c200a0
00004208
01a00005
0000420c
00000000
00004210
00060000
00004214
00080200
00004218
00000000
0000421c
20202020
00004220
20202020
00004224
0f0f2020
00004228
00000024
00004400
04f00000
00004404
00000000
00004408
01030200
0000440c
00000000
00004410
00000000
00004414
03000000
00004418
01000001
0000441c
03000400
00004420
00000001
00004424
00000001
00004428
00000000
0000442c
00000000
00004430
01010000
00004434
00010000
00004438
00c00004
0000443c
00cc0008
00004440
00660601
00004444
00000003
00004448
00000000
0000444c
00000001
00004450
0000aaaa
00004454
00005555
00004458
0000b5b5
0000445c
00004a4a
00004460
00005656
00004464
0000a9a9
00004468
0000b7b7
0000446c
00004848
00004470
00000000
00004474
00000000
00004478
08000000
0000447c
04080008
00004480
00000408
00004484
00e4e400
00004488
00071030
0000448c
000c0020
00004490
00062000
00004494
00000100
00004498
55555555
0000449c
aaaaaaaa
000044a0
55555555
000044a4
aaaaaaaa
000044a8
00005555
000044ac
01000100
000044b0
00800180
000044b4
00000001
000044b8
00000000
000044bc
00000000
000044c0
00000000
000044c4
00000000
000044c8
00000000
000044cc
00000000
000044d0
00000000
000044d4
00000000
000044d8
00000000
000044dc
00000000
000044e0
00000000
000044e4
00000000
000044e8
00000000
000044ec
00000000
000044f0
00000000
000044f4
00000000
000044f8
00000000
000044fc
00000000
00004500
00000000
00004504
00000000
00004508
00000000
0000450c
00000104
00004510
00000000
00004514
00000000
00004518
00000000
0000451c
00000000
00004520
00000000
00004524
00000000
00004528
081f07ff
0000452c
10200080
00004530
00000008
00004534
00010401
00004538
00000000
0000453c
00000000
00004540
05ff0805
00004544
2503ff08
00004548
20000137
0000454c
07ff0200
00004550
0000dd01
00004554
00000303
00004558
00000000
0000455c
00000000
00004560
00020000
00004564
00000000
00004568
00000000
0000456c
00000000
00004570
00000000
00004574
02020000
00004578
00000005
0000457c
51516042
00004580
31c06000
00004584
07ad01a0
00004588
00c0c001
0000458c
0e010000
00004590
000e0d0d
00004594
00000304
00004598
42100010
0000459c
010c083e
000045a0
000f0c37
000045a4
01000140
000045a8
01470120
000045ac
00000c00
000045b0
00000322
000045b4
00030200
000045b8
02800000
000045bc
80800000
000045c0
000e2010
000045c4
76043215
000045c8
00000008
000045cc
04a104a1
000045d0
04a104a1
000045d4
04a104a1
000045d8
04a104a1
000045dc
000004a1
000045e0
0000a000
000045e4
00a000a0
000045e8
00a000a0
000045ec
00a000a0
000045f0
00a000a0
000045f4
00a000a0
000045f8
00a000a0
000045fc
00a000a0
00004600
00a000a0
00004604
01c200a0
00004608
01a00005
0000460c
00000000
00004610
00060000
00004614
00080200
00004618
00000000
0000461c
20202020
00004620
20202020
00004624
0f0f2020
00004628
00000024
00004800
04f00000
00004804
00000000
00004808
01030200
0000480c
00000000
00004810
00000000
00004814
03000000
00004818
01000001
0000481c
03000400
00004820
00000001
00004824
00000001
00004828
00000000
0000482c
00000000
00004830
01010000
00004834
00010000
00004838
00c00004
0000483c
00cc0008
00004840
00660601
00004844
00000003
00004848
00000000
0000484c
00000001
00004850
0000aaaa
00004854
00005555
00004858
0000b5b5
0000485c
00004a4a
00004860
00005656
00004864
0000a9a9
00004868
0000b7b7
0000486c
00004848
00004870
00000000
00004874
00000000
00004878
08000000
0000487c
04080008
00004880
00000408
00004884
00e4e400
00004888
00071030
0000488c
000c0020
00004890
00062000
00004894
00000100
00004898
55555555
0000489c
aaaaaaaa
000048a0
55555555
000048a4
aaaaaaaa
000048a8
00005555
000048ac
01000100
000048b0
00800180
000048b4
00000001
000048b8
00000000
000048bc
00000000
000048c0
00000000
000048c4
00000000
000048c8
00000000
000048cc
00000000
000048d0
00000000
000048d4
00000000
000048d8
00000000
000048dc
00000000
000048e0
00000000
000048e4
00000000
000048e8
00000000
000048ec
00000000
000048f0
00000000
000048f4
00000000
000048f8
00000000
000048fc
00000000
00004900
00000000
00004904
00000000
00004908
00000000
0000490c
00000104
00004910
00000000
00004914
00000000
00004918
00000000
0000491c
00000000
00004920
00000000
00004924
00000000
00004928
081f07ff
0000492c
10200080
00004930
00000008
00004934
00010401
00004938
00000000
0000493c
00000000
00004940
05ff0805
00004944
2503ff08
00004948
20000137
0000494c
07ff0200
00004950
0000dd01
00004954
00000303
00004958
00000000
0000495c
00000000
00004960
00020000
00004964
00000000
00004968
00000000
0000496c
00000000
00004970
00000000
00004974
02020000
00004978
00000005
0000497c
51516042
00004980
31c06000
00004984
07ad01a0
00004988
00c0c001
0000498c
0e010000
00004990
000e0d0d
00004994
00000304
00004998
42100010
0000499c
010c083e
000049a0
000f0c37
000049a4
01000140
000049a8
01470120
000049ac
00000c00
000049b0
00000322
000049b4
00030200
000049b8
02800000
000049bc
80800000
000049c0
000e2010
000049c4
27354106
000049c8
00000008
000049cc
04a104a1
000049d0
04a104a1
000049d4
04a104a1
000049d8
04a104a1
000049dc
000004a1
000049e0
0000a000
000049e4
00a000a0
000049e8
00a000a0
000049ec
00a000a0
000049f0
00a000a0
000049f4
00a000a0
000049f8
00a000a0
000049fc
00a000a0
00004a00
00a000a0
00004a04
01c200a0
00004a08
01a00005
00004a0c
00000000
00004a10
00060000
00004a14
00080200
00004a18
00000000
00004a1c
20202020
00004a20
20202020
00004a24
0f0f2020
00004a28
00000024
00004c00
04f00000
00004c04
00000000
00004c08
01030200
00004c0c
00000000
00004c10
00000000
00004c14
03000000
00004c18
01000001
00004c1c
03000400
00004c20
00000001
00004c24
00000001
00004c28
00000000
00004c2c
00000000
00004c30
01010000
00004c34
00010000
00004c38
00c00004
00004c3c
00cc0008
00004c40
00660601
00004c44
00000003
00004c48
00000000
00004c4c
00000001
00004c50
0000aaaa
00004c54
00005555
00004c58
0000b5b5
00004c5c
00004a4a
00004c60
00005656
00004c64
0000a9a9
00004c68
0000b7b7
00004c6c
00004848
00004c70
00000000
00004c74
00000000
00004c78
08000000
00004c7c
04080008
00004c80
00000408
00004c84
00e4e400
00004c88
00071030
00004c8c
000c0020
00004c90
00062000
00004c94
00000100
00004c98
55555555
00004c9c
aaaaaaaa
00004ca0
55555555
00004ca4
aaaaaaaa
00004ca8
00005555
00004cac
01000100
00004cb0
00800180
00004cb4
00000000
00004cb8
00000000
00004cbc
00000000
00004cc0
00000000
00004cc4
00000000
00004cc8
00000000
00004ccc
00000000
00004cd0
00000000
00004cd4
00000000
00004cd8
00000000
00004cdc
00000000
00004ce0
00000000
00004ce4
00000000
00004ce8
00000000
00004cec
00000000
00004cf0
00000000
00004cf4
00000000
00004cf8
00000000
00004cfc
00000000
00004d00
00000000
00004d04
00000000
00004d08
00000000
00004d0c
00000104
00004d10
00000000
00004d14
00000000
00004d18
00000000
00004d1c
00000000
00004d20
00000000
00004d24
00000000
00004d28
081f07ff
00004d2c
10200080
00004d30
00000008
00004d34
00010401
00004d38
00000000
00004d3c
00000000
00004d40
05ff0805
00004d44
2503ff08
00004d48
20000137
00004d4c
07ff0200
00004d50
0000dd01
00004d54
00000303
00004d58
00000000
00004d5c
00000000
00004d60
00020000
00004d64
00000000
00004d68
00000000
00004d6c
00000000
00004d70
00000000
00004d74
02020000
00004d78
00000005
00004d7c
51516042
00004d80
31c06000
00004d84
07ad01a0
00004d88
00c0c001
00004d8c
0e010000
00004d90
000e0d0d
00004d94
00000304
00004d98
42100010
00004d9c
010c083e
00004da0
000f0c37
00004da4
01000140
00004da8
01470120
00004dac
00000c00
00004db0
00000322
00004db4
00030200
00004db8
02800000
00004dbc
80800000
00004dc0
000e2010
00004dc4
76132450
00004dc8
00000008
00004dcc
04a104a1
00004dd0
04a104a1
00004dd4
04a104a1
00004dd8
04a104a1
00004ddc
000004a1
00004de0
0000a000
00004de4
00a000a0
00004de8
00a000a0
00004dec
00a000a0
00004df0
00a000a0
00004df4
00a000a0
00004df8
00a000a0
00004dfc
00a000a0
00004e00
00a000a0
00004e04
01c200a0
00004e08
01a00005
00004e0c
00000000
00004e10
00060000
00004e14
00080200
00004e18
00000000
00004e1c
20202020
00004e20
20202020
00004e24
0f0f2020
00004e28
00000024
00005000
04f00000
00005004
00000000
00005008
01030200
0000500c
00000000
00005010
00000000
00005014
03000000
00005018
01000001
0000501c
03000400
00005020
00000001
00005024
00000001
00005028
00000000
0000502c
00000000
00005030
01010000
00005034
00010000
00005038
00c00004
0000503c
00cc0008
00005040
00660601
00005044
00000003
00005048
00000000
0000504c
00000001
00005050
0000aaaa
00005054
00005555
00005058
0000b5b5
0000505c
00004a4a
00005060
00005656
00005064
0000a9a9
00005068
0000b7b7
0000506c
00004848
00005070
00000000
00005074
00000000
00005078
08000000
0000507c
04080008
00005080
00000408
00005084
00e4e400
00005088
00071030
0000508c
000c0020
00005090
00062000
00005094
00000100
00005098
55555555
0000509c
aaaaaaaa
000050a0
55555555
000050a4
aaaaaaaa
000050a8
00005555
000050ac
01000100
000050b0
00800180
000050b4
00000000
000050b8
00000000
000050bc
00000000
000050c0
00000000
000050c4
00000000
000050c8
00000000
000050cc
00000000
000050d0
00000000
000050d4
00000000
000050d8
00000000
000050dc
00000000
000050e0
00000000
000050e4
00000000
000050e8
00000000
000050ec
00000000
000050f0
00000000
000050f4
00000000
000050f8
00000000
000050fc
00000000
00005100
00000000
00005104
00000000
00005108
00000000
0000510c
00000104
00005110
00000000
00005114
00000000
00005118
00000000
0000511c
00000000
00005120
00000000
00005124
00000000
00005128
081f07ff
0000512c
10200080
00005130
00000008
00005134
00010401
00005138
00000000
0000513c
00000000
00005140
05ff0805
00005144
2503ff08
00005148
20000137
0000514c
07ff0200
00005150
0000dd01
00005154
00000303
00005158
00000000
0000515c
00000000
00005160
00020000
00005164
00000000
00005168
00000000
0000516c
00000000
00005170
00000000
00005174
02020000
00005178
00000005
0000517c
51516042
00005180
31c06000
00005184
07ad01a0
00005188
00c0c001
0000518c
0e010000
00005190
000e0d0d
00005194
00000304
00005198
42100010
0000519c
010c083e
000051a0
000f0c37
000051a4
01000140
000051a8
01470120
000051ac
00000c00
000051b0
00000322
000051b4
00030200
000051b8
02800000
000051bc
80800000
000051c0
000e2010
000051c4
57130246
000051c8
00000008
000051cc
04a104a1
000051d0
04a104a1
000051d4
04a104a1
000051d8
04a104a1
000051dc
000004a1
000051e0
0000a000
000051e4
00a000a0
000051e8
00a000a0
000051ec
00a000a0
000051f0
00a000a0
000051f4
00a000a0
000051f8
00a000a0
000051fc
00a000a0
00005200
00a000a0
00005204
01c200a0
00005208
01a00005
0000520c
00000000
00005210
00060000
00005214
00080200
00005218
00000000
0000521c
20202020
00005220
20202020
00005224
0f0f2020
00005228
00000024
00005400
04f00000
00005404
00000000
00005408
01030200
0000540c
00000000
00005410
00000000
00005414
03000000
00005418
01000001
0000541c
03000400
00005420
00000001
00005424
00000001
00005428
00000000
0000542c
00000000
00005430
01010000
00005434
00010000
00005438
00c00004
0000543c
00cc0008
00005440
00660601
00005444
00000003
00005448
00000000
0000544c
00000001
00005450
0000aaaa
00005454
00005555
00005458
0000b5b5
0000545c
00004a4a
00005460
00005656
00005464
0000a9a9
00005468
0000b7b7
0000546c
00004848
00005470
00000000
00005474
00000000
00005478
08000000
0000547c
04080008
00005480
00000408
00005484
00e4e400
00005488
00071030
0000548c
000c0020
00005490
00062000
00005494
00000100
00005498
55555555
0000549c
aaaaaaaa
000054a0
55555555
000054a4
aaaaaaaa
000054a8
00005555
000054ac
01000100
000054b0
00800180
000054b4
00000001
000054b8
00000000
000054bc
00000000
000054c0
00000000
000054c4
00000000
000054c8
00000000
000054cc
00000000
000054d0
00000000
000054d4
00000000
000054d8
00000000
000054dc
00000000
000054e0
00000000
000054e4
00000000
000054e8
00000000
000054ec
00000000
000054f0
00000000
000054f4
00000000
000054f8
00000000
000054fc
00000000
00005500
00000000
00005504
00000000
00005508
00000000
0000550c
00000104
00005510
00000000
00005514
00000000
00005518
00000000
0000551c
00000000
00005520
00000000
00005524
00000000
00005528
081f07ff
0000552c
10200080
00005530
00000008
00005534
00010401
00005538
00000000
0000553c
00000000
00005540
05ff0805
00005544
2503ff08
00005548
20000137
0000554c
07ff0200
00005550
0000dd01
00005554
00000303
00005558
00000000
0000555c
00000000
00005560
00020000
00005564
00000000
00005568
00000000
0000556c
00000000
00005570
00000000
00005574
02020000
00005578
00000005
0000557c
51516042
00005580
31c06000
00005584
07ad01a0
00005588
00c0c001
0000558c
0e010000
00005590
000e0d0d
00005594
00000304
00005598
42100010
0000559c
010c083e
000055a0
000f0c37
000055a4
01000140
000055a8
01470120
000055ac
00000c00
000055b0
00000322
000055b4
00030200
000055b8
02800000
000055bc
80800000
000055c0
000e2010
000055c4
63421750
000055c8
00000008
000055cc
04a104a1
000055d0
04a104a1
000055d4
04a104a1
000055d8
04a104a1
000055dc
000004a1
000055e0
0000a000
000055e4
00a000a0
000055e8
00a000a0
000055ec
00a000a0
000055f0
00a000a0
000055f4
00a000a0
000055f8
00a000a0
000055fc
00a000a0
00005600
00a000a0
00005604
01c200a0
00005608
01a00005
0000560c
00000000
00005610
00060000
00005614
00080200
00005618
00000000
0000561c
20202020
00005620
20202020
00005624
0f0f2020
00005628
00000024
00005800
04f00000
00005804
00000000
00005808
01030200
0000580c
00000000
00005810
00000000
00005814
03000000
00005818
01000001
0000581c
03000400
00005820
00000001
00005824
00000001
00005828
00000000
0000582c
00000000
00005830
01010000
00005834
00010000
00005838
00c00004
0000583c
00cc0008
00005840
00660601
00005844
00000003
00005848
00000000
0000584c
00000001
00005850
0000aaaa
00005854
00005555
00005858
0000b5b5
0000585c
00004a4a
00005860
00005656
00005864
0000a9a9
00005868
0000b7b7
0000586c
00004848
00005870
00000000
00005874
00000000
00005878
08000000
0000587c
04080008
00005880
00000408
00005884
00e4e400
00005888
00071030
0000588c
000c0020
00005890
00062000
00005894
00000100
00005898
55555555
0000589c
aaaaaaaa
000058a0
55555555
000058a4
aaaaaaaa
000058a8
00005555
000058ac
01000100
000058b0
00800180
000058b4
00000000
000058b8
00000000
000058bc
00000000
000058c0
00000000
000058c4
00000000
000058c8
00000000
000058cc
00000000
000058d0
00000000
000058d4
00000000
000058d8
00000000
000058dc
00000000
000058e0
00000000
000058e4
00000000
000058e8
00000000
000058ec
00000000
000058f0
00000000
000058f4
00000000
000058f8
00000000
000058fc
00000000
00005900
00000000
00005904
00000000
00005908
00000000
0000590c
00000104
00005910
00000000
00005914
00000000
00005918
00000000
0000591c
00000000
00005920
00000000
00005924
00000000
00005928
081f07ff
0000592c
10200080
00005930
00000008
00005934
00010401
00005938
00000000
0000593c
00000000
00005940
05ff0805
00005944
2503ff08
00005948
20000137
0000594c
07ff0200
00005950
0000dd01
00005954
00000303
00005958
00000000
0000595c
00000000
00005960
00020000
00005964
00000000
00005968
00000000
0000596c
00000000
00005970
00000000
00005974
02020000
00005978
00000005
0000597c
51516042
00005980
31c06000
00005984
07ad01a0
00005988
00c0c001
0000598c
0e010000
00005990
000e0d0d
00005994
00000304
00005998
42100010
0000599c
010c083e
000059a0
000f0c37
000059a4
01000140
000059a8
01470120
000059ac
00000c00
000059b0
00000322
000059b4
00030200
000059b8
02800000
000059bc
80800000
000059c0
000e2010
000059c4
31572604
000059c8
00000008
000059cc
04a104a1
000059d0
04a104a1
000059d4
04a104a1
000059d8
04a104a1
000059dc
000004a1
000059e0
0000a000
000059e4
00a000a0
000059e8
00a000a0
000059ec
00a000a0
000059f0
00a000a0
000059f4
00a000a0
000059f8
00a000a0
000059fc
00a000a0
00005a00
00a000a0
00005a04
01c200a0
00005a08
01a00005
00005a0c
00000000
00005a10
00060000
00005a14
00080200
00005a18
00000000
00005a1c
20202020
00005a20
20202020
00005a24
0f0f2020
00005a28
00000024
00005c00
04f00000
00005c04
00000000
00005c08
01030200
00005c0c
00000000
00005c10
00000000
00005c14
03000000
00005c18
01000001
00005c1c
03000400
00005c20
00000001
00005c24
00000001
00005c28
00000000
00005c2c
00000000
00005c30
01010000
00005c34
00010000
00005c38
00c00004
00005c3c
00cc0008
00005c40
00660601
00005c44
00000003
00005c48
00000000
00005c4c
00000001
00005c50
0000aaaa
00005c54
00005555
00005c58
0000b5b5
00005c5c
00004a4a
00005c60
00005656
00005c64
0000a9a9
00005c68
0000b7b7
00005c6c
00004848
00005c70
00000000
00005c74
00000000
00005c78
08000000
00005c7c
04080008
00005c80
00000408
00005c84
00e4e400
00005c88
00071030
00005c8c
000c0020
00005c90
00062000
00005c94
00000100
00005c98
55555555
00005c9c
aaaaaaaa
00005ca0
55555555
00005ca4
aaaaaaaa
00005ca8
00005555
00005cac
01000100
00005cb0
00800180
00005cb4
00000001
00005cb8
00000000
00005cbc
00000000
00005cc0
00000000
00005cc4
00000000
00005cc8
00000000
00005ccc
00000000
00005cd0
00000000
00005cd4
00000000
00005cd8
00000000
00005cdc
00000000
00005ce0
00000000
00005ce4
00000000
00005ce8
00000000
00005cec
00000000
00005cf0
00000000
00005cf4
00000000
00005cf8
00000000
00005cfc
00000000
00005d00
00000000
00005d04
00000000
00005d08
00000000
00005d0c
00000104
00005d10
00000000
00005d14
00000000
00005d18
00000000
00005d1c
00000000
00005d20
00000000
00005d24
00000000
00005d28
081f07ff
00005d2c
10200080
00005d30
00000008
00005d34
00010401
00005d38
00000000
00005d3c
00000000
00005d40
05ff0805
00005d44
2503ff08
00005d48
20000137
00005d4c
07ff0200
00005d50
0000dd01
00005d54
00000303
00005d58
00000000
00005d5c
00000000
00005d60
00020000
00005d64
00000000
00005d68
00000000
00005d6c
00000000
00005d70
00000000
00005d74
02020000
00005d78
00000005
00005d7c
51516042
00005d80
31c06000
00005d84
07ad01a0
00005d88
00c0c001
00005d8c
0e010000
00005d90
000e0d0d
00005d94
00000304
00005d98
42100010
00005d9c
010c083e
00005da0
000f0c37
00005da4
01000140
00005da8
01470120
00005dac
00000c00
00005db0
00000322
00005db4
00030200
00005db8
02800000
00005dbc
80800000
00005dc0
000e2010
00005dc4
02453761
00005dc8
00000008
00005dcc
04a104a1
00005dd0
04a104a1
00005dd4
04a104a1
00005dd8
04a104a1
00005ddc
000004a1
00005de0
0000a000
00005de4
00a000a0
00005de8
00a000a0
00005dec
00a000a0
00005df0
00a000a0
00005df4
00a000a0
00005df8
00a000a0
00005dfc
00a000a0
00005e00
00a000a0
00005e04
01c200a0
00005e08
01a00005
00005e0c
00000000
00005e10
00060000
00005e14
00080200
00005e18
00000000
00005e1c
20202020
00005e20
20202020
00005e24
0f0f2020
00005e28
00000024
00006000
00000000
00006004
00000000
00006008
00000000
0000600c
00000000
00006010
00000000
00006014
00010000
00006018
00000101
0000601c
00000002
00006020
00000000
00006024
00000000
00006028
00000000
0000602c
00000000
00006030
00400000
00006034
00000080
00006038
00dcba98
0000603c
03dcba98
00006040
00200000
00006044
00000000
00006048
00000000
0000604c
00000000
00006050
00000000
00006054
00000000
00006058
00000000
0000605c
00000000
00006060
0000002a
00006064
00000015
00006068
00000015
0000606c
0000002a
00006070
00000033
00006074
0000000c
00006078
0000000c
0000607c
00000033
00006080
0a418820
00006084
003f0000
00006088
000f013f
0000608c
20202001
00006090
00202020
00006094
20008008
00006098
00000810
0000609c
00010f00
000060a0
000202ff
000060a4
03000003
000060a8
00030000
000060ac
00000300
000060b0
00000300
000060b4
00000300
000060b8
04000300
000060bc
00100003
000060c0
003e4208
000060c4
01000080
000060c8
01000102
000060cc
00008000
00006400
00000000
00006404
00000000
00006408
00000000
0000640c
00000000
00006410
00000000
00006414
00010000
00006418
00000101
0000641c
00000002
00006420
00000000
00006424
00000000
00006428
00000000
0000642c
00000000
00006430
00400000
00006434
00000080
00006438
00dcba98
0000643c
03dcba98
00006440
00200000
00006444
00000000
00006448
00000000
0000644c
00000000
00006450
00000000
00006454
00000000
00006458
00000000
0000645c
00000000
00006460
0000002a
00006464
00000015
00006468
00000015
0000646c
0000002a
00006470
00000033
00006474
0000000c
00006478
0000000c
0000647c
00000033
00006480
0a418820
00006484
003f0000
00006488
000f013f
0000648c
20202001
00006490
00202020
00006494
20008008
00006498
00000810
0000649c
00010f00
000064a0
000202ff
000064a4
03000003
000064a8
00030000
000064ac
00000300
000064b0
00000300
000064b4
00000300
000064b8
04000300
000064bc
00100003
000064c0
003e4208
000064c4
01000080
000064c8
01000102
000064cc
00008000
00006800
00000000
00006804
00010100
00006808
00000000
0000680c
00000000
00006810
00000000
00006818
00050000
0000681c
04000100
00006820
00000055
00006824
00000000
00006828
00000000
0000682c
00000000
00006830
00000000
00006834
00002001
00006838
000040ff
0000683c
00020028
00006840
01010000
00006844
80080001
00006848
10200000
0000684c
00000008
00006850
00000000
00006854
0e000000
00006858
0100090f
0000685c
00000000
00006860
00000000
00006864
00000000
00006868
00000000
0000686c
00040101
00006870
0000010f
00006874
00000000
00006878
00000064
0000687c
00000000
00006880
00000000
00006884
04020101
00006888
40201008
0000688c
ff020180
00006894
80012020
00006898
00241b42
0000689c
00505001
000068a0
00000000
000068a4
00000000
000068a8
00000000
000068ac
00000000
000068b0
00000000
000068b4
00000000
000068b8
07050102
000068bc
01005401
000068c0
000040a2
000068c4
04102000
000068c8
00024410
000068cc
00004410
000068d0
00004410
000068d4
00004410
000068d8
00004410
000068e0
00004410
000068e4
00004410
000068e8
00004410
000068ec
00004410
000068f0
00000000
000068f4
00000000
000068f8
00060000
000068fc
00000000
00006900
00000074
00006904
00000000
00006908
00000008
0000690c
00000000
00006910
00000000
00006914
00000000
00006918
00000000
0000691c
00000000
00006920
03000000
00006924
00000000
00006928
00000000
0000692c
00000000
00006930
04102000
00006934
00041020
00006938
01c98c98
0000693c
3f400000
00006940
3f3f1f3f
00006944
0000001f
00006948
00000000
0000694c
00000000
00006950
00000000
00006954
00000001
00006958
00000000
0000695c
00000000
00006960
00000000
00006964
00000001
00006968
45673201
0000696c
00010198
00006970
00000000
00006974
00000000
00006978
00000000
0000697c
00040700
00006980
00000000
00006984
00000000
00006988
00000000
0000698c
00000000
00006990
00000000
00006994
00000000
00006998
00000002
0000699c
00000000
000069a0
00000000
000069a4
0001f7c4
000069a8
06000002
000069ac
00000000
000069b0
00001142
000069b4
010207a5
000069b8
01000080
000069bc
00000000
000069c0
00000000
000069c4
00000000
000069cc
03000300
000069d0
03000300
000069d4
03000300
000069d8
03000300
000069dc
03000300
000069e0
03000300
000069f4
00000005
000069f8
0003bfcc
000069fc
00000008
00006a00
000001ff
00006a04
000001ff
00006a08
0001ff11
00006a0c
0199ff00
00006a10
0001ffff
00006a14
00004011
00006a20
0001ff11
00006a24
0199ff00
00006a28
0001ff11
00006a2c
0199ff00
00006a30
0001ff11
00006a34
0199ff00
00006a38
00018011
00006a3c
0089ff00
00006a40
20040006
00006a44
0050fa50
00006a48
00000000
00006a4c
00000000
00006a50
00000000
00006a54
00000000
00006a58
00000000
00006a5c
00000000
00006a60
00000000
10094301
e7c08ea4
3ff8a686
0bce3217
97c66c61
5579e8aa
d22d3a29
d54427c0
59b2ea5e
897085d5
536ad7e4
64a9d70b
b159c9dc
097419a7
7463b51d
659ba711
a2000005
00000240
00025b1c
00000000
00000000
00000000
00000000
00000000
61664c75
53b62dde
5f69539f
db3b7e02
d7fa23d0
728f9ba0
59513ae6
286bc350
1ef4dbba
7b46753e
872beef1
3f726df9
54bef616
21ce6e77
25e9f525
9892d280
00000000
00000000
00000000
00000000
00000000
00000000
00000000
00000000
00000000
00000000
00000000
00000000
00000000
00000000
00000000
00000000
00000000
00000000
00000000
00000000
00000000
00000000
00000000
00000000
00000000
00000000
00000000
00000000
00000000
00000000
00000000
00000000
00000000
00000000
00000000
00000000
00000000
00000000
00000000
00000000
00000000
00000000
00000000
00000000
00000000
00000000
00000000
00000000
00000000
00000000
00000000
00000000
00000000
00000000
00000000
00000000
00000000
00000000
00000000
00000000
00000000
00000000
00000000
00000000
00000000
00000000
00000000
00000000
00000000
00000000
00000000
00000000
00000000
00000000
00000000
00000000
00000000
00000000
00000000
00000000
00000000
00000000
00000000
00000000
00000000
00000000
00000000
00000000
00000000
00000000
00000000
00000000
00000000
00000000
00000000
00000000
00000000
00000000
00000000
00000000
00000000
00000000
00000000
00000000
00000000
00000000
00000000
00000000
00000000
00000000
00000000
00000000
00000000
00000000
00000000
00000000
00000000
00000000
00000000
00000000
00000000
00000000
00000000
00000000
00000000
00000000
00000000
00000000
00000000
00000000
00000000
00000000
00000000
00000000
00000000
00000000
00000000
00000000
00000000
00000000
00000000
00000000
00000000
00000000
a0796a95
d70597f5
9723e491
347eaccd
11ad17aa
8da749a9
46404bb5
b8f6b204
47035169
16508451
cd5db891
4aeaced7
df841cff
8d71765b
df138c2b
1885ecf7
a2000003
00007350
0002cf0c
00000000
00000000
00000000
00000000
00000000
a43e8e0b
212ac8ba
a7a4545f
5e45f1e5
d3d8310c
78acd15b
a36b97c8
d4cb0663
b8c49424
66816f28
1b6c3367
4171a142
92fc379a
f92c07aa
3a3b1df7
f533cd67
00000001
00000000
00000000
127c0000
00007310
00000000
00000000
00000000
00000000
00000000
00000000
00000000
00000001
00000000
00000000
00000000
00008197
a9818193
00000297
01828293
30529073
00100293
00028463
7c105073
00000297
13428293
30529073
00000113
00011663
00017117
63c10113
f1402573
03174281
0313ed85
7113fbe3
8563ff01
911a00a2
bfd50285
00000097
07e08093
00008363
25739082
4581f140
00ef4601
00930f60
83630000
90820000
00000297
00c28293
30529073
00002303
0000bff5
80820000
b37346a1
42a13006
0055c563
00757613
0023ca11
05050005
47e315fd
1073feb0
80823003
00053023
15e10521
fcb04ee3
30031073
30238082
03210003
fe734de3
84068082
ed840297
f2828293
06028763
ed840297
f1c28293
f14027f3
b07346a1
03173006
0313ed85
7397f0a3
83930000
03335723
53634061
831e0073
0463838a
f0ef0073
9a63fb5f
73170257
03130000
7397a023
83930000
04631ea3
f0ef0073
0317f99f
03130000
03976da3
83930000
04636d23
f0ef0073
80a2f81f
00008082
342022f3
34102373
343023f3
8082bfd5
81978406
81930000
02939321
11630000
72970e55
82930000
73179aa2
03130000
73979a23
83930000
8c6318a3
5a630062
b5030073
02a10002
00a33023
4ae30321
0297fe73
82930000
031766a2
03130000
03976623
83930000
8c6365a3
5a630062
b5030073
02a10002
00a33023
4ae30321
100ffe73
02970000
82930000
03176362
03130000
039762e3
83930000
8c636263
5a630062
b5030073
02a10002
00a33023
4ae30321
100ffe73
73170000
03130000
83931023
5763bd81
30230073
03210003
fe734de3
00007217
0e820213
9602c211
00006517
3cc50513
3b0060ef
3f4060ef
00006517
66a50513
3a0060ef
65a060ef
f0fff0ef
b07356fd
b0733046
27f33446
27373010
8f7d0004
b073c709
b0733036
07373026
8f7d0004
b073c319
67411806
0287071b
cb898ff9
300027f3
8fd96709
30079073
00305073
610060ef
05974505
85930000
06175365
06130000
00ef5366
30ef00e0
80a24700
80828082
e4061141
f14022f3
00000313
00628563
10500073
00efbff5
60a262a0
80820141
127c02e8
00000000
65a0606f
00000000
00002272
0000228a
00002296
000022a4
00002272
00002272
0000226e
000022b0
00002272
00002272
00002272
00002272
00002272
00002272
00002272
0000227e
9ad336e6
d66c655f
00000304
00000318
0000031a
00000312
65637845
6f697470
6948206e
6d202174
73756163
30203a65
38302578
6d202c78
3a637065
25783020
2c783830
76746d20
203a6c61
30257830
000a7838
00000000
7561634d
45206573
70656378
6e6f6974
646f4320
30203a65
38302578
00000a78
20776f4e
74697845
2e676e69
000a2e2e
20746f4e
61762061
2064696c
65726874
6c6f6873
6f632064
6769666e
74617275
216e6f69
65684320
73206b63
70757465
00000a21
00000000
20746f4e
61762061
2064696c
69616c63
6f632d6d
656c706d
63206574
69666e6f
61727567
6e6f6974
68432021
206b6365
75746573
000a2170
0000318d
00000002
00000000
00000000
00000000
00000000
00000000
00000000
00000000
00000000
00000000
00000000
00000000
00000000
00000000
00000000
00000000
00000000
00000000
00000000
00000000
00000000
00000000
00000000
00000000
00000000
00000000
00000000
00000000
00000000
00000000
00000000
00000000
00000000
00000000
00000000
00000000
00000000
00000000
00000000
00000000
00000000
00000000
00000000
2b302d23
00000020
004c6c68
00000000
45676665
00004746
33323130
37363534
42413938
46454443
00000000
00000000
33323130
37363534
62613938
66656463
00000000
00004272
00004288
00004248
00004248
00004248
00004248
00004288
00004248
00004248
00004248
00004248
000043e2
000042c6
00004380
00004248
00004248
00004416
00004248
000042c6
00004248
00004248
00004388
00000000
127c4a64
00000000
127c4b5e
00000000
127c4ad0
00000000
00000000
00000000
00000000
00000000
127c4cfa
00000000
127c4d1a
00000000
127c4aea
00000000
127c4acc
00000000
127c4b84
00000000
127c4bde
00000000
00000000
00000000
00000000
00000000
00000000
00000000
00000000
00000000
00000000
00000000
00000000
00000000
00000000
00000000
00000000
00000000
127c4c70
00000000
127c4a30
00000000
00000000
00000000
00000000
00000000
00000000
00000000
00000000
00000000
00000000
00000000
00000000
00000000
00000000
00000000
127c4f86
00000000
127c4f8c
00000000
127c4fac
00000000
127c4fda
00000000
127c50f6
00000000
127c4fdc
00000000
127c4fe6
00000000
127c517a
00000000
127c4fea
00000000
127c4fee
00000000
127c5022
00000000
127c5056
00000000
127c508a
00000000
127c62ce
00000000
127c50a4
00000000
127c50b6
00000000
127c50bc
00000000
127c50c4
00000000
127c50da
00000000
127c4d3a
00000000
127c511a
00000000
127c5184
00000000
127c612a
00000000
00000000
00000000
00000000
00000000
00000000
00000000
00000000
00000000
127c6158
00000000
00000000
00000000
127c62ac
00000000
127c62b0
00000000
00000000
00000000
00000000
00000000
00000000
00000000
00000000
00000000
00000000
00000000
00000000
00000000
00000000
00000000
00000000
00000000
127c4f82
00000000
00000000
00000000
00000000
00000000
00000000
00000000
00000000
00000000
00000000
00000000
00000000
00000000
00000000
00000000
00000000
00000000
127c07e8
00000000
00000000
00000000
6762696c
73736f6c
00000000
00000000
127c71e8
00000000
00040301
00000000
127c62e8
00000000
00000000
00000000
00000000
00000000
00000000
00000000
00000000
00000000
00000000
00000000
00000000
00000000
00000000
00000000
00000000
00000000
00000000
00000000
00000000
00000000
00000000
00000000
00000000
00000000
00000000
00000000
00000000
00000000
00000000
00000000
00000000
00000000
00000000
00000000
00000000
00000000
00000000
00000000
00000000
00000000
00000000
00000000
00000000
00000000
00000000
00000000
00000000
00000000
00000000
00000000
00000000
00000000
00000000
00000000
00000000
00000000
00000000
00000000
00000000
00000000
87010113
00007597
9dc5b583
34234501
30237811
20ef7881
20ef4fd0
1d636100
77971405
b7830000
e8839be7
f5b70007
0697fdb6
b6830000
88469fe6
874687c6
03300613
b5e58593
c0024509
047020ef
1e5050ef
20ef842a
852251c0
542020ef
c9092501
30832501
34037881
01137801
80827901
3dc020ef
3e4020ef
0800577d
0c0027b7
0613c398
77977700
b7830000
458193e7
e3808522
697020ef
478d4705
02571f93
02471f13
02071893
02171e13
02271313
20e13423
47351786
0a230789
081320e1
07130ff0
46e50400
20e12c23
0737e23e
e63e127e
100255b7
00007797
91c7b783
16861802
00007e97
8e8ebe83
0f910885
080f0f13
030d0e05
02974501
b2830000
0813a2a2
86930ff8
30230ff6
30232ae1
77172cf1
37030000
47918da7
85934611
e8164245
f036ec42
3023fffe
282321e1
2e232001
3c232801
30237401
34237601
e3462ae1
f802e746
2223fc02
34232201
28232201
3c232201
38232bd1
34232dd1
d5be2dd1
f91af572
5d0020ef
10ef8522
a00177d0
100065b7
46014501
08c58593
5b8020ef
bdf1557d
ff857793
02010737
08a585bb
20f73023
ede307a1
000ffeb7
80820ff0
e0221141
29053403
fff60713
9722972e
02c75733
00c587bb
e40637fd
458186aa
c7bb8522
073302c7
863b02c7
b82302c7
063b28e6
20ef0806
60a25510
64028522
80820141
1f452783
7139c7e9
f04af426
e852ec4e
f822fc06
8a2ae456
5b850493
79414981
1e8a2583
04000613
959b8552
f0ef0045
2583f8ff
842a1e8a
959be088
06130035
85520400
f79ff0ef
1e8a2583
cda9e4c8
25834a81
06131eca
85520400
0045959b
f5dff0ef
64d84010
fe057693
8ed18a7d
20eae73b
4418e308
2683c014
77331eca
57930127
959b0205
c6bb0046
8f550806
c418c05c
f0dff0ef
1e8a2583
04412a85
fabae9e3
0045959b
29856088
f0ef04a1
2783ef3f
e5e31f4a
70e2f6f9
74a27442
69e27902
6aa26a42
61214501
45018082
715d8082
e0a24785
8432ec56
00e79abb
0014181b
fc269f95
02000613
959b84ae
e486003a
f052f84a
e85a892a
8b3ae45e
00f80bbb
f0eff44e
ea33eb7f
0613212b
3c230200
959b38aa
854a002a
ea1ff0ef
48aa3c23
060b0863
212bc7b3
0034141b
0e87a783
74136621
169b0784
061300ab
6741c006
8f418ef1
979b8f55
06b70037
f6130400
8693ff09
f7935006
8fd50387
0209d993
00166693
a6238526
c0980134
c494c0dc
f0ef45c1
60a6e2bf
79426406
7a0279a2
6b426ae2
85136ba2
74e20104
80826161
1f092583
02000613
959b854a
f0ef0045
45c1e1bf
f0ef89aa
3703df7f
07b3398a
30230179
37030137
2023498a
47050007
58e78c23
7179b785
6485ec26
80048593
04000613
f022f406
e44ee84a
89aae052
dd9ff0ef
0613842a
45a10200
f0ef854e
bc23dcbf
e10038a9
02000613
854e4591
db9ff0ef
48a9bc23
00052023
85934785
8c238004
061358f9
854e0400
d9dff0ef
bc2385aa
841362a9
44850209
4a414905
2783a809
85631544
24850327
8c630421
27830344
96e31504
4018ff27
46858626
f0ef854e
2783e7df
85aa1544
fd279fe3
86264058
854e4681
e67ff0ef
85aa2485
98e30421
70a2fd44
64e27402
69a26942
45016a02
80826145
e486715d
fc26e0a2
f84aec56
f052f44e
07b7e85a
3823127e
478528f5
16f52423
74053423
74052023
f0ef8aaa
8556f15f
d45ff0ef
04000613
40000593
f0ef8556
a5b7cf3f
05e11000
76aab423
20ef4501
77132800
08930035
35b70837
87c66dac
f6978846
b683ffff
85935566
06135e35
450909a0
543784c6
c0021002
39e020ef
05938626
45014104
23c020ef
00115637
57b60613
41440593
20ef4501
a78322a0
cbc91f4a
5b8a8913
6c0a8493
50840413
4b054981
461185a2
20ef4501
3a0320a0
05930009
45010084
000a061b
1f8020ef
00c40593
420a5613
20ef4501
37831ea0
05930889
a0230104
ba030164
45010007
0404a023
000a061b
1cc020ef
01440593
420a5613
20ef4501
05931be0
4601ffc4
20ef4501
05931b20
460dff84
20ef4501
a7831a60
29851f4a
02040413
04910921
f8f9e2e3
638ab483
10025437
42840593
0004861b
20ef4501
d61317e0
05934204
450142c4
170020ef
398ab783
47040593
43904501
000204b7
00166613
158020ef
47440593
45014601
14c020ef
00348613
47840593
20ef4501
059313e0
06374704
45010200
130020ef
47440593
45014601
124020ef
01348613
47840593
20ef4501
66051160
05934501
06134204
20ef80d6
60a61060
74e26406
79a27942
6ae27a02
45016b42
80826161
0105959b
00b56633
100255b7
45011141
85932601
e4064405
0d4020ef
450160a2
80820141
f052715d
8a32e85a
46418b2e
e4864581
fc26e0a2
f44ef84a
e45eec56
843a892a
89b68ac2
84c68bbe
093020ef
00c95783
001af813
00147713
0048181b
0019f693
003e0637
40076713
0114949b
8cf11a3e
02fa5a13
01076733
0056969b
0144e4b3
9b9b8f55
f693016b
8f553ce7
0174e7b3
020b5693
2023854a
22230169
242300d9
162300f9
45c100e9
a91ff0ef
640660a6
79a274e2
6ae27a02
6ba26b42
01090513
61617942
179b8082
9f950016
28032785
c7b37445
a50320a7
488d0e87
40000713
ffb57313
0108eb63
20000713
01180763
fff80713
00173713
969b071a
8e550076
5693489d
82230087
471900e5
8023890d
83a30115
489500e5
03000713
00e58423
011580a3
00c58123
00a581a3
00d582a3
00058323
1563470d
478102e3
84a34701
852300f5
85a300e5
86230005
478d0005
00758513
0107f563
00d58513
80828082
0187c703
bfe147bd
e04a1101
10025937
0593e426
84aa4309
ec064501
10efe822
041b7750
86220005
43090593
10ef4501
579375b0
8b850154
a783c799
c3d57544
a8234785
543774f4
04131002
85a24304
10ef4501
77937410
25010015
551bdbed
779300a5
a22300f5
893174f4
02000937
0937e119
54b70040
84131002
85a24784
10ef4501
89057110
8593f97d
864a4704
6f9010ef
47448593
45014601
6ed010ef
00020637
47848593
4501064d
100254b7
6d9010ef
47848413
450185a2
6d7010ef
f97d8905
00115637
41448593
57b60613
6b9010ef
644260e2
690264a2
61054501
541b8082
883500a4
1ee34785
a783f4f4
fbb17584
7484a823
7484ac23
7139b7a9
e933f04a
370320a5
e8524989
00261a13
1f052783
43189752
f822fc06
ec4ef426
37fde456
00f70c63
744270e2
790274a2
6a4269e2
45016aa2
80826121
39893783
00361493
00b50433
ba8397a6
171b0007
46410847
85564581
40ea89b3
61e020ef
59844783
000aa603
00cad683
07136709
8b858027
8a3d8fd9
3fc6f693
c037f793
ff09f713
8f518fd5
00fa9623
00eaa023
855645c1
845ff0ef
39893783
b02397a6
37830137
97d24989
0007a023
59844783
0017b793
58f40c23
7139bf85
4581f822
46018432
f426fc06
ec4ef04a
e456e852
8a36892a
84be89ba
f27ff0ef
39893783
45814641
0007ba83
005a1a1b
020a7a13
20ef8556
45835880
67855989
0119971b
0015f693
07b78edd
e6b30006
8f7d0146
00e6e7b3
0134949b
00080737
141b8cf9
07370144
8c790010
07378fc5
a603001f
8fc100ca
c2170713
07378ff9
0713ffe1
8f713de7
85568fd9
00faa623
f0ef45c1
3703f8af
70e24989
431c7442
790274a2
c31c2785
6a4269e2
010a8513
61216aa2
c7838082
c6030035
11010025
07a2e04a
10025937
e426e822
84aa8e5d
4501842e
47090593
10efec06
05934f30
46014749
10ef4501
05934e70
06134789
45010230
4d9010ef
3984b903
47814458
00093583
0157571b
46858b0d
85264605
eefff0ef
00a93023
45014581
bc5ff0ef
644260e2
690264a2
61054501
11418082
3403e022
45d83985
600c4785
0157571b
46818b0d
e4064601
eb7ff0ef
4581e008
f0ef4501
60a2b8ff
45016402
80820141
17052703
f0227179
e44ee84a
f406e052
4905ec26
8a2e842a
13634981
49150127
17442783
94634685
691300d7
26030089
46851784
00d61463
01096913
17c42603
14634685
691300d6
26030209
46851804
00d61463
04096913
18442603
14634685
691300d6
26030809
46851884
00d61463
10096913
18c42603
14634685
691300d6
26032009
46851904
00d61463
40096913
19442603
17634685
668500d6
80068693
00d96933
19842603
15634685
668500d6
00d96933
19c42603
15634685
668900d6
00d96933
1a042603
15634685
669100d6
00d96933
1a442603
15634685
66a100d6
00d96933
1a842603
15634685
66c100d6
00d96933
1ac42603
16634685
06b700d6
69330002
260300d9
46851b04
00d61663
000406b7
00d96933
1b442603
16634685
06b700d6
69330008
260300d9
46851b84
00d61663
001006b7
00d96933
1bc42603
16634685
06b700d6
69330020
260300d9
46851c04
00d61663
004006b7
00d96933
1c442603
16634685
06b700d6
69330080
260300d9
46851c84
00d61663
010006b7
00d96933
1cc42603
16634685
06b700d6
69330200
260300d9
46851d04
00d61663
040006b7
00d96933
1d442603
16634685
06b700d6
69330800
260300d9
46851d84
00d61663
100006b7
00d96933
1dc42603
16634685
06b700d6
69332000
260300d9
46851e04
00d61663
400006b7
00d96933
1e442603
16634685
06b700d6
69338000
268300d9
460d7444
63843483
3cd66863
56c68063
95634605
46853cc6
04000993
3cd71363
0044d783
0109971b
8fd98526
45c1c0dc
c88ff0ef
17442783
04c14705
3ae79663
0044d783
0109971b
8fd98526
45c1c0dc
c68ff0ef
17842703
04c14785
38f71b63
0044d783
0109971b
8fd98526
45c1c0dc
c48ff0ef
17c42703
04c14785
38f71063
0044d783
0109971b
8fd98526
45c1c0dc
c28ff0ef
18042703
04c14785
36f71563
0044d783
0109971b
8fd98526
45c1c0dc
c08ff0ef
18442703
04c14785
34f71a63
0044d783
0109971b
8fd98526
45c1c0dc
be8ff0ef
18842703
04c14785
32f71f63
0044d783
0109971b
8fd98526
45c1c0dc
bc8ff0ef
18c42703
04c14785
32f71463
0044d783
0109971b
8fd98526
45c1c0dc
ba8ff0ef
19042703
04c14785
30f71963
0044d783
0109971b
8fd98526
45c1c0dc
b88ff0ef
19442703
04c14785
2ef71e63
0044d783
0109971b
8fd98526
45c1c0dc
b68ff0ef
19842703
04c14785
2ef71363
0044d783
0109971b
8fd98526
45c1c0dc
b48ff0ef
19c42703
04c14785
2cf71863
0044d783
0109971b
8fd98526
45c1c0dc
b28ff0ef
1a042703
04c14785
2af71d63
0044d783
0109971b
8fd98526
45c1c0dc
b08ff0ef
1a442703
04c14785
2af71263
0044d783
0109971b
8fd98526
45c1c0dc
ae8ff0ef
1a842703
04c14785
28f71763
0044d783
0109971b
8fd98526
45c1c0dc
ac8ff0ef
1ac42703
04c14785
26f71c63
0044d783
0109971b
8fd98526
45c1c0dc
aa8ff0ef
1b042703
04c14785
26f71163
0044d783
0109971b
8fd98526
45c1c0dc
a88ff0ef
1b442703
04c14785
24f71663
0044d783
0109971b
8fd98526
45c1c0dc
a68ff0ef
1b842703
04c14785
22f71b63
0044d783
0109971b
8fd98526
45c1c0dc
a48ff0ef
1bc42703
04c14785
22f71063
0044d783
0109971b
8fd98526
45c1c0dc
a28ff0ef
1c042703
04c14785
20f71563
0044d783
0109971b
8fd98526
45c1c0dc
a08ff0ef
1c442703
04c14785
1ef71a63
0044d783
0109971b
8fd98526
45c1c0dc
9e8ff0ef
1c842703
04c14785
1cf71f63
0044d783
0109971b
8fd98526
45c1c0dc
9c8ff0ef
1cc42703
04c14785
1cf71463
0044d783
0109971b
8fd98526
45c1c0dc
9a8ff0ef
1d042703
04c14785
1af71963
0044d783
0109971b
8fd98526
45c1c0dc
988ff0ef
1d442703
04c14785
18f71e63
0044d783
0109971b
8fd98526
45c1c0dc
968ff0ef
1d842703
04c14785
18f71363
0044d783
0109971b
8fd98526
45c1c0dc
948ff0ef
1dc42703
04c14785
16f71863
0044d783
0109971b
8fd98526
45c1c0dc
928ff0ef
1e042703
04c14785
14f71d63
0044d783
0109971b
8fd98526
45c1c0dc
908ff0ef
1e442703
04c14785
14f71263
0044d783
0109999b
e7b345c1
c0dc0137
f0ef8526
a22d8e6f
40000993
01e34685
4705c4d7
c4e78ee3
17842703
09e34785
2703c6f7
478517c4
c8f704e3
18042703
0fe34785
2703c8f7
47851844
caf70ae3
18842703
05e34785
2703ccf7
478518c4
cef700e3
19042703
0be34785
2703cef7
47851944
d0f706e3
19842703
01e34785
2703d2f7
478519c4
d2f70ce3
1a042703
07e34785
2703d4f7
47851a44
d6f702e3
1a842703
0de34785
2703d6f7
47851ac4
d8f708e3
1b042703
03e34785
2703daf7
47851b44
daf70ee3
1b842703
09e34785
2703dcf7
47851bc4
def704e3
1c042703
0fe34785
2703def7
47851c44
e0f70ae3
1c842703
05e34785
2703e2f7
47851cc4
e4f700e3
1d042703
0be34785
2703e4f7
47851d44
e6f706e3
1d842703
01e34785
2703e8f7
47851dc4
e8f70ce3
1e042703
07e34785
2703eaf7
47851e44
ecf702e3
100254b7
8593864a
45014704
55c010ef
47448593
45014601
550010ef
00020637
47848593
04360613
10ef4501
348353e0
27033984
478100ca
571b608c
8b0d0157
46014685
f0ef8522
e088f54f
45014581
c2cff0ef
70a24785
74f42023
64e27402
69a26942
45016a02
80826145
20000993
7139b5b5
4581e05a
46018b32
f822fc06
f04af426
e852ec4e
89aae456
89368aba
8a42843e
e4aff0ef
3989b783
45814641
1a1b6384
193e011a
10ef8526
57934b10
a023020b
c0dc0164
5989c603
179b6705
07130044
8a05c007
8bc18e59
005a971b
8fd14494
02077713
07378fd9
7a330006
770100ea
06b78f75
44cc0007
0147e7b3
c3168693
06b78ff5
8693fff9
8eed3ce6
02f95913
01276733
85268fd5
c4dcc498
e0ef45c1
b703ea7f
70e24989
431c7442
69e27902
c31c2785
6aa26a42
85136b02
74a20104
80826121
e84a7179
76853903
f022f406
e44eec26
4785e052
84ae842a
0023854a
458500f9
e61fe0ef
39843a03
00c4a803
3983864a
581b000a
78130158
85ce0038
47054781
85224685
ef7ff0ef
302344d8
348300aa
571b3984
85ce0157
8b0d4781
46014685
f0ef8522
e088e00f
45014581
ad8ff0ef
740270a2
694264e2
6a0269a2
61454501
c7838082
c7030075
26830065
71797445
8fd907a2
ec26f022
4649e84a
e44ef406
470de052
0ac7d7b3
76853403
84aa892e
0ff7f793
0cd77f63
31000813
40904e25
af8340d4
af030084
ae8300c4
00230104
478900f4
00885293
00865313
0086d893
07a34705
478d00f4
005401a3
01f40223
01e402a3
01d40323
01c403a3
006404a3
011405a3
00a38522
012300e4
04230104
052300c4
072300d4
082300e4
08a300f4
45c900e4
00040623
000406a3
d55fe0ef
3984ba03
00c92803
00044683
000a3983
0158581b
00387813
85ce8622
47014785
f0ef8526
2703de9f
302300c9
b40300aa
571b3984
85ce0157
8b0d4781
46014685
f0ef8526
e008cf0f
45014581
9c8ff0ef
740270a2
694264e2
6a0269a2
61454501
08138082
0e132100
b7150400
74452703
f8227139
e456e852
f426fc06
ec4ef04a
842a478d
4a358aae
00e7e363
c9834a1d
c703007a
4785006a
e9b309a2
451d00e9
00f60363
34834509
23037684
28831f84
47a50144
17042803
0af9d6b3
577d82a1
46054591
00d481a3
fc000693
00b48523
00b486a3
0af9de33
00f48023
00a480a3
01c48123
00648223
00c482a3
00048323
00d483a3
01148423
00f484a3
000485a3
00048623
00e48723
00e487a3
00e48823
000488a3
01248593
0e634949
270318c8
47851744
1af70563
17842703
0d634785
27031af7
478517c4
1cf70563
18042703
0d634785
27031cf7
47851844
1ef70563
18842703
0d634785
27031ef7
478518c4
20f70563
19042703
0d634785
270320f7
47851944
22f70563
19842703
0d634785
270322f7
478519c4
24f70563
1a042703
0d634785
270324f7
47851a44
26f70563
1a842703
0d634785
270326f7
47851ac4
28f70563
1b042703
0d634785
270328f7
47851b44
2af70563
1b842703
0d634785
27032af7
47851bc4
2cf70563
1c042703
0d634785
27032cf7
47851c44
2ef70563
1c842703
0d634785
27032ef7
47851cc4
30f70563
1d042703
0d634785
270330f7
47851d44
32f70563
1d842703
0d634785
270332f7
47851dc4
34f70563
1e042703
0d634785
270334f7
47851e44
36f70563
00895793
852685ca
01248123
00f481a3
b01fe0ef
39843a03
00caa803
390386ce
581b000a
78130158
86260038
478185ca
85224705
b97ff0ef
00caa703
00aa3023
39843483
0157571b
478185ca
46858b0d
85224601
a9eff0ef
4581e088
e0ef4501
70e2f77f
74a27442
69e27902
6aa26a42
61214501
46858082
f0ef8522
2703824f
47851744
091385aa
1fe3012a
4681e4f7
85224605
80aff0ef
17842703
85aa4785
012a093b
e4f717e3
46094685
e0ef8522
2703ff1f
478517c4
093b85aa
1fe3012a
4681e2f7
85224609
fd7fe0ef
18042703
85aa4785
012a093b
e2f717e3
460d4685
e0ef8522
2703fbdf
47851844
093b85aa
1fe3012a
4681e0f7
8522460d
fa3fe0ef
18842703
85aa4785
012a093b
e0f717e3
46114685
e0ef8522
2703f89f
478518c4
093b85aa
1fe3012a
4681def7
85224611
f6ffe0ef
19042703
85aa4785
012a093b
def717e3
46154685
e0ef8522
2703f55f
47851944
093b85aa
1fe3012a
4681dcf7
85224615
f3bfe0ef
19842703
85aa4785
012a093b
dcf717e3
46194685
e0ef8522
2703f21f
478519c4
093b85aa
1fe3012a
4681daf7
85224619
f07fe0ef
1a042703
85aa4785
012a093b
daf717e3
461d4685
e0ef8522
2703eedf
47851a44
093b85aa
1fe3012a
4681d8f7
8522461d
ed3fe0ef
1a842703
85aa4785
012a093b
d8f717e3
46214685
e0ef8522
2703eb9f
47851ac4
093b85aa
1fe3012a
4681d6f7
85224621
e9ffe0ef
1b042703
85aa4785
012a093b
d6f717e3
46254685
e0ef8522
2703e85f
47851b44
093b85aa
1fe3012a
4681d4f7
85224625
e6bfe0ef
1b842703
85aa4785
012a093b
d4f717e3
46294685
e0ef8522
2703e51f
47851bc4
093b85aa
1fe3012a
4681d2f7
85224629
e37fe0ef
1c042703
85aa4785
012a093b
d2f717e3
462d4685
e0ef8522
2703e1df
47851c44
093b85aa
1fe3012a
4681d0f7
8522462d
e03fe0ef
1c842703
85aa4785
012a093b
d0f717e3
46314685
e0ef8522
2703de9f
47851cc4
093b85aa
1fe3012a
4681cef7
85224631
dcffe0ef
1d042703
85aa4785
012a093b
cef717e3
46354685
e0ef8522
2703db5f
47851d44
093b85aa
1fe3012a
4681ccf7
85224635
d9bfe0ef
1d842703
85aa4785
012a093b
ccf717e3
46394685
e0ef8522
2703d81f
47851dc4
093b85aa
1fe3012a
4681caf7
85224639
d67fe0ef
1e042703
85aa4785
012a093b
caf717e3
463d4685
e0ef8522
2703d4df
47851e44
093b85aa
1fe3012a
4681c8f7
8522463d
d33fe0ef
0149093b
7139b171
c483f426
c6830075
27030065
f8227445
e852f04a
fc0604a2
e456ec4e
892e478d
8cd5842a
02a00a13
00e7e363
39834a31
46157684
00004597
7f858593
10ef854e
27034200
478d7444
00598513
08e7e263
4597461d
85930000
10ef7f25
854e4040
080484bb
0a9a54b3
e0ef85a6
3a83f2ef
28033984
86a600c9
000aba03
0158581b
00387813
85d2864e
47054785
f0ef8522
2703fc4f
b02300c9
348300aa
571b3984
85d20157
8b0d4781
46014685
e0ef8522
e088ecdf
45014581
ba5fe0ef
744270e2
790274a2
6a4269e2
45016aa2
80826121
45974629
85930000
10ef7ca5
46513840
00004597
7cc58593
00f98513
372010ef
02398513
c783bfb1
e6970025
8693ffff
7139f4a6
00479713
20d7c7b3
00004697
74068693
96baf04a
76853903
0007c703
0017c783
84aef426
fc06668c
ec4ef822
e456e852
061b842a
0023ffe7
00a300e9
051300f9
0a9b0029
10ef0007
85d63140
e0ef854a
3a03e46f
a8033984
86d600c4
000a3983
0158581b
00387813
85ce864a
47054785
f0ef8522
44d8edcf
00aa3023
39843483
0157571b
478185ce
46858b0d
85224601
de7fe0ef
4581e088
e0ef4501
70e2abff
74a27442
69e27902
6aa26a42
61214501
71798082
3903e84a
f0227685
842aec26
462984ae
4597854a
85930000
f40666a5
e052e44e
286010ef
45a9854a
db8fe0ef
39843a03
00c4a803
3983864a
581b000a
78130158
85ce0038
47054785
852246a9
e4eff0ef
302344d8
348300aa
571b3984
85ce0157
8b0d4781
46014685
e0ef8522
e088d59f
45014581
a31fe0ef
740270a2
694264e2
6a0269a2
61454501
c7838082
473d0035
0007869b
02d76563
ffffe717
dac70713
0807c7bb
20e7c7b3
1141439c
97bae406
f0ef8782
60a2f4df
01414501
45018082
f0ef8082
60a2d85f
01414501
f0ef8082
60a2f14f
01414501
46018082
821ff0ef
450160a2
80820141
e57ff0ef
450160a2
80820141
f0ef4605
60a2807f
01414501
c7838082
11410015
4621e406
02c78b63
86aa872e
00f66e63
82634615
461904c7
02c79763
f67ff0ef
450160a2
80820141
9e634625
e0ef00c7
60a2deff
01414501
f0ef8082
60a2e1ef
01414501
85ba8082
e0ef8536
60a2da1f
01414501
e0ef8082
60a2d1df
01414501
711d8082
19b7fc4e
899b0080
89bb2a89
e8a20135
0059941b
e862e4a6
8c2a84ae
450185a2
e0caec86
f456f852
ec5ef05a
00efe466
77932010
ef990015
644660e6
690664a6
7a4279e2
7b027aa2
6c426be2
45016ca2
80826125
0005061b
450185a2
1c9000ef
c43389a2
84932184
26830c84
27831ecc
09137004
0b130220
0a930280
0a130200
e4b30210
a02d2184
01479763
298c3783
856285de
27839782
27857004
70f42023
1ecc2683
1e8c2703
02d7073b
06e7fa63
02d7dcbb
45c16098
02d7f7bb
20ece733
00073b83
0847979b
855e9bbe
ba8fe0ef
00cba703
6c042683
00dbc783
97638b05
838906e6
8e63c7a5
65630527
9de304f9
c783f957
85de00eb
8bfd8562
2187e7b3
2987b783
27839782
27857004
70f42023
1ecc2683
1e8c2703
02d7073b
f8e7eae3
6c042603
20239f99
361370f4
20230016
bfbd6cc4
f76791e3
856285de
e5bff0ef
85debf99
e0ef8562
b7b195ff
008cec93
019bebb3
000b861b
0189859b
00ef4501
d6130c70
859b420b
450101c9
0b9000ef
7135b5e1
37c167c1
0d1be0ea
4d3bfff6
179302fd
e43e0037
00271793
e83ef4d6
07b36ac1
f8d200d5
8a13f43e
87930806
e526ff0a
fccee14a
ecdef0da
e4e6e8e2
ed06ec3e
20aa47b3
8cb2e922
8b368c2a
84ae8bba
49054981
fc6ef03e
20a6edb3
865e67e2
c7b385da
8a1b0afc
85620007
8cbb8ad2
1463414c
4901000d
e0ef4985
66a29adf
398db403
77227782
47dc9436
59874703
85a66008
884a4885
865686ce
f4cfe0ef
b783e008
6742498d
04bb3d7d
97ba089a
27054398
43e3c398
85defb90
e0ef855a
60eaf06f
64aa644a
79e6690a
7aa67a46
6be67b06
6ca66c46
7de26d06
610d4501
27838082
110174c5
ec06e822
842ae426
3483c78d
85267605
04000593
a04fe0ef
852285a6
468d4701
f0ef4631
60e2ef5f
64a26442
61054501
06138082
05930400
e0ef0400
47859faf
302384aa
262376a4
b7d174f4
e4261101
74052483
e822ec06
88634785
60e200f4
64a26442
61054501
27838082
842a7485
f0eff7fd
60e2f89f
74942423
64a26442
61054501
e7838082
e7030045
11010005
8fd91782
e403e822
e7830047
e4260007
8c5d1402
84aae04a
8522892e
04000593
e0efec06
4683966f
47830054
48830044
48030064
45030074
06a20084
00944703
08c28edd
00344603
00a44783
00d8e8b3
4e030862
46830024
43030004
45830014
683300b4
15020118
01056533
8f491722
17c20622
131b8fd9
66330103
481501c6
8a854505
aa2315e2
8ddd74a4
06bb4701
063b40d8
852600c3
defff0ef
852685ca
ecbff0ef
644260e2
690264a2
61054501
45018082
27838082
c7951f45
e8221101
ec06e426
440184aa
852685a2
c47ff0ef
1f44a783
69e32405
60e2fef4
64a26442
61054501
45018082
715d8082
f84afc26
f052f44e
e85aec56
e062e45e
5c37e486
e0a21002
430c0493
424c0a13
2c23892a
59977405
89930000
5a979269
8a930000
4b05922a
420c0c13
27834b91
eb9d7509
450185a6
60e000ef
0035579b
450185a6
0017f413
5fe000ef
0009a783
a783ebb9
8d63000a
d8710b77
a0232785
278300fa
d7f97509
03a00593
74093823
00ef4501
05931710
45010450
167000ef
03a00593
00ef4501
059318b0
45010450
181000ef
00005797
8a07a623
00005797
8a07a023
e829bf41
f96793e3
450185e2
596000ef
0005061b
45019a79
00ef85e2
85e257e0
00ef4501
061b5800
66130005
85e20026
00ef4501
85e25660
00ef4501
89095680
5797f97d
ad230000
57978407
a7230000
bf258407
f3679be3
450185d2
546000ef
d97d8921
f0ef854a
b705eb1f
e0ef854a
a023a66f
bf110169
00000000
00000000
00000000
00000000
00000000
00000000
00000000
00000000
00000000
00000000
00000000
00000000
00000000
00000000
00000000
00000000
00000000
00000000
00000000
00000000
00000000
00000000
00000000
00000000
00000000
00000000
00000000
00000000
00000000
00000000
00000000
00000000
00000000
00000000
00000000
00000000
00000000
00000000
00000000
00000000
00000000
00000000
00000000
00000000
00000000
00000000
00000000
00000000
00000000
00000000
00000000
00000000
00000000
00000000
00000000
00000000
00000000
1060006f
0fc0006f
0f80006f
0f60006f
0f00006f
0ec0006f
0e80006f
0e80006f
0e00006f
0dc0006f
0d80006f
3200006f
0d00006f
0cc0006f
0c80006f
0c40006f
0c00006f
0bc0006f
0b80006f
0b40006f
0b00006f
0ac0006f
0a80006f
0a40006f
0a00006f
09c0006f
0980006f
0940006f
0900006f
08c0006f
0880006f
0840006f
0800006f
07c0006f
0780006f
0740006f
0700006f
06c0006f
0680006f
0640006f
0600006f
05c0006f
0580006f
0540006f
0500006f
04c0006f
0480006f
0440006f
00000000
00000000
00000000
00000000
00000000
00000000
00000000
00000000
00000000
00000000
00000000
00000000
00000000
00000000
00000000
00000000
a001a001
1141a001
e022e406
34202473
26732401
26f33410
d5173430
0513ffff
268162e5
85a22601
3b1000ef
3ff47593
ffffd517
65850513
3a1000ef
ffffd517
66c50513
395000ef
0ee00513
1db000ef
879b6785
a7f38007
80823047
a7f347a1
80823007
b7f347a1
80823007
0025151b
020007b7
a02397aa
000f0007
80820ff0
03100793
02f58963
05100793
00f59963
0c2017b7
00d5151b
08f5053b
11418082
ffffd517
61850513
00efe406
60a232f0
01414501
07b78082
151b0c20
053b00d5
808208f5
03100793
02f58a63
05100793
00f59a63
0c2017b7
151b0791
053b00d5
808208f5
d5171141
0513ffff
e40660a5
2e9000ef
450160a2
80820141
0c2007b7
151b0791
053b00d5
808208f5
03100793
04f68163
05100793
02f69c63
0c002737
08070713
0055579b
0027979b
0086161b
080787bb
07bb4805
97ba08f6
43944705
00a7173b
01058a63
40e6f733
c3982701
27378082
b7f90c00
871b8ed9
c3980006
151bbfc5
07b70025
053b0c00
c10c08f5
11018082
e426e822
4401ec06
ee9ff0ef
08100493
45898522
f0ef2405
1be3fd9f
60e2fe94
64a26442
61054501
71798082
f406e84a
ec26f022
892ae44e
eb9ff0ef
00004797
4287b783
0017e793
30579073
00004497
4284b483
f0ef854a
2901ea3f
20048993
40088426
03100693
4581864a
f2dff0ef
06934008
04110510
4581864a
f1dff0ef
ff3411e3
06934088
04910310
4585864a
f09ff0ef
ff3498e3
0593854a
f0ef0310
70a2e6ff
47857402
64e2c11c
69a26942
61454501
11018082
04500613
4501006c
c602ec06
506000ef
47b2e509
851bc399
60e20007
80826105
fe067129
f61afa16
ee22f21e
e62aea26
fdb2e22e
f5baf9b6
edc2f1be
e5f2e9c6
fd7ae1f6
b502f97e
ad0ab106
a512a90e
bc9aa116
b4aab89e
acb2b0ae
a4baa8b6
bc42a0be
b472b846
ac7ab076
2573a87e
0593f140
25010310
e21ff0ef
e8b14104
70f26472
733272d2
64d27392
65926532
76ce766e
778e772e
68ce686e
6e8e6e2e
7fca7f6a
308a302a
21ca216a
228a222a
33c63366
35863526
26c62666
27862726
38c23862
3e823e22
2fc22f62
00736131
842a3020
450145f1
570000ef
450145f5
568000ef
a20167b7
c5c78793
006cc63e
020107b7
20b7b023
00004797
2a47b783
47016388
46114689
f56ff0ef
bf8dc004
179a4785
c19095be
47858082
95be179a
80824188
002c1101
ec064501
300030ef
652260e2
80826105
e4a6711d
004a04b7
fdc4849b
f8529da5
0065949b
e8a28a0a
fc4ee0ca
080484bb
89aaec86
09138452
84b302c1
05b34144
45010094
fafff0ef
0411c008
ff2419e3
854e85d2
02c00613
6a6000ef
644660e6
690664a6
854e7a42
612579e2
711d8082
006ce8a2
4501842a
e4a6ec86
542000ef
080ccd09
06138522
00ef02c0
60e66740
64468522
612564a6
45b28082
85260804
f71ff0ef
852285a6
02c00613
652000ef
852260e6
64a66446
80826125
f0227179
842a006c
f4064501
e84aec26
4f2000ef
47b2e51d
004a04b7
fdc4849b
949b9cbd
84bb0064
09130804
8c8102c4
05b34010
45010094
f0ef0411
19e3ef3f
70a2ff24
64e27402
61456942
11018082
e426e822
ec06e04a
8493842e
09330405
401040b5
012405b3
04114501
ec1ff0ef
fe9419e3
644260e2
690264a2
61054501
712d8082
84aae626
ee060088
e24aea22
892efdce
f5d6f9d2
8ac28a46
eddef1da
8bba8b3e
e5e6e9e2
8cb28c36
fd6ee1ea
f03ff0ef
06814783
0084971b
8fd946f6
561b4766
18230109
6d8606f1
44466d26
e03a49d6
1923e436
1a230721
1b2306c1
fc820791
e5dff0ef
06014783
e562e12a
ed5ae95e
f552f156
0097e463
eb256702
06414783
0097e463
e3b167a2
57a66766
f43a1982
08087706
0804043b
01346433
ec6ae86e
f83af022
f0efdc3e
60f2ed7f
64b26452
79ee6912
7aae7a4e
6bee7b0e
6cae6c4e
7dea6d0e
61154501
856a8082
f0ef188c
6722efdf
0d132985
f7bb040d
f7cd02e9
0867179b
40fd0d33
856eb745
f0ef188c
6702eddf
8d932405
77bb040d
ffbd02e4
0867179b
40fd8db3
7139bf95
f822fc06
34230080
87aefca4
22238732
87bafcf4
fcf42023
fe042623
fe042423
fc442783
22238bfd
2783fef4
d79bfc44
20230057
2783fef4
871bfc44
07930007
f4630460
57f500e7
2783a8c5
871bfc04
47850007
00e7d463
a8f957f5
fe042783
0007871b
02634789
278304f7
871bfe04
47890007
04e7e263
fe042783
cb892781
fe042783
0007871b
09634785
a02d00f7
100067b7
262307f1
a839fef4
100067b7
02078793
fef42623
67b7a801
87931000
26230587
0001fef4
fec46783
350385be
f0effc84
87aace5f
fef42423
fe442783
0007871b
0a6347fd
278300f7
873efe44
97bb4785
278100e7
07b7a019
2e238000
2783fcf4
c793fdc4
2781fff7
27032781
8ff9fe84
0007869b
fc042783
c7812781
fdc42783
4781a011
87b6873e
24238fd9
6783fef4
2703fec4
863afe84
350385be
f0effc84
4781c6bf
70e2853e
61217442
11018082
e822ec06
34231000
87aefea4
fef42223
fe442783
85be4605
fe843503
e9fff0ef
853e87aa
644260e2
80826105
ec061101
1000e822
fea43423
222387ae
2783fef4
4601fe44
350385be
f0effe84
87aae71f
60e2853e
61056442
715d8082
e0a2e486
34230880
3023fca4
87b2fcb4
faf42e23
fe042623
fe042423
fbc42783
22238bfd
2783fef4
d79bfbc4
20230057
2783fef4
871bfbc4
07930007
f4630460
57f500e7
2783a87d
871bfe04
47890007
04f70263
fe042783
0007871b
e2634789
278304e7
2781fe04
2783cb89
871bfe04
47850007
00f70963
67b7a02d
07f11000
fef42623
67b7a839
87931000
26230207
a801fef4
100067b7
05878793
fef42623
67830001
85befec4
fc843503
b5bff0ef
242387aa
2783fef4
871bfe44
47fd0007
00f70a63
fe442783
4785873e
00e797bb
a0192781
800007b7
fcf42e23
fdc42783
fe842703
24238ff9
2783fef4
2703fe44
57bbfe84
871b00f7
37830007
c398fc04
853e4781
640660a6
80826161
ec221101
87aa1000
fef42623
fec42783
0007871b
f46347fd
57f500e7
4781a011
6462853e
80826105
f4067179
1800f022
fca43c23
2a2387ae
2623fcf4
2783fe04
853efd44
fbdff0ef
873e87aa
fec42783
26238fd9
2783fef4
2781fec4
57f5c399
77b7a8b1
87931000
24233f07
2223fef4
6783fe04
85befe84
fd843503
a7fff0ef
222387aa
2783fef4
873efd44
97bb4785
278100e7
fff7c793
27812781
fe442703
22238ff9
6783fef4
2703fe84
863afe44
350385be
f0effd84
4781a3bf
70a2853e
61457402
71718082
f122f506
3c231900
3823f4a4
2623f4b4
0793fe04
0713f684
863a0800
853e4581
1fa000ef
242347b1
0793f6f4
26230ff0
0793f6f4
28230ff0
0793f6f4
2a230ff0
0793f6f4
2c230ff0
0793f6f4
2e230ff0
0793f6f4
20230ff0
0793f8f4
22230ff0
4789f8f4
f8f42423
2623478d
4791f8f4
f8f42823
2a234795
4799f8f4
f8f42c23
2e23479d
47a1f8f4
faf42023
222347a5
4785faf4
faf42823
2a234785
47b5faf4
faf42c23
2e2347b5
0793faf4
20230ff0
0793fcf4
22230ff0
47a9fcf4
fcf42423
262347a9
47adfcf4
fcf42823
2a2347ad
87b7fcf4
87931000
2423aa07
6783fef4
85befe84
f5843503
94bff0ef
262387aa
6783fef4
078afec4
97a217c1
f787a703
f5043783
4781c398
70aa853e
614d740a
11418082
e406e022
00003797
fdc78793
c781842a
20ef4581
d5177cf0
3503ffff
653c0ba5
9782c391
20ef8522
47b35c90
8b9d00b5
00c506b3
479de781
00c7ee63
716387aa
c70306d5
07850005
8fa30585
eae3fee7
8082fed7
00757713
cb1187aa
0005c703
05850785
fee78fa3
0077f713
f713b7fd
0833ff86
061340f7
44630400
882e0306
6b63863e
881306e6
4601ff97
01076663
8f1d071d
ff877613
95b297b2
fad7e3e3
b3838082
b2830005
bf830085
bf030105
be830185
be030205
b3030285
b8830305
b0230385
b4230077
b8030057
b8230405
bc2301f7
b02301e7
b42303d7
b82303c7
bc230267
87930317
85930487
bc230485
0833ff07
b75140f7
00083883
08210621
ff163c23
433dbfbd
7163872a
779302c3
e3c100f7
7693e1bd
8a3dff06
e30c96ba
0741e70c
fed76de3
8082e211
40c306b3
0297068a
96960000
00a68067
00b70723
00b706a3
00b70623
00b705a3
00b70523
00b704a3
00b70423
00b703a3
00b70323
00b702a3
00b70223
00b701a3
00b70123
00b700a3
00b70023
f5938082
96930ff5
8dd50085
01059693
96938dd5
8dd50205
9693b759
02970027
96960000
80e78286
8096fa26
8f1d17c1
71e3963e
b79df8c3
f0227159
842af406
e0b2fc2e
e8bae4b6
f0c2ecbe
4517f4c6
35030000
c5199aa5
e789591c
00efe42a
65220d20
1834690c
ec368622
39a000ef
740270a2
80826165
e0221141
842ae406
00b51823
00c51923
00053023
00053423
0a052623
00053c23
02052023
02052423
45814621
0a450513
ee7ff0ef
00000797
63678793
0797e03c
87930000
e43c65e7
00000797
6a478793
0797e83c
87930000
60a26d27
ec3cfc00
01416402
15978082
85930000
aab9a345
e4261101
0b000793
fff5849b
02f484b3
892ee04a
ec06e822
0c848593
1ac000ef
cd01842a
00053023
01252423
e8080561
0b048613
f0ef4581
60e2e71f
64428522
690264a2
80826105
ebad591c
e0221141
0797e406
87930000
e53cfa47
08053023
08052423
08053823
ffffd797
e087b783
1463842a
478500f5
8522d91c
042000ef
8522e408
03a000ef
8522e808
032000ef
6408ec08
45914601
ef9ff0ef
46056808
f0ef45a5
6c08eeff
45c94609
ee5ff0ef
60a24785
6402d81c
80820141
11018082
d497e426
b483ffff
589cdae4
ec06e04a
892ae822
8526e781
f71ff0ef
08048493
449c6880
d66337fd
609c0007
6084cfa9
1703bfc5
e7290104
078577c1
0a042623
00043023
00043423
3c23c81c
20230004
24230204
46210204
05134581
f0ef0a44
3023d89f
24230604
30230604
24230804
60e20804
64428522
690264a2
80826105
0b040413
4591b745
f0ef854a
e088eb7f
fd51842a
202347b1
bfe100f9
e0a2715d
f44efc26
e85af052
e486e45e
ec56f84a
8a2e89aa
08050493
4b054401
b9035bfd
aa830104
3afd0084
020ad063
f8e56084
852260a6
74e26406
79a27942
6ae27a02
6ba26b42
80826161
01095783
00fb7b63
01291783
01778763
854e85ca
8c499a02
09132401
b7c10b09
00758793
9be17179
80000737
e84aec26
494107a1
f022f406
4713e44e
84aafff7
0b27f933
00f76463
00b97c63
c09c47b1
70a24501
64e27402
69a26942
80826145
1d7000ef
00003697
77c68693
843a6298
3417e80d
04130000
601c7764
4581e791
00ef8526
e0083a00
852685ca
396000ef
1e6359fd
47b10535
8526c09c
19d000ef
601cbf45
412787bb
0407c063
5763463d
e01c00f6
3023943e
a0290124
1363641c
e29c0287
00ef8526
05131730
079300f4
99610084
40f507bb
943edfad
40f007bb
bf85e01c
bff9e71c
64008722
0413b751
98610075
fc8501e3
40a405b3
00ef8526
1ae33240
bf41fb35
871b465c
c658fff7
00075963
4563561c
47a900f7
00f59363
621caecd
8713852e
e2180017
00b78023
71798082
ec26f022
e44ee84a
f406e052
89ae892a
04b38432
5a7d00d6
00941463
a8114501
00044583
854a864e
fadff0ef
15e30405
70a2ff45
64e27402
69a26942
61456a02
71558082
fd26e1a2
f54ef94a
e586f152
e95aed56
e162e55e
f8eafce6
84ae89aa
84368932
c5094a01
e399591c
d01ff0ef
ffffc797
79478793
0cf49e63
0089b483
0104d783
cbed8ba1
c7fd6c9c
02000793
02f104a3
07935afd
d2020300
02f10523
0b93e422
9c130250
cb17020a
0b13ffff
4c857cab
4783844a
c3990004
0f779263
41240d3b
000d0e63
864a86ea
854e85a6
f2fff0ef
1f550a63
87bb5792
d23e01a7
00044783
1e078263
00140913
ec02e862
040109a3
4583d482
46150009
00ef855a
47c27ea0
00190413
f713ed51
c7090107
02000713
04e109a3
0087f713
0713c709
09a302b0
468304e1
07130009
836302a0
47f208e6
4681844a
48294625
00044703
00140513
fd07059b
7a63872e
cabd0ab6
a88dce3e
ffffc797
6e878793
00f49563
0109b483
c797bf31
8793ffff
99e36667
b483f0f4
b7290189
854e85a6
35c000ef
557dd511
640e60ae
794a74ea
7a0a79aa
6b4a6aea
6c0a6baa
7d467ce6
80826169
bf110405
41650533
00ac953b
c83e8fc9
b7918922
06936722
43180087
4963e436
ce3a0207
00044703
02e00793
04f71063
00144703
02a00793
0af71063
040967a2
00878713
e43a439c
0207c163
a839ca3e
40e0073b
0027e793
c83ece3a
07bbb7e1
842a02f8
9fb94685
ca56bf15
00044583
c517460d
0513ffff
00ef66a5
cd116ce0
ffffc797
65c78793
47c28d1d
04000713
00a7173b
04058fd9
4583c83e
46190004
ffffc517
64450513
00140913
02b10423
698000ef
0793c151
eba10000
67a24742
10077713
07bdc329
07c19bc1
5792e43e
014787bb
bd3dd23e
ca020405
47814681
48294625
00044703
00140513
fd07059b
7463872e
fab900b6
07bbbf95
842a02f8
9fb94685
07a1b7c5
0038b7d1
00000697
d5268693
080c8626
0097854e
00e70000
8a2a0000
fb5515e3
0104d783
0407f793
ea0799e3
b57d5512
06970038
86930000
8626d246
854e080c
7d2000ef
1141bfd9
842ae022
3797852e
a3230000
e4063c07
604020ef
186357fd
379700f5
a7830000
c3913b27
60a2c01c
01416402
11418082
842ee022
01259583
00efe406
496320d0
6c5c0005
ec5c97aa
640260a2
80820141
01045783
177d777d
18238ff9
b7ed00f4
0105d783
f0227179
e84aec26
f406e44e
1007f793
842e84aa
89b68932
9583c799
46890125
00ef4601
578343e0
777d0104
8ff9177d
01241583
00f41823
70a27402
864a86ce
694269a2
64e28526
a2196145
e0221141
9583842e
e4060125
408000ef
5783577d
1b630104
777d00e5
8ff9177d
00f41823
640260a2
80820141
8fd96705
00f41823
b7fdec48
01259583
7179a421
ec26f022
f406e84a
84aae44e
8432892e
591cc509
f0efe399
c797977f
8793ffff
1a6340a7
648006f4
c45c541c
01045783
c3d18ba1
c3c16c1c
60086c1c
0ff97993
9d1d894e
4763501c
85a200f5
00ef8526
e53d3200
2505445c
c45c37fd
8713601c
e0180017
01378023
8963501c
578300a7
8b850104
47a9cb89
00f91763
852685a2
2ee000ef
70a2ed15
64e27402
854a69a2
61456942
c7978082
8793ffff
14633c67
688000f4
c797b751
8793ffff
1de33467
6c80f6f4
85a2bf95
00ef8526
dd2d03e0
b7d1597d
e0221141
852e842a
863685b2
00003797
2007a623
20efe406
57fd48a0
00f51863
00003797
1f87a783
c01cc391
640260a2
80820141
e8221101
e04ae426
3497ec06
b4830000
892a1524
c491842e
e781589c
f0ef8526
c797877f
8793ffff
166330a7
648002f4
01041783
0087f693
0807c73b
7693eab5
ea950107
20234725
e79300e9
18230407
557d00f4
c797a879
8793ffff
146330e7
688000f4
c797b7f1
8793ffff
11e328e7
6c80fcf4
8b11bf75
702cc715
0793c991
856307c4
854a00f5
3a6000ef
06043023
01045783
00042423
fdb7f793
00f41823
e01c6c1c
01045783
0087e793
00f41823
ef896c1c
01045783
20000713
2807f793
00e78663
854a85a2
2a6000ef
01041783
0017f693
0807c73b
5014c29d
00042623
40d006bb
6c14d414
e6814501
08077713
60e2ff29
64a26442
61056902
76938082
46010027
5010e291
bff1c450
e0221141
852e842a
00003797
0c07a823
20efe406
57fd2a60
00f51863
00003797
0bc7a783
c01cc391
640260a2
80820141
0105d783
f0227179
f406ec26
e44ee84a
0087f713
842e84aa
4598ef69
00e04d63
4a635db8
450100e0
740270a2
694264e2
614569a2
68388082
6685d77d
0004a903
a0238ff5
7c0c0004
6c50cfa5
01045783
c7998b91
8e1d441c
c399703c
8e1d5c3c
7c0c683c
85264681
57fd9782
01045703
00f51d63
47f54094
06d7e763
dfc007b7
d7b317f9
8b8540d7
6c1cefb9
00042423
6785e01c
c7198f7d
146357fd
409c00f5
ec48e391
a023702c
ddb50124
07c40793
00f58563
00ef8526
302323c0
b7a50604
46854601
97028526
862a57fd
f8f510e3
dfad409c
85634775
475900e7
04e79463
0124a023
6713b789
18230407
557d00e4
b983bf25
88e30185
b903f209
8b8d0005
0135b023
4139093b
e3914701
c4585198
f1205be3
7c0c643c
864e86ca
97828526
00a04963
01045783
0407e793
00f41823
99aabf7d
40a9093b
6d9cbfe1
1101c3a5
ec06e822
c519842a
e789591c
f0efe42e
65a2e0af
ffffc797
09c78793
00f59b63
9783640c
c7950105
64428522
610560e2
c797bd41
8793ffff
94630b67
680c00f5
c797b7cd
8793ffff
9ce30367
6c0cfcf5
60e2bfc9
45016442
80826105
80824501
e0221141
852e842a
863685b2
00003797
ee07ae23
20efe406
57fd10e0
00f51863
00003797
ee87a783
c01cc391
640260a2
80820141
e1227175
9583842e
fca60125
e506f8ca
893684b2
0205d463
01045783
0807f793
4781cf8d
04000713
640a60aa
00f92023
7946e098
450174e6
80826149
00ef0030
4be35440
47b2fc05
8ff9673d
8f996709
0017b793
40000713
4781bfc1
d783bfe5
71790105
f406f022
e84aec26
842e8b89
0793cf89
e01c07f4
4785ec1c
70a2d01c
64e27402
61456942
00548082
84aa0030
f71ff0ef
892a65a2
f0ef8526
ed01e6af
01041783
2007f713
9bf1fb79
0027e793
00f41823
f797bf7d
8793ffff
e4bc47c7
01045783
ec08e008
0807e793
00f41823
d01c67a2
cf914792
01241583
00ef8526
c9014d60
01045783
e7939bf1
18230017
578300f4
e5330104
18230127
b74100a4
0ff5f593
1463962a
450100c5
47838082
8de30005
0505feb7
8082b7fd
c1cd8082
ff85b783
e8221101
8413ec06
d363ff85
943e0007
f0efe42a
3717fe5f
07130000
631cd8a7
eb816522
00043423
6442e300
610560e2
7d63b7e1
601000f4
00c406b3
00d79663
679c6394
e01496b2
bff9e41c
679c873e
7de3c399
6314fef4
00d70633
00861f63
96b26010
0633e314
90e300d7
6390fcc7
96b2679c
e71ce314
7563bf4d
47b100c4
b765c11c
06b36010
966300c4
639400d7
96b2679c
e41ce014
bf41e700
715d8082
499cf052
45988a3a
fc26e0a2
ec56f44e
f84ae486
e45ee85a
0ae7e7b3
c703c21c
89aa0435
84b2842e
c3198ab6
c21c2785
f793401c
c7810207
2789409c
2903c09c
79130004
1a630069
0b130009
5bfd0194
4098445c
4d639f99
478304f9
36330434
36b300f0
401c00f0
0207f793
0613e7bd
85d60434
9a02854e
026357fd
401c04f5
49014711
97638b99
445c00e7
9f994098
0b27e933
4818441c
00f75563
893b9f99
44810127
5b7d0469
04991a63
a8094501
865a4685
854e85d6
1e639a02
557d0175
640660a6
794274e2
7a0279a2
6b426ae2
61616ba2
29058082
07b3bfa5
069300d4
81a30300
071b04d7
069b0016
46030026
07b30454
81a300e4
bf9504c7
86224685
854e85d6
0ce39a02
2485fb65
715dbf71
f84ae0a2
f052f44e
fc26e486
e85aec56
0185c803
07800793
842e892a
8a3689b2
0307e263
06200793
04358693
0307e163
1c080363
05800793
ffffc617
d9860613
14f80863
04240493
05040123
079ba815
f793f9d8
46550ff7
fef666e3
ffffc617
da060613
20c7c7b3
97b2439c
631c8782
04258493
00878693
e314439c
04f58123
a2754785
6308419c
0807f613
00850593
611cc20d
d863e30c
07130007
07b302d0
01a340f0
c61704e4
0613ffff
4829d2a6
f613a82d
411c0407
de71e30c
60579793
4190bfd9
7513631c
85930806
cd410087
e30c639c
06f00713
ffffc617
cf860613
0ee80d63
01a34829
40580404
4563c418
400c0007
c00c99ed
84b6e399
84b6cf19
0307f733
973214fd
00074703
00e48023
d7b3873e
75e30307
47a1ff07
00f81e63
8b85401c
4058cb91
c763481c
079300e7
8fa30300
14fdfef4
c8148e85
86ce8752
85a20070
f0ef854a
5afdda9f
0f551563
60a6557d
74e26406
79a27942
6ae27a02
61616b42
439c8082
04067613
c601e30c
0807c7bb
87bbb785
bfa90807
e793419c
c19c0a07
07800813
ffffc617
c6060613
050402a3
631c400c
0805f813
00878513
02080163
e308639c
0015f713
e593c701
c00c0205
fb854841
77134018
c018fdf7
439cb71d
0405f813
0563e308
c7bb0008
bfd90807
080787bb
4821bfc1
4190b729
49cc631c
08067813
00878513
00080963
639ce308
2823e38c
84b60004
e308b781
04067613
c601639c
00b79023
c38cb7ed
631cb7dd
458141d0
00878693
6384e314
f0ef8526
c119c0bf
c0488d05
c81c405c
040401a3
4814b721
85ce8626
9a02854a
f15508e3
8b89401c
4448e785
653347b2
b7010af5
86564685
854a85ce
09e39a02
2485ef65
4732445c
c5e39f99
bff1fef4
0a934481
5b7d0194
1141b7f5
842ae022
85b2852e
37978636
ad230000
e4069607
3a3010ef
186357fd
379700f5
a7830000
c3919667
60a2c01c
01416402
11418082
842ae022
85b2852e
00003797
9407a423
10efe406
57fd33d0
00f51863
00003797
9347a783
c01cc391
640260a2
80820141
e0221141
852e842a
00003797
9007ac23
10efe406
57fd3230
00f51863
00003797
9047a783
c01cc391
640260a2
80820141
00002797
1d878793
40f507b3
0017b793
959b6691
07e60035
871397ae
973e0046
c30c55fd
069b97b6
c3940006
c3109601
80824501
e84a7179
00852903
f022f406
e44eec26
02091563
00002417
19040413
40850433
00143413
141b84aa
29970014
89930000
1b631a29
47850089
70a2c49c
64e27402
69a26942
80826145
0363458d
459d0009
0009b783
460186a6
25177f9c
05130000
29051725
b7f19782
8082557d
6380106f
e4061141
f1402573
10ef2501
60a20470
106f0141
71390390
f822fc06
842af426
e832ec2e
10efe436
049b60e0
f0ef0005
2797fd3f
87930000
8c1d1027
e0634785
66a20297
65e26642
00143413
0014141b
28174781
08130000
186310a8
70e200f4
74a27442
6121557d
470d8082
471dc391
01051463
00e58463
b7c52785
7442611c
74a270e2
61217f9c
11018782
e42eec06
f71ff0ef
65a2c911
67634705
611c00b7
679c60e2
87826105
557d60e2
80826105
ec061101
e42ee822
842ac58d
f45ff0ef
00002797
07478793
65a28c1d
00143413
0014141b
26974781
86930000
17630866
60e200f4
557d6442
80826105
c391470d
1463471d
846300d5
278500e5
611cb7cd
60e26442
610567bc
11018782
e822ec06
c58de42e
f0ef842a
2797eebf
87930000
8c1d01a7
341365a2
141b0014
47810014
00002697
02c68693
00f41763
644260e2
6105557d
470d8082
471dc391
00d51463
00e58463
b7cd2785
6442611c
6bbc60e2
87826105
00002797
fd078793
35138d1d
67b10015
87130566
17e1ffc7
953e972a
411c430c
27814310
0006069b
feb61ae3
02069513
080787bb
80828d5d
00002797
f9878793
07331141
e02240f5
00173713
478de406
07668432
04f58b63
00b7ce63
86634785
478902f5
02f58a63
60a257fd
853e6402
80820141
99e34791
4781fef5
421cd67d
0027979b
439c97ba
57fdb7cd
f0efde79
e008f73f
bfd14781
da6157fd
979b421c
97ba0027
0007a023
57fdb7f5
421cde5d
0027979b
470597ba
000fc398
439c0480
1101bfd1
e822ec06
10ef842a
c62a6320
85220070
f0ef4589
60e2f63f
61056442
11018082
e822ec06
10ef842a
c62a6120
85220070
f0ef458d
60e2f43f
61056442
45018082
85aa8082
f14027f3
00002717
ebc70713
20e7e7b3
27f36388
c5153420
3ff7f793
00002717
ebc70713
0a678793
00e51a63
00002717
ec470713
20e7e7b3
8782639c
639c078e
80829002
00008082
00000000
00000000
00000000
00000000
00000000
00000000
00000000
00000000
00000000
00000000
00000000
00000000
00000000
00000000
00000000
00000000
00000000
00000000
00000000
00000000
00000000
00000000
00000000
00000000
00000000
00000000
00000000
00000000
00000000
00000000
ee06712d
e61aea16
fdaae21e
f5b2f9ae
edbaf1b6
e5c2e9be
fd72e1c6
f57af976
ad02f17e
a50aa906
bc92a10e
b49ab896
acaab09e
a4b2a8ae
bc3aa0b6
b442b83e
ac72b046
a47aa876
27f3a07e
2717f140
07130000
e7b3db27
639420e7
34202673
341027f3
343027f3
30502773
2597cea9
85930000
2797daa5
87930000
8363dba7
478100b6
3ff67513
08065f63
08000693
00d51a63
5187b703
5287b583
08000513
a0159702
d56346ad
771300a6
e33d03f7
00950713
16930716
973e0055
b78397b6
670c1187
60f29782
633262d2
756e6392
762e75ce
676e768e
682e67ce
7e6a688e
7f2a7eca
206a7f8a
212a20ca
3266218a
332632c6
25663386
262625c6
37622686
382237c2
2e623882
2f222ec2
61152f82
30200073
18e34689
2773fad7
63183070
1807b583
67b3bfb5
b78320f5
85aa5307
97828536
0000bf49
00000000
00000000
00000000
00000000
00000000
00000000
00000000
00000000
00000000
00000000
00000000
00000000
00000000
00000000
00000000
00000000
00000000
00000000
45010000
25738082
8082b000
cd0987aa
00002717
c8870713
98634501
453700e7
0513000f
80822405
80824501
ec061101
2797e402
87930000
9c63c667
251700a7
35030000
c511e725
0030611c
6fdc4585
60e29782
61056522
bf4d8082
00002517
c2c50513
451d8082
450d8082
11018082
c62eec06
00002797
c2478793
02a79163
00002797
db07b783
c799557d
00706398
6f58458d
9702853e
610560e2
557d8082
1101bfe5
c62eec06
00002797
bf078793
02a79163
00002797
d7c7b783
c799557d
00706398
6f584589
9702853e
610560e2
557d8082
1101bfe5
c62eec06
00002797
bbc78793
02a79163
00002797
d487b783
c7994501
00706398
6f584591
9702853e
610560e2
45018082
2797bfe5
87930000
8463b8e7
450100a7
25178082
05130000
8082b965
0005d783
4511470d
83638b8d
450900e7
25738082
80823410
34159073
80824501
00002797
b5478793
00a78463
80824501
ab018513
65088082
11418082
06400513
10efe406
11412600
0c800513
10efe406
27972540
87930000
862eb227
00a79b63
00002517
d2c53503
611cc509
73dc4581
557d8782
451c8082
0793efb1
07131185
b0235185
b4230007
b8230007
87930007
98e30207
0793fee7
07135305
06975b05
86930000
e394f9c6
1ee307a1
2773fef7
b7973050
8793ffff
1b63ffe7
27f300f7
07973050
87930000
9bf1c9a7
30579073
c51c4785
25178082
05130000
8082a8e5
27f3ed81
07973050
87930000
9bf1c767
30579073
80824501
557d4785
fef59de3
305027f3
00001797
25878793
0017e793
4a63b7c5
279700a0
87930000
6533a467
610820f5
45018082
11418082
e022e406
f1402573
f0ef2501
842afddf
dcdff0ef
00a50593
64028522
014160a2
712db719
ee06fdaa
e61aea16
f9aee21e
f1b6f5b2
e9beedba
e1c6e5c2
f976fd72
f17ef57a
a906ad02
a10ea50a
b896bc92
b09eb49a
a8aeacaa
a0b6a4b2
b83ebc3a
b046b442
12c00513
a876ac72
a07ea47a
106010ef
ee06712d
e61aea16
fdaae21e
f5b2f9ae
edbaf1b6
e5c2e9be
fd72e1c6
f57af976
ad02f17e
a50aa906
bc92a10e
b49ab896
acaab09e
a4b2a8ae
bc3aa0b6
b442b83e
ac72b046
a47aa876
27f3a07e
2717f140
07130000
e7b396e7
639c20e7
2717c38d
07130000
93639767
279706e7
87930000
b7039827
b5831787
450d1887
60f29702
633262d2
756e6392
762e75ce
676e768e
682e67ce
7e6a688e
7f2a7eca
206a7f8a
212a20ca
3266218a
332632c6
25663386
262625c6
37622686
382237c2
2e623882
2f222ec2
61152f82
30200073
18803783
712d9002
ea16ee06
e21ee61a
f9aefdaa
f1b6f5b2
e9beedba
e1c6e5c2
f976fd72
f17ef57a
a906ad02
a10ea50a
b896bc92
b09eb49a
a8aeacaa
a0b6a4b2
b83ebc3a
b046b442
a876ac72
a07ea47a
f14027f3
00002717
89c70713
20e7e7b3
c38d639c
00002717
8a470713
06e79363
00002797
8b078793
1f87b703
2087b583
9702451d
62d260f2
63926332
75ce756e
768e762e
67ce676e
688e682e
7eca7e6a
7f8a7f2a
20ca206a
218a212a
32c63266
33863326
25c62566
26862626
37c23762
38823822
2ec22e62
2f822f22
00736115
37833020
90022080
ee06712d
e61aea16
fdaae21e
f5b2f9ae
edbaf1b6
e5c2e9be
fd72e1c6
f57af976
ad02f17e
a50aa906
bc92a10e
b49ab896
acaab09e
a4b2a8ae
bc3aa0b6
b442b83e
ac72b046
a47aa876
27f3a07e
1717f140
07130000
e7b37ca7
639c20e7
1717c38d
07130000
93637d27
179706e7
87930000
b7037de7
b5833187
45413287
60f29702
633262d2
756e6392
762e75ce
676e768e
682e67ce
7e6a688e
7f2a7eca
206a7f8a
212a20ca
3266218a
332632c6
25663386
262625c6
37622686
382237c2
2e623882
2f222ec2
61152f82
30200073
32803783
712d9002
ea16ee06
e21ee61a
f9aefdaa
f1b6f5b2
e9beedba
e1c6e5c2
f976fd72
f17ef57a
a906ad02
a10ea50a
b896bc92
b09eb49a
a8aeacaa
a0b6a4b2
b83ebc3a
b046b442
a876ac72
a07ea47a
f14027f3
00001717
6f870713
20e7e7b3
c38d639c
00001717
70070713
06e79363
00001797
70c78793
3387b703
3487b583
97024545
62d260f2
63926332
75ce756e
768e762e
67ce676e
688e682e
7eca7e6a
7f8a7f2a
20ca206a
218a212a
32c63266
33863326
25c62566
26862626
37c23762
38823822
2ec22e62
2f822f22
00736115
37833020
90023480
ee06712d
e61aea16
fdaae21e
f5b2f9ae
edbaf1b6
e5c2e9be
fd72e1c6
f57af976
ad02f17e
a50aa906
bc92a10e
b49ab896
acaab09e
a4b2a8ae
bc3aa0b6
b442b83e
ac72b046
a47aa876
27f3a07e
1717f140
07130000
e7b36267
639c20e7
1717c38d
07130000
936362e7
179706e7
87930000
b70363a7
b5833587
45493687
60f29702
633262d2
756e6392
762e75ce
676e768e
682e67ce
7e6a688e
7f2a7eca
206a7f8a
212a20ca
3266218a
332632c6
25663386
262625c6
37622686
382237c2
2e623882
2f222ec2
61152f82
30200073
36803783
712d9002
ea16ee06
e21ee61a
f9aefdaa
f1b6f5b2
e9beedba
e1c6e5c2
f976fd72
f17ef57a
a906ad02
a10ea50a
b896bc92
b09eb49a
a8aeacaa
a0b6a4b2
b83ebc3a
b046b442
a876ac72
a07ea47a
f14027f3
00001717
55470713
20e7e7b3
c38d639c
00001717
55c70713
06e79363
00001797
56878793
3787b703
3887b583
9702454d
62d260f2
63926332
75ce756e
768e762e
67ce676e
688e682e
7eca7e6a
7f8a7f2a
20ca206a
218a212a
32c63266
33863326
25c62566
26862626
37c23762
38823822
2ec22e62
2f822f22
00736115
37833020
90023880
ee06712d
e61aea16
fdaae21e
f5b2f9ae
edbaf1b6
e5c2e9be
fd72e1c6
f57af976
ad02f17e
a50aa906
bc92a10e
b49ab896
acaab09e
a4b2a8ae
bc3aa0b6
b442b83e
ac72b046
a47aa876
27f3a07e
1717f140
07130000
e7b34827
639c20e7
1717c38d
07130000
936348a7
179706e7
87930000
b7034967
b5833987
45513a87
60f29702
633262d2
756e6392
762e75ce
676e768e
682e67ce
7e6a688e
7f2a7eca
206a7f8a
212a20ca
3266218a
332632c6
25663386
262625c6
37622686
382237c2
2e623882
2f222ec2
61152f82
30200073
3a803783
712d9002
ea16ee06
e21ee61a
f9aefdaa
f1b6f5b2
e9beedba
e1c6e5c2
f976fd72
f17ef57a
a906ad02
a10ea50a
b896bc92
b09eb49a
a8aeacaa
a0b6a4b2
b83ebc3a
b046b442
a876ac72
a07ea47a
f14027f3
00001717
3b070713
20e7e7b3
c38d639c
00001717
3b870713
06e79363
00001797
3c478793
3b87b703
3c87b583
97024555
62d260f2
63926332
75ce756e
768e762e
67ce676e
688e682e
7eca7e6a
7f8a7f2a
20ca206a
218a212a
32c63266
33863326
25c62566
26862626
37c23762
38823822
2ec22e62
2f822f22
00736115
37833020
90023c80
ee06712d
e61aea16
fdaae21e
f5b2f9ae
edbaf1b6
e5c2e9be
fd72e1c6
f57af976
ad02f17e
a50aa906
bc92a10e
b49ab896
acaab09e
a4b2a8ae
bc3aa0b6
b442b83e
ac72b046
a47aa876
27f3a07e
1717f140
07130000
e7b32de7
639c20e7
1717c38d
07130000
93632e67
179706e7
87930000
b7032f27
b5833d87
45593e87
60f29702
633262d2
756e6392
762e75ce
676e768e
682e67ce
7e6a688e
7f2a7eca
206a7f8a
212a20ca
3266218a
332632c6
25663386
262625c6
37622686
382237c2
2e623882
2f222ec2
61152f82
30200073
3e803783
712d9002
ea16ee06
e21ee61a
f9aefdaa
f1b6f5b2
e9beedba
e1c6e5c2
f976fd72
f17ef57a
a906ad02
a10ea50a
b896bc92
b09eb49a
a8aeacaa
a0b6a4b2
b83ebc3a
b046b442
a876ac72
a07ea47a
f14027f3
00001717
20c70713
20e7e7b3
c38d639c
00001717
21470713
06e79363
00001797
22078793
3f87b703
4087b583
9702455d
62d260f2
63926332
75ce756e
768e762e
67ce676e
688e682e
7eca7e6a
7f8a7f2a
20ca206a
218a212a
32c63266
33863326
25c62566
26862626
37c23762
38823822
2ec22e62
2f822f22
00736115
37833020
90024080
ee06712d
e61aea16
fdaae21e
f5b2f9ae
edbaf1b6
e5c2e9be
fd72e1c6
f57af976
ad02f17e
a50aa906
bc92a10e
b49ab896
acaab09e
a4b2a8ae
bc3aa0b6
b442b83e
ac72b046
a47aa876
27f3a07e
1717f140
07130000
e7b313a7
639c20e7
1717c38d
07130000
93631427
179706e7
87930000
b70314e7
b5834187
45614287
60f29702
633262d2
756e6392
762e75ce
676e768e
682e67ce
7e6a688e
7f2a7eca
206a7f8a
212a20ca
3266218a
332632c6
25663386
262625c6
37622686
382237c2
2e623882
2f222ec2
61152f82
30200073
42803783
712d9002
ea16ee06
e21ee61a
f9aefdaa
f1b6f5b2
e9beedba
e1c6e5c2
f976fd72
f17ef57a
a906ad02
a10ea50a
b896bc92
b09eb49a
a8aeacaa
a0b6a4b2
b83ebc3a
b046b442
a876ac72
a07ea47a
f14027f3
00001717
06870713
20e7e7b3
c38d639c
00001717
07070713
06e79363
00001797
07c78793
4387b703
4487b583
97024565
62d260f2
63926332
75ce756e
768e762e
67ce676e
688e682e
7eca7e6a
7f8a7f2a
20ca206a
218a212a
32c63266
33863326
25c62566
26862626
37c23762
38823822
2ec22e62
2f822f22
00736115
37833020
90024480
ee06712d
e61aea16
fdaae21e
f5b2f9ae
edbaf1b6
e5c2e9be
fd72e1c6
f57af976
ad02f17e
a50aa906
bc92a10e
b49ab896
acaab09e
a4b2a8ae
bc3aa0b6
b442b83e
ac72b046
a47aa876
27f3a07e
1717f140
07130000
e7b3f967
639c20e7
1717c38d
07130000
9363f9e7
179706e7
87930000
b703faa7
b5834587
45694687
60f29702
633262d2
756e6392
762e75ce
676e768e
682e67ce
7e6a688e
7f2a7eca
206a7f8a
212a20ca
3266218a
332632c6
25663386
262625c6
37622686
382237c2
2e623882
2f222ec2
61152f82
30200073
46803783
712d9002
ea16ee06
e21ee61a
f9aefdaa
f1b6f5b2
e9beedba
e1c6e5c2
f976fd72
f17ef57a
a906ad02
a10ea50a
b896bc92
b09eb49a
a8aeacaa
a0b6a4b2
b83ebc3a
b046b442
a876ac72
a07ea47a
f14027f3
00001717
ec470713
20e7e7b3
c38d639c
00001717
ecc70713
06e79363
00001797
ed878793
4787b703
4887b583
9702456d
62d260f2
63926332
75ce756e
768e762e
67ce676e
688e682e
7eca7e6a
7f8a7f2a
20ca206a
218a212a
32c63266
33863326
25c62566
26862626
37c23762
38823822
2ec22e62
2f822f22
00736115
37833020
90024880
ee06712d
e61aea16
fdaae21e
f5b2f9ae
edbaf1b6
e5c2e9be
fd72e1c6
f57af976
ad02f17e
a50aa906
bc92a10e
b49ab896
acaab09e
a4b2a8ae
bc3aa0b6
b442b83e
ac72b046
a47aa876
27f3a07e
1717f140
07130000
e7b3df27
639c20e7
1717c38d
07130000
9363dfa7
179706e7
87930000
b703e067
b5834987
45714a87
60f29702
633262d2
756e6392
762e75ce
676e768e
682e67ce
7e6a688e
7f2a7eca
206a7f8a
212a20ca
3266218a
332632c6
25663386
262625c6
37622686
382237c2
2e623882
2f222ec2
61152f82
30200073
4a803783
712d9002
ea16ee06
e21ee61a
f9aefdaa
f1b6f5b2
e9beedba
e1c6e5c2
f976fd72
f17ef57a
a906ad02
a10ea50a
b896bc92
b09eb49a
a8aeacaa
a0b6a4b2
b83ebc3a
b046b442
a876ac72
a07ea47a
f14027f3
00001717
d2070713
20e7e7b3
c38d639c
00001717
d2870713
06e79363
00001797
d3478793
4b87b703
4c87b583
97024575
62d260f2
63926332
75ce756e
768e762e
67ce676e
688e682e
7eca7e6a
7f8a7f2a
20ca206a
218a212a
32c63266
33863326
25c62566
26862626
37c23762
38823822
2ec22e62
2f822f22
00736115
37833020
90024c80
ee06712d
e61aea16
fdaae21e
f5b2f9ae
edbaf1b6
e5c2e9be
fd72e1c6
f57af976
ad02f17e
a50aa906
bc92a10e
b49ab896
acaab09e
a4b2a8ae
bc3aa0b6
b442b83e
ac72b046
a47aa876
27f3a07e
1717f140
07130000
e7b3c4e7
639c20e7
1717c38d
07130000
9363c567
179706e7
87930000
b703c627
b5834d87
45794e87
60f29702
633262d2
756e6392
762e75ce
676e768e
682e67ce
7e6a688e
7f2a7eca
206a7f8a
212a20ca
3266218a
332632c6
25663386
262625c6
37622686
382237c2
2e623882
2f222ec2
61152f82
30200073
4e803783
712d9002
ea16ee06
e21ee61a
f9aefdaa
f1b6f5b2
e9beedba
e1c6e5c2
f976fd72
f17ef57a
a906ad02
a10ea50a
b896bc92
b09eb49a
a8aeacaa
a0b6a4b2
b83ebc3a
b046b442
a876ac72
a07ea47a
f14027f3
00001717
b7c70713
20e7e7b3
c38d639c
00001717
b8470713
06e79363
00001797
b9078793
4f87b703
5087b583
9702457d
62d260f2
63926332
75ce756e
768e762e
67ce676e
688e682e
7eca7e6a
7f8a7f2a
20ca206a
218a212a
32c63266
33863326
25c62566
26862626
37c23762
38823822
2ec22e62
2f822f22
00736115
37833020
90025080
305027f3
03f7f793
470917fd
69634501
a71700f7
0713ffff
97ba6e67
0007c503
bff98082
872a47fd
00a7cf63
45014789
00e7df63
1fffe7b7
11178793
d533078e
890500e7
07138082
3513f805
80820017
ec267179
852e84aa
e84af022
f406e44e
89b2842e
f0ef8936
c541fbff
08000793
08f41c63
f8dff0ef
0005079b
cfa5554d
740270a2
694264e2
614569a2
bc238082
b4235134
a8215324
00541793
97a60425
bc230416
85331137
34230084
45010125
47fdbfc1
c5e35551
47bdfc87
fc87d2e3
00541793
97a60425
fffff717
f1a70713
bc230416
853310e7
30230084
bfc10125
fffff797
b5678793
16f4bc23
1924b023
5555bf7d
9ce3b771
f797f809
8793ffff
bc23b827
b77150f4
f80998e3
09e347ad
c0e3faf4
478dfa87
fcf404e3
5551479d
f6f410e3
fffff797
fa278793
1ef4bc23
2124b023
c911bfad
8863479d
e86304f5
c58d00b7
8d63478d
567d02f5
47ada805
04f58063
ff05879b
68e3473d
4785fef7
00b797bb
b7f3ee0d
a8093047
c60947a1
3007a7f3
a0194601
3007b7f3
80828532
ca1947a1
3047a7f3
0793b7f5
bfd50800
879b6785
b7f58007
3047b7f3
a7f3b7c5
bfc93047
bf414605
b7714601
87aa473d
4963557d
c61900b7
20f5e5b3
b8234501
808252c5
17978082
87930000
976394a7
151700a7
05130000
bfc99565
8082557d
00001797
ef878793
35138d1d
053a0015
0105971b
678dc599
33378793
c11c9fb9
6795bffd
55578793
611cbfd5
8782639c
779c611c
611c8782
878273bc
1517e511
35030000
80828da5
80824501
f1402573
80822501
1141611c
639ce406
11419782
151785aa
05130000
e406e965
fe9ff0ef
e0221141
842ee406
fc5ff0ef
f0efc909
e008fadf
60a24501
01416402
557d8082
0000bfdd
00000000
00000000
00000000
00000000
00000000
00000000
00000000
00000000
00000000
00000000
00000000
00000000
00000000
00000000
00000000
00000000
00000000
00000000
00000000
00000000
00000000
00000000
00000000
00000000
00000000
00000000
00000000
00000000
00000000
00000000
00000000
00000000
00000000
df3fe06f
deffe06f
debfe06f
e39fe06f
de3fe06f
ddffe06f
ddbfe06f
efbfe06f
dd3fe06f
dcffe06f
dcbfe06f
dc7fe06f
dc3fe06f
dbffe06f
dbbfe06f
db7fe06f
fa9fe06f
876ff06f
944ff06f
a12ff06f
ae0ff06f
baeff06f
c7cff06f
d4aff06f
e18ff06f
ee6ff06f
fb4ff06f
883ff06f
951ff06f
a1fff06f
aedff06f
bbbff06f
00000000
00000000
00000000
00000000
00000000
00000000
00000000
00000000
00000000
00000000
00000000
00000000
00000000
00000000
00000000
00000000
00000000
00000000
00000000
00000000
00000000
00000000
00000000
00000000
00000000
00000000
00000000
00000000
00000000
00000000
00000000
00000000
e4061141
0f2000ef
079360a2
c11c0580
0141557d
11418082
f0efe406
1141e2df
00efe406
60a20d40
fa800793
557dc11c
80820141
3513157d
80820015
e4061141
0b6000ef
079360a2
c11c0580
0141557d
11418082
00efe406
60a20a00
05800793
557dc11c
80820141
00011797
10878793
00021717
10070713
02e78663
80818793
638885aa
00b506b3
00e6fd63
ec061101
e42a2581
90efe394
60e2afff
61056522
e3988082
8082557d
ec061101
e426e822
4785e04a
00f51a63
84b2842e
00c58933
03241063
a0398526
02e000ef
05800793
557dc11c
644260e2
690264a2
80826105
00044503
00ef0405
bfd92d00
468185aa
45014601
1517a879
35030000
8082ca25
e8221101
a417e426
0413ffff
a497ce24
8493ffff
8c05cda4
840dec06
60e2e411
64a26442
80826105
67b3147d
639c2094
b7ed9782
e8221101
a417e426
0413ffff
a497ca64
8493ffff
8c81c9e4
ec06e04a
4901848d
02991563
ffffa417
c8840413
ffffa497
c8048493
848d8c81
1d634901
60e20099
64a26442
61056902
601c8082
04210905
b7f99782
0905601c
97820421
88aabff9
00001517
c9450513
ef016118
ac018793
0513e11c
873e0000
6118c509
10e7b823
471c873e
557d487d
04f84563
02088c63
11073803
02080f63
2107e333
00c33023
20082503
163b4605
8d5100f6
20a82023
10d33023
97634689
268300d8
8ed12048
20d82223
0017869b
e7b3c714
450120e7
8082eb8c
f852711d
f05af456
ec86ec5e
e4a6e8a2
fc4ee0ca
e466e862
8a2e8aaa
00001b17
c04b0b13
34834b85
cc81000b
b9834480
091b1104
040efff4
00898cb3
5f639426
60e60009
64a66446
79e26906
7aa27a42
6be27b02
6ca26c42
80826125
000a0c63
00099663
1ce1397d
bfd11461
0f8cb783
ff479ae3
6418449c
996337fd
a4230327
d36d0124
0084ac03
00098963
2009a783
012b96bb
27818ff5
9702ef89
37834498
12e3000b
8fe3f987
bfb5faf4
00043423
a783bfc9
b5832049
8ff5ff8c
e7812781
97028556
852ebfe1
bfc99702
00001797
b6478793
ef054398
e8221101
ec06e426
c3984705
ffffa417
af440413
ffffa497
af448493
00947463
00941763
644260e2
610564a2
601c8082
97820421
8082b7f5
00001797
b1878793
ef054398
e8221101
ec06e426
c3984705
ffffa417
ab840413
ffffa497
ab048493
00947463
00941763
644260e2
610564a2
601c8082
97820421
8082b7f5
e0221141
00001417
ad440413
e406401c
00efe789
47850d40
00efc01c
f0ef2340
2501abbf
aa5ff0ef
cd11842a
a97ff0ef
00efc919
85220220
a85ff0ef
6402c509
014160a2
60a2a801
01416402
b72d8082
b7adbf45
639c611c
852a8782
01151013
8082557d
07b7c91d
439c0201
f7134689
c1180ff7
0087d71b
0ff77713
d71bc158
77130107
d79b0ff7
377d0187
973b37fd
96bb00e6
c51800f6
8082c554
020107b7
75134788
05050ff5
11418082
e406e022
f0ef842a
2501febf
02a46563
fff4079b
0ff7f793
02010737
f0efc71c
079bfd3f
45010005
00878363
60a25579
01416402
557d8082
1101bfdd
ec06850a
f79ff0ef
020117b7
a6974398
8693ffff
9b79ebe6
4398c398
c3989b75
ffffa717
eac70713
43329e99
488247a2
ce89883a
026785bb
45014612
031585bb
fff60e1b
02d04f63
c232c111
16974512
86930000
87bb97e6
87bb0267
87bb0317
e66302a7
06330106
e06300f7
869302c6
e563bd81
973e0106
00e6e963
610560e2
9e8db789
45058672
60e2bf65
6105557d
050e8082
81018793
639497aa
8793c6e1
97aa8201
4705639c
10000637
00f7173b
0095c783
20000537
979b377d
8ff101c7
00a5c603
01d6161b
8fd18e69
0005c603
8fd18a05
0015c603
161b8e79
8fd10026
8e7941d0
0086161b
c6038fd1
8f710085
00e7171b
27818fd9
c783c29c
c70300c5
660900d5
e0060613
0047979b
0097171b
f7938f71
8fd91f07
00b5c703
0007e637
8fd98b3d
00e5c703
00d7171b
8fd98f71
00f5c703
00080637
0137171b
8fd98f71
0105c703
00100637
0147171b
8fd98f71
0115c703
00200637
0157171b
8fd98f71
c2dc2781
b7038082
47858201
00e797bb
37fd7139
04234705
f71300e1
04a30047
f71300e1
8b951587
00f10823
87936785
1923e007
07b700f1
87930106
ca3e4047
10100793
f426f822
c63afc06
000108a3
00f11c23
84934401
409c8181
00f44763
744270e2
612174a2
85228082
f0ef002c
2405ec5f
0000b7dd
00000000
002a0f05
00000003
0200010a
40000000
00000001
00000000
1e021007
000000fa
00000000
00000000
127c6bb8
00000000
00000001
00000000
127c6bc0
00000000
00000002
00000000
127c6bd8
00000000
00000003
00000000
127c6bf0
00000000
00000000
00000000
00000000
00000000
0003100a
0a01000f
000007ff
00000000
000a1014
00000001
00001100
000a4030
000a40b0
00000000
00000409
00000000
0069004b
0061006e
00610072
00490020
0063006e
0000002e
00630041
00650063
0065006c
00610072
006f0074
002e0072
00310031
00310031
00320032
00330032
127c6c18
00000000
127c0578
00000000
00000000
00000000
127c0658
00000000
00000000
00000000
00000000
00000000
127c06f8
00000000
00000000
00000000
00000000
00000000
00000000
00000000
00000000
00000000
00000000
00000000
00000000
00000000
00000000
00000000
00000000
00000000
00000000
00000000
00000000
00000000
00000000
00000000
00000000
00000000
00000000
00000000
00000000
00000000
00000000
00000000
00000000
00000000
00000000
00000000
00000000
00000000
00000000
00000000
00000000
00000000
00000000
00000000
00000000
00000000
00000000
00000000
00000000
00000000
00000000
00000000
00000000
00000000
00000000
00000000
00000000
00000000
00000000
00000000
00000000
00000000
00000000
00000000
00000000
00000000
00000000
00000000
00000000
00000000
00000000
00000000
00000000
00000000
00000000
00000000
00000000
00000000
00000000
00000000
00000000
00000000
00000000
00000000
00000000
00000000
00000000
00000000
00000000
00000000
00000000
00000000
00000000
00000000
00000000
00000000
00000000
00000000
00000000
00000000
00000000
00000000
00000000
00000000
00000000
00000000
00000000
00000000
00000000
00000000
00000000
00000000
00000000
00000000
00000000
00000000
00000000
00000000
00000000
00000000
00000000
00000000
00000000
00000000
00000000
00000000
00000000
00000000
00000000
00000000
00000000
00000000
00000000
00000000
00000000
00000000
00000000
00000000
00000000
00000000
00000000
00000000
00000000
00000000
00000000
00000000
00000000
00000000
00000000
00000000
00000000
00000000
00000000
00000000
00000000
00000000
00000000
00000000
00000000
00000000
00000000
00000000
00000000
00000000
00000000
00000000
00000000
00000000
00000000
00000000
00000000
00000000
00000000
00000000
00000000
00000000
00000000
00000000
00000000
00000000
00000000
00000000
00000000
00000000
00000000
00000000
00000000
00000000
00000000
00000000
00000000
00000000
00000000
00000000
00000000
00000000
00000000
00000000
00000000
00000000
00000000
00000000
00000000
00000000
00000000
00000000
00000000
00000000
00000000
00000000
00000000
00000000
00000000
00000000
00000000
00000000
00000000
00000000
00000000
00000000
00000000
00000000
00000000
00000000
00000000
00000000
00000000
00000000
00000000
00000000
00000000
00000000
00000000
00000000
00000000
00000000
00000000
00000000
00000000
00000000
00000000
00000000
00000000
00000000
00000000
00000000
00000000
00000000
00000000
00000000
00000000
00000000
00000000
00000000
00000000
00000000
00000000
00000000
00000000
00000000
00000000
00000000
00000000
00000000
00000000
00000000
00000000
00000000
00000000
00000000
00000000
00000000
00000000
00000000
00000000
00000000
00000000
00000000
00000000
00000000
00000000
00000000
00000000
00000000
00000000
00000000
00000000
00000000
00000000
00000000
00000000
00000000
00000000
00000000
00000000
00000000
00000000
00000000
00000000
00000000
00000000
00000000
00000000
00000000
00000000
00000000
00000000
00000000
00000000
00000000
00000000
00000000
00000000
00000000
00000000
00000000
00000000
00000000
00000000
00000000
00000000
00000000
00000000
00000000
00000000
00000000
00000000
00000000
00000000
00000000
00000000
00000000
00000000
00000000
00000000
00000000
00000000
00000000
00000000
00000000
00000000
00000000
00000000
00000000
00000000
00000000
00000000
00000000
00000000
00000000
00000000
00000000
00000000
00000000
00000000
00000000
00000000
00000000
00000000
00000000
00000000
00000000
00000000
00000000
127c0808
00000000
00000000
00000000
127c0468
00000000
127c04a0
00000000
127c0430
00000000
00000000
00000000
00000000
00000000
00000000
00000000
00000000
00000000
00000000
00000000
00000000
00000000
00000000
00000000
00000000
00000000
00000000
00000000
00000000
00000000
00000000
00000000
00000000
00000000
00000000
00000000
00000000
00000000
00000000
00000000
00000000
00000000
00000000
00000000
00000000
00000000
127c71e8
00000000
127d7670
00000000
02030000
00000000
00000001
00000000
00000006
00000000
00000000
00000000
127c7550
00000000
127c29b6
00000000
127c2c00
00000000
127c754c
00000000
127c7348
00000000
127c28c0
00000000
127c28fa
00000000
ffffffff
ffffffff
00000000
00000000
efb9e2bd
2b9fb252
9cca84d7
3ae539ea
bd83a7d7
34081f96
9f2cab5f
f3762733
d938ad29
9b72f587
6669633b
cc4770af
64331e6e
7889f6bc
adcbd356
481e23c3
a2000010
00001ee0
0002ee8c
00000000
00000000
00000000
00000000
00000000
a439a676
798eff2e
8f831ac8
23550677
c32e7994
9db302fc
de967ea3
eebcb363
992b68c5
dda003d0
e82e59e5
53deae15
f720d131
3727ade0
f7f8925b
c001e9d9
00000000
00000000
000000ff
00040000
0009f000
00000ea0
00001000
00000000
00000000
00000000
00000000
00000000
00000000
00000000
00000000
00000000
00000b06
00000000
00040400
22222222
e0000000
00040073
00000000
00000000
00040c7c
0009f850
00000000
00000000
8cfff521
0002c012
e400000c
fff22113
2013e720
f1210061
fff151ff
0cfff261
50027d03
06461066
00000000
00000000
00506340
f03d0020
3350f03d
14b3b6c0
70417470
13673440
506340e6
f6c03350
2000edb3
ffe25100
027d030c
40344070
335050e3
417470c0
30f0b3f6
61200020
ffdd3103
20202230
dc211361
008216ff
020002c0
f25600a0
01a012ff
00134910
20101348
41000c00
d240ffd6
ffd55113
6a850549
00000000
00000000
00000000
00000000
00000000
00000000
00000000
00000000
00000000
00000000
00000000
00000000
00000000
00000000
00000000
00000000
00000000
00000000
00000000
00000000
00000000
00000000
00000000
00000000
00000000
00000000
00000000
00000000
00000000
00000000
00000000
00000000
00000000
00000000
00000000
00000000
00000000
00000000
00000000
00000000
00000000
00000000
00000000
00000000
00000000
00000000
00000000
00000000
00000000
00000000
00000000
00000000
00000000
00000000
00000000
00000000
00000000
00000000
00000000
00000000
00000000
00000000
00000000
00000000
00000000
00000000
00000000
00000000
00000000
00000000
00000000
00000000
00000000
00000000
00000000
00000000
00000000
00000000
00000000
00000000
00000000
00000000
00000000
00000000
00000000
00000000
00000000
00000000
00000000
00000000
00000000
00000000
00000000
00000000
00000000
00000000
00000000
00000000
00000000
00000000
00000000
00000000
00000000
00000000
00000000
00000000
00000000
00000000
00000000
00000000
00000000
00000000
00000000
00000000
00000000
00000000
00000000
00000000
00000000
00000000
00000000
00000000
00000000
00000000
00000000
00000000
00000000
00000000
00000000
00000000
00000000
00000000
00000000
00000000
00000000
00000000
00000000
00000000
00000000
00000000
00000000
00000000
00000000
00000000
00000000
00000000
00000000
00000000
00000000
00000000
00000000
00000000
00000000
00000000
00000000
00000000
00000000
00000000
00000000
00000000
00000000
00000000
00000000
00000000
00000000
00000000
00000000
00000000
00000000
00000000
00000000
00000000
00000000
00000000
00000000
00000000
00000000
00000000
00000000
00000000
00000000
00000000
00000000
00000000
00000000
00000000
00000000
00000000
00000000
00000000
00000000
00000000
00000000
00000000
00000000
00000000
00000000
00000000
00000000
00000000
00000000
00000000
00000000
1049c500
e52049d5
49f53049
00003400
51384128
c1126148
13d10060
f0034800
e6204080
34382003
46303340
00000008
00000000
00000000
00000000
00000000
1009c500
e52009d5
09f53009
00003500
8003d140
22301133
13e62030
f7002010
80f0dd74
5778e740
464080f0
00000034
00000000
00000000
00000000
00000000
0049c900
d91009d1
49e92049
4049f930
90504980
49a06049
0049b070
00000034
00000000
00000000
00000000
00000000
00000000
00000000
00000000
00000000
1009c900
e92009d9
09d17009
4009f930
97500987
09a76009
0009b770
00000035
00000000
00000000
00000000
00000000
00000000
00000000
00000000
00000000
0049cd00
dd1009d1
49ed2049
4049fd30
50504940
49606049
80497070
90904980
49a0a049
0049b0b0
00000034
00000000
00000000
00000000
00000000
00000000
1009cd00
ed2009dd
09d1b009
4009fd30
5b50094b
096b6009
80097b70
9b90098b
09aba009
0009bbb0
00000035
00000000
00000000
00000000
00000000
00000000
a061d220
00000002
00000000
00000000
00000000
00000000
00000000
00000000
00000000
00000000
00000000
00000000
00000000
00000000
00000000
00000000
7c13d320
00510082
00ffff06
00000000
00000000
00000000
00000000
00000000
00000000
00000000
00000000
00000000
00000000
00000000
00000000
00000000
46004100
0000fffe
00040868
0009fde0
0009f750
00000000
00000000
00000000
00000000
00000000
00000000
00000000
00000000
00000000
00000000
00000000
3113d130
03a0fff1
fff03100
03090338
23291319
53594349
73796369
93998389
b3b9a3a9
d3d9c3c9
f3f9e3e9
2203e820
ee201063
11632203
2203b120
d1201263
28332903
03d13023
00004110
29a0c112
31513941
e820ffdf
a0323003
61490338
000003a0
00000000
00000000
00000000
00000000
00000000
00000000
00000000
46004140
0000fffe
00000000
00000000
00000000
00000000
00000000
00000000
00000000
00000000
00000000
00000000
00000000
00000000
00000000
00000000
000407e8
000a0400
00040020
0009fde0
000a0340
0009f91c
00000000
0009f740
00000000
0009f904
0009f938
0009f93c
0009fd40
0009f930
00040000
00040e44
fffbfff0
00050021
c0000000
0009f858
80000000
0009f7a8
00040e70
000a01f0
0009f850
00050022
80000007
000407ac
81008136
f03dffe3
000008e0
1100a002
e131ffe1
13e630ff
61002010
e071ffe0
77f03dff
060906b6
3677664b
000715f8
5100120c
0041f000
00fffd06
21004136
0232ffd9
48a3ec00
4e043812
3200a04c
c8d00018
140e2044
03e01249
fff98600
a1ffd231
438cffd2
e0ffd081
130c0008
1d004232
000000f0
21004136
cba1ffcd
ffccb1ff
ca81428c
0008e0ff
0000f01d
00040b58
127ff000
0009fde0
deadbeef
31006136
204efffb
b4804101
a4408150
e0140c86
31380003
51fff741
3390fff7
39334a11
13e32005
e430034c
0020c013
0cfff3f1
0261f213
c0d007a4
21390020
00202a48
0004e013
c0130120
21480020
46e00744
0000fff8
2603e830
d1300543
00411003
0984c132
29131903
59434923
79636953
99838973
b9a3a993
d9c3c9b3
f9e3e9d3
03d120f3
00203329
10632203
22030120
02201163
12632203
22030320
e6201363
14632203
2203b120
020c1563
00130220
98210020
210239ff
0239ff98
11f0c122
0208ff97
12080109
22081109
32082109
c1123109
ff920110
63220028
03e22016
3003e430
72161022
6030200a
32102320
220b22ae
1b203320
08003922
10330010
0113e430
0008ff84
86310008
13e630ff
20002010
24206040
1fa04210
2040f220
8141c044
0004d0ff
38ff7b31
14234203
1013e640
7a510020
162322ff
15580529
20102250
752113e4
020208ff
12081b63
081c6302
1d630222
63023208
5843481e
78636853
98838873
b8a3a893
d8c3c8b3
f8e3e8d3
ff6721f3
08ff6811
17011802
02190e10
04051318
ff623100
f2c60338
142322ff
1013e620
23020020
13b10015
00132302
23021303
13000010
00112302
23021301
13020012
08002000
28131803
00333823
00000030
1b034820
40020022
6e034930
8102f138
06449614
140c4eb4
300e43d6
22307538
60302020
30103320
130040f3
91202040
20134920
c2220348
c032301f
10134830
49200020
09721603
1708e207
e22721e2
002c0652
49f0c932
6e135903
416a1561
02847014
140c4ea4
80103379
fff50640
49f0cd32
69135903
947c6e23
08303180
fa6548d1
0338140e
89e0c332
6e139903
416a15a2
04847014
140c4ea4
802033b9
ffe80640
d2408010
0d09f0cd
2d291d19
ac653d6e
0150d441
0c88a742
32033814
0349d0c3
23691359
43893379
63a95399
80f073b9
41e32040
86408030
0000ffd9
20408010
308e0348
14414011
84028452
00140c4e
4920a122
00201013
f00d020c
f00d120c
1122f000
4830221b
12e27703
0090fc6e
d5103039
0eff64c8
ef627714
8e243030
41439430
04847214
140c4e84
20812230
49207420
03033013
3230022c
134830c0
0c002010
00f00d22
61002136
e650ff05
60004d03
221b1025
1013e620
e9c50020
50040dff
201013e6
00f01d00
10007aa0
00040e4c
0009fd60
c1004136
fc41fffc
02284eff
50248051
4ba48082
04e0140c
fff8f100
48a04af0
1d034904
000000f0
f0217159
03b130fe
3961e620
12112901
201060c1
feec4100
30203430
c1369044
feeae100
c003e2f0
1ed803e4
c010ffc0
31d90303
c9080f16
7c812921
40ffc0f2
00fee4f1
f0f0400c
3022f091
f0fee2d1
ccd013e3
122cd2b0
f80063f0
d01ed90e
e4f010ff
00201013
d00060f0
00f00302
d091d903
a1f90301
2cd2b1d9
20f11000
0df01ce8
e891d800
d0b1f8a1
00e01302
1301f013
f0fecee1
63d003e2
c80ed800
10ddc031
5610ffd0
8128021f
c2016ec2
e4d00221
0061d013
d1fec801
03c0fec3
2000d013
d0900d00
f01d0061
c140ffd0
cdc0fec1
132ce2b0
e010ff20
bbe110ff
f58f56fe
00febbf1
d0f0400d
132cf291
f013e3d0
22d02022
ffd60630
09feb821
feb701b2
0008c219
d200e239
09f24961
03b130d2
3903e840
30424932
523903ee
4903d140
52801c62
62621062
12627211
92136282
62a21462
1662b215
d21762c2
62e21862
1a62f219
a2f8c082
802020c2
fdb05640
30408020
48400349
49123903
0c130c22
13493004
10134840
9b110020
21000cfe
e620fe9c
00201013
e90303e0
0302e001
00e081e9
e091e903
a1e90301
c003e2f0
2d2c03e4
d010ffc0
bf1610ff
60e0f002
e010eef0
8ac113e3
40fee0fe
d2b0cec0
2c62002c
000dd001
c003e2f0
2d2c03e4
d010ffc0
3f5610ff
e881d8fd
d0a1f891
00e01302
1301f013
03f001f8
20223c13
201013e6
32112800
49200221
13483013
11002010
a062fe79
e0c17218
f2f8c6e2
ff4820c7
62102f52
2f72112f
132f8212
a2142f92
2fb2152f
40802016
42fdc656
27521727
19276218
201a2772
31284080
b1204138
13e83013
ee205128
30613813
b10813d1
e138d128
3210c118
00000000
2003b130
333b0301
200c9237
628c0302
0220220b
03003013
b1304128
56513813
61320442
12614211
31136152
e620fe51
13e63003
1203b130
201060c1
36040c00
01f50081
fe53e100
f01d0cea
0c13e620
10a54802
b1300020
58953813
003000b5
fd006136
7cf01d0f
60c112f2
00003000
1d004136
000000f0
c0004136
04280020
0000f01d
51384128
1060c112
30000041
00000000
f0002136
f01d0041
05381528
2813e620
10654845
b1300020
58553813
00300075
81008136
f03dfe38
000008e0
00000000
00000000
00000000
00000000
00000000
00000000
00000000
00000000
00000000
00000000
00000000
00000000
00000000
00000000
00000000
00000000
00000000
00000000
00000000
00000000
00000000
00000000
00000000
00000000
00000000
00000000
00000000
00000000
00000000
00000000
00000000
00000000
00000000
00000000
00000000
00000000
00000000
00000000
00000000
00000000
00000000
00000000
00000000
00000000
00000000
00000000
00000000
00000000
00000000
00000000
00000000
00000000
00000000
00000000
00000000
00000000
00000000
00000000
00000000
00000000
00000000
00000000
00000000
00000000
00000000
00000000
00000000
00000000
00000000
00000000
00000000
00000000
00000000
00000000
00000000
00000000
00000000
00000000
00000000
00000000
00000000
00000000
00000000
00000000
00000000
00000000
00000000
00000000
00000000
00000000
00000000
00000000
00000000
00000000
00000000
00000000
00000000
00000000
00000000
00000000
00000000
00000000
00000000
00000000
00000000
00000000
00000000
00000000
00000000
00000000
00000000
00000000
00000000
00000000
00000000
00000000
00000000
00000000
00000000
00000000
00000000
00000000
00000000
00000000
00000000
00000000
00000000
00000000
00000000
00000000
00000000
00000000
00000000
00000000
00000000
00000000
00000000
00000000
00000000
00000000
00000000
00000000
00000000
00000000
00000000
00000000
00000000
00000000
00000000
00000000
00000000
00000000
00000000
00000000
00000000
00000000
00000000
00000000
00000000
00000000
00000000
00000000
00000000
00000000
00000000
00000000
00000000
00000000
00000000
00000000
00000000
00000000
00000000
00000000
00000000
00000000
00000000
00000000
00000000
00000000
00000000
00000000
00000000
00000000
00000000
00000000
00000000
00000000
00000000
00000000
00000000
00000000
00000000
00000000
00000000
00000000
00000000
00000000
00000000
00000000
00000000
00000000
00000000
00000000
00000000
00000000
00000000
00000000
00000000
00000000
00000000
00000000
00000000
00000000
00000000
00000000
00000000
00000000
00000000
00000000
00000000
00000000
00000000
00000000
00000000
00000000
00000000
00000000
00000000
00000000
00000000
00000000
00000000
00000000
00000000
00000000
00000000
00000000
00000000
00000000
00000000
00000000
00000000
00000000
00000000
00000000
00000000
00000000
00000000
00000000
00000000
00000000
00000000
00000000
00000000
00000000
00000000
00000000
00000000
00000000
00000000
00000000
00000000
00000000
00000000
00000000
00000000
00000000
00000000
00000000
00000000
00000000
00000000
00000000
00000000
00000000
00000000
00000000
00000000
00000000
00000000
00000000
00000000
00000000
00000000
00000000
00000000
00000000
00000000
00000000
00000000
00000000
00000000
00000000
00000000
00000000
00000000
00000000
00000000
00000000
00000000
00000000
00000000
00000000
00000000
00000000
00000000
00000000
00000000
00000000
00000000
00000000
00000000
00000000
00000000
00000000
00000000
00000000
00000000
00000000
00000000
00000000
00000000
00000000
00000000
00000000
00000000
00000000
00000000
00000000
00000000
00000000
00000000
00000000
00000000
00000000
00000000
00000000
00000000
00000000
00000000
00000000
00000000
00000000
00000000
00000000
00000000
00000000
00000000
00000000
00000000
00000000
00000000
00000000
00000000
00000000
00000000
00000000
00000000
00000000
00000000
00000000
00000000
00000000
00000000
00000000
00000000
00000000
00000000
00000000
00000000
00000000
00000000
00000000
00000000
00000000
00000000
00000000
00000000
00000000
00000000
00000000
00000000
00000000
00000000
00000000
00000000
00000000
00000000
00000000
00000000
00000000
00000000
00000000
00000000
00000000
00000000
00000000
00000000
00000000
00000000
00000000
00000000
00000000
00000000
00000000
00000000
00000000
00000000
00000000
00000000
00000000
00000000
00000000
00000000
00000000
00000000
00000000
00000000
00000000
00000000
00000000
00000000
00000000
00000000
00000000
00000000
00000000
00000000
00000000
00000000
00000000
00000000
00000000
00000000
00000000
00000000
00000000
00000000
00000000
00000000
00000000
00000000
00000000
00000000
00000000
00000000
00000000
00000000
00000000
00000000
00000000
00000000
00000000
00000000
00000000
00000000
00000000
00000000
00000000
00000000
00000000
00000000
00000000
00000000
00000000
00000000
ffffffff
ffffffff
0009fde0
000a0340
00040e58
00040dd4
00040e58
00040e58
00040b80
00040410
00040e58
00040e58
00040e58
00040e58
00040e58
00040e58
00040e58
00040e58
00040e58
00040e58
00040e58
00040e58
00040e58
00040e58
00040e58
00040e58
00040e58
00040e58
00040e58
00040e58
00040e58
00040e58
00040e58
00040e58
00040e58
00040e58
00040e58
00040e58
00040e58
00040e58
00040e58
00040e58
00040e58
00040e58
00040e58
00040e58
00040e58
00040e58
00040e58
00040e58
00040e58
00040e58
00040e58
00040e58
00040e58
00040e58
00040e58
00040e58
00040e58
00040e58
00040e58
00040e58
00040e58
00040e58
00040e58
00040e58
00040e58
00040e58
00000000
00000000
00000000
ffffffff
00040e68
00000008
00040e68
00000007
00040e68
00000006
00040e68
00000005
00040e68
00000004
00040e68
00000003
00040e68
00000002
00040e68
00000001
00040e68
00000000
fffffe22
00000100
ffffff22
00000080
ffffffa2
00000040
ffffffe2
00000020
ffffffe2
00000010
fffffff2
00000008
fffffffa
00000004
fffffffe
00000002
fffffffe
00000001
00000000
00000000
00000000
00000000
00000000
00000000
00000000
00000000
00000000
00000000
00000000
00000000
0009f748
00000000
00000000
00000000
ffffffff
00000040
00000000
00000000
00000000
00000000
00000000
00000000
00000000
00000000
00000000
00000000
00000000
00000000
00000000
00000000
00000000
00000000
00000000
00000000
00000000
00000000
00000000
00000000
00000000
00000000
00000000
00000000
00000000
00000000
00000000
00000000
00000000
00000000
00000000
00000000
00000000
00000000
00000000
00000000
00000000
00000000
00000000
00000000
00000000
00000000
00000000
00000000
00000000
00000000
00000000
00000000
00000000
00000000
00000000
00000000
00000000
00000000
00000000
00000000
00000000
00000000
00000000
00000000
00000000
00000000
00000000
00000000
00000000
00000000
00000000
00000000
00000000
00000000
00000000
00000000
00000000
00000000
00000000
00000000
00000000
00000000
00000000
00000000
00000000
00000000
00000000
00000000
00000000
00000000
00000000
00000000
00000000
00000000
00000000
00000000
00000000
00000000
00000000
00000000
00000000
00000000
00000000
00000000
00000000
00000000
00000000
00000000
00000000
00000000
00000000
00000000
00000000
00000000
00000000
00000000
00000000
00000000
00000000
00000000
00000000
00000000
00000000
00000000
00000000
00000000
00000000
00000000
00000000
00000000
00000000
00000000
00000000
00000000
00000000
00000000
00000000
00000000
00000000
00000000
00000000
00000000
00000000
00000000
00000000
00000000
00000000
00000000
00000000
00000000
00000000
00000000
00000000
00000000
00000000
00000000
00000000
00000000
00000000
00000000
00000000
00000000
00000000
00000000
00000000
00000000
00000000
00000000
00000000
00000000
00000000
00000000
00000000
00000000
00000000
00000000
00000000
00000000
00000000
00000000
00000000
00000000
00000000
00000000
00000000
00000000
00000000
00000000
00000000
00000000
00000000
00000000
00000000
00000000
00000000
00000000
00000000
00000000
00000000
00000000
00000000
00000000
00000000
00000000
00000000
00000000
00000000
00000000
00000000
00000000
00000000
00000000
00000000
00000000
00000000
00000000
00000000
00000000
00000000
00000000
00000000
00000000
00000000
00000000
00000000
00000000
00000000
00000000
00000000
00000000
00000000
00000000
00000000
00000000
00000000
00000000
00000000
00000000
00000000
00000000
00000000
00000000
00000000
00000000
00000000
00000000
00000000
00000000
00000000
00000000
00000000
00000000
00000000
00000000
00000000
00000000
00000000
00000000
00000000
00000000
00000000
00000000
00000000
00000000
00000000
00000000
00000000
00000000
0000000c
000000ff
000000ff
000000ff
000000ff
000000ff
000000ff
000000ff
00000002
00000003
00000004
00000005
00000006
00000007
00000008
00000009
00000000
00000000
00000001
00000001
0000000d
0000000d
000000ff
000000ff
0000000a
0000000a
0000000b
0000000b
00000000
00000000
00000000
00000000
00000000
00000000
00000000
00000000
00000000
00000000
00000000
00000000
00000000
00000000
00000000
00000000
00000000
00000000
00000000
00000000
00000000
00000000
00000000
00000000
00000000
00000000
00000000
00000000
00000000
00000000
00000000
00000000
00000000
00000000
00000000
00000000
00000000
00000000
00000000
00000000
00000000
00000000
00000000
00000000
00000000
00000000
00000000
00000000
00000000
00000000
00000000
00000000
00000000
00000000
00000000
00000000
00000000
00000000
00000000
00000000
00000000
00000000
00000000
00000000
00000000
00000000
00000000
00000000
00000000
00000000
00000000
00000000
00000000
00000000
00000000
00000000
00000000
00000000
00000000
00000000
00000000
00000000
00000000
00000000
00000000
00000000
00000000
00000000
00000000
00000000
00000000
00000000
00000000
00000000
00000000
00000000
00000000
00000000
00000000
00000000
00000000
00000000
00000000
00000000
00000000
00000000
00000000
00000000
00000000
00000000
00000000
00000000
00000000
00000000
00000000
00000000
00000000
00000000
00000000
00000000
00000000
00000000
00000000
00000000
00000000
00000000
00000000
00000000
00000000
00000000
00000000
00000000
00000000
00000000
00000000
00000000
00000000
00000000
00000000
00000000
84e617f2
6abea2e2
137c334d
a07a8f55
9c625fd8
434133ad
3c790fa4
c541e877
5c0b499e
cb508d30
3f4e0cb4
d340c386
a2b989e4
29c9c23f
191a7266
12eb78f5
a2000011
0000c040
0003af6c
00000000
00000000
00000000
00000000
00000000
7a7d379a
a9d20681
38113854
8bd937aa
7c1910a5
53909560
a9602967
db02176b
fa5329f5
a88bcc39
f66c37be
42dde113
d0a55768
b0b66ca6
013fb4f7
954bd088
10050000
10058000
00008000
00004000
00000000
00000000
00000000
00000000
00000000
00000000
00000000
00000000
00000000
00000000
00000000
00000000
00000000
00000000
00000000
00000000
00000000
00000000
00000000
00000000
00000000
00000000
00000000
00000000
00000000
00000000
00000000
00000000
00000000
00000000
00000000
00000000
00000000
00000000
00000000
00000000
00000000
00000000
00000000
00000000
00000000
00000000
00000000
00000000
00000000
00000000
00000000
00000000
00000000
00000000
00000000
00000000
00000000
00000000
00000000
00000000
00000000
00000000
00000000
00000000
00000000
00000000
00000000
00000000
00000000
00000000
00000000
00000000
00000000
00000000
00000000
00000000
00000000
00000000
00000000
00000000
00000000
00000000
00000000
00000000
00000000
00000000
00000000
00000000
00000000
00000000
00000000
00000000
00000000
00000000
00000000
00000000
00000000
00000000
00000000
00000000
00000000
00000000
00000000
00000000
00000000
00000000
00000000
00000000
00000000
00000000
00000000
00000000
00000000
00000000
00000000
00000000
00000000
00000000
00000000
00000000
00000000
00000000
00000000
00000000
00000000
00000000
00000000
00000000
00000000
00000000
00000000
00000000
00000000
00000000
00000000
00000000
00000000
00000000
00000000
00000000
00000000
00000000
00000000
00000000
00000000
00000000
00000000
00000000
00000000
00000000
00000000
00000000
00000000
00000000
00000000
00000000
00000000
00000000
00000000
00000000
00000000
00000000
00000000
00000000
00000000
00000000
00000000
00000000
00000000
00000000
00000000
00000000
00000000
00000000
00000000
00000000
00000000
00000000
00000000
00000000
00000000
00000000
00000000
00000000
00000000
00000000
00000000
00000000
00000000
00000000
00000000
00000000
00000000
00000000
00000000
00000000
00000000
00000000
00000000
00000000
00000000
00000000
00000000
00000000
00000000
00000000
00000000
00000000
00000000
00000000
00000000
00000000
00000000
00000000
00000000
00000000
00000000
00000000
00000000
00000000
00000000
00000000
00000000
00000000
00000000
00000000
00000000
00000000
00000000
00000000
00000000
00000000
00000000
00000000
00000000
00000000
00000000
00000000
00000000
00000000
00000000
00000000
00000000
00000000
00000000
00000000
00000000
00000000
00000000
00000000
00000000
00000000
00000000
00000000
00000000
00000000
00000000
00000000
00000000
00000000
00000000
00000000
00000000
00000000
00000000
00000000
00000000
00000000
00000000
00000000
00000000
00000000
1049c500
e52049d5
49f53049
00003400
51384128
c1126148
13d10060
f0034800
e6204080
34382003
46303340
00000008
00000000
00000000
00000000
00000000
1009c500
e52009d5
09f53009
00003500
8003d140
22301133
13e62030
f7002010
80f0dd74
5778e740
464080f0
00000034
00000000
00000000
00000000
00000000
0049c900
d91009d1
49e92049
4049f930
90504980
49a06049
0049b070
00000034
00000000
00000000
00000000
00000000
00000000
00000000
00000000
00000000
1009c900
e92009d9
09d17009
4009f930
97500987
09a76009
0009b770
00000035
00000000
00000000
00000000
00000000
00000000
00000000
00000000
00000000
0049cd00
dd1009d1
49ed2049
4049fd30
50504940
49606049
80497070
90904980
49a0a049
0049b0b0
00000034
00000000
00000000
00000000
00000000
00000000
1009cd00
ed2009dd
09d1b009
4009fd30
5b50094b
096b6009
80097b70
9b90098b
09aba009
0009bbb0
00000035
00000000
00000000
00000000
00000000
00000000
a061d220
00000002
00000000
00000000
00000000
00000000
00000000
00000000
00000000
00000000
00000000
00000000
00000000
00000000
00000000
00000000
7c13d320
00510082
00ffff06
00000000
00000000
00000000
00000000
00000000
00000000
00000000
00000000
00000000
00000000
00000000
00000000
00000000
46004100
0000fffe
00000000
00000000
00000000
00000000
00000000
00000000
00000000
00000000
00000000
00000000
00000000
00000000
000810f0
00040038
3113d130
03a0fffd
00000000
29a0c112
31513941
e820fffa
a0323003
61490338
000003a0
00000000
00000000
00000000
00000000
00000000
00000000
00000000
00000000
00000000
00000000
00000000
00000000
00000000
00000000
00000000
00000000
00000000
00000000
00000000
00000000
00000000
00000000
00000000
46004140
0000fffe
00000000
00000000
00000000
00000000
00000000
00000000
00000000
00000000
00000000
00000000
00000000
00000000
00000000
00000000
00000b06
00000000
00080400
11112222
e0000000
00080774
00000001
00000000
00081544
00040138
00000000
00000000
8cfff521
0002c012
e400000c
fff22113
2013e720
f1210061
fff151ff
0cfff261
50027d03
06861066
00000000
00000000
00506340
f03d0020
500020f0
b3b6c033
41747014
67344070
6340e513
c0335050
00edb3f6
e2510020
7d030cff
34407002
5050e340
7470c033
f0b3f641
20002030
dd310361
202230ff
21136120
f03dffdc
02c0628c
56000c00
a012fff2
13491001
10134800
a0020020
ffd54100
5113d240
6542ffd5
00300500
00000000
00000000
00000000
00000000
00000000
00000000
00000000
00000000
00000000
00000000
00000000
00000000
00000000
00000000
00000000
00000000
00000000
00000000
00000000
00000000
00000000
00000000
00000000
00000000
00000000
00000000
00000000
00000000
00000000
00000000
00000000
00000000
00000000
00000000
00000000
00000000
00000000
00000000
00000000
00000000
00000000
00000000
00000000
00000000
00000000
00000000
00000000
00000000
00000000
00000000
00000000
00000000
00000000
00000000
00000000
00000000
00000000
00000000
00000000
00000000
00000000
00000000
00000000
00000000
00000000
00000000
00000000
00000000
00000000
00000000
00000000
00000000
00000000
00000000
00000000
00000000
00000000
00000000
00000000
00000000
00000000
00000000
00000000
00000000
00000000
00000000
00000000
00000000
00000000
00000000
00000000
00000000
00000000
00000000
00000000
00000000
00000000
00000000
00000000
00000000
00000000
00000000
00000000
00000000
00000000
00000000
00000000
00000000
00000000
00000000
00000000
00000000
00000000
00000000
00000000
00000000
00000000
00000000
00000000
00000000
00000000
00000000
00000000
00000000
00000000
00000000
00000000
00000000
00000000
00000000
00000000
00000000
00000000
00000000
00000000
00000000
00000000
00000000
00080bcc
0008170c
00000000
00044000
00040020
00000000
00040018
00040028
00000000
00040220
00040224
00000000
00040228
00080ac0
00081794
00040248
00000000
00040004
00000000
00040230
00040258
0004025c
00042260
00040250
ffffe022
00040000
0008172c
fffbfff0
00042270
00040030
00042274
00040028
00000000
0004237c
00042284
00040000
00050021
c0000000
00040140
80000000
000400b0
0008177c
00042780
00040138
00050022
80000007
0004000c
00080b98
81008136
f03dffcf
810008e0
f03dffce
1d0008e0
000000f0
cb21000c
ffcb11ff
c0004216
000c0002
30ffca31
201013e6
ffc84100
d0004416
000c0004
71ffc761
b677ffc7
ffc64142
6100d416
c371ffc3
0004d0ff
0b86000c
98068800
80668b16
6a27c0a9
4b080903
076a3788
68020809
08c88201
7641a4a0
08090a9a
28091809
c8823809
d0367710
6100bf55
b671ffb6
002662ff
16ffb641
eb5000e4
34505003
8c55558c
00030600
ffb18100
a1ffb291
8295ffb2
ffab6100
68ffac71
ffac8106
41000b55
a416ffaa
03eb5000
8c345050
00bb5515
00008215
21004136
0232ffa8
4823ec00
4b043812
49738c44
0003e012
00fffbc6
a1ffa331
438cffa3
e0ffa181
130c0008
1d004232
000000f0
21004136
9ca1ff9e
ff9db1ff
9b81428c
0008e0ff
0000f01d
1000a020
00044404
00044190
00044110
00044090
00044010
1002e028
00044004
00044024
00044025
00044084
00044080
00044180
000440a4
000440a5
00044104
00044124
00044125
00044184
000441a4
000441a5
c1006136
0a0cffea
af250d0c
ffa02200
860282a7
20a00046
02222674
21012486
e441ffe4
ffe4a1ff
31ffe5d1
a152ffe5
1c1e1c11
60161c1f
a0721155
0ea0821e
2011ee70
668011ff
6f807611
980020c0
1c690702
c2000fb2
4cb6fecb
00210602
b00003b2
cbb244b0
0043b260
690020c0
1c691705
b2ffd9b1
cbc2000b
7b4cf6fe
b0000db2
cbb244b0
004db260
e90020c0
24692705
8041a4b2
0bb211bb
fecbc200
b26c4cf6
b0b0000a
60cbb244
c0004ab2
1b1c0020
b911bb60
03e93705
00ffe246
92ffc791
c9b20009
534bf6fe
90000492
c9924490
00449260
1c0020c0
11995019
d9860599
029b87ff
77ffdd06
db86029b
0003b2ff
8644b0b0
0000ffdb
87801b77
de86029b
000db2ff
8644b0b0
0000ffde
878f1b77
0ab28c1b
44b0b000
00ffe306
87a81977
0492a519
44909000
00ffe946
ffa4c100
a07568a0
70a07438
0c0a0c75
009ba50d
0c2ca152
e25a5034
f0c0f620
87209356
e24a40c0
a0921c0c
93478080
0e0c0d0c
31590f0c
00000906
ffa3e100
4822020c
004e2200
1e0cdd1b
220020c0
a06211a1
11226011
1b116650
006262ff
210020c0
161cff87
78116620
04d41602
66042070
37860214
37f2ac00
24661abd
143f5717
6620161c
b2062811
315800af
1b1022b0
29dd1bee
0020c006
1c11a122
11226016
1b116680
006262ff
86026717
6727002f
003b0602
46a46737
1b1c0047
bb20420c
34707011
8276060c
40160068
005e5767
bd37a12c
a20b8842
049d040b
5774c080
6edc193f
9c47e40c
130b8212
1e0cdd1b
4b82881b
4d1c0c13
00060609
1966094d
303f5733
2c66deec
82080c2b
dd1b125b
a0c21e0c
80a09201
80348020
32801188
0020c0ca
6011a122
ff1b1122
661b0289
c986bb9a
921c0cff
246680a0
d73f57da
5000af52
31581088
1b044ba2
89dd1bee
fff0c60b
170a8256
41860267
02672700
37005946
bc8602e7
0071c6ff
18bd3700
57152466
4b61123f
00afb2ff
06283158
dd1bee1b
291022b0
0020c006
1c11a122
11226016
1b116670
270269ff
c48602e7
1bbd37ff
57182466
a462153f
11668041
afb20628
b0315800
ee1b1022
0629dd1b
220020c0
161c11a1
60112260
ff1b1166
e7370269
ffa0c602
46023d37
2426ff9a
ff98c602
4602bf57
2f61ff97
00afb2ff
06283158
dd1bee1b
291022b0
ff91c606
2148bd37
0668ff24
22ff24a1
3f570002
608edc1b
28667480
ff20e113
4a22020c
004e2200
1e0cdd1b
00000806
1b246600
81183f57
afa2ff18
1c315800
0048221b
201066a0
ee1b112b
0269dd1b
220020c0
161c11a1
80112260
ff1b1166
e7170269
ffbe0602
2149bd37
0e61ff0e
ff0fa1ff
68000222
1b3f5706
80608edc
13286674
0cff0ce1
004a2202
1b004e22
861e0cdd
00000007
57192466
0181163f
ff01b1ff
5800afa2
1066a031
1b004822
69dd1bee
0020c00b
1c11a122
11226016
1b116670
270269ff
a64602e7
4fbd37ff
62fefa21
668041a4
00022211
3f570668
60bedc1e
28667480
fef46116
0cfef5e1
00462202
1b004e22
461e0cdd
00000008
571c2466
ec81193f
00afa2fe
a4b23158
00482241
801066a0
ee1b112b
0269dd1b
220020c0
161c11a1
60112260
ff1b1166
e7370269
ff49c602
46023d37
e121ff43
feda61fe
22fee181
26620002
0b3f5700
60008e56
27667470
ff380602
46022426
bf57ff3a
ff38c602
b1fed771
afa2fed0
a0315800
47221066
1bee1b00
460b69dd
020cff32
0000f01d
2603e830
d1300543
00411003
0984c132
29131903
59434923
79636953
99838973
b9a3a993
d9c3c9b3
f9e3e9d3
03d120f3
00203329
10632203
22030120
02201163
12632203
22030320
e6201363
14632203
2203b120
020c1563
00130220
40210020
210239fe
0239fe40
11f0c122
0208fe3f
12080109
22081109
32082109
c1123109
fe3a0110
63220028
03e22016
3003e430
72161022
6030200a
31102320
220bfe35
1b203320
08003922
10330010
0113e430
0008fe2c
2f310008
13e630fe
20002010
24206040
1fa04210
2040f220
2a41c044
0004d0fe
38fe2331
14234203
1013e640
22510020
162322fe
15580529
20102250
1d2113e4
020208fe
12081b63
081c6302
1d630222
63023208
5843481e
78636853
98838873
b8a3a893
d8c3c8b3
f8e3e8d3
fe0f21f3
08fe1011
17011802
02190e10
04051318
fe0a3100
f2c60338
142322ff
1013e620
23020020
13b10015
00132302
23021303
13000010
00112302
23021301
13020012
08002000
28131803
00333823
00000030
1b034820
40020022
30034930
33009120
0bf3d6a1
30753830
30202022
10332060
0040f330
20204013
13492091
22034820
32301fc2
134830c0
20002010
a2160349
08e20707
2719e217
22c63ae2
f0c93200
13590349
33792369
10416120
f7064080
f0cd32ff
13590349
33792369
38f4c532
e0c33203
13990389
33b923a9
2041a220
ee064080
408010ff
09f0cdd2
291d190d
323d392d
0338f4c1
3210cdd2
0349d0c3
23691359
43893379
63a95399
80f073b9
41e32040
c6408030
0000ffe0
20408010
12000348
00120c40
4920a122
00201013
f00d020c
f00d120c
1122f000
3001c222
e2770348
f0330b0a
62771122
243030f7
80401300
22300132
74202081
30134920
022c0303
30c03230
20101348
0d220c00
000000f0
61002136
e650fdbc
60004d03
221b1025
1013e620
ed450020
50040dff
201013e6
00f01d00
8c004136
fdb32153
02390338
49fdb321
0007a502
05e0158c
00f01d00
31004136
2316fd9f
003d2500
41fdad31
2352fdad
01246201
a5160478
a0565004
582cb677
f9f61b05
0005e014
04681458
f51b1378
f918b567
a0657014
06e00668
fff9c600
0349440b
58a05450
0005e005
13580348
48fec456
fd9b5123
648c13a8
9981458c
0008e0fd
01e502ad
00000000
21004136
9631fd96
51140cfd
0239fd96
591c6342
00f01d13
ad004136
00302502
91217159
03b130fd
3961e620
12112901
201060c1
fd8d4100
30203430
c1369044
fd8be100
c003e2f0
1ed803e4
c010ffc0
31d90303
c9080f16
7c812921
40ffc0f2
00fd85f1
f0f0400c
3022f091
f0fd83d1
ccd013e3
1a2cd2b0
f80063f0
d01ed90e
e4f010ff
00201013
d00060f0
00f00302
d091d903
a1f90301
2cd2b1d9
20f11000
0df01ce8
e891d800
d0b1f8a1
00e01302
1301f013
f0fd6fe1
63d003e2
c80ed800
10ddc031
5610ffd0
8128021f
c2016ec2
e4d00221
0061d013
d1fd6901
03c0fd64
2000d013
d0900d00
f01d0061
c140ffd0
cdc0fd62
1b2ce2b0
e010ff20
5ce110ff
f58f56fd
00fd5cf1
d0f0400d
1b2cf291
f013e3d0
22d02022
ffd60630
09fd5921
fd5801b2
0008c219
d200e239
09f24961
03b130d2
3903e840
30424932
523903ee
4903d140
52801c62
62621062
12627211
92136282
62a21462
1662b215
d21762c2
62e21862
1a62f219
a2f8c082
802020c2
fdb05640
30408020
48400349
49123903
0c130c22
13493004
10134840
3c110020
21000cfd
e620fd3d
00201013
e90303e0
0302e001
00e081e9
e091e903
a1e90301
c003e2f0
2d2c03e4
d010ffc0
bf1610ff
60e0f002
e010eef0
2bc113e3
40fee0fd
d2b0cec0
2c62002c
000dd001
c003e2f0
2d2c03e4
d010ffc0
3f5610ff
e881d8fd
d0a1f891
00e01302
1301f013
03f001f8
20223c13
201013e6
32112800
49200221
13483013
11002010
a062fd1a
e0c17218
f2f8c6e2
ff4820c7
62102f52
2f72112f
132f8212
a2142f92
2fb2152f
40802016
42fdc656
27521727
19276218
201a2772
31284080
b1204138
13e83013
ee205128
30613813
b10813d1
e138d128
3210c118
00000000
2003b130
333b0301
200c9237
628c0302
0220220b
03003013
b1304128
56513813
61320442
12614211
31136152
e620fcf2
13e63003
1203b130
201060c1
36040c00
01f50081
fcf4e100
f01d0cea
0c13e620
10a54802
b1300020
58953813
003000b5
fd006136
7cf01d0f
60c112f2
00003000
31004136
c322fcea
320228fc
0226f8c3
0002e00a
c3320328
f40266fc
0000f01d
1d004136
000000f0
c0004136
04280020
0000f01d
1d004136
000000f0
d0002136
023d0020
120c034d
2d005100
0041f004
c6007f00
0000fffa
51384128
1060c112
30000041
00000000
f0002136
f01d0041
05381528
2813e620
10654845
b1300020
58553813
00300075
81008136
f03dfcc9
1d0008e0
000000f0
00000000
00000000
00000000
00000000
00000000
00000000
00000000
00000000
00000000
00000000
00000000
00000000
00000000
00000000
00000000
00000000
00000000
00000000
00000000
00000000
00000000
00000000
00000000
00000000
00000000
00000000
00000000
00000000
00000000
00000000
00000000
00000000
00000000
00000000
00000000
00000000
00000000
00000000
00000000
00000000
00000000
00000000
00000000
00000000
00000000
00000000
00000000
00000000
00000000
00000000
00000000
00000000
00000000
00000000
00000000
00000000
00000000
00000000
00000000
00000000
00000000
00000000
00000000
00000000
00000000
00000000
00000000
00000000
00000000
00000000
00000000
00000000
00000000
00000000
00000000
00000000
00000000
00000000
00000000
00000000
00000000
00000000
00000000
00000000
00000000
00000000
00000000
00000000
00000000
00000000
00000000
00000000
00000000
00000000
00000000
00000000
00000000
00000000
00000000
00000000
00000000
00000000
00000000
00000000
00000000
00000000
00000000
00000000
00000000
00000000
00000000
00000000
00000000
00000000
00000000
00000000
00000000
00000000
00000000
00000000
00000000
00000000
00000000
00000000
00000000
00000000
00000000
00000000
00000000
00000000
00000000
00000000
00000000
00000000
00000000
00000000
00000000
00000000
00000000
00000000
00000000
00000000
00000000
00000000
00000000
00000000
00000000
00000000
00000000
00000000
00000000
00000000
00000000
00000000
00000000
00000000
00000000
00000000
00000000
00000000
00000000
00000000
00000000
00000000
00000000
00000000
00000000
00000000
00000000
00000000
00000000
00000000
00000000
00000000
00000000
00000000
00000000
00000000
00000000
00000000
00000000
00000000
00000000
00000000
00000000
00000000
00000000
00000000
00000000
00000000
00000000
00000000
00000000
00000000
00000000
00000000
00000000
00000000
00000000
00000000
00000000
00000000
00000000
00000000
00000000
00000000
00000000
00000000
00000000
00000000
00000000
00000000
00000000
00000000
00000000
00000000
00000000
00000000
00000000
00000000
00000000
00000000
00000000
00000000
00000000
00000000
00000000
00000000
00000000
00000000
00000000
00000000
00000000
00000000
00000000
00000000
00000000
00000000
00000000
00000000
00000000
00000000
00000000
00000000
00000000
00000000
00000000
00000000
00000000
00000000
00000000
00000000
00000000
00000000
00000000
00000000
00000000
00000000
00000000
00000000
00000000
00000000
00000000
00000000
00000000
00000000
00000000
00000000
00000000
00000000
00000000
00000000
00000000
00000000
00000000
00000000
00000000
00000000
00000000
00000000
00000000
00000000
00000000
00000000
00000000
00000000
00000000
00000000
00000000
00000000
00000000
00000000
00000000
00000000
00000000
00000000
00000000
00000000
00000000
00000000
00000000
00000000
00000000
00000000
00000000
00000000
00000000
00000000
00000000
00000000
00000000
00000000
00000000
00000000
00000000
00000000
00000000
00000000
00000000
00000000
00000000
00000000
00000000
00000000
00000000
00000000
00000000
00000000
00000000
00000000
00000000
00000000
00000000
00000000
00000000
00000000
00000000
00000000
00000000
00000000
00000000
00000000
00000000
00000000
00000000
00000000
00000000
00000000
00000000
00000000
00000000
00000000
00000000
00000000
00000000
00000000
00000000
00000000
00000000
00000000
00000000
00000000
00000000
00000000
00000000
00000000
00000000
00000000
00000000
00000000
00000000
00000000
00000000
00000000
00000000
00000000
00000000
00000000
00000000
00000000
00000000
00000000
00000000
00000000
00000000
00000000
00000000
00000000
00000000
00000000
00000000
00000000
00000000
00000000
00000000
00000000
00000000
00000000
00000000
00000000
00000000
00000000
00000000
00000000
00000000
00000000
00000000
00000000
00000000
00000000
00000000
00000000
00000000
00000000
00000000
00000000
00000000
00000000
00000000
00000000
00000000
00000000
00000000
00000000
00000000
00000000
00000000
00000000
00000000
00000000
00000000
00000000
00000000
00000000
00000000
00000000
00000000
00000000
00000000
00000000
00000000
00000000
00000000
00000000
00000000
00000000
00000000
00000000
00000000
00000000
00000000
00000000
00000000
00000000
00000000
00000000
00000000
00000000
00000000
00000000
00000000
00000000
00000000
00000000
00000000
00000000
00000000
00000000
00000000
00000000
00000000
00000000
00000000
00000000
00000000
00000000
00000000
00000000
00000000
00000000
00000000
00000000
00000000
00000000
00000000
00000000
00000000
00000000
00000000
00000000
00000000
00000000
00000000
00000000
00000000
00000000
00000000
00000000
00000000
00000000
00000000
00000000
00000000
00000000
00000000
00000000
00000000
00000000
00000000
00000000
00000000
00000000
00000000
00000000
00000000
00000000
00000000
00000000
00000000
00000000
00000000
00000000
00000000
00000000
00000000
00000000
00000000
00000000
00000000
00000000
00000000
00000000
00000000
00000000
00000000
00000000
00000000
00000000
00000000
00000000
00000000
00000000
00000000
00000000
00000000
00000000
00000000
00000000
00000000
00000000
00000000
00000000
00000000
00000000
00000000
00000000
00000000
00000000
00000000
00000000
00000000
00000000
00000000
00000000
00000000
00000000
00000000
00000000
00000000
00000000
00000000
00000000
00000000
00000000
00000000
00000000
00000000
00000000
00000000
00000000
00000000
00000000
00000000
00000000
00000000
00000000
00000000
00000000
00000000
00000000
00000000
00000000
00000000
00000000
00000000
00000000
00000000
00000000
00000000
00000000
00000000
00000000
00000000
00000000
00000000
00000000
00000000
00000000
00000000
00000000
00000000
00000000
00000000
00000000
00000000
00000000
00000000
00000000
00000000
00000000
00000000
00000000
00000000
00000000
00000000
00000000
00000000
00000000
00000000
00000000
00000000
00000000
00000000
00000000
00000000
00000000
00000000
00000000
00000000
00000000
00000000
00000000
00000000
00000000
00000000
00000000
00000000
00000000
00000000
00000000
00000000
00000000
00000000
00000000
00000000
00000000
00000000
00000000
00000000
00000000
00000000
00000000
00000000
00000000
00000000
00000000
00000000
00000000
00000000
00000000
00000000
00000000
00000000
00000000
00000000
00000000
00000000
00000000
00000000
00000000
00000000
00000000
00000000
00000000
00000000
00000000
00000000
00000000
00000000
00000000
00000000
00000000
00000000
00000000
00000000
00000000
00000000
00000000
00000000
00000000
00000000
00000000
00000000
00000000
00000000
00000000
00000000
00000000
00000000
00000000
00000000
00000000
00000000
00000000
00000000
00000000
00000000
00000000
00000000
00000000
00000000
00000000
00000000
00000000
00000000
00000000
00000000
00000000
00000000
00000000
00000000
00000000
00000000
00000000
00000000
00000000
00000000
00000000
00000000
00000000
00000000
00000000
00000000
00000000
00000000
00000000
00000000
00000000
00000000
00000000
00000000
00000000
00000000
00000000
00000000
00000000
00000000
00000000
00000000
00000000
00000000
00000000
00000000
00000000
00000000
00000000
00000000
00000000
00000000
00000000
00000000
00000000
00000000
00000000
00000000
00000000
00000000
00000000
00000000
00000000
00000000
00000000
00000000
00000000
00000000
00000000
00000000
00000000
00000000
00000000
00000000
00000000
00000000
00000000
00000000
00000000
00000000
00000000
00000000
00000000
00000000
00000000
00000000
00000000
00000000
00000000
00000000
00000000
00000000
00000000
00000000
00000000
00000000
00000000
00000000
00000000
00000000
00000000
00000000
00000000
00000000
00000000
00000000
00000000
00000000
00000000
00000000
00000000
00000000
00000000
00000000
00000000
00000000
00000000
00000000
00000000
00000000
00000000
00000000
00000000
00000000
00000000
00000000
00000000
00000000
00000000
00000000
00000000
00000000
00000000
00000000
00000000
00000000
00000000
00000000
00000000
00000000
00000000
00000000
00000000
00000000
00000000
00000000
00000000
00000000
00000000
00000000
00000000
00000000
00000000
00000000
00000000
00000000
00000000
00000000
00000000
00000000
00000000
00000000
00000000
00000000
00000000
00000000
00000000
00000000
00000000
00000000
00000000
00000000
00000000
00000000
00000000
00000000
00000000
00000000
00000000
00000000
00000000
00000000
00000000
00000000
00000000
00000000
00000000
00000000
00000000
00000000
00000000
00000000
00000000
00000000
00000000
00000000
00000000
00000000
00000000
00000000
00000000
00000000
00000000
00000000
00000000
00000000
00000000
00000000
00000000
00000000
00000000
00000000
00000000
00000000
00000000
00000000
00000000
00000000
00000000
00000000
00000000
00000000
00000000
00000000
00000000
00000000
00000000
00000000
00000000
00000000
00000000
00000000
00000000
00000000
00000000
00000000
00000000
00000000
00000000
00000000
00000000
00000000
00000000
00000000
00000000
00000000
00000000
00000000
00000000
00000000
00000000
00000000
00000000
00000000
00000000
00000000
00000000
00000000
00000000
00000000
00000000
00000000
00000000
00000000
00000000
00000000
00000000
00000000
00000000
00000000
00000000
00000000
00000000
00000000
00000000
00000000
00000000
00000000
00000000
00000000
00000000
00000000
00000000
00000000
00000000
00000000
00000000
00000000
00000000
00000000
00000000
00000000
00000000
00000000
00000000
00000000
00000000
00000000
00000000
00000000
00000000
00000000
00000000
00000000
00000000
00000000
00000000
00000000
00000000
00000000
00000000
00000000
00000000
00000000
00000000
00000000
00000000
00000000
00000000
00000000
00000000
00000000
00000000
00000000
00000000
00000000
00000000
00000000
00000000
00000000
00000000
00000000
00000000
00000000
00000000
00000000
00000000
00000000
00000000
00000000
00000000
00000000
00000000
00000000
00000000
00000000
00000000
00000000
00000000
00000000
00000000
00000000
00000000
00000000
00000000
00000000
00000000
00000000
00000000
00000000
00000000
00000000
00000000
00000000
00000000
00000000
00000000
00000000
00000000
00000000
00000000
00000000
00000000
00000000
00000000
00000000
00000000
00000000
00000000
00000000
00000000
00000000
00000000
00000000
00000000
00000000
00000000
00000000
00000000
00000000
00000000
00000000
00000000
00000000
00000000
00000000
00000000
00000000
00000000
00000000
00000000
00000000
00000000
00000000
00000000
00000000
00000000
00000000
00000000
00000000
00000000
00000000
00000000
00000000
00000000
00000000
00000000
00000000
00000000
00000000
00000000
00000000
00000000
00000000
00000000
00000000
00000000
00000000
00000000
00000000
00000000
00000000
00000000
00000000
00000000
00000000
00000000
00000000
00000000
00000000
00000000
00000000
00000000
00000000
00000000
00000000
00000000
00000000
00000000
00000000
00000000
00000000
00000000
00000000
00000000
00000000
00000000
00000000
00000000
00000000
00000000
00000000
00000000
00000000
00000000
00000000
00000000
00000000
00000000
00000000
00000000
00000000
00000000
00000000
00000000
00000000
00000000
00000000
00000000
00000000
00000000
00000000
00000000
00000000
00000000
00000000
00000000
00000000
00000000
00000000
00000000
00000000
00000000
00000000
00000000
00000000
00000000
00000000
00000000
00000000
00000000
00000000
00000000
00000000
00000000
00000000
00000000
00000000
00000000
00000000
00000000
00000000
00000000
00000000
00000000
00000000
00000000
00000000
00000000
00000000
00000000
00000000
00000000
00000000
00000000
00000000
00000000
00000000
00000000
00000000
00000000
00000000
00000000
00000000
00000000
00000000
00000000
00000000
00000000
00000000
00000000
00000000
00000000
00000000
00000000
00000000
00000000
00000000
00000000
00000000
00000000
00000000
00000000
00000000
00000000
00000000
00000000
00000000
00000000
00000000
00000000
00000000
00000000
00000000
00000000
00000000
00000000
00000000
00000000
00000000
00000000
00000000
00000000
00000000
00000000
00000000
00000000
00000000
00000000
00000000
00000000
00000000
00000000
00000000
00000000
00000000
00000000
00000000
00000000
00000000
00000000
00000000
00000000
00000000
00000000
00000000
00000000
00000000
00000000
00000000
00000000
00000000
00000000
00000000
00000000
00000000
00000000
00000000
00000000
00000000
00000000
00000000
00000000
00000000
00000000
00000000
00000000
00000000
00000000
00000000
00000000
00000000
00000000
00000000
00000000
00000000
00000000
00000000
00000000
00000000
00000000
00000000
00000000
00000000
00000000
00000000
00000000
00000000
00000000
00000000
00000000
00000000
00000000
00000000
00000000
00000000
00000000
00000000
00000000
00000000
00000000
00000000
00000000
00000000
00000000
00000000
00000000
00000000
00000000
00000000
00000000
00000000
00000000
00000000
00000000
00000000
00000000
00000000
00000000
00000000
00000000
00000000
00000000
00000000
00000000
00000000
00000000
00000000
00000000
00000000
00000000
00000000
00000000
00000000
00000000
00000000
00000000
00000000
00000000
00000000
00000000
00000000
00000000
00000000
00000000
00000000
00000000
00000000
00000000
00000000
00000000
00000000
00000000
00000000
00000000
00000000
00000000
00000000
00000000
00000000
00000000
00000000
00000000
00000000
00000000
00000000
00000000
00000000
00000000
00000000
00000000
00000000
00000000
00000000
00000000
00000000
00000000
00000000
00000000
00000000
00000000
00000000
00000000
00000000
00000000
00000000
00000000
00000000
00000000
00000000
00000000
00000000
00000000
00000000
00000000
00000000
00000000
00000000
00000000
00000000
00000000
00000000
00000000
00000000
00000000
00000000
00000000
00000000
00000000
00000000
00000000
00000000
00000000
00000000
00000000
00000000
00000000
00000000
00000000
00000000
00000000
00000000
00000000
00000000
00000000
00000000
00000000
00000000
00000000
00000000
00000000
00000000
00000000
00000000
00000000
00000000
00000000
00000000
00000000
00000000
00000000
00000000
00000000
00000000
00000000
00000000
00000000
00000000
00000000
00000000
00000000
00000000
00000000
00000000
00000000
00000000
00000000
00000000
00000000
00000000
00000000
00000000
00000000
00000000
00000000
00000000
00000000
00000000
00000000
00000000
00000000
00000000
00000000
00000000
00000000
00000000
00000000
00000000
00000000
00000000
00000000
00000000
00000000
00000000
00000000
00000000
00000000
00000000
00000000
00000000
00000000
00000000
00000000
00000000
00000000
00000000
00000000
00000000
00000000
00000000
00000000
00000000
00000000
00000000
00000000
00000000
00000000
00000000
00000000
00000000
00000000
00000000
00000000
00000000
00000000
00000000
00000000
00000000
00000000
00000000
00000000
00000000
00000000
00000000
00000000
00000000
00000000
00000000
00000000
00000000
00000000
00000000
00000000
00000000
00000000
00000000
00000000
00000000
00000000
00000000
00000000
00000000
00000000
00000000
00000000
00000000
00000000
00000000
00000000
00000000
00000000
00000000
00000000
00000000
00000000
00000000
00000000
00000000
00000000
00000000
00000000
00000000
00000000
00000000
00000000
00000000
00000000
00000000
00000000
00000000
00000000
00000000
00000000
00000000
00000000
00000000
00000000
00000000
00000000
00000000
00000000
00000000
00000000
00000000
00000000
00000000
00000000
00000000
00000000
00000000
00000000
00000000
00000000
00000000
00000000
00000000
00000000
00000000
00000000
00000000
00000000
00000000
00000000
00000000
00000000
00000000
00000000
00000000
00000000
00000000
00000000
00000000
00000000
00000000
00000000
00000000
00000000
00000000
00000000
00000000
00000000
00000000
00000000
00000000
00000000
00000000
00000000
00000000
00000000
00000000
00000000
00000000
00000000
00000000
00000000
00000000
00000000
00000000
00000000
00000000
00000000
00000000
00000000
00000000
00000000
00000000
00000000
00000000
00000000
00000000
00000000
00000000
00000000
00000000
00000000
00000000
00000000
00000000
00000000
00000000
00000000
00000000
00000000
00000000
00000000
00000000
00000000
00000000
00000000
00000000
00000000
00000000
00000000
00000000
00000000
00000000
00000000
00000000
00000000
00000000
00000000
00000000
00000000
00000000
00000000
00000000
00000000
00000000
00000000
00000000
00000000
00000000
00000000
00000000
00000000
00000000
00000000
00000000
00000000
00000000
00000000
00000000
00000000
00000000
00000000
00000000
00000000
00000000
00000000
00000000
00000000
00000000
00000000
00000000
00000000
00000000
00000000
00000000
00000000
00000000
00000000
00000000
00000000
00000000
00000000
00000000
00000000
00000000
00000000
00000000
00000000
00000000
00000000
00000000
00000000
00000000
00000000
00000000
00000000
00000000
00000000
00000000
00000000
00000000
00000000
00000000
00000000
00000000
00000000
00000000
00000000
00000000
00000000
00000000
00000000
00000000
00000000
00000000
00000000
00000000
00000000
00000000
00000000
00000000
00000000
00000000
00000000
00000000
00000000
00000000
00000000
00000000
00000000
00000000
00000000
00000000
00000000
00000000
00000000
00000000
00000000
00000000
00000000
00000000
00000000
00000000
00000000
00000000
00000000
00000000
00000000
00000000
00000000
00000000
00000000
00000000
00000000
00000000
00000000
00000000
00000000
00000000
00000000
00000000
00000000
00000000
00000000
00000000
00000000
00000000
00000000
00000000
00000000
00000000
00000000
00000000
00000000
00000000
00000000
00000000
00000000
00000000
00000000
00000000
00000000
00000000
00000000
00000000
00000000
00000000
00000000
00000000
00000000
00000000
00000000
00000000
00000000
00000000
00000000
00000000
00000000
00000000
00000000
00000000
00000000
00000000
00000000
00000000
00000000
00000000
00000000
00000000
00000000
00000000
00000000
00000000
00000000
00000000
00000000
00000000
00000000
00000000
00000000
00000000
00000000
00000000
00000000
00000000
00000000
00000000
00000000
00000000
00000000
00000000
00000000
00000000
00000000
00000000
00000000
00000000
00000000
00000000
00000000
00000000
00000000
00000000
00000000
00000000
00000000
00000000
00000000
00000000
00000000
00000000
00000000
00000000
00000000
00000000
00000000
00000000
00000000
00000000
00000000
00000000
00000000
00000000
00000000
00000000
00000000
00000000
00000000
00000000
00000000
00000000
00000000
00000000
00000000
00000000
00000000
00000000
00000000
00000000
00000000
00000000
00000000
00000000
00000000
00000000
00000000
00000000
00000000
00000000
00000000
00000000
00000000
00000000
00000000
00000000
00000000
00000000
00000000
00000000
00000000
00000000
00000000
00000000
00000000
00000000
00000000
00000000
00000000
00000000
00000000
00000000
00000000
00000000
00000000
00000000
00000000
00000000
00000000
00000000
00000000
00000000
00000000
00000000
00000000
00000000
00000000
00000000
00000000
00000000
00000000
00000000
00000000
00000000
00000000
00000000
00000000
00000000
00000000
00000000
00000000
00000000
00000000
00000000
00000000
00000000
00000000
00000000
00000000
00000000
00000000
00000000
00000000
00000000
00000000
00000000
00000000
00000000
00000000
00000000
00000000
00000000
00000000
00000000
00000000
00000000
00000000
00000000
00000000
00000000
00000000
00000000
00000000
00000000
00000000
00000000
00000000
00000000
00000000
00000000
00000000
00000000
00000000
00000000
00000000
00000000
00000000
00000000
00000000
00000000
00000000
00000000
00000000
00000000
00000000
00000000
00000000
00000000
00000000
00000000
00000000
00000000
00000000
00000000
00000000
00000000
00000000
00000000
00000000
00000000
00000000
00000000
00000000
00000000
00000000
00000000
00000000
00000000
00000000
00000000
00000000
00000000
00000000
00000000
00000000
00000000
00000000
00000000
00000000
00000000
00000000
00000000
00000000
00000000
00000000
00000000
00000000
00000000
00000000
00000000
00000000
00000000
00000000
00000000
00000000
00000000
00000000
00000000
00000000
00000000
00000000
00000000
00000000
00000000
00000000
00000000
00000000
00000000
00000000
00000000
00000000
00000000
00000000
00000000
00000000
00000000
00000000
00000000
00000000
00000000
00000000
00000000
00000000
00000000
00000000
00000000
00000000
00000000
00000000
00000000
00000000
00000000
00000000
00000000
00000000
00000000
00000000
00000000
00000000
00000000
00000000
00000000
00000000
00000000
00000000
00000000
00000000
00000000
00000000
00000000
00000000
00000000
00000000
00000000
00000000
00000000
00000000
00000000
00000000
00000000
00000000
00000000
00000000
00000000
00000000
00000000
00000000
00000000
00000000
00000000
00000000
00000000
00000000
00000000
00000000
00000000
00000000
00000000
00000000
00000000
00000000
00000000
00000000
00000000
00000000
00000000
00000000
00000000
00000000
00000000
00000000
00000000
00000000
00000000
00000000
00000000
00000000
00000000
00000000
00000000
00000000
00000000
00000000
00000000
00000000
00000000
00000000
00000000
00000000
00000000
00000000
00000000
00000000
00000000
00000000
00000000
00000000
00000000
00000000
00000000
00000000
00000000
00000000
00000000
00000000
00000000
00000000
00000000
00000000
00000000
00000000
00000000
00000000
00000000
00000000
00000000
00000000
00000000
00000000
00000000
00000000
00000000
00000000
00000000
00000000
00000000
00000000
00000000
00000000
00000000
00000000
00000000
00000000
00000000
00000000
00000000
00000000
00000000
00000000
00000000
00000000
00000000
00000000
00000000
00000000
00000000
00000000
00000000
00000000
00000000
00000000
00000000
00000000
00000000
00000000
00000000
00000000
00000000
00000000
00000000
00000000
00000000
00000000
00000000
00000000
00000000
00000000
00000000
00000000
00000000
00000000
00000000
00000000
00000000
00000000
00000000
00000000
00000000
00000000
00000000
00000000
00000000
00000000
00000000
00000000
00000000
00000000
00000000
00000000
00000000
00000000
00000000
00000000
00000000
00000000
00000000
00000000
00000000
00000000
00000000
00000000
00000000
00000000
00000000
00000000
00000000
00000000
00000000
00000000
00000000
00000000
00000000
00000000
00000000
00000000
00000000
00000000
00000000
00000000
00000000
00000000
00000000
00000000
00000000
00000000
00000000
00000000
00000000
00000000
00000000
00000000
00000000
00000000
00000000
00000000
00000000
00000000
00000000
00000000
00000000
00000000
00000000
00000000
00000000
00000000
00000000
00000000
00000000
00000000
00000000
00000000
00000000
00000000
00000000
00000000
00000000
00000000
00000000
00000000
00000000
00000000
00000000
00000000
00000000
00000000
00000000
00000000
00000000
00000000
00000000
00000000
00000000
00000000
00000000
00000000
00000000
00000000
00000000
00000000
00000000
00000000
00000000
00000000
00000000
00000000
00000000
00000000
00000000
00000000
00000000
00000000
00000000
00000000
00000000
00000000
00000000
00000000
00000000
00000000
00000000
00000000
00000000
00000000
00000000
00000000
00000000
00000000
00000000
00000000
00000000
00000000
00000000
00000000
00000000
00000000
00000000
00000000
00000000
00000000
00000000
00000000
00000000
00000000
00000000
00000000
00000000
00000000
00000000
00000000
00000000
00000000
00000000
00000000
00000000
00000000
00000000
00000000
00000000
00000000
00000000
00000000
00000000
00000000
00000000
00000000
00000000
00000000
00000000
00000000
00000000
00000000
00000000
00000000
00000000
00000000
00000000
00000000
00000000
00000000
00000000
00000000
00000000
00000000
00000000
00000000
00000000
00000000
00000000
00000000
00000000
00000000
00000000
00000000
00000000
00000000
00000000
00000000
00000000
00000000
00000000
00000000
00000000
00000000
00000000
00000000
00000000
00000000
00000000
00000000
00000000
00000000
00000000
00000000
00000000
00000000
00000000
00000000
00000000
00000000
00000000
00000000
00000000
00000000
00000000
00000000
00000000
00000000
00000000
00000000
00000000
00000000
00000000
00000000
00000000
00000000
00000000
00000000
00000000
00000000
00000000
00000000
00000000
00000000
00000000
00000000
00000000
00000000
00000000
00000000
00000000
00000000
00000000
00000000
00000000
00000000
00000000
00000000
00000000
00000000
00000000
00000000
00000000
00000000
00000000
00000000
00000000
00000000
00000000
00000000
00000000
00000000
00000000
00000000
00000000
00000000
00000000
00000000
00000000
00000000
00000000
00000000
00000000
00000000
00000000
00000000
00000000
00000000
00000000
00000000
00000000
00000000
00000000
00000000
00000000
00000000
00000000
00000000
00000000
00000000
00000000
00000000
00000000
00000000
00000000
00000000
00000000
00000000
00000000
00000000
00000000
00000000
00000000
00000000
00000000
00000000
00000000
00000000
00000000
00000000
00000000
00000000
00000000
00000000
00000000
00000000
00000000
00000000
00000000
00000000
00000000
00000000
00000000
00000000
00000000
00000000
00000000
00000000
00000000
00000000
00000000
00000000
00000000
00000000
00000000
00000000
00000000
00000000
00000000
00000000
00000000
00000000
00000000
00000000
00000000
00000000
00000000
00000000
00000000
00000000
00000000
00000000
00000000
00000000
00000000
00000000
00000000
00000000
00000000
00000000
00000000
00000000
00000000
00000000
00000000
00000000
00000000
00000000
00000000
00000000
00000000
00000000
00000000
00000000
00000000
00000000
00000000
00000000
00000000
00000000
00000000
00000000
00000000
00000000
00000000
00000000
00000000
00000000
00000000
00000000
00000000
00000000
00000000
00000000
00000000
00000000
00000000
00000000
00000000
00000000
00000000
00000000
00000000
00000000
00000000
00000000
00000000
00000000
00000000
00000000
00000000
00000000
00000000
00000000
00000000
00000000
00000000
00000000
00000000
00000000
00000000
00000000
00000000
00000000
00000000
00000000
00000000
00000000
00000000
00000000
00000000
00000000
00000000
00000000
00000000
00000000
00000000
00000000
00000000
00000000
00000000
00000000
00000000
00000000
00000000
00000000
00000000
00000000
00000000
00000000
00000000
00000000
00000000
00000000
00000000
00000000
00000000
00000000
00000000
00000000
00000000
00000000
00000000
00000000
00000000
00000000
00000000
00000000
00000000
00000000
00000000
00000000
00000000
00000000
00000000
00000000
00000000
00000000
00000000
00000000
00000000
00000000
00000000
00000000
00000000
00000000
00000000
00000000
00000000
00000000
00000000
00000000
00000000
00000000
00000000
00000000
00000000
00000000
00000000
00000000
00000000
00000000
00000000
00000000
00000000
00000000
00000000
00000000
00000000
00000000
00000000
00000000
00000000
00000000
00000000
00000000
00000000
00000000
00000000
00000000
00000000
00000000
00000000
00000000
00000000
00000000
00000000
00000000
00000000
00000000
00000000
00000000
00000000
00000000
00000000
00000000
00000000
00000000
00000000
00000000
00000000
00000000
00000000
00000000
00000000
00000000
00000000
00000000
00000000
00000000
00000000
00000000
00000000
00000000
00000000
00000000
00000000
00000000
00000000
00000000
00000000
00000000
00000000
00000000
00000000
00000000
00000000
00000000
00000000
00000000
00000000
00000000
00000000
00000000
00000000
00000000
00000000
00000000
00000000
00000000
00000000
00000000
00000000
00000000
00000000
00000000
00000000
00000000
00000000
00000000
00000000
00000000
00000000
00000000
00000000
00000000
00000000
00000000
00000000
00000000
00000000
00000000
00000000
00000000
00000000
00000000
00000000
00000000
00000000
00000000
00000000
00000000
00000000
00000000
00000000
00000000
00000000
00000000
00000000
00000000
00000000
00000000
00000000
00000000
00000000
00000000
00000000
00000000
00000000
00000000
00000000
00000000
00000000
00000000
00000000
00000000
00000000
00000000
00000000
00000000
00000000
00000000
00000000
00000000
00000000
00000000
00000000
00000000
00000000
00000000
00000000
00000000
00000000
00000000
00000000
00000000
00000000
00000000
00000000
00000000
00000000
00000000
00000000
00000000
00000000
00000000
00000000
00000000
00000000
00000000
00000000
00000000
00000000
00000000
00000000
00000000
00000000
00000000
00000000
00000000
00000000
00000000
00000000
00000000
00000000
00000000
00000000
00000000
00000000
00000000
00000000
00000000
00000000
00000000
00000000
00000000
00000000
00000000
00000000
00000000
00000000
00000000
00000000
00000000
00000000
00000000
00000000
00000000
00000000
00000000
00000000
00000000
00000000
00000000
00000000
00000000
00000000
00000000
00000000
00000000
00000000
00000000
00000000
00000000
00000000
00000000
00000000
00000000
00000000
00000000
00000000
00000000
00000000
00000000
00000000
00000000
00000000
00000000
00000000
00000000
00000000
00000000
00000000
00000000
00000000
00000000
00000000
00000000
00000000
00000000
00000000
00000000
00000000
00000000
00000000
00000000
00000000
00000000
00000000
00000000
00000000
00000000
00000000
00000000
00000000
00000000
00000000
00000000
00000000
00000000
00000000
00000000
00000000
00000000
00000000
00000000
00000000
00000000
00000000
00000000
00000000
00000000
00000000
00000000
00000000
00000000
00000000
00000000
00000000
00000000
00000000
00000000
00000000
00000000
00000000
00000000
00000000
00000000
00000000
00000000
00000000
00000000
00000000
00000000
00000000
00000000
00000000
00000000
00000000
00000000
00000000
00000000
00000000
00000000
00000000
00000000
00000000
00000000
00000000
00000000
00000000
00000000
00000000
00000000
00000000
00000000
00000000
00000000
00000000
00000000
00000000
00000000
00000000
00000000
00000000
00000000
00000000
00000000
00000000
00000000
00000000
00000000
00000000
00000000
00000000
00000000
00000000
00000000
00000000
00000000
00000000
00000000
00000000
00000000
00000000
00000000
00000000
00000000
00000000
00000000
00000000
00000000
00000000
00000000
00000000
00000000
00000000
00000000
00000000
00000000
00000000
00000000
00000000
00000000
00000000
00000000
00000000
00000000
00000000
00000000
00000000
00000000
00000000
00000000
00000000
00000000
00000000
00000000
00000000
00000000
00000000
00000000
00000000
00000000
00000000
00000000
00000000
00000000
00000000
00000000
00000000
00000000
00000000
00000000
00000000
00000000
00000000
00000000
00000000
00000000
00000000
00000000
00000000
00000000
00000000
00000000
00000000
00000000
00000000
00000000
00000000
00000000
00000000
00000000
00000000
00000000
00000000
00000000
00000000
00000000
00000000
00000000
00000000
00000000
00000000
00000000
00000000
00000000
00000000
00000000
00000000
00000000
00000000
00000000
00000000
00000000
00000000
00000000
00000000
00000000
00000000
00000000
00000000
00000000
00000000
00000000
00000000
00000000
00000000
00000000
00000000
00000000
00000000
00000000
00000000
00000000
00000000
00000000
00000000
00000000
00000000
00000000
00000000
00000000
00000000
00000000
00000000
00000000
00000000
00000000
00000000
00000000
00000000
00000000
00000000
00000000
00000000
00000000
00000000
00000000
00000000
00000000
00000000
00000000
00000000
00000000
00000000
00000000
00000000
00000000
00000000
00000000
00000000
00000000
00000000
00000000
00000000
00000000
00000000
00000000
00000000
00000000
00000000
00000000
00000000
00000000
00000000
00000000
00000000
00000000
00000000
00000000
00000000
00000000
00000000
00000000
00000000
00000000
00000000
00000000
00000000
00000000
00000000
00000000
00000000
00000000
00000000
00000000
00000000
00000000
00000000
00000000
00000000
00000000
00000000
00000000
00000000
00000000
00000000
00000000
00000000
00000000
00000000
00000000
00000000
00000000
00000000
00000000
00000000
00000000
00000000
00000000
00000000
00000000
00000000
00000000
00000000
00000000
00000000
00000000
00000000
00000000
00000000
00000000
00000000
00000000
00000000
00000000
00000000
00000000
00000000
00000000
00000000
00000000
00000000
00000000
00000000
00000000
00000000
00000000
00000000
00000000
00000000
00000000
00000000
00000000
00000000
00000000
00000000
00000000
00000000
00000000
00000000
00000000
00000000
00000000
00000000
00000000
00000000
00000000
00000000
00000000
00000000
00000000
00000000
00000000
00000000
00000000
00000000
00000000
00000000
00000000
00000000
00000000
00000000
00000000
00000000
00000000
00000000
00000000
00000000
00000000
00000000
00000000
00000000
00000000
00000000
00000000
00000000
00000000
00000000
00000000
00000000
00000000
00000000
00000000
00000000
00000000
00000000
00000000
00000000
00000000
00000000
00000000
00000000
00000000
00000000
00000000
00000000
00000000
00000000
00000000
00000000
00000000
00000000
00000000
00000000
00000000
00000000
00000000
00000000
00000000
00000000
00000000
00000000
00000000
00000000
00000000
00000000
00000000
00000000
00000000
00000000
00000000
00000000
00000000
00000000
00000000
00000000
00000000
00000000
00000000
00000000
00000000
00000000
00000000
00000000
00000000
00000000
00000000
00000000
00000000
00000000
00000000
00000000
00000000
00000000
00000000
00000000
00000000
00000000
00000000
00000000
00000000
00000000
00000000
00000000
00000000
00000000
00000000
00000000
00000000
00000000
00000000
00000000
00000000
00000000
00000000
00000000
00000000
00000000
00000000
00000000
00000000
00000000
00000000
00000000
00000000
00000000
00000000
00000000
00000000
00000000
00000000
00000000
00000000
00000000
00000000
00000000
00000000
00000000
00000000
00000000
00000000
00000000
00000000
00000000
00000000
00000000
00000000
00000000
00000000
00000000
00000000
00000000
00000000
00000000
00000000
00000000
00000000
00000000
00000000
00000000
00000000
00000000
00000000
00000000
00000000
00000000
00000000
00000000
00000000
00000000
00000000
00000000
00000000
00000000
00000000
00000000
00000000
00000000
00000000
00000000
00000000
00000000
00000000
00000000
00000000
00000000
00000000
00000000
00000000
00000000
00000000
00000000
00000000
00000000
00000000
00000000
00000000
00000000
00000000
00000000
00000000
00000000
00000000
00000000
00000000
00000000
00000000
00000000
00000000
00000000
00000000
00000000
00000000
00000000
00000000
00000000
00000000
00000000
00000000
00000000
00000000
00000000
00000000
00000000
00000000
00000000
00000000
00000000
00000000
00000000
00000000
00000000
00000000
00000000
00000000
00000000
00000000
00000000
00000000
00000000
00000000
00000000
00000000
00000000
00000000
00000000
00000000
00000000
00000000
00000000
00000000
00000000
00000000
00000000
00000000
00000000
00000000
00000000
00000000
00000000
00000000
00000000
00000000
00000000
00000000
00000000
00000000
00000000
00000000
00000000
00000000
00000000
00000000
00000000
00000000
00000000
00000000
00000000
00000000
00000000
00000000
00000000
00000000
00000000
00000000
00000000
00000000
00000000
00000000
00000000
00000000
00000000
00000000
00000000
00000000
00000000
00000000
00000000
00000000
00000000
00000000
00000000
00000000
00000000
00000000
00000000
00000000
00000000
00000000
00000000
00000000
00000000
00000000
00000000
00000000
00000000
00000000
00000000
00000000
00000000
00000000
00000000
00000000
00000000
00000000
00000000
00000000
00000000
00000000
00000000
00000000
00000000
00000000
00000000
00000000
00000000
00000000
00000000
00000000
00000000
00000000
00000000
00000000
00000000
00000000
00000000
00000000
00000000
00000000
00000000
00000000
00000000
00000000
00000000
00000000
00000000
00000000
00000000
00000000
00000000
00000000
00000000
00000000
00000000
00000000
00000000
00000000
00000000
00000000
00000000
00000000
00000000
00000000
00000000
00000000
00000000
00000000
00000000
00000000
00000000
00000000
00000000
00000000
00000000
00000000
00000000
00000000
00000000
00000000
00000000
00000000
00000000
00000000
00000000
00000000
00000000
00000000
00000000
00000000
00000000
00000000
00000000
00000000
00000000
00000000
00000000
00000000
00000000
00000000
00000000
00000000
00000000
00000000
00000000
00000000
00000000
00000000
00000000
00000000
00000000
00000000
00000000
00000000
00000000
00000000
00000000
00000000
00000000
00000000
00000000
00000000
00000000
00000000
00000000
00000000
00000000
00000000
00000000
00000000
00000000
00000000
00000000
00000000
00000000
00000000
00000000
00000000
00000000
00000000
00000000
00000000
00000000
00000000
00000000
00000000
00000000
00000000
00000000
00000000
00000000
00000000
00000000
00000000
00000000
00000000
00000000
00000000
00000000
00000000
00000000
00000000
00000000
00000000
00000000
00000000
00000000
00000000
00000000
00000000
00000000
00000000
00000000
00000000
00000000
00000000
00000000
00000000
00000000
00000000
00000000
00000000
00000000
00000000
00000000
00000000
00000000
00000000
00000000
00000000
00000000
00000000
00000000
00000000
00000000
00000000
00000000
00000000
00000000
00000000
00000000
00000000
00000000
00000000
00000000
00000000
00000000
00000000
00000000
00000000
00000000
00000000
00000000
00000000
00000000
00000000
00000000
00000000
00000000
00000000
00000000
00000000
00000000
00000000
00000000
00000000
00000000
00000000
00000000
00000000
00000000
00000000
00000000
00000000
00000000
00000000
00000000
00000000
00000000
00000000
00000000
00000000
00000000
00000000
00000000
00000000
00000000
00000000
00000000
00000000
00000000
00000000
00000000
00000000
00000000
00000000
00000000
00000000
00000000
00000000
00000000
00000000
00000000
00000000
00000000
00000000
00000000
00000000
00000000
00000000
00000000
00000000
00000000
00000000
00000000
00000000
00000000
00000000
00000000
00000000
00000000
00000000
00000000
00000000
00000000
00000000
00000000
00000000
00000000
00000000
00000000
00000000
00000000
00000000
00000000
00000000
00000000
00000000
00000000
00000000
00000000
00000000
00000000
00000000
00000000
00000000
00000000
00000000
00000000
00000000
00000000
00000000
00000000
00000000
00000000
00000000
00000000
00000000
00000000
00000000
00000000
00000000
00000000
00000000
00000000
00000000
00000000
00000000
00000000
00000000
00000000
00000000
00000000
00000000
00000000
00000000
00000000
00000000
00000000
00000000
00000000
00000000
00000000
00000000
00000000
00000000
00000000
00000000
00000000
00000000
00000000
00000000
00000000
00000000
00000000
00000000
00000000
00000000
00000000
00000000
00000000
00000000
00000000
00000000
00000000
00000000
00000000
00000000
00000000
00000000
00000000
00000000
00000000
00000000
00000000
00000000
00000000
00000000
00000000
00000000
00000000
00000000
00000000
00000000
00000000
00000000
00000000
00000000
00000000
00000000
00000000
00000000
00000000
00000000
00000000
00000000
00000000
00000000
00000000
00000000
00000000
00000000
00000000
00000000
00000000
00000000
00000000
00000000
00000000
00000000
00000000
00000000
00000000
00000000
00000000
00000000
00000000
00000000
00000000
00000000
00000000
00000000
00000000
00000000
00000000
00000000
00000000
00000000
00000000
00000000
00000000
00000000
00000000
00000000
00000000
00000000
00000000
00000000
00000000
00000000
00000000
00000000
00000000
00000000
00000000
00000000
00000000
00000000
00000000
00000000
00000000
00000000
00000000
00000000
00000000
00000000
00000000
00000000
00000000
00000000
00000000
00000000
00000000
00000000
00000000
00000000
00000000
00000000
00000000
00000000
00000000
00000000
00000000
00000000
00000000
00000000
00000000
00000000
00000000
00000000
00000000
00000000
00000000
00000000
00000000
00000000
00000000
00000000
00000000
00000000
00000000
00000000
00000000
00000000
00000000
00000000
00000000
00000000
00000000
00000000
00000000
00000000
00000000
00000000
00000000
00000000
00000000
00000000
00000000
00000000
00000000
00000000
00000000
00000000
00000000
00000000
00000000
00000000
00000000
00000000
00000000
00000000
00000000
00000000
00000000
00000000
00000000
00000000
00000000
00000000
00000000
00000000
00000000
00000000
00000000
00000000
00000000
00000000
00000000
00000000
00000000
00000000
00000000
00000000
00000000
00000000
00000000
00000000
00000000
00000000
00000000
00000000
00000000
00000000
00000000
00000000
00000000
00000000
00000000
00000000
00000000
00000000
00000000
00000000
00000000
00000000
00000000
00000000
00000000
00000000
00000000
00000000
00000000
00000000
00000000
00000000
00000000
00000000
00000000
00000000
00000000
00000000
00000000
00000000
00000000
00000000
00000000
00000000
00000000
00000000
00000000
00000000
00000000
00000000
00000000
00000000
00000000
00000000
00000000
00000000
00000000
00000000
00000000
00000000
00000000
00000000
00000000
00000000
00000000
00000000
00000000
00000000
00000000
00000000
00000000
00000000
00000000
00000000
00000000
00000000
00000000
00000000
00000000
00000000
00000000
00000000
00000000
00000000
00000000
00000000
00000000
00000000
00000000
00000000
00000000
00000000
00000000
00000000
00000000
00000000
00000000
00000000
00000000
00000000
00000000
00000000
00000000
00000000
00000000
00000000
00000000
00000000
00000000
00000000
00000000
00000000
00000000
00000000
00000000
00000000
00000000
00000000
00000000
00000000
00000000
00000000
00000000
00000000
00000000
00000000
00000000
00000000
00000000
00000000
00000000
00000000
00000000
00000000
00000000
00000000
00000000
00000000
00000000
00000000
00000000
00000000
00000000
00000000
00000000
00000000
00000000
00000000
00000000
00000000
00000000
00000000
00000000
00000000
00000000
00000000
00000000
00000000
00000000
00000000
00000000
00000000
00000000
00000000
00000000
00000000
00000000
00000000
00000000
00000000
00000000
00000000
00000000
00000000
00000000
00000000
00000000
00000000
00000000
00000000
00000000
00000000
00000000
00000000
00000000
00000000
00000000
00000000
00000000
00000000
00000000
00000000
00000000
00000000
00000000
00000000
00000000
00000000
00000000
00000000
00000000
00000000
00000000
00000000
00000000
00000000
00000000
00000000
00000000
00000000
00000000
00000000
00000000
00000000
00000000
00000000
00000000
00000000
00000000
00000000
00000000
00000000
00000000
00000000
00000000
00000000
00000000
00000000
00000000
00000000
00000000
00000000
00000000
00000000
00000000
00000000
00000000
00000000
00000000
00000000
00000000
00000000
00000000
00000000
00000000
00000000
00000000
00000000
00000000
00000000
00000000
00000000
00000000
00000000
00000000
00000000
00000000
00000000
00000000
00000000
00000000
00000000
00000000
00000000
00000000
00000000
00000000
00000000
00000000
00000000
00000000
00000000
00000000
00000000
00000000
00000000
00000000
00000000
00000000
00000000
00000000
00000000
00000000
00000000
00000000
00000000
00000000
00000000
00000000
00000000
00000000
00000000
00000000
00000000
00000000
00000000
00000000
00000000
00000000
00000000
00000000
00000000
00000000
00000000
00000000
00000000
00000000
00000000
00000000
00000000
00000000
00000000
00000000
00000000
00000000
00000000
00000000
00000000
00000000
00000000
00000000
00000000
00000000
00000000
00000000
00000000
00000000
00000000
00000000
00000000
00000000
00000000
00000000
00000000
00000000
00000000
00000000
00000000
00000000
00000000
00000000
00000000
00000000
00000000
00000000
00000000
00000000
00000000
00000000
00000000
00000000
00000000
00000000
00000000
00000000
00000000
00000000
00000000
00000000
00000000
00000000
00000000
00000000
00000000
00000000
00000000
00000000
00000000
00000000
00000000
00000000
00000000
00000000
00000000
00000000
00000000
00000000
00000000
00000000
00000000
00000000
00000000
00000000
00000000
00000000
00000000
00000000
00000000
00000000
00000000
00000000
00000000
00000000
00000000
00000000
00000000
00000000
00000000
00000000
00000000
00000000
00000000
00000000
00000000
00000000
00000000
00000000
00000000
00000000
00000000
00000000
00000000
00000000
00000000
00000000
00000000
00000000
00000000
00000000
00000000
00000000
00000000
00000000
00000000
00000000
00000000
00000000
00000000
00000000
00000000
00000000
00000000
00000000
00000000
00000000
00000000
00000000
00000000
00000000
00000000
00000000
00000000
00000000
00000000
00000000
00000000
00000000
00000000
00000000
00000000
00000000
00000000
00000000
00000000
00000000
00000000
00000000
00000000
00000000
00000000
00000000
00000000
00000000
00000000
00000000
00000000
00000000
00000000
00000000
00000000
00000000
00000000
00000000
00000000
00000000
00000000
00000000
00000000
00000000
00000000
00000000
00000000
00000000
00000000
00000000
00000000
00000000
00000000
00000000
00000000
00000000
00000000
00000000
00000000
00000000
00000000
00000000
00000000
00000000
00000000
00000000
00000000
00000000
00000000
00000000
00000000
00000000
00000000
00000000
00000000
00000000
00000000
00000000
00000000
00000000
00000000
00000000
00000000
00000000
00000000
00000000
00000000
00000000
00000000
00000000
00000000
00000000
00000000
00000000
00000000
00000000
00000000
00000000
00000000
00000000
00000000
00000000
00000000
00000000
00000000
00000000
00000000
00000000
00000000
00000000
00000000
00000000
00000000
00000000
00000000
00000000
00000000
00000000
00000000
00000000
00000000
00000000
00000000
00000000
00000000
00000000
00000000
00000000
00000000
00000000
00000000
00000000
00000000
00000000
00000000
00000000
00000000
00000000
00000000
00000000
00000000
00000000
00000000
00000000
00000000
00000000
00000000
00000000
00000000
00000000
00000000
00000000
00000000
00000000
00000000
00000000
00000000
00000000
00000000
00000000
00000000
00000000
00000000
00000000
00000000
00000000
00000000
00000000
00000000
00000000
00000000
00000000
00000000
00000000
00000000
00000000
00000000
00000000
00000000
00000000
00000000
00000000
00000000
00000000
00000000
00000000
00000000
00000000
00000000
00000000
00000000
00000000
00000000
00000000
00000000
00000000
00000000
00000000
00000000
00000000
00000000
00000000
00000000
00000000
00000000
00000000
00000000
00000000
00000000
00000000
00000000
00000000
00000000
00000000
00000000
00000000
00000000
00000000
00000000
00000000
00000000
00000000
00000000
00000000
00000000
00000000
00000000
00000000
00000000
00000000
00000000
00000000
00000000
00000000
00000000
00000000
00000000
00000000
00000000
00000000
00000000
00000000
00000000
00000000
00000000
00000000
00000000
00000000
00000000
00000000
00000000
00000000
00000000
00000000
00000000
00000000
00000000
00000000
00000000
00000000
00000000
00000000
00000000
00000000
00000000
00000000
00000000
00000000
00000000
00000000
00000000
00000000
00000000
00000000
00000000
00000000
00000000
00000000
00000000
00000000
00000000
00000000
00000000
00000000
00000000
00000000
00000000
00000000
00000000
00000000
00000000
00000000
00000000
00000000
00000000
00000000
00000000
00000000
00000000
00000000
00000000
00000000
00000000
00000000
00000000
00000000
00000000
00000000
00000000
00000000
00000000
00000000
00000000
00000000
00000000
00000000
00000000
00000000
00000000
00000000
00000000
00000000
00000000
00000000
00000000
00000000
00000000
00000000
00000000
00000000
00000000
00000000
00000000
00000000
00000000
00000000
00000000
00000000
00000000
00000000
00000000
00000000
00000000
00000000
00000000
00000000
00000000
00000000
00000000
00000000
00000000
00000000
00000000
00000000
00000000
00000000
00000000
00000000
00000000
00000000
00000000
00000000
00000000
00000000
00000000
00000000
00000000
00000000
00000000
00000000
00000000
00000000
00000000
00000000
00000000
00000000
00000000
00000000
00000000
00000000
00000000
00000000
00000000
00000000
00000000
00000000
00000000
00000000
00000000
00000000
00000000
00000000
00000000
00000000
00000000
00000000
00000000
00000000
00000000
00000000
00000000
00000000
00000000
00000000
00000000
00000000
00000000
00000000
00000000
00000000
00000000
00000000
00000000
00000000
00000000
00000000
00000000
00000000
00000000
00000000
00000000
00000000
00000000
00000000
00000000
00000000
00000000
00000000
00000000
00000000
00000000
00000000
00000000
00000000
00000000
00000000
00000000
00000000
00000000
00000000
00000000
00000000
00000000
00000000
00000000
00000000
00000000
00000000
00000000
00000000
00000000
00000000
00000000
00000000
00000000
00000000
00000000
00000000
00000000
00000000
00000000
00000000
00000000
00000000
00000000
00000000
00000000
00000000
00000000
00000000
00000000
00000000
00000000
00000000
00000000
00000000
00000000
00000000
00000000
00000000
00000000
00000000
00000000
00000000
00000000
00000000
00000000
00000000
00000000
00000000
00000000
00000000
00000000
00000000
00000000
00000000
00000000
00000000
00000000
00000000
00000000
00000000
00000000
00000000
00000000
00000000
00000000
00000000
00000000
00000000
00000000
00000000
00000000
00000000
00000000
00000000
00000000
00000000
00000000
00000000
00000000
00000000
00000000
00000000
00000000
00000000
00000000
00000000
00000000
00000000
00000000
00000000
00000000
00000000
00000000
00000000
00000000
00000000
00000000
00000000
00000000
00000000
00000000
00000000
00000000
00000000
00000000
00000000
00000000
00000000
00000000
00000000
00000000
00000000
00000000
00000000
00000000
00000000
00000000
00000000
00000000
00000000
00000000
00000000
00000000
00000000
00000000
00000000
00000000
00000000
00000000
00000000
00000000
00000000
00000000
00000000
00000000
00000000
00000000
00000000
00000000
00000000
00000000
00000000
00000000
00000000
00000000
00000000
00000000
00000000
00000000
00000000
00000000
00000000
00000000
00000000
00000000
00000000
00000000
00000000
00000000
00000000
00000000
00000000
00000000
00000000
00000000
00000000
00000000
00000000
00000000
00000000
00000000
00000000
00000000
00000000
00000000
00000000
00000000
00000000
00000000
00000000
00000000
00000000
00000000
00000000
00000000
00000000
00000000
00000000
00000000
00000000
00000000
00000000
00000000
00000000
00000000
00000000
00000000
00000000
00000000
00000000
00000000
00000000
00000000
00000000
00000000
00000000
00000000
00000000
00000000
00000000
00000000
00000000
00000000
00000000
00000000
00000000
00000000
00000000
00000000
00000000
00000000
00000000
00000000
00000000
00000000
00000000
00000000
00000000
00000000
00000000
00000000
00000000
00000000
00000000
00000000
00000000
00000000
00000000
00000000
00000000
00000000
00000000
00000000
00000000
00000000
00000000
00000000
00000000
00000000
00000000
00000000
00000000
00000000
00000000
00000000
00000000
00000000
00000000
00000000
00000000
00000000
00000000
00000000
00000000
00000000
00000000
00000000
00000000
00000000
00000000
00000000
00000000
00000000
00000000
00000000
00000000
00000000
00000000
00000000
00000000
00000000
00000000
00000000
00000000
00000000
00000000
00000000
00000000
00000000
00000000
00000000
00000000
00000000
00000000
00000000
00000000
00000000
00000000
00000000
00000000
00000000
00000000
00000000
00000000
00000000
00000000
00000000
00000000
00000000
00000000
00000000
00000000
00000000
00000000
00000000
00000000
00000000
00000000
00000000
00000000
00000000
00000000
00000000
00000000
00000000
00000000
00000000
00000000
00000000
00000000
00000000
00000000
00000000
00000000
00000000
00000000
00000000
00000000
00000000
00000000
00000000
00000000
00000000
00000000
00000000
00000000
00000000
00000000
00000000
00000000
00000000
00000000
00000000
00000000
00000000
00000000
00000000
00000000
00000000
00000000
00000000
00000000
00000000
00000000
00000000
00000000
00000000
00000000
00000000
00000000
00000000
00000000
00000000
00000000
00000000
00000000
00000000
00000000
00000000
00000000
00000000
00000000
00000000
00000000
00000000
00000000
00000000
00000000
00000000
00000000
00000000
00000000
00000000
00000000
00000000
00000000
00000000
00000000
00000000
00000000
00000000
00000000
00000000
00000000
00000000
00000000
00000000
00000000
00000000
00000000
00000000
00000000
00000000
00000000
00000000
00000000
00000000
00000000
00000000
00000000
00000000
00000000
00000000
00000000
00000000
00000000
00000000
00000000
00000000
00000000
00000000
00000000
00000000
00000000
00000000
00000000
00000000
00000000
00000000
00000000
00000000
00000000
00000000
00000000
00000000
00000000
00000000
00000000
00000000
00000000
00000000
00000000
00000000
00000000
00000000
00000000
00000000
00000000
00000000
00000000
00000000
00000000
00000000
00000000
00000000
00000000
00000000
00000000
00000000
00000000
00000000
00000000
00000000
00000000
00000000
00000000
00000000
00000000
00000000
00000000
00000000
00000000
00000000
00000000
00000000
00000000
00000000
00000000
00000000
00000000
00000000
00000000
00000000
00000000
00000000
00000000
00000000
00000000
00000000
00000000
00000000
00000000
00000000
00000000
00000000
00000000
00000000
00000000
00000000
00000000
00000000
00000000
00000000
00000000
00000000
00000000
00000000
00000000
00000000
00000000
00000000
00000000
00000000
00000000
00000000
00000000
00000000
00000000
00000000
00000000
00000000
00000000
00000000
00000000
00000000
00000000
00000000
00000000
00000000
00000000
00000000
00000000
00000000
00000000
00000000
00000000
00000000
00000000
00000000
00000000
00000000
00000000
00000000
00000000
00000000
00000000
00000000
00000000
00000000
00000000
00000000
00000000
00000000
00000000
00000000
00000000
00000000
00000000
00000000
00000000
00000000
00000000
00000000
00000000
00000000
00000000
00000000
00000000
00000000
00000000
00000000
00000000
00000000
00000000
00000000
00000000
00000000
00000000
00000000
00000000
00000000
00000000
00000000
00000000
00000000
00000000
00000000
00000000
00000000
00000000
00000000
00000000
00000000
00000000
00000000
00000000
00000000
00000000
00000000
00000000
00000000
00000000
00000000
00000000
00000000
00000000
00000000
00000000
00000000
00000000
00000000
00000000
00000000
00000000
00000000
00000000
00000000
00000000
00000000
00000000
00000000
00000000
00000000
00000000
00000000
00000000
00000000
00000000
00000000
00000000
00000000
00000000
00000000
00000000
00000000
00000000
00000000
00000000
00000000
00000000
00000000
00000000
00000000
00000000
00000000
00000000
00000000
00000000
00000000
00000000
00000000
00000000
00000000
00000000
00000000
00000000
00000000
00000000
00000000
00000000
00000000
00000000
00000000
00000000
00000000
00000000
00000000
00000000
00000000
00000000
00000000
00000000
00000000
00000000
00000000
00000000
00000000
00000000
00000000
00000000
00000000
00000000
00000000
00000000
00000000
00000000
00000000
00000000
00000000
00000000
00000000
00000000
00000000
00000000
00000000
00000000
00000000
00000000
00000000
00000000
00000000
00000000
00000000
00000000
00000000
00000000
00000000
00000000
00000000
00000000
00000000
00000000
00000000
00000000
00000000
00000000
00000000
00000000
00000000
00000000
00000000
00000000
00000000
00000000
00000000
00000000
00000000
00000000
00000000
00000000
00000000
00000000
00000000
00000000
00000000
00000000
00000000
00000000
00000000
00000000
00000000
00000000
00000000
00000000
00000000
00000000
00000000
00000000
00000000
00000000
00000000
00000000
00000000
00000000
00000000
00000000
00000000
00000000
00000000
00000000
00000000
00000000
00000000
00000000
00000000
00000000
00000000
00000000
00000000
00000000
00000000
00000000
00000000
00000000
00000000
00000000
00000000
00000000
00000000
00000000
00000000
00000000
00000000
00000000
00000000
00000000
00000000
00000000
00000000
00000000
00000000
00000000
00000000
00000000
00000000
00000000
00000000
00000000
00000000
00000000
00000000
00000000
00000000
00000000
00000000
00000000
00000000
00000000
00000000
00000000
00000000
00000000
00000000
00000000
00000000
00000000
00000000
00000000
00000000
00000000
00000000
00000000
00000000
00000000
00000000
00000000
00000000
00000000
00000000
00000000
00000000
00000000
00000000
00000000
00000000
00000000
00000000
00000000
00000000
00000000
00000000
00000000
00000000
00000000
00000000
00000000
00000000
00000000
00000000
00000000
00000000
00000000
00000000
00000000
00000000
00000000
00000000
00000000
00000000
00000000
00000000
00000000
00000000
00000000
00000000
00000000
00000000
00000000
00000000
00000000
00000000
00000000
00000000
00000000
00000000
00000000
00000000
00000000
00000000
00000000
00000000
00000000
00000000
00000000
00000000
00000000
00000000
00000000
00000000
00000000
00000000
00000000
00000000
00000000
00000000
00000000
00000000
00000000
00000000
00000000
00000000
00000000
00000000
00000000
00000000
00000000
00000000
00000000
00000000
00000000
00000000
00000000
00000000
00000000
00000000
00000000
00000000
00000000
00000000
00000000
00000000
00000000
00000000
00000000
00000000
00000000
00000000
00000000
00000000
00000000
00000000
00000000
00000000
00000000
00000000
00000000
00000000
00000000
00000000
00000000
00000000
00000000
00000000
00000000
00000000
00000000
00000000
00000000
00000000
00000000
00000000
00000000
00000000
00000000
00000000
00000000
00000000
00000000
00000000
00000000
00000000
00000000
00000000
00000000
00000000
00000000
00000000
00000000
00000000
00000000
00000000
00000000
00000000
00000000
00000000
00000000
00000000
00000000
00000000
00000000
00000000
00000000
00000000
00000000
00000000
00000000
00000000
00000000
00000000
00000000
00000000
00000000
00000000
00000000
00000000
00000000
00000000
00000000
00000000
00000000
00000000
00000000
00000000
00000000
00000000
00000000
00000000
00000000
00000000
00000000
00000000
00000000
00000000
00000000
00000000
00000000
00000000
00000000
00000000
00000000
00000000
00000000
00000000
00000000
00000000
00000000
00000000
00000000
00000000
00000000
00000000
00000000
00000000
00000000
00000000
00000000
00000000
00000000
00000000
00000000
00000000
00000000
00000000
00000000
00000000
00000000
00000000
00000000
00000000
00000000
00000000
00000000
00000000
00000000
00000000
00000000
00000000
00000000
00000000
00000000
00000000
00000000
00000000
00000000
00000000
00000000
00000000
00000000
00000000
00000000
00000000
00000000
00000000
00000000
00000000
00000000
00000000
00000000
00000000
00000000
00000000
00000000
00000000
00000000
00000000
00000000
00000000
00000000
00000000
00000000
00000000
00000000
00000000
00000000
00000000
00000000
00000000
00000000
00000000
00000000
00000000
00000000
00000000
00000000
00000000
00000000
00000000
00000000
00000000
00000000
00000000
00000000
00000000
00000000
00000000
00000000
00000000
00000000
00000000
00000000
00000000
00000000
00000000
00000000
00000000
00000000
00000000
00000000
00000000
00000000
00000000
00000000
00000000
00000000
00000000
00000000
00000000
00000000
00000000
00000000
00000000
00000000
00000000
00000000
00000000
00000000
00000000
00000000
00000000
00000000
00000000
00000000
00000000
00000000
00000000
00000000
00000000
00000000
00000000
00000000
00000000
00000000
00000000
00000000
00000000
00000000
00000000
00000000
00000000
00000000
00000000
00000000
00000000
00000000
00000000
00000000
00000000
00000000
00000000
00000000
00000000
00000000
00000000
00000000
00000000
00000000
00000000
00000000
00000000
00000000
00000000
00000000
00000000
00000000
00000000
00000000
00000000
00000000
00000000
00000000
00000000
00000000
00000000
00000000
00000000
00000000
00000000
00000000
00000000
00000000
00000000
00000000
00000000
00000000
00000000
00000000
00000000
00000000
00000000
00000000
00000000
00000000
00000000
00000000
00000000
00000000
00000000
00000000
00000000
00000000
00000000
00000000
00000000
00000000
00000000
00000000
00000000
00000000
00000000
00000000
00000000
00000000
00000000
00000000
00000000
00000000
00000000
00000000
00000000
00000000
00000000
00000000
00000000
00000000
00000000
00000000
00000000
00000000
00000000
00000000
00000000
00000000
00000000
00000000
00000000
00000000
00000000
00000000
00000000
00000000
00000000
00000000
00000000
00000000
00000000
00000000
00000000
00000000
00000000
00000000
00000000
00000000
00000000
00000000
00000000
00000000
00000000
00000000
00000000
00000000
00000000
00000000
00000000
00000000
00000000
00000000
00000000
00000000
00000000
00000000
00000000
00000000
00000000
00000000
00000000
00000000
00000000
00000000
00000000
00000000
00000000
00000000
00000000
00000000
00000000
00000000
00000000
00000000
00000000
00000000
00000000
00000000
00000000
00000000
00000000
00000000
00000000
00000000
00000000
00000000
00000000
00000000
00000000
00000000
00000000
00000000
00000000
00000000
00000000
00000000
00000000
00000000
00000000
00000000
00000000
00000000
00000000
00000000
00000000
00000000
00000000
00000000
00000000
00000000
00000000
00000000
00000000
00000000
00000000
00000000
00000000
00000000
00000000
00000000
00000000
00000000
00000000
00000000
00000000
00000000
00000000
00000000
00000000
00000000
00000000
00000000
00000000
00000000
00000000
00000000
00000000
00000000
00000000
00000000
00000000
00000000
00000000
00000000
00000000
00000000
00000000
00000000
00000000
00000000
00000000
00000000
00000000
00000000
00000000
00000000
00000000
00000000
00000000
00000000
00000000
00000000
00000000
00000000
00000000
00000000
00000000
00000000
00000000
00000000
00000000
00000000
00000000
00000000
00000000
00000000
00000000
00000000
00000000
00000000
00000000
00000000
00000000
00000000
00000000
00000000
00000000
00000000
00000000
00000000
00000000
00000000
00000000
00000000
00000000
00000000
00000000
00000000
00000000
00000000
00000000
00000000
00000000
00000000
00000000
00000000
00000000
00000000
00000000
00000000
00000000
00000000
00000000
00000000
00000000
00000000
ffffffff
00000000
ffffffff
00000000
00042270
000428d0
80000000
80000000
00000040
00000040
00042280
00000000
00081764
0008169c
00081764
00081764
00081448
00080410
00081764
00081764
00081764
00081764
00081764
00081764
00081764
00081764
00081764
00081764
00081764
00081764
00081764
00081764
00081764
00081764
00081764
00081764
00081764
00081764
00081764
00081764
00081764
00081764
00081764
00081764
00081764
00081764
00081764
00081764
00081764
00081764
00081764
00081764
00081764
00081764
00081764
00081764
00081764
00081764
00081764
00081764
00081764
00081764
00081764
00081764
00081764
00081764
00081764
00081764
00081764
00081764
00081764
00081764
00081764
00081764
00081764
00081764
00000000
00000000
00000000
ffffffff
00081774
0000000c
00081774
0000000b
00081774
0000000a
00081774
00000009
00081774
00000008
00081774
00000007
00081774
00000006
00081774
00000005
00081774
00000004
00081774
00000003
00081774
00000002
00081774
00000001
00081774
00000000
ffffe022
00001000
fffff022
00000800
fffff822
00000400
fffffc22
00000200
fffffe22
00000100
ffffff22
00000080
ffffffa2
00000040
ffffffe2
00000020
ffffffe2
00000010
fffffff2
00000008
fffffffa
00000004
fffffffe
00000002
fffffffe
00000001
00000000
00000000
00000001
00040228
00000000
00000000
00000000
00000000
00000000
00000000
00000000
00000000
00000000
00040014
ffffffff
00000040
00000000
00000000
00000000
00000000
00000000
00000000
00000000
00000000
00000000
00000000
00000000
00000000
00000000
00000000
00000000
00000000
00000000
00000000
00000000
00000000
00000000
00000000
00000000
00000000
00000000
00000000
00000000
00000000
00000000
00000000
00000000
00000000
00000000
00000000
00000000
00000000
00000000
00000000
00000000
00000000
00000000
00000000
00000000
00000000
00000000
00000000
00000000
00000000
00000000
00000000
00000000
00000000
00000000
00000000
00000000
00000000
00000000
00000000
00000000
00000000
00000000
00000000
00000000
00000000
00000000
00000000
00000000
00000000
00000000
00000000
00000000
00000000
00000000
00000000
00000000
00000000
00000000
00000000
00000000
00000000
00000000
00000000
00000000
00000000
00000000
00000000
00000000
00000000
00000000
00000000
00000000
00000000
00000000
00000000
00000000
00000000
00000000
00000000
00000000
00000000
00000000
00000000
00000000
00000000
00000000
00000000
00000000
00000000
00000000
00000000
00000000
00000000
00000000
00000000
00000000
00000000
00000000
00000000
00000000
00000000
00000000
00000000
00000000
00000000
00000000
00000000
00000000
00000000
00000000
00000000
00000000
00000000
00000000
00000000
00000000
00000000
00000000
00000000
00000000
00000000
00000000
00000000
00000000
00000000
00000000
00000000
00000000
00000000
00000000
00000000
00000000
00000000
00000000
00000000
00000000
00000000
00000000
00000000
00000000
00000000
00000000
00000000
00000000
00000000
00000000
00000000
00000000
00000000
00000000
00000000
00000000
00000000
00000000
00000000
00000000
00000000
00000000
00000000
00000000
00000000
00000000
00000000
00000000
00000000
00000000
00000000
00000000
00000000
00000000
00000000
00000000
00000000
00000000
00000000
00000000
00000000
00000000
00000000
00000000
00000000
00000000
00000000
00000000
00000000
00000000
00000000
00000000
00000000
00000000
00000000
00000000
00000000
00000000
00000000
00000000
00000000
00000000
00000000
00000000
00000000
00000000
00000000
00000000
00000000
00000000
00000000
00000000
00000000
00000000
00000000
00000000
00000000
00000000
00000000
00000000
00000000
00000000
00000000
00000000
00000000
00000000
00000000
00000000
00000000
00000000
00000000
00000000
00000000
00000000
00000000
00000000
00000000
00000000
00000000
00000000
00000000
00000000
00000000
00000000
00000000
00000000
00000000
00000000
00000000
00000000
00000000
00000000
00000000
00000000
00000000
00000000
00000000
00000000
00000000
00000000
00000000
00000000
00000000
00000000
00000000
00000000
00000000
00000000
00000000
00000000
00000000
00000000
00000000
00000000
00000000
00000000
00000000
00000000
00000000
00000000
00000000
00000000
00000000
00000000
00000000
00000000
00000000
00000000
00000000
00000000
00000000
00000000
00000000
00000000
00000000
00000000
00000000
00000000
00000000
00000000
00000000
00000000
00000000
00000000
00000000
00000000
00000000
00000000
00000000
00000000
00000000
00000000
00000000
00000000
00000000
00000000
00000000
00000000
00000000
00000000
00000000
00000000
00000000
00000000
00000000
00000000
00000000
00000000
00000000
00000000
00000000
00000000
00000000
00000000
00000000
00000000
00000000
00000000
00000000
00000000
00000000
00000000
00000000
00000000
00000000
00000000
00000000
00000000
00000000
00000000
00000000
00000000
00000000
00000000
00000000
00000000
00000000
00000000
00000000
00000000
00000000
00000000
00000000
00000000
00000000
00000000
00000000
00000000
00000000
00000000
00000000
00000000
00000000
00000000
00000000
00000000
00000000
00000000
00000000
00000000
00000000
00000000
00000000
00000000
00000000
00000000
00000000
00000000
00000000
00000000
00000000
00000000
00000000
00000000
00000000
00000000
00000000
00000000
00000000
00000000
00000000
00000000
00000000
00000000
00000000
00000000
00000000
00000000
00000000
00000000
00000000
00000000
00000000
00000000
00000000
00000000
00000000
00000000
00000000
00000000
00000000
00000000
00000000
00000000
00000000
00000000
00000000
00000000
00000000
00000000
00000000
00000000
00000000
00000000
00000000
00000000
00000000
00000000
00000000
00000000
00000000
00000000
00000000
00000000
00000000
00000000
00000000
00000000
00000000
00000000
00000000
00000000
00000000
00000000
00000000
00000000
00000000
00000000
00000000
00000000
00000000
00000000
00000000
00000000
00000000
00000000
00000000
00000000
00000000
00000000
00000000
00000000
00000000
00000000
00000000
00000000
00000000
00000000
00000000
00000000
00000000
00000000
00000000
00000000
00000000
00000000
00000000
00000000
00000000
00000000
00000000
00000000
00000000
00000000
00000000
00000000
00000000
00000000
00000000
00000000
00000000
00000000
00000000
00000000
00000000
00000000
00000000
00000000
00000000
00000000
00000000
00000000
00000000
00000000
00000000
00000000
00000000
00000000
00000000
00000000
00000000
00000000
00000000
00000000
00000000
00000000
00000000
00000000
00000000
00000000
00000000
00000000
00000000
00000000
00000000
00000000
00000000
00000000
00000000
00000000
00000000
00000000
00000000
00000000
00000000
00000000
00000000
00000000
00000000
00000000
00000000
00000000
00000000
00000000
00000000
00000000
00000000
00000000
00000000
00000000
00000000
00000000
00000000
00000000
00000000
00000000
00000000
00000000
00000000
00000000
00000000
00000000
00000000
00000000
00000000
00000000
00000000
00000000
00000000
00000000
00000000
00000000
00000000
00000000
00000000
00000000
00000000
00000000
00000000
00000000
00000000
00000000
00000000
00000000
00000000
00000000
00000000
00000000
00000000
00000000
00000000
00000000
00000000
00000000
00000000
00000000
00000000
00000000
00000000
00000000
00000000
00000000
00000000
00000000
00000000
00000000
00000000
00000000
00000000
00000000
00000000
00000000
00000000
00000000
00000000
00000000
00000000
00000000
00000000
00000000
00000000
00000000
00000000
00000000
00000000
00000000
00000000
00000000
00000000
00000000
00000000
00000000
00000000
00000000
00000000
00000000
00000000
00000000
00000000
00000000
00000000
00000000
00000000
00000000
00000000
00000000
00000000
00000000
00000000
00000000
00000000
00000000
00000000
00000000
00000000
00000000
00000000
00000000
00000000
00000000
00000000
00000000
00000000
00000000
00000000
00000000
00000000
00000000
00000000
00000000
00000000
00000000
00000000
00000000
00000000
00000000
00000000
00000000
00000000
00000000
00000000
00000000
00000000
00000000
00000000
00000000
00000000
00000000
00000000
00000000
00000000
00000000
00000000
00000000
00000000
00000000
00000000
00000000
00000000
00000000
00000000
00000000
00000000
00000000
00000000
00000000
00000000
00000000
00000000
00000000
00000000
00000000
00000000
00000000
00000000
00000000
00000000
00000000
00000000
00000000
00000000
00000000
00000000
00000000
00000000
00000000
00000000
00000000
00000000
00000000
00000000
00000000
00000000
00000000
00000000
00000000
00000000
00000000
00000000
00000000
00000000
00000000
00000000
00000000
00000000
00000000
00000000
00000000
00000000
00000000
00000000
00000000
00000000
00000000
00000000
00000000
00000000
00000000
00000000
00000000
00000000
00000000
00000000
00000000
00000000
00000000
00000000
00000000
00000000
00000000
00000000
00000000
00000000
00000000
00000000
00000000
00000000
00000000
00000000
00000000
00000000
00000000
00000000
00000000
00000000
00000000
00000000
00000000
00000000
00000000
00000000
00000000
00000000
00000000
00000000
00000000
00000000
00000000
00000000
00000000
00000000
00000000
00000000
00000000
00000000
00000000
00000000
00000000
00000000
00000000
00000000
00000000
00000000
00000000
00000000
00000000
00000000
00000000
00000000
00000000
00000000
00000000
00000000
00000000
00000000
00000000
00000000
00000000
00000000
00000000
00000000
00000000
00000000
00000000
00000000
00000000
00000000
00000000
00000000
00000000
00000000
00000000
00000000
00000000
00000000
00000000
00000000
00000000
00000000
00000000
00000000
00000000
00000000
00000000
00000000
00000000
00000000
00000000
00000000
00000000
00000000
00000000
00000000
00000000
00000000
00000000
00000000
00000000
00000000
00000000
00000000
00000000
00000000
00000000
00000000
00000000
00000000
00000000
00000000
00000000
00000000
00000000
00000000
00000000
00000000
00000000
00000000
00000000
00000000
00000000
00000000
00000000
00000000
00000000
00000000
00000000
00000000
00000000
00000000
00000000
00000000
00000000
00000000
00000000
00000000
00000000
00000000
00000000
00000000
00000000
00000000
00000000
00000000
00000000
00000000
00000000
00000000
00000000
00000000
00000000
00000000
00000000
00000000
00000000
00000000
00000000
00000000
00000000
00000000
00000000
00000000
00000000
00000000
00000000
00000000
00000000
00000000
00000000
00000000
00000000
00000000
00000000
00000000
00000000
00000000
00000000
00000000
00000000
00000000
00000000
00000000
00000000
00000000
00000000
00000000
00000000
00000000
00000000
00000000
00000000
00000000
00000000
00000000
00000000
00000000
00000000
00000000
00000000
00000000
00000000
00000000
00000000
00000000
00000000
00000000
00000000
00000000
00000000
00000000
00000000
00000000
00000000
00000000
00000000
00000000
00000000
00000000
00000000
00000000
00000000
00000000
00000000
00000000
00000000
00000000
00000000
00000000
00000000
00000000
00000000
00000000
00000000
00000000
00000000
00000000
00000000
00000000
00000000
00000000
00000000
00000000
00000000
00000000
00000000
00000000
00000000
00000000
00000000
00000000
00000000
00000000
00000000
00000000
00000000
00000000
00000000
00000000
00000000
00000000
00000000
00000000
00000000
00000000
00000000
00000000
00000000
00000000
00000000
00000000
00000000
00000000
00000000
00000000
00000000
00000000
00000000
00000000
00000000
00000000
00000000
00000000
00000000
00000000
00000000
00000000
00000000
00000000
00000000
00000000
00000000
00000000
00000000
00000000
00000000
00000000
00000000
00000000
00000000
00000000
00000000
00000000
00000000
00000000
00000000
00000000
00000000
00000000
00000000
00000000
00000000
00000000
00000000
00000000
00000000
00000000
00000000
00000000
00000000
00000000
00000000
00000000
00000000
00000000
00000000
00000000
00000000
00000000
00000000
00000000
00000000
00000000
00000000
00000000
00000000
00000000
00000000
00000000
00000000
00000000
00000000
00000000
00000000
00000000
00000000
00000000
00000000
00000000
00000000
00000000
00000000
00000000
00000000
00000000
00000000
00000000
00000000
00000000
00000000
00000000
00000000
00000000
00000000
00000000
00000000
00000000
00000000
00000000
00000000
00000000
00000000
00000000
00000000
00000000
00000000
00000000
00000000
00000000
00000000
00000000
00000000
00000000
00000000
00000000
00000000
00000000
00000000
00000000
00000000
00000000
00000000
00000000
00000000
00000000
00000000
00000000
00000000
00000000
00000000
00000000
00000000
00000000
00000000
00000000
00000000
00000000
00000000
00000000
00000000
00000000
00000000
00000000
00000000
00000000
00000000
00000000
00000000
00000000
00000000
00000000
00000000
00000000
00000000
00000000
00000000
00000000
00000000
00000000
00000000
00000000
00000000
00000000
00000000
00000000
00000000
00000000
00000000
00000000
00000000
00000000
00000000
00000000
00000000
00000000
00000000
00000000
00000000
00000000
00000000
00000000
00000000
00000000
00000000
00000000
00000000
00000000
00000000
00000000
00000000
00000000
00000000
00000000
00000000
00000000
00000000
00000000
00000000
00000000
00000000
00000000
00000000
00000000
00000000
00000000
00000000
00000000
00000000
00000000
00000000
00000000
00000000
00000000
00000000
00000000
00000000
00000000
00000000
00000000
00000000
00000000
00000000
00000000
00000000
00000000
00000000
00000000
00000000
00000000
00000000
00000000
00000000
00000000
00000000
00000000
00000000
00000000
00000000
00000000
00000000
00000000
00000000
00000000
00000000
00000000
00000000
00000000
00000000
00000000
00000000
00000000
00000000
00000000
00000000
00000000
00000000
00000000
00000000
00000000
00000000
00000000
00000000
00000000
00000000
00000000
00000000
00000000
00000000
00000000
00000000
00000000
00000000
00000000
00000000
00000000
00000000
00000000
00000000
00000000
00000000
00000000
00000000
00000000
00000000
00000000
00000000
00000000
00000000
00000000
00000000
00000000
00000000
00000000
00000000
00000000
00000000
00000000
00000000
00000000
00000000
00000000
00000000
00000000
00000000
00000000
00000000
00000000
00000000
00000000
00000000
00000000
00000000
00000000
00000000
00000000
00000000
00000000
00000000
00000000
00000000
00000000
00000000
00000000
00000000
00000000
00000000
00000000
00000000
00000000
00000000
00000000
00000000
00000000
00000000
00000000
00000000
00000000
00000000
00000000
00000000
00000000
00000000
00000000
00000000
00000000
00000000
00000000
00000000
00000000
00000000
00000000
00000000
00000000
00000000
00000000
00000000
00000000
00000000
00000000
00000000
00000000
00000000
00000000
00000000
00000000
00000000
00000000
00000000
00000000
00000000
00000000
00000000
00000000
00000000
00000000
00000000
00000000
00000000
00000000
00000000
00000000
00000000
00000000
00000000
00000000
00000000
00000000
00000000
00000000
00000000
00000000
00000000
00000000
00000000
00000000
00000000
00000000
00000000
00000000
00000000
00000000
00000000
00000000
00000000
00000000
00000000
00000000
00000000
00000000
00000000
00000000
00000000
00000000
00000000
00000000
00000000
00000000
00000000
00000000
00000000
00000000
00000000
00000000
00000000
00000000
00000000
00000000
00000000
00000000
00000000
00000000
00000000
00000000
00000000
00000000
00000000
00000000
00000000
00000000
00000000
00000000
00000000
00000000
00000000
00000000
00000000
00000000
00000000
00000000
00000000
00000000
00000000
00000000
00000000
00000000
00000000
00000000
00000000
00000000
00000000
00000000
00000000
00000000
00000000
00000000
00000000
00000000
00000000
00000000
00000000
00000000
00000000
00000000
00000000
00000000
00000000
00000000
00000000
00000000
00000000
00000000
00000000
00000000
00000000
00000000
00000000
00000000
00000000
00000000
00000000
00000000
00000000
00000000
00000000
00000000
00000000
00000000
00000000
00000000
00000000
00000000
00000000
00000000
00000000
00000000
00000000
00000000
00000000
00000000
00000000
00000000
00000000
00000000
00000000
00000000
00000000
00000000
00000000
00000000
00000000
00000000
00000000
00000000
00000000
00000000
00000000
00000000
00000000
00000000
00000000
00000000
00000000
00000000
00000000
00000000
00000000
00000000
00000000
00000000
00000000
00000000
00000000
00000000
00000000
00000000
00000000
00000000
00000000
00000000
00000000
00000000
00000000
00000000
00000000
00000000
00000000
00000000
00000000
00000000
00000000
00000000
00000000
00000000
00000000
00000000
00000000
00000000
00000000
00000000
00000000
00000000
00000000
00000000
00000000
00000000
00000000
00000000
00000000
00000000
00000000
00000000
00000000
00000000
00000000
00000000
00000000
00000000
00000000
00000000
00000000
00000000
00000000
00000000
00000000
00000000
00000000
00000000
00000000
00000000
00000000
00000000
00000000
00000000
00000000
00000000
00000000
00000000
00000000
00000000
00000000
00000000
00000000
00000000
00000000
00000000
00000000
00000000
00000000
00000000
00000000
00000000
00000000
00000000
00000000
00000000
00000000
00000000
00000000
00000000
00000000
00000000
00000000
00000000
00000000
00000000
00000000
00000000
00000000
00000000
00000000
00000000
00000000
00000000
00000000
00000000
00000000
00000000
00000000
00000000
00000000
00000000
00000000
00000000
00000000
00000000
00000000
00000000
00000000
00000000
00000000
00000000
00000000
00000000
00000000
00000000
00000000
00000000
00000000
00000000
00000000
00000000
00000000
00000000
00000000
00000000
00000000
00000000
00000000
00000000
00000000
00000000
00000000
00000000
00000000
00000000
00000000
00000000
00000000
00000000
00000000
00000000
00000000
00000000
00000000
00000000
00000000
00000000
00000000
00000000
00000000
00000000
00000000
00000000
00000000
00000000
00000000
00000000
00000000
00000000
00000000
00000000
00000000
00000000
00000000
00000000
00000000
00000000
00000000
00000000
00000000
00000000
00000000
00000000
00000000
00000000
00000000
00000000
00000000
00000000
00000000
00000000
00000000
00000000
00000000
00000000
00000000
00000000
00000000
00000000
00000000
00000000
00000000
00000000
00000000
00000000
00000000
00000000
00000000
00000000
00000000
00000000
00000000
00000000
00000000
00000000
00000000
00000000
00000000
00000000
00000000
00000000
00000000
00000000
00000000
00000000
00000000
00000000
00000000
00000000
00000000
00000000
00000000
00000000
00000000
00000000
00000000
00000000
00000000
00000000
00000000
00000000
00000000
00000000
00000000
00000000
00000000
00000000
00000000
00000000
00000000
00000000
00000000
00000000
00000000
00000000
00000000
00000000
00000000
00000000
00000000
00000000
00000000
00000000
00000000
00000000
00000000
00000000
00000000
00000000
00000000
00000000
00000000
00000000
00000000
00000000
00000000
00000000
00000000
00000000
00000000
00000000
00000000
00000000
00000000
00000000
00000000
00000000
00000000
00000000
00000000
00000000
00000000
00000000
00000000
00000000
00000000
00000000
00000000
00000000
00000000
00000000
00000000
00000000
00000000
00000000
00000000
00000000
00000000
00000000
00000000
00000000
00000000
00000000
00000000
00000000
00000000
00000000
00000000
00000000
00000000
00000000
00000000
00000000
00000000
00000000
00000000
00000000
00000000
00000000
00000000
00000000
00000000
00000000
00000000
00000000
00000000
00000000
00000000
00000000
00000000
00000000
00000000
00000000
00000000
00000000
00000000
00000000
00000000
00000000
00000000
00000000
00000000
00000000
00000000
00000000
00000000
00000000
00000000
00000000
00000000
00000000
00000000
00000000
00000000
00000000
00000000
00000000
00000000
00000000
00000000
00000000
00000000
00000000
00000000
00000000
00000000
00000000
00000000
00000000
00000000
00000000
00000000
00000000
00000000
00000000
00000000
00000000
00000000
00000000
00000000
00000000
00000000
00000000
00000000
00000000
00000000
00000000
00000000
00000000
00000000
00000000
00000000
00000000
00000000
00000000
00000000
00000000
00000000
00000000
00000000
00000000
00000000
00000000
00000000
00000000
00000000
00000000
00000000
00000000
00000000
00000000
00000000
00000000
00000000
00000000
00000000
00000000
00000000
00000000
00000000
00000000
00000000
00000000
00000000
00000000
00000000
00000000
00000000
00000000
00000000
00000000
00000000
00000000
00000000
00000000
00000000
00000000
00000000
00000000
00000000
00000000
00000000
00000000
00000000
00000000
00000000
00000000
00000000
00000000
00000000
00000000
00000000
00000000
00000000
00000000
00000000
00000000
00000000
00000000
00000000
00000000
00000000
00000000
00000000
00000000
00000000
00000000
00000000
00000000
00000000
00000000
00000000
00000000
00000000
00000000
00000000
00000000
00000000
00000000
00000000
00000000
00000000
00000000
00000000
00000000
00000000
00000000
00000000
00000000
00000000
00000000
00000000
00000000
00000000
00000000
00000000
00000000
00000000
00000000
00000000
00000000
00000000
00000000
00000000
00000000
00000000
00000000
00000000
00000000
00000000
00000000
00000000
00000000
00000000
00000000
00000000
00000000
00000000
00000000
00000000
00000000
00000000
00000000
00000000
00000000
00000000
00000000
00000000
00000000
00000000
00000000
00000000
00000000
00000000
00000000
00000000
00000000
00000000
00000000
00000000
00000000
00000000
00000000
00000000
00000000
00000000
00000000
00000000
00000000
00000000
00000000
00000000
00000000
00000000
00000000
00000000
00000000
00000000
00000000
00000000
00000000
00000000
00000000
00000000
00000000
00000000
00000000
00000000
00000000
00000000
00000000
00000000
00000000
00000000
00000000
00000000
00000000
00000000
00000000
00000000
00000000
00000000
00000000
00000000
00000000
00000000
00000000
00000000
00000000
00000000
00000000
00000000
00000000
00000000
00000000
00000000
00000000
00000000
00000000
00000000
00000000
00000000
00000000
00000000
00000000
00000000
00000000
00000000
00000000
00000000
00000000
00000000
00000000
00000000
00000000
00000000
00000000
00000000
00000000
00000000
00000000
00000000
00000000
00000000
00000000
00000000
00000000
00000000
00000000
00000000
00000000
00000000
00000000
00000000
00000000
00000000
00000000
00000000
00000000
00000000
00000000
00000000
00000000
00000000
00000000
00000000
00000000
00000000
00000000
00000000
00000000
00000000
00000000
00000000
00000000
00000000
00000000
00000000
00000000
00000000
00000000
00000000
00000000
00000000
00000000
00000000
00000000
00000000
00000000
00000000
00000000
00000000
00000000
00000000
00000000
00000000
00000000
00000000
00000000
00000000
00000000
00000000
00000000
00000000
00000000
00000000
00000000
00000000
00000000
00000000
00000000
00000000
00000000
00000000
00000000
00000000
00000000
00000000
00000000
00000000
00000000
00000000
00000000
00000000
00000000
00000000
00000000
00000000
00000000
00000000
00000000
00000000
00000000
00000000
00000000
00000000
00000000
00000000
00000000
00000000
00000000
00000000
00000000
00000000
00000000
00000000
00000000
00000000
00000000
00000000
00000000
00000000
00000000
00000000
00000000
00000000
00000000
00000000
00000000
00000000
00000000
00000000
00000000
00000000
00000000
00000000
00000000
00000000
00000000
00000000
00000000
00000000
00000000
00000000
00000000
00000000
00000000
00000000
00000000
00000000
00000000
00000000
00000000
00000000
00000000
00000000
00000000
00000000
00000000
00000000
00000000
00000000
00000000
00000000
00000000
00000000
00000000
00000000
00000000
00000000
00000000
00000000
00000000
00000000
00000000
00000000
00000000
00000000
00000000
00000000
00000000
00000000
00000000
00000000
00000000
00000000
00000000
00000000
00000000
00000000
00000000
00000000
00000000
00000000
00000000
00000000
00000000
00000000
00000000
00000000
00000000
00000000
00000000
00000000
00000000
00000000
00000000
00000000
00000000
00000000
00000000
00000000
00000000
00000000
00000000
00000000
00000000
00000000
00000000
00000000
00000000
00000000
00000000
00000000
00000000
00000000
00000000
00000000
00000000
00000000
00000000
00000000
00000000
00000000
00000000
00000000
00000000
00000000
00000000
00000000
00000000
00000000
00000000
00000000
00000000
00000000
00000000
00000000
00000000
00000000
00000000
00000000
00000000
00000000
00000000
00000000
00000000
00000000
00000000
00000000
00000000
00000000
00000000
00000000
00000000
00000000
00000000
00000000
00000000
00000000
00000000
00000000
00000000
00000000
00000000
00000000
00000000
00000000
00000000
00000000
00000000
00000000
00000000
00000000
00000000
00000000
00000000
00000000
00000000
00000000
00000000
00000000
00000000
00000000
00000000
00000000
00000000
00000000
00000000
00000000
00000000
00000000
00000000
00000000
00000000
00000000
00000000
00000000
00000000
00000000
00000000
00000000
00000000
00000000
00000000
00000000
00000000
00000000
00000000
00000000
00000000
00000000
00000000
00000000
00000000
00000000
00000000
00000000
00000000
00000000
00000000
00000000
00000000
00000000
00000000
00000000
00000000
00000000
00000000
00000000
00000000
00000000
00000000
00000000
00000000
00000000
00000000
00000000
00000000
00000000
00000000
00000000
00000000
00000000
00000000
00000000
00000000
00000000
00000000
00000000
00000000
00000000
00000000
00000000
00000000
00000000
00000000
00000000
00000000
00000000
00000000
00000000
00000000
00000000
00000000
00000000
00000000
00000000
00000000
00000000
00000000
00000000
00000000
00000000
00000000
00000000
00000000
00000000
00000000
00000000
00000000
00000000
00000000
00000000
00000000
00000000
00000000
00000000
00000000
00000000
00000000
00000000
00000000
00000000
00000000
00000000
00000000
00000000
00000000
00000000
00000000
00000000
00000000
00000000
00000000
00000000
00000000
00000000
00000000
00000000
00000000
00000000
00000000
00000000
00000000
00000000
00000000
00000000
00000000
00000000
00000000
00000000
00000000
00000000
00000000
00000000
00000000
00000000
00000000
00000000
00000000
00000000
00000000
00000000
00000000
00000000
00000000
00000000
00000000
00000000
00000000
00000000
00000000
00000000
00000000
00000000
00000000
00000000
00000000
00000000
00000000
00000000
00000000
00000000
00000000
00000000
00000000
00000000
00000000
00000000
00000000
00000000
00000000
00000000
00000000
00000000
00000000
00000000
00000000
00000000
00000000
00000000
00000000
00000000
00000000
00000000
00000000
00000000
00000000
00000000
00000000
00000000
00000000
00000000
00000000
00000000
00000000
00000000
00000000
00000000
00000000
00000000
00000000
00000000
00000000
00000000
00000000
00000000
00000000
00000000
00000000
00000000
00000000
00000000
00000000
00000000
00000000
00000000
00000000
00000000
00000000
00000000
00000000
00000000
00000000
00000000
00000000
00000000
00000000
00000000
00000000
00000000
00000000
00000000
00000000
00000000
00000000
00000000
00000000
00000000
00000000
00000000
00000000
00000000
00000000
00000000
00000000
00000000
00000000
00000000
00000000
00000000
00000000
00000000
00000000
00000000
00000000
00000000
00000000
00000000
00000000
00000000
00000000
00000000
00000000
00000000
00000000
00000000
00000000
00000000
00000000
00000000
00000000
00000000
00000000
00000000
00000000
00000000
00000000
00000000
00000000
00000000
00000000
00000000
00000000
00000000
00000000
00000000
00000000
00000000
00000000
00000000
00000000
00000000
00000000
00000000
00000000
00000000
00000000
00000000
00000000
00000000
00000000
00000000
00000000
00000000
00000000
00000000
00000000
00000000
00000000
00000000
00000000
00000000
00000000
00000000
00000000
00000000
00000000
00000000
00000000
00000000
00000000
00000000
00000000
00000000
00000000
00000000
00000000
00000000
00000000
00000000
00000000
00000000
00000000
00000000
00000000
00000000
00000000
00000000
00000000
00000000
00000000
00000000
00000000
00000000
00000000
00000000
00000000
00000000
00000000
00000000
00000000
00000000
00000000
00000000
00000000
00000000
00000000
00000000
00000000
00000000
00000000
00000000
00000000
00000000
00000000
00000000
00000000
00000000
00000000
00000000
00000000
00000000
00000000
00000000
00000000
00000000
00000000
00000000
00000000
00000000
00000000
00000000
00000000
00000000
00000000
00000000
00000000
00000000
00000000
00000000
00000000
00000000
00000000
00000000
00000000
00000000
00000000
00000000
00000000
00000000
00000000
00000000
00000000
00000000
00000000
00000000
00000000
00000000
00000000
00000000
00000000
00000000
00000000
00000000
00000000
00000000
00000000
00000000
00000000
00000000
00000000
00000000
00000000
00000000
00000000
00000000
00000000
00000000
00000000
00000000
00000000
00000000
00000000
00000000
00000000
00000000
00000000
00000000
00000000
00000000
00000000
00000000
00000000
00000000
00000000
00000000
00000000
00000000
00000000
00000000
00000000
00000000
00000000
00000000
00000000
00000000
00000000
00000000
00000000
00000000
00000000
00000000
00000000
00000000
00000000
00000000
00000000
00000000
00000000
00000000
00000000
00000000
00000000
00000000
00000000
00000000
00000000
00000000
00000000
00000000
00000000
00000000
00000000
00000000
00000000
00000000
00000000
00000000
00000000
00000000
00000000
00000000
00000000
00000000
00000000
00000000
00000000
00000000
00000000
00000000
00000000
00000000
00000000
00000000
00000000
00000000
00000000
00000000
00000000
00000000
00000000
00000000
00000000
00000000
00000000
00000000
00000000
00000000
00000000
00000000
00000000
00000000
00000000
00000000
00000000
00000000
00000000
00000000
00000000
00000000
00000000
00000000
00000000
00000000
00000000
00000000
00000000
00000000
00000000
00000000
00000000
00000000
00000000
00000000
00000000
00000000
00000000
00000000
00000000
00000000
00000000
00000000
00000000
00000000
00000000
00000000
00000000
00000000
00000000
00000000
00000000
00000000
00000000
00000000
00000000
00000000
00000000
00000000
00000000
00000000
00000000
00000000
00000000
00000000
00000000
00000000
00000000
00000000
00000000
00000000
00000000
00000000
00000000
00000000
00000000
00000000
00000000
00000000
00000000
00000000
00000000
00000000
00000000
00000000
00000000
00000000
00000000
00000000
00000000
00000000
00000000
00000000
00000000
00000000
00000000
00000000
00000000
00000000
00000000
00000000
00000000
00000000
00000000
00000000
00000000
00000000
00000000
00000000
00000000
00000000
00000000
00000000
00000000
00000000
00000000
00000000
00000000
00000000
00000000
00000000
00000000
00000000
00000000
00000000
00000000
00000000
00000000
00000000
00000000
00000000
00000000
00000000
00000000
00000000
00000000
00000000
00000000
00000000
00000000
00000000
00000000
00000000
00000000
00000000
00000000
00000000
00000000
00000000
00000000
00000000
00000000
00000000
00000000
00000000
00000000
00000000
00000000
00000000
00000000
00000000
00000000
00000000
00000000
00000000
00000000
00000000
00000000
00000000
00000000
00000000
00000000
00000000
00000000
00000000
00000000
00000000
00000000
00000000
00000000
00000000
00000000
00000000
00000000
00000000
00000000
00000000
00000000
00000000
00000000
00000000
00000000
00000000
00000000
00000000
00000000
00000000
00000000
00000000
00000000
00000000
00000000
00000000
00000000
00000000
00000000
00000000
00000000
00000000
00000000
00000000
00000000
00000000
00000000
00000000
00000000
00000000
00000000
00000000
00000000
00000000
00000000
00000000
00000000
00000000
00000000
00000000
00000000
00000000
00000000
00000000
00000000
00000000
00000000
00000000
00000000
00000000
00000000
00000000
00000000
00000000
00000000
00000000
00000000
00000000
00000000
00000000
00000000
00000000
00000000
00000000
00000000
00000000
00000000
00000000
00000000
00000000
00000000
00000000
00000000
00000000
00000000
00000000
00000000
00000000
00000000
00000000
00000000
00000000
00000000
00000000
00000000
00000000
00000000
00000000
00000000
00000000
00000000
00000000
00000000
00000000
00000000
00000000
00000000
00000000
00000000
00000000
00000000
00000000
00000000
00000000
00000000
00000000
00000000
00000000
00000000
00000000
00000000
00000000
00000000
00000000
00000000
00000000
00000000
00000000
00000000
00000000
00000000
00000000
00000000
00000000
00000000
00000000
00000000
00000000
00000000
00000000
00000000
00000000
00000000
00000000
00000000
00000000
00000000
00000000
00000000
00000000
00000000
00000000
00000000
00000000
00000000
00000000
00000000
00000000
00000000
00000000
00000000
00000000
00000000
00000000
00000000
00000000
00000000
00000000
00000000
00000000
00000000
00000000
00000000
00000000
00000000
00000000
00000000
00000000
00000000
00000000
00000000
00000000
00000000
00000000
00000000
00000000
00000000
00000000
00000000
00000000
00000000
00000000
00000000
00000000
00000000
00000000
00000000
00000000
00000000
00000000
00000000
00000000
00000000
00000000
00000000
00000000
00000000
00000000
00000000
00000000
00000000
00000000
00000000
00000000
00000000
00000000
00000000
00000000
00000000
00000000
00000000
00000000
00000000
00000000
00000000
00000000
00000000
00000000
00000000
00000000
00000000
00000000
00000000
00000000
00000000
00000000
00000000
00000000
00000000
00000000
00000000
00000000
00000000
00000000
00000000
00000000
00000000
00000000
00000000
00000000
00000000
00000000
00000000
00000000
00000000
00000000
00000000
00000000
00000000
00000000
00000000
00000000
00000000
00000000
00000000
00000000
00000000
00000000
00000000
00000000
00000000
00000000
00000000
00000000
00000000
00000000
00000000
00000000
00000000
00000000
00000000
00000000
00000000
00000000
00000000
00000000
00000000
00000000
00000000
00000000
00000000
00000000
00000000
00000000
00000000
00000000
00000000
00000000
00000000
00000000
00000000
00000000
00000000
00000000
00000000
00000000
00000000
00000000
00000000
00000000
00000000
00000000
00000000
00000000
00000000
00000000
00000000
00000000
00000000
00000000
00000000
00000000
00000000
00000000
00000000
00000000
00000000
00000000
00000000
00000000
00000000
00000000
00000000
00000000
00000000
00000000
00000000
00000000
00000000
00000000
00000000
00000000
00000000
00000000
00000000
00000000
00000000
00000000
00000000
00000000
00000000
00000000
00000000
00000000
00000000
00000000
00000000
00000000
00000000
00000000
00000000
00000000
00000000
00000000
00000000
00000000
00000000
00000000
00000000
00000000
00000000
00000000
00000000
00000000
00000000
00000000
00000000
00000000
00000000
00000000
00000000
00000000
00000000
00000000
00000000
00000000
00000000
00000000
00000000
00000000
00000000
00000000
00000000
00000000
00000000
00000000
00000000
00000000
00000000
00000000
00000000
00000000
00000000
00000000
00000000
00000000
00000000
00000000
00000000
00000000
00000000
00000000
00000000
00000000
00000000
00000000
00000000
00000000
00000000
00000000
00000000
00000000
00000000
00000000
00000000
00000000
00000000
00000000
00000000
00000000
00000000
00000000
00000000
00000000
00000000
00000000
00000000
00000000
00000000
00000000
00000000
00000000
00000000
00000000
00000000
00000000
00000000
00000000
00000000
00000000
00000000
00000000
00000000
00000000
00000000
00000000
00000000
00000000
00000000
00000000
00000000
00000000
00000000
00000000
00000000
00000000
00000000
00000000
00000000
00000000
00000000
00000000
00000000
00000000
00000000
00000000
00000000
00000000
00000000
00000000
00000000
00000000
00000000
00000000
00000000
00000000
00000000
00000000
00000000
00000000
00000000
00000000
00000000
00000000
00000000
00000000
00000000
00000000
00000000
00000000
00000000
00000000
00000000
00000000
00000000
00000000
00000000
00000000
00000000
00000000
00000000
00000000
00000000
00000000
00000000
00000000
00000000
00000000
00000000
00000000
00000000
00000000
00000000
00000000
00000000
00000000
00000000
00000000
00000000
00000000
00000000
00000000
00000000
00000000
00000000
00000000
00000000
00000000
00000000
00000000
00000000
00000000
00000000
00000000
00000000
00000000
00000000
00000000
00000000
00000000
00000000
00000000
00000000
00000000
00000000
00000000
00000000
00000000
00000000
00000000
00000000
00000000
00000000
00000000
00000000
00000000
00000000
00000000
00000000
00000000
00000000
00000000
00000000
00000000
00000000
00000000
00000000
00000000
00000000
00000000
00000000
00000000
00000000
00000000
00000000
00000000
00000000
00000000
00000000
00000000
00000000
00000000
00000000
00000000
00000000
00000000
00000000
00000000
00000000
00000000
00000000
00000000
00000000
00000000
00000000
00000000
00000000
00000000
00000000
00000000
00000000
00000000
00000000
00000000
00000000
00000000
00000000
00000000
00000000
00000000
00000000
00000000
00000000
00000000
00000000
00000000
00000000
00000000
00000000
00000000
00000000
00000000
00000000
00000000
00000000
00000000
00000000
00000000
00000000
00000000
00000000
00000000
00000000
00000000
00000000
00000000
00000000
00000000
00000000
00000000
00000000
00000000
00000000
00000000
00000000
00000000
00000000
00000000
00000000
00000000
00000000
00000000
00000000
00000000
00000000
00000000
00000000
00000000
00000000
00000000
00000000
00000000
00000000
00000000
00000000
00000000
00000000
00000000
00000000
00000000
00000000
00000000
00000000
00000000
00000000
00000000
00000000
00000000
00000000
00000000
00000000
00000000
00000000
00000000
00000000
00000000
00000000
00000000
00000000
00000000
00000000
00000000
00000000
00000000
00000000
00000000
00000000
00000000
00000000
00000000
00000000
00000000
00000000
00000000
00000000
00000000
00000000
00000000
00000000
00000000
00000000
00000000
00000000
00000000
00000000
00000000
00000000
00000000
00000000
00000000
00000000
00000000
00000000
00000000
00000000
884e677c
36a80286
15b0b458
89eab25e
824bbe2e
3bcf8982
d7147349
c2e28ec7
31ea018a
13974f74
afba761f
d1fc348f
438ef841
6801913a
08f8c604
5d9d93b9
a2000003
00004a38
0003fa44
00000000
00000000
00000000
00000000
00000000
821bd1f5
0ef54f2f
1198e1b2
96ff837d
a266c71e
e5ed1ca6
b01a0121
afe28028
4b5cf7ba
9fa5a823
bc7f717e
2f256ad5
30fed8ac
b1c5bc70
e5f2ed62
7360abf4
0000000a
00000000
00000000
12700000
000049f8
00000000
00000000
00000000
00000000
00000000
00000000
00000001
00000000
00000000
00000000
00000000
00005197
1b818193
00000297
01828293
30529073
00100293
00028463
7c105073
00000297
13428293
30529073
00000113
00011663
00006117
d4c10113
f1402573
13174281
0313ede0
7113fbe3
8563ff01
911a00a2
bfd50285
00000097
07e08093
00008363
25739082
4581f140
00ef4601
00930f60
83630000
90820000
00000297
00c28293
30529073
00002303
0000bff5
80820000
b37346a1
42a13006
0055c563
00757613
0023ca11
05050005
47e315fd
1073feb0
80823003
00053023
15e10521
fcb04ee3
30031073
30238082
03210003
fe734de3
84068082
ede00297
f2828293
06028763
ede00297
f1c28293
f14027f3
b07346a1
13173006
0313ede0
5397f0a3
83930000
0333c823
53634061
831e0073
0463838a
f0ef0073
9a63fb5f
43170257
03130000
53972123
83930000
04638d23
f0ef0073
0317f99f
03130000
039768a3
83930000
04636823
f0ef0073
80a2f81f
00008082
342022f3
34102373
343023f3
8082bfd5
51978406
81930000
02930521
11630000
42970e55
82930000
43171ba2
03130000
53971b23
83930000
8c638723
5a630062
b5030073
02a10002
00a33023
4ae30321
0297fe73
82930000
031761a2
03130000
03976123
83930000
8c6360a3
5a630062
b5030073
02a10002
00a33023
4ae30321
100ffe73
02970000
82930000
03175e62
03130000
03975de3
83930000
8c635d63
5a630062
b5030073
02a10002
00a33023
4ae30321
100ffe73
43170000
03130000
83937ea3
5763bc01
30230073
03210003
fe734de3
00004217
7d020213
9602c211
00004517
ccc50513
4b1030ef
4f5030ef
00004517
f6a50513
4a1030ef
75b030ef
f0fff0ef
b07356fd
b0733046
27f33446
27373010
8f7d0004
b073c709
b0733036
07373026
8f7d0004
b073c319
67411806
0287071b
cb898ff9
300027f3
8fd96709
30079073
00305073
60000793
3007a073
300027f3
6007f793
7057c789
5073cc00
30ef00f0
45056f70
00000597
4cc58593
00000617
4cc60613
2cd000ef
6b5000ef
808280a2
11418082
22f3e406
0313f140
85630000
00730062
bff51050
510000ef
014160a2
00008082
00000000
65637845
6f697470
6948206e
6d202174
73756163
30203a65
38302578
6d202c78
3a637065
25783020
2c783830
76746d20
203a6c61
30257830
000a7838
00000000
7561634d
45206573
70656378
6e6f6974
646f4320
30203a65
38302578
00000a78
20776f4e
74697845
2e676e69
000a2e2e
20746f4e
61762061
2064696c
65726874
6c6f6873
6f632064
6769666e
74617275
216e6f69
65684320
73206b63
70757465
00000a21
00000000
20746f4e
61762061
2064696c
69616c63
6f632d6d
656c706d
63206574
69666e6f
61727567
6e6f6974
68432021
206b6365
75746573
000a2170
00000000
00000000
00000000
00000000
00000000
00000000
00000000
00000000
00000000
00000000
00000000
00000000
00000000
00000000
00000000
00000000
00000000
00000000
00000000
00000000
00000000
00000000
00000000
00000000
00000000
00000000
00000000
00000000
00000000
00000000
00000000
00000000
00000000
00000000
00000000
00000000
00000000
00000000
00000000
00000000
00000000
00000000
2b302d23
00000020
004c6c68
00000000
45676665
00004746
33323130
37363534
42413938
46454443
00000000
00000000
33323130
37363534
62613938
66656463
00000000
00001c44
00001c5a
00001c1a
00001c1a
00001c1a
00001c1a
00001c5a
00001c1a
00001c1a
00001c1a
00001c1a
00001db4
00001c98
00001d52
00001c1a
00001c1a
00001de8
00001c1a
00001c98
00001c1a
00001c1a
00001d5a
00000000
122023e6
00000000
122024e0
00000000
12202452
00000000
00000000
00000000
00000000
00000000
1220267c
00000000
1220269c
00000000
1220246c
00000000
1220244e
00000000
12202506
00000000
12202560
00000000
00000000
00000000
00000000
00000000
00000000
00000000
00000000
00000000
00000000
00000000
00000000
00000000
00000000
00000000
00000000
00000000
122025f2
00000000
122023b2
00000000
00000000
00000000
00000000
00000000
00000000
00000000
00000000
00000000
00000000
00000000
00000000
00000000
00000000
00000000
12202906
00000000
1220290c
00000000
1220292c
00000000
1220295a
00000000
12202a7a
00000000
1220295c
00000000
12202966
00000000
12202afe
00000000
1220296a
00000000
1220296e
00000000
122029a2
00000000
122029d6
00000000
12202a0a
00000000
12203c52
00000000
12202a24
00000000
12202a36
00000000
12202a3c
00000000
12202a44
00000000
12202a5e
00000000
122026bc
00000000
12202a9e
00000000
12202b08
00000000
12203aae
00000000
00000000
00000000
00000000
00000000
00000000
00000000
00000000
00000000
12203adc
00000000
00000000
00000000
12203c30
00000000
12203c34
00000000
00000000
00000000
00000000
00000000
00000000
00000000
00000000
00000000
00000000
00000000
00000000
00000000
00000000
00000000
00000000
00000000
12202902
00000000
00000000
00000000
00000000
00000000
00000000
00000000
00000000
00000000
00000000
00000000
00000000
00000000
00000000
00000000
00000000
00000000
12200798
00000000
00000000
00000000
6762696c
73736f6c
00000000
00000000
12204330
00000000
00040301
00000000
12203c6c
00000000
00000000
00000000
00000000
00000000
00000000
00000000
00000000
00000000
00000000
00000000
00000000
00000000
00000000
00000000
00000000
00000000
006c7179
f4064501
c602f026
065000ef
49e030ef
00ef84aa
85263500
376000ef
e9052501
22c000ef
234000ef
0c0027b7
c398577d
b7b745b2
879bfabf
9fadb007
0814c83e
46094785
ca3e4501
72a000ef
70a2a001
25017482
80826145
00000000
00000000
00000000
00000000
00000000
00000000
00000000
00000000
00000000
00000000
00000000
00000000
00000000
00000000
00000000
00000000
00000000
00000000
00000000
00000000
00000000
00000000
00000000
00000000
00000000
00000000
00000000
00000000
00000000
00000000
00000000
00000000
00000000
00000000
00000000
00000000
00000000
00000000
00000000
00000000
00000000
1060006f
0fc0006f
0f80006f
0f60006f
0f00006f
0ec0006f
0e80006f
0e80006f
0e00006f
0dc0006f
0d80006f
2f40006f
0d00006f
0cc0006f
0c80006f
0c40006f
0c00006f
0bc0006f
0b80006f
0b40006f
0b00006f
0ac0006f
0a80006f
0a40006f
0a00006f
09c0006f
0980006f
0940006f
0900006f
08c0006f
0880006f
0840006f
0800006f
07c0006f
0780006f
0740006f
0700006f
06c0006f
0680006f
0640006f
0600006f
05c0006f
0580006f
0540006f
0500006f
04c0006f
0480006f
0440006f
00000000
00000000
00000000
00000000
00000000
00000000
00000000
00000000
00000000
00000000
00000000
00000000
00000000
00000000
00000000
00000000
a001a001
1141a001
e022e406
34202473
26732401
26f33410
05173430
05130000
26818e65
85a22601
033000ef
3ff47593
00000517
91050513
023000ef
00000517
92450513
017000ef
0ee00513
738000ef
879b6785
a7f38007
80823047
a7f347a1
80823007
b7f347a1
80823007
0025151b
020007b7
a02397aa
000f0007
80820ff0
03100793
00f59963
00d5151b
0c2007b7
08f5053b
07938082
97630510
151b00f5
17b700d5
b7ed0c20
05171141
05130000
e4068c65
7a6000ef
450160a2
80820141
03100793
00f59a63
00d5151b
0c2007b7
053b0791
808208f5
05100793
00f59763
00d5151b
0c2017b7
1141b7e5
00000517
8bc50513
00efe406
60a27640
01414501
07938082
81630310
079304f6
9c630510
26b702f6
86930c00
571b0806
171b0055
073b0027
179b0807
87bb0086
470508e7
153b97b6
470500a7
9a634394
8ec900e5
0006871b
8082c398
0c0026b7
f733b7f9
270140a6
151bbfc5
07b70025
053b0c00
c10c08f5
11018082
e44ae826
4481ec06
ef5ff0ef
02200913
45898526
f0ef2485
9be3fd9f
60e2ff24
692264c2
61054501
71798082
f406f026
e84eec4a
84aae452
ec5ff0ef
00000797
d5c78793
0017e793
30579073
a2018913
f0ef8526
8a13eb3f
89caaa41
a5032481
06930009
86260310
f0ef4581
a503f31f
06930009
86260510
09914581
f1fff0ef
fd499fe3
00092503
03100693
45858626
f0ef0911
17e3f09f
8526ff49
03100593
e79ff0ef
478570a2
7482c11c
69c26962
45016a22
80826145
f6867149
ee9af296
e6a6ea9e
fe2ee2aa
f636fa32
ee3ef23a
e646ea42
fdcee24a
f5d6f9d2
edf6f1f2
e5fee9fa
b906bd02
b10eb50a
a916ad12
a11ea51a
b8aebcaa
b0b6b4b2
a8beacba
a0c6a4c2
b876bc72
b07eb47a
f14024f3
00048a9b
03100593
f0ef8556
2983e3ff
892a0005
4501006c
3e0000ef
00004a17
d70a0a13
000a2783
00249693
20232785
8e6300fa
87930c09
863b9101
47b30809
439820f6
053b6505
073b0155
861308c7
47339981
061320c7
84b30210
c30802c4
00004717
d2070713
43149736
00004617
d5c60613
450145b2
089684bb
20c4c4b3
26854390
0134a023
c3902605
00efc314
20230f80
27830139
cf91000a
07b745b2
879b1011
9fad1007
46090814
c83e4501
00efca2e
70b624c0
63767296
64b663d6
75f26516
76b27652
67f27712
68b26852
79ee6912
7aae7a4e
6eee7e0e
6fae6f4e
30ca306a
318a312a
22ca226a
238a232a
35c63566
36863626
27c62766
28862826
3ec23e62
3f823f22
00736175
47973020
87930000
97b6c7a7
27054398
bfa5c398
4785b4a5
95be179a
8082c190
179a4785
418895be
11018082
1000ec22
262387aa
2783fef4
871bfec4
47fd0007
00e7f463
a01157f5
853e4781
61056462
11018082
1000ec22
262387aa
2783fef4
871bfec4
47fd0007
00e7f463
a01157f5
853e4781
61056462
71798082
f022f406
3c231800
87aefca4
fcf42a23
fe042623
fd442783
f0ef853e
87aaf95f
2783873e
8fd9fec4
fef42623
fec42783
c3992781
a82d57f5
100077b7
38078793
fef42423
fe042223
fd442783
4785873e
00e797bb
22232781
6783fef4
2703fe84
863afe44
350385be
f0effd84
4781f31f
70a2853e
61457402
71398082
f822fc06
3c230080
87aefca4
fcc43423
fcf42a23
fe042623
fd442783
f0ef853e
87aaf3df
2783873e
8fd9fec4
fef42623
fec42783
c3992781
a82557f5
fd442783
27b7873e
879b0400
9fb9c937
979b2781
24230027
6783fef4
85befe84
fd843503
ec9ff0ef
871b87aa
37830007
c398fc84
853e4781
744270e2
80826121
fc067139
0080f822
fca43c23
342387ae
2a23fcc4
2623fcf4
2783fe04
853efd44
ebfff0ef
873e87aa
fec42783
26238fd9
2783fef4
2781fec4
57f5c399
2783a825
873efd44
040027b7
c337879b
27819fb9
0027979b
fef42423
fe846783
350385be
f0effd84
87aae4bf
0007871b
fc843783
4781c398
70e2853e
61217442
715d8082
e0a2e486
34230880
87aefca4
3c238732
2223fad4
87bafcf4
fcf42023
fe042423
fc442783
f0ef853e
87aae39f
2783873e
8fd9fe84
fef42423
fe842783
c3992781
a07557f5
fdc40713
fc442783
85be863a
fc843503
f2dff0ef
fd840713
fc442783
85be863a
fc843503
e9bff0ef
fdc42703
fd842783
40f707bb
fef42223
fc442783
27b7873e
879b0400
9fb9cb37
979b2781
20230027
2783fef4
873efc04
fe442783
27812701
00e7f463
a09157fd
fe042623
6683a02d
6783fe04
078afec4
fb843703
439c97ba
85b6863e
fc843503
d57ff0ef
fec42783
26232785
2783fef4
873efec4
fc042783
27812701
fcf765e3
853e4781
640660a6
80826161
f5067171
1900f122
f4a43c23
f4b43823
fe042623
f6840793
08000713
4581863a
00ef853e
47b111e0
f6f42423
0ff00793
f6f42623
0ff00793
f6f42823
0ff00793
f6f42a23
0ff00793
f6f42c23
0ff00793
f6f42e23
0ff00793
f8f42023
0ff00793
f8f42223
24234789
478df8f4
f8f42623
28234791
4795f8f4
f8f42a23
2c234799
479df8f4
f8f42e23
202347a1
47a5faf4
faf42223
28234785
4785faf4
faf42a23
2c2347b5
47b5faf4
faf42e23
0ff00793
fcf42023
0ff00793
fcf42223
242347a9
47a9fcf4
fcf42623
282347ad
47adfcf4
fcf42a23
100087b7
aa078793
fef42423
fe846783
350385be
f0eff584
87aac4bf
fef42623
fec46783
17c1078a
a70397a2
3783f787
c398f504
853e4781
740a70aa
8082614d
e0221141
3797e406
87930000
842ae7e7
4581c781
671020ef
fffff517
60c53503
c391653c
85229782
46b020ef
872a433d
02c37163
00f77793
e1bde3c1
ff067693
96ba8a3d
e70ce30c
6de30741
e211fed7
06b38082
068a40c3
00000297
80679696
072300a6
06a300b7
062300b7
05a300b7
052300b7
04a300b7
042300b7
03a300b7
032300b7
02a300b7
022300b7
01a300b7
012300b7
00a300b7
002300b7
808200b7
0ff5f593
00859693
96938dd5
8dd50105
02059693
b7598dd5
00279693
00000297
82869696
fa2680e7
17c18096
963e8f1d
f8c371e3
7159b79d
f406f022
fc2e842a
e4b6e0b2
ecbee8ba
f4c6f0c2
00003517
75053503
591cc519
e42ae789
0d2000ef
690c6522
86221834
00efec36
70a239a0
61657402
11418082
e406e022
1823842a
192300b5
302300c5
34230005
26230005
3c230a05
20230005
24230205
46210205
05134581
f0ef0a45
0797ee7f
87930000
e03c6367
00000797
65e78793
0797e43c
87930000
e83c6a47
00000797
6d278793
fc0060a2
6402ec3c
80820141
00001597
a3458593
1101aab9
0793e426
849b0b00
84b3fff5
e04a02f4
e822892e
8593ec06
00ef0c84
842a1ac0
3023cd01
24230005
05610125
8613e808
45810b04
e71ff0ef
852260e2
64a26442
61056902
591c8082
1141ebad
e406e022
00000797
fa478793
3023e53c
24230805
38230805
f7970805
b783ffff
842a4367
00f51463
d91c4785
00ef8522
e4080420
00ef8522
e80803a0
00ef8522
ec080320
46016408
f0ef4591
6808ef9f
45a54605
eefff0ef
46096c08
f0ef45c9
4785ee5f
d81c60a2
01416402
80828082
e4261101
fffff497
3dc4b483
e04a589c
e822ec06
e781892a
f0ef8526
8493f71f
68800804
37fd449c
0007d663
cfa9609c
bfc56084
01041703
77c1e729
26230785
30230a04
34230004
c81c0004
00043c23
02042023
02042423
45814621
0a440513
d89ff0ef
06043023
06042423
08043023
08042423
852260e2
64a26442
61056902
04138082
b7450b04
854a4591
eb7ff0ef
842ae088
47b1fd51
00f92023
715dbfe1
fc26e0a2
f052f44e
e45ee85a
f84ae486
89aaec56
04938a2e
44010805
5bfd4b05
0104b903
0084aa83
d0633afd
6084020a
60a6f8e5
64068522
794274e2
7a0279a2
6b426ae2
61616ba2
57838082
7b630109
178300fb
87630129
85ca0177
9a02854e
24018c49
0b090913
8793b7c1
71790075
07379be1
ec268000
07a1e84a
f4064941
e44ef022
fff74713
f93384aa
64630b27
7c6300f7
47b100b9
4501c09c
740270a2
694264e2
614569a2
00ef8082
36971d70
86930000
62984f26
e80d843a
00003417
4ec40413
e791601c
85264581
3a0000ef
85cae008
00ef8526
59fd3960
05351e63
c09c47b1
00ef8526
bf4519d0
87bb601c
c0634127
463d0407
00f65763
943ee01c
01243023
641ca029
02871363
8526e29c
173000ef
00f40513
00840793
07bb9961
dfad40f5
07bb943e
e01c40f0
e71cbf85
8722bff9
b7516400
00750413
01e39861
05b3fc85
852640a4
324000ef
fb351ae3
465cbf41
fff7871b
5963c658
561c0007
00f74563
936347a9
aecd00f5
852e621c
00178713
8023e218
808200b7
f0227179
e84aec26
e052e44e
892af406
843289ae
00d604b3
14635a7d
45010094
4583a811
864e0004
f0ef854a
0405fadf
ff4515e3
740270a2
694264e2
6a0269a2
80826145
e1a27155
f94afd26
f152f54e
ed56e586
e55ee95a
fce6e162
89aaf8ea
893284ae
4a018436
591cc509
f0efe399
f797d01f
8793ffff
9e63dc27
b4830cf4
d7830089
8ba10104
6c9ccbed
0793c7fd
04a30200
5afd02f1
03000793
0523d202
e42202f1
02500b93
020a9c13
fffffb17
df8b0b13
844a4c85
00044783
9263c399
0d3b0f77
0e634124
86ea000d
85a6864a
f0ef854e
0a63f2ff
57921f55
01a787bb
4783d23e
82630004
09131e07
e8620014
09a3ec02
d4820401
00094583
855a4615
7ea000ef
041347c2
ed510019
0107f713
0713c709
09a30200
f71304e1
c7090087
02b00713
04e109a3
00094683
02a00713
08e68363
844a47f2
46254681
47034829
05130004
059b0014
872efd07
0ab67a63
ce3ecabd
f797a88d
8793ffff
9563d167
b48300f4
bf310109
fffff797
c9478793
f0f499e3
0189b483
85a6b729
00ef854e
d51135c0
60ae557d
74ea640e
79aa794a
6aea7a0a
6baa6b4a
7ce66c0a
61697d46
04058082
0533bf11
953b4165
8fc900ac
8922c83e
6722b791
00870693
e4364318
02074963
4703ce3a
07930004
106302e0
470304f7
07930014
106302a0
67a20af7
87130409
439c0087
c163e43a
ca3e0207
073ba839
e79340e0
ce3a0027
b7e1c83e
02f807bb
4685842a
bf159fb9
4583ca56
460d0004
fffff517
c9850513
6ce000ef
f797cd11
8793ffff
8d1dc8a7
071347c2
173b0400
8fd900a7
c83e0405
00044583
f5174619
0513ffff
0913c725
04230014
00ef02b1
c1516980
00000793
4742eba1
771367a2
c3291007
9bc107bd
e43e07c1
87bb5792
d23e0147
0405bd3d
4681ca02
46254781
47034829
05130004
059b0014
872efd07
00b67463
bf95fab9
02f807bb
4685842a
b7c59fb9
b7d107a1
06970038
86930000
8626d526
854e080c
00000097
000000e7
15e38a2a
d783fb55
f7930104
99e30407
5512ea07
0038b57d
00000697
d2468693
080c8626
00ef854e
bfd97d20
e0221141
852e842a
00003797
1207ae23
20efe406
57fd5820
00f51863
00003797
1287a783
c01cc391
640260a2
80820141
e0221141
9583842e
e4060125
20d000ef
00054963
97aa6c5c
60a2ec5c
01416402
57838082
777d0104
8ff9177d
00f41823
d783b7ed
71790105
ec26f022
e44ee84a
f793f406
84aa1007
8932842e
c79989b6
01259583
46014689
43e000ef
01045783
177d777d
15838ff9
18230124
740200f4
86ce70a2
69a2864a
85266942
614564e2
1141a219
842ee022
01259583
00efe406
577d4080
01045783
00e51b63
177d777d
18238ff9
60a200f4
01416402
67058082
18238fd9
ec4800f4
9583b7fd
a4210125
f0227179
e84aec26
e44ef406
892e84aa
c5098432
e399591c
977ff0ef
fffff797
a3878793
06f41a63
541c6480
5783c45c
8ba10104
6c1cc3d1
6c1cc3c1
79936008
894e0ff9
501c9d1d
00f54763
852685a2
320000ef
445ce53d
37fd2505
601cc45c
00178713
8023e018
501c0137
00a78963
01045783
cb898b85
176347a9
85a200f9
00ef8526
ed152ee0
740270a2
69a264e2
6942854a
80826145
fffff797
9f478793
00f41463
b7516880
fffff797
97478793
f6f41de3
bf956c80
852685a2
03e000ef
597ddd2d
1141b7d1
842ae022
85b2852e
37978636
a1230000
e406f807
408020ef
186357fd
379700f5
a7830000
c391f6e7
60a2c01c
01416402
11018082
e426e822
ec06e04a
00003497
ef84b483
842e892a
589cc491
8526e781
877ff0ef
fffff797
93878793
02f41663
17836480
f6930104
c73b0087
eab50807
01077693
4725ea95
00e92023
0407e793
00f41823
a879557d
fffff797
93c78793
00f41463
b7f16880
fffff797
8bc78793
fcf411e3
bf756c80
c7158b11
c991702c
07c40793
00f58563
00ef854a
30233a60
57830604
24230104
f7930004
1823fdb7
6c1c00f4
5783e01c
e7930104
18230087
6c1c00f4
5783ef89
07130104
f7932000
86632807
85a200e7
00ef854a
17832a60
f6930104
c73b0017
c29d0807
26235014
06bb0004
d41440d0
45016c14
7713e681
ff290807
644260e2
690264a2
80826105
00277693
e2914601
c4505010
1141bff1
842ae022
3797852e
a3230000
e406e407
224020ef
186357fd
379700f5
a7830000
c391e327
60a2c01c
01416402
d7838082
71790105
ec26f022
e84af406
f713e44e
84aa0087
ef69842e
4d634598
5db800e0
00e04a63
70a24501
64e27402
69a26942
80826145
d77d6838
a9036685
8ff50004
0004a023
cfa57c0c
57836c50
8b910104
441cc799
703c8e1d
5c3cc399
683c8e1d
46817c0c
97828526
570357fd
1d630104
409400f5
e76347f5
07b706d7
17f9dfc0
40d7d7b3
efb98b85
24236c1c
e01c0004
8f7d6785
57fdc719
00f51463
e391409c
702cec48
0124a023
0793ddb5
856307c4
852600f5
23c000ef
06043023
4601b7a5
85264685
57fd9702
10e3862a
409cf8f5
4775dfad
00e78563
94634759
a02304e7
b7890124
04076713
00e41823
bf25557d
0185b983
f20988e3
0005b903
b0238b8d
093b0135
47014139
5198e391
5be3c458
643cf120
86ca7c0c
8526864e
49639782
578300a0
e7930104
18230407
bf7d00f4
093b99aa
bfe140a9
c3a56d9c
e8221101
842aec06
591cc519
e42ee789
e0aff0ef
e79765a2
8793ffff
9b636ca7
640c00f5
01059783
8522c795
60e26442
bd416105
ffffe797
6e478793
00f59463
b7cd680c
ffffe797
66478793
fcf59ce3
bfc96c0c
644260e2
61054501
45018082
11418082
842ae022
85b2852e
37978636
a9230000
e406c607
08c020ef
186357fd
379700f5
a7830000
c391c5e7
60a2c01c
01416402
71758082
842ee122
01259583
f8cafca6
84b2e506
d4638936
57830205
f7930104
cf8d0807
07134781
60aa0400
2023640a
e09800f9
74e67946
61494501
00308082
544000ef
fc054be3
673d47b2
67098ff9
b7938f99
07130017
bfc14000
bfe54781
0105d783
f0227179
ec26f406
8b89e84a
cf89842e
07f40793
ec1ce01c
d01c4785
740270a2
694264e2
80826145
00300054
f0ef84aa
65a2f71f
8526892a
e6aff0ef
1783ed01
f7130104
fb792007
e7939bf1
18230027
bf7d00f4
fffff797
47c78793
5783e4bc
e0080104
e793ec08
18230807
67a200f4
4792d01c
1583cf91
85260124
4d6000ef
5783c901
9bf10104
0017e793
00f41823
01045783
0127e533
00a41823
f593b741
962a0ff5
00c51463
80824501
00054783
feb78de3
b7fd0505
80828082
b783c1cd
1101ff85
ec06e822
ff858413
0007d363
e42a943e
fe5ff0ef
00003717
b0070713
6522631c
3423eb81
e3000004
60e26442
b7e16105
00f47d63
06b36010
966300c4
639400d7
96b2679c
e41ce014
873ebff9
c399679c
fef47de3
06336314
1f6300d7
60100086
e31496b2
00d70633
fcc790e3
679c6390
e31496b2
bf4de71c
00c47563
c11c47b1
6010b765
00c406b3
00d79663
679c6394
e01496b2
e700e41c
8082bf41
f052715d
8a3a499c
e0a24598
f44efc26
e486ec56
e85af84a
e7b3e45e
c21c0ae7
0435c703
842e89aa
8ab684b2
2785c319
401cc21c
0207f793
409cc781
c09c2789
00042903
00697913
00091a63
01940b13
445c5bfd
9f994098
04f94d63
04344783
00f03633
00f036b3
f793401c
e7bd0207
04340613
854e85d6
57fd9a02
04f50263
4711401c
8b994901
00e79763
4098445c
e9339f99
441c0b27
55634818
9f9900f7
0127893b
04694481
1a635b7d
45010499
4685a809
85d6865a
9a02854e
01751e63
60a6557d
74e26406
79a27942
6ae27a02
6ba26b42
80826161
bfa52905
00d407b3
03000693
04d781a3
0016071b
0026069b
04544603
00e407b3
04c781a3
4685bf95
85d68622
9a02854e
fb650ce3
bf712485
e0a2715d
f44ef84a
e486f052
ec56fc26
c803e85a
07930185
892a0780
89b2842e
e2638a36
07930307
86930620
e1630435
03630307
07931c08
e6170580
0613ffff
08633c66
049314f8
01230424
a8150504
f9d8079b
0ff7f793
66e34655
e617fef6
0613ffff
c7b33ce6
439c20c7
878297b2
8493631c
86930425
439c0087
8123e314
478504f5
419ca275
f6136308
05930807
c20d0085
e30c611c
0007d863
02d00713
40f007b3
04e401a3
ffffe617
35860613
a82d4829
0407f613
e30c411c
9793de71
bfd96057
631c4190
08067513
00878593
639ccd41
0713e30c
e61706f0
0613ffff
0d633266
48290ee8
040401a3
c4184058
00074563
99ed400c
e399c00c
cf1984b6
f73384b6
14fd0307
47039732
80230007
873e00e4
0307d7b3
ff0775e3
1e6347a1
401c00f8
cb918b85
481c4058
00e7c763
03000793
fef48fa3
8e8514fd
8752c814
007086ce
854a85a2
da9ff0ef
15635afd
557d0f55
640660a6
794274e2
7a0279a2
6b426ae2
80826161
7613439c
e30c0406
c7bbc601
b7850807
080787bb
419cbfa9
0a07e793
0813c19c
e6170780
0613ffff
02a328e6
400c0504
f813631c
85130805
01630087
639c0208
f713e308
c7010015
0205e593
4841c00c
4018fb85
fdf77713
b71dc018
f813439c
e3080405
00080563
0807c7bb
87bbbfd9
bfc10807
b7294821
631c4190
781349cc
85130806
09630087
e3080008
e38c639c
00042823
b78184b6
7613e308
639c0406
9023c601
b7ed00b7
b7ddc38c
41d0631c
86934581
e3140087
85266384
c0bff0ef
8d05c119
405cc048
01a3c81c
b7210404
86264814
854a85ce
08e39a02
401cf155
e7858b89
47b24448
0af56533
4685b701
85ce8656
9a02854a
ef6509e3
445c2485
9f994732
fef4c5e3
4481bff1
01940a93
b7f55b7d
e0221141
852e842a
863685b2
00002797
6e07a823
10efe406
57fd3210
00f51863
00002797
6dc7a783
c01cc391
640260a2
80820141
e0221141
852e842a
279785b2
af230000
e4066a07
2bb010ef
186357fd
279700f5
a7830000
c3916aa7
60a2c01c
01416402
11418082
842ae022
2797852e
a7230000
e4066807
2a1010ef
186357fd
279700f5
a7830000
c39167a7
60a2c01c
01416402
27978082
87930000
07b302e7
b79340f5
66910017
0035959b
97ae07e6
00468713
55fd973e
97b6c30c
0006069b
9601c394
4501c310
71798082
2903e84a
f4060085
ec26f022
1563e44e
24170209
04130000
0433fe64
34134085
84aa0014
0014141b
00002997
ff898993
00891b63
c49c4785
740270a2
694264e2
614569a2
458d8082
00090363
b783459d
86a60009
7f9c4601
00002517
fc850513
97822905
557db7f1
106f8082
114163a0
2573e406
2501f140
03f010ef
014160a2
0310106f
fc067139
f426f822
ec2e842a
e436e832
610010ef
0005049b
fd3ff0ef
00002797
f5878793
47858c1d
0297e063
664266a2
341365e2
141b0014
47810014
00002817
f6080813
00f41863
744270e2
557d74a2
80826121
c391470d
1463471d
84630105
278500e5
611cb7c5
70e27442
7f9c74a2
87826121
ec061101
f0efe42e
c911f71f
470565a2
00b76763
60e2611c
6105679c
60e28782
6105557d
11018082
e822ec06
c58de42e
f0ef842a
2797f45f
87930000
8c1deca7
341365a2
141b0014
47810014
00002697
edc68693
00f41763
644260e2
6105557d
470d8082
471dc391
00d51463
00e58463
b7cd2785
6442611c
67bc60e2
87826105
ec061101
e42ee822
842ac58d
eebff0ef
00002797
e7078793
65a28c1d
00143413
0014141b
26974781
86930000
1763e826
60e200f4
557d6442
80826105
c391470d
1463471d
846300d5
278500e5
611cb7cd
60e26442
61056bbc
27978782
87930000
8d1de267
00153513
056667b1
ffc78713
972a17e1
430c953e
4310411c
069b2781
1ae30006
9513feb6
87bb0206
8d5d0807
27978082
87930000
1141dee7
40f50733
3713e022
e4060017
8432478d
8b630766
ce6304f5
478500b7
02f58663
8a634789
57fd02f5
640260a2
0141853e
47918082
fef599e3
d67d4781
979b421c
97ba0027
b7cd439c
de7957fd
f73ff0ef
4781e008
57fdbfd1
421cda61
0027979b
a02397ba
b7f50007
de5d57fd
979b421c
97ba0027
c3984705
0480000f
bfd1439c
ec061101
842ae822
62a010ef
0070c62a
45898522
f63ff0ef
644260e2
80826105
ec061101
842ae822
60a010ef
0070c62a
458d8522
f43ff0ef
644260e2
80826105
80824501
27f385aa
2717f140
07130000
e7b32f27
638820e7
342027f3
f793c515
27173ff7
07130000
8793d127
1a630a67
271700e5
07130000
e7b3d1a7
639c20e7
078e8782
9002639c
80828082
00000000
00000000
00000000
00000000
00000000
00000000
00000000
00000000
00000000
00000000
00000000
00000000
00000000
00000000
00000000
00000000
00000000
00000000
00000000
00000000
00000000
00000000
00000000
00000000
00000000
00000000
00000000
00000000
00000000
00000000
ee06712d
e61aea16
fdaae21e
f5b2f9ae
edbaf1b6
e5c2e9be
fd72e1c6
f57af976
ad02f17e
a50aa906
bc92a10e
b49ab896
acaab09e
a4b2a8ae
bc3aa0b6
b442b83e
ac72b046
a47aa876
27f3a07e
2717f140
07130000
e7b31ea7
639420e7
34202673
341027f3
343027f3
30502773
2597cea9
85930000
2797c025
87930000
8363c127
478100b6
3ff67513
08065f63
08000693
00d51a63
5187b703
5287b583
08000513
a0159702
d56346ad
771300a6
e33d03f7
00950713
16930716
973e0055
b78397b6
670c1187
60f29782
633262d2
756e6392
762e75ce
676e768e
682e67ce
7e6a688e
7f2a7eca
206a7f8a
212a20ca
3266218a
332632c6
25663386
262625c6
37622686
382237c2
2e623882
2f222ec2
61152f82
30200073
18e34689
2773fad7
63183070
1807b583
67b3bfb5
b78320f5
85aa5307
97828536
0000bf49
00000000
00000000
00000000
00000000
00000000
00000000
00000000
00000000
00000000
00000000
00000000
00000000
00000000
00000000
00000000
00000000
00000000
00000000
45010000
25738082
8082b000
cd0987aa
00002717
ae070713
98634501
453700e7
0513000f
80822405
80824501
ec061101
2797e402
87930000
9c63abe7
251700a7
35030000
c511cca5
0030611c
6fdc4585
60e29782
61056522
bf4d8082
00002517
a8450513
451d8082
450d8082
11018082
c62eec06
00002797
a7c78793
02a79163
00002797
c087b783
c799557d
00706398
6f58458d
9702853e
610560e2
557d8082
1101bfe5
c62eec06
00002797
a4878793
02a79163
00002797
bd47b783
c799557d
00706398
6f584589
9702853e
610560e2
557d8082
1101bfe5
c62eec06
00002797
a1478793
02a79163
00002797
ba07b783
c7994501
00706398
6f584591
9702853e
610560e2
45018082
2797bfe5
87930000
84639e67
450100a7
25178082
05130000
80829ee5
0005d783
4511470d
83638b8d
450900e7
25738082
80823410
34159073
80824501
00002797
9ac78793
00a78463
80824501
00002517
fcc50513
65088082
11418082
06400513
10efe406
11412560
0c800513
10efe406
279724a0
87930000
862e9767
00a79b63
00002517
b8053503
611cc509
73dc4581
557d8782
451c8082
0793efb1
07131185
b0235185
b4230007
b8230007
87930007
98e30207
0793fee7
07135305
06975b05
86930000
e394f9c6
1ee307a1
2773fef7
d7973050
8793ffff
1b6367a7
27f300f7
07973050
87930000
9bf1c967
30579073
c51c4785
25178082
05130000
80828e25
27f3ed81
07973050
87930000
9bf1c727
30579073
80824501
557d4785
fef59de3
305027f3
00001797
1d478793
0017e793
4a63b7c5
279700a0
87930000
6533e7a7
610820f5
45018082
11418082
e022e406
f1402573
f0ef2501
842afddf
dc9ff0ef
00a50593
64028522
014160a2
712db719
ee06fdaa
e61aea16
f9aee21e
f1b6f5b2
e9beedba
e1c6e5c2
f976fd72
f17ef57a
a906ad02
a10ea50a
b896bc92
b09eb49a
a8aeacaa
a0b6a4b2
b83ebc3a
b046b442
12c00513
a876ac72
a07ea47a
0fc010ef
ee06712d
e61aea16
fdaae21e
f5b2f9ae
edbaf1b6
e5c2e9be
fd72e1c6
f57af976
ad02f17e
a50aa906
bc92a10e
b49ab896
acaab09e
a4b2a8ae
bc3aa0b6
b442b83e
ac72b046
a47aa876
27f3a07e
2717f140
07130000
e7b3da27
639c20e7
1717c38d
07130000
93637ca7
179706e7
87930000
b7037d67
b5831787
450d1887
60f29702
633262d2
756e6392
762e75ce
676e768e
682e67ce
7e6a688e
7f2a7eca
206a7f8a
212a20ca
3266218a
332632c6
25663386
262625c6
37622686
382237c2
2e623882
2f222ec2
61152f82
30200073
18803783
712d9002
ea16ee06
e21ee61a
f9aefdaa
f1b6f5b2
e9beedba
e1c6e5c2
f976fd72
f17ef57a
a906ad02
a10ea50a
b896bc92
b09eb49a
a8aeacaa
a0b6a4b2
b83ebc3a
b046b442
a876ac72
a07ea47a
f14027f3
00002717
cd070713
20e7e7b3
c38d639c
00001717
6f870713
06e79363
00001797
70478793
1f87b703
2087b583
9702451d
62d260f2
63926332
75ce756e
768e762e
67ce676e
688e682e
7eca7e6a
7f8a7f2a
20ca206a
218a212a
32c63266
33863326
25c62566
26862626
37c23762
38823822
2ec22e62
2f822f22
00736115
37833020
90022080
ee06712d
e61aea16
fdaae21e
f5b2f9ae
edbaf1b6
e5c2e9be
fd72e1c6
f57af976
ad02f17e
a50aa906
bc92a10e
b49ab896
acaab09e
a4b2a8ae
bc3aa0b6
b442b83e
ac72b046
a47aa876
27f3a07e
2717f140
07130000
e7b3bfe7
639c20e7
1717c38d
07130000
93636267
179706e7
87930000
b7036327
b5833187
45413287
60f29702
633262d2
756e6392
762e75ce
676e768e
682e67ce
7e6a688e
7f2a7eca
206a7f8a
212a20ca
3266218a
332632c6
25663386
262625c6
37622686
382237c2
2e623882
2f222ec2
61152f82
30200073
32803783
712d9002
ea16ee06
e21ee61a
f9aefdaa
f1b6f5b2
e9beedba
e1c6e5c2
f976fd72
f17ef57a
a906ad02
a10ea50a
b896bc92
b09eb49a
a8aeacaa
a0b6a4b2
b83ebc3a
b046b442
a876ac72
a07ea47a
f14027f3
00002717
b2c70713
20e7e7b3
c38d639c
00001717
55470713
06e79363
00001797
56078793
3387b703
3487b583
97024545
62d260f2
63926332
75ce756e
768e762e
67ce676e
688e682e
7eca7e6a
7f8a7f2a
20ca206a
218a212a
32c63266
33863326
25c62566
26862626
37c23762
38823822
2ec22e62
2f822f22
00736115
37833020
90023480
ee06712d
e61aea16
fdaae21e
f5b2f9ae
edbaf1b6
e5c2e9be
fd72e1c6
f57af976
ad02f17e
a50aa906
bc92a10e
b49ab896
acaab09e
a4b2a8ae
bc3aa0b6
b442b83e
ac72b046
a47aa876
27f3a07e
2717f140
07130000
e7b3a5a7
639c20e7
1717c38d
07130000
93634827
179706e7
87930000
b70348e7
b5833587
45493687
60f29702
633262d2
756e6392
762e75ce
676e768e
682e67ce
7e6a688e
7f2a7eca
206a7f8a
212a20ca
3266218a
332632c6
25663386
262625c6
37622686
382237c2
2e623882
2f222ec2
61152f82
30200073
36803783
712d9002
ea16ee06
e21ee61a
f9aefdaa
f1b6f5b2
e9beedba
e1c6e5c2
f976fd72
f17ef57a
a906ad02
a10ea50a
b896bc92
b09eb49a
a8aeacaa
a0b6a4b2
b83ebc3a
b046b442
a876ac72
a07ea47a
f14027f3
00002717
98870713
20e7e7b3
c38d639c
00001717
3b070713
06e79363
00001797
3bc78793
3787b703
3887b583
9702454d
62d260f2
63926332
75ce756e
768e762e
67ce676e
688e682e
7eca7e6a
7f8a7f2a
20ca206a
218a212a
32c63266
33863326
25c62566
26862626
37c23762
38823822
2ec22e62
2f822f22
00736115
37833020
90023880
ee06712d
e61aea16
fdaae21e
f5b2f9ae
edbaf1b6
e5c2e9be
fd72e1c6
f57af976
ad02f17e
a50aa906
bc92a10e
b49ab896
acaab09e
a4b2a8ae
bc3aa0b6
b442b83e
ac72b046
a47aa876
27f3a07e
2717f140
07130000
e7b38b67
639c20e7
1717c38d
07130000
93632de7
179706e7
87930000
b7032ea7
b5833987
45513a87
60f29702
633262d2
756e6392
762e75ce
676e768e
682e67ce
7e6a688e
7f2a7eca
206a7f8a
212a20ca
3266218a
332632c6
25663386
262625c6
37622686
382237c2
2e623882
2f222ec2
61152f82
30200073
3a803783
712d9002
ea16ee06
e21ee61a
f9aefdaa
f1b6f5b2
e9beedba
e1c6e5c2
f976fd72
f17ef57a
a906ad02
a10ea50a
b896bc92
b09eb49a
a8aeacaa
a0b6a4b2
b83ebc3a
b046b442
a876ac72
a07ea47a
f14027f3
00001717
7e470713
20e7e7b3
c38d639c
00001717
20c70713
06e79363
00001797
21878793
3b87b703
3c87b583
97024555
62d260f2
63926332
75ce756e
768e762e
67ce676e
688e682e
7eca7e6a
7f8a7f2a
20ca206a
218a212a
32c63266
33863326
25c62566
26862626
37c23762
38823822
2ec22e62
2f822f22
00736115
37833020
90023c80
ee06712d
e61aea16
fdaae21e
f5b2f9ae
edbaf1b6
e5c2e9be
fd72e1c6
f57af976
ad02f17e
a50aa906
bc92a10e
b49ab896
acaab09e
a4b2a8ae
bc3aa0b6
b442b83e
ac72b046
a47aa876
27f3a07e
1717f140
07130000
e7b37127
639c20e7
1717c38d
07130000
936313a7
179706e7
87930000
b7031467
b5833d87
45593e87
60f29702
633262d2
756e6392
762e75ce
676e768e
682e67ce
7e6a688e
7f2a7eca
206a7f8a
212a20ca
3266218a
332632c6
25663386
262625c6
37622686
382237c2
2e623882
2f222ec2
61152f82
30200073
3e803783
712d9002
ea16ee06
e21ee61a
f9aefdaa
f1b6f5b2
e9beedba
e1c6e5c2
f976fd72
f17ef57a
a906ad02
a10ea50a
b896bc92
b09eb49a
a8aeacaa
a0b6a4b2
b83ebc3a
b046b442
a876ac72
a07ea47a
f14027f3
00001717
64070713
20e7e7b3
c38d639c
00001717
06870713
06e79363
00001797
07478793
3f87b703
4087b583
9702455d
62d260f2
63926332
75ce756e
768e762e
67ce676e
688e682e
7eca7e6a
7f8a7f2a
20ca206a
218a212a
32c63266
33863326
25c62566
26862626
37c23762
38823822
2ec22e62
2f822f22
00736115
37833020
90024080
ee06712d
e61aea16
fdaae21e
f5b2f9ae
edbaf1b6
e5c2e9be
fd72e1c6
f57af976
ad02f17e
a50aa906
bc92a10e
b49ab896
acaab09e
a4b2a8ae
bc3aa0b6
b442b83e
ac72b046
a47aa876
27f3a07e
1717f140
07130000
e7b356e7
639c20e7
1717c38d
07130000
9363f967
179706e7
87930000
b703fa27
b5834187
45614287
60f29702
633262d2
756e6392
762e75ce
676e768e
682e67ce
7e6a688e
7f2a7eca
206a7f8a
212a20ca
3266218a
332632c6
25663386
262625c6
37622686
382237c2
2e623882
2f222ec2
61152f82
30200073
42803783
712d9002
ea16ee06
e21ee61a
f9aefdaa
f1b6f5b2
e9beedba
e1c6e5c2
f976fd72
f17ef57a
a906ad02
a10ea50a
b896bc92
b09eb49a
a8aeacaa
a0b6a4b2
b83ebc3a
b046b442
a876ac72
a07ea47a
f14027f3
00001717
49c70713
20e7e7b3
c38d639c
00001717
ec470713
06e79363
00001797
ed078793
4387b703
4487b583
97024565
62d260f2
63926332
75ce756e
768e762e
67ce676e
688e682e
7eca7e6a
7f8a7f2a
20ca206a
218a212a
32c63266
33863326
25c62566
26862626
37c23762
38823822
2ec22e62
2f822f22
00736115
37833020
90024480
ee06712d
e61aea16
fdaae21e
f5b2f9ae
edbaf1b6
e5c2e9be
fd72e1c6
f57af976
ad02f17e
a50aa906
bc92a10e
b49ab896
acaab09e
a4b2a8ae
bc3aa0b6
b442b83e
ac72b046
a47aa876
27f3a07e
1717f140
07130000
e7b33ca7
639c20e7
1717c38d
07130000
9363df27
179706e7
87930000
b703dfe7
b5834587
45694687
60f29702
633262d2
756e6392
762e75ce
676e768e
682e67ce
7e6a688e
7f2a7eca
206a7f8a
212a20ca
3266218a
332632c6
25663386
262625c6
37622686
382237c2
2e623882
2f222ec2
61152f82
30200073
46803783
712d9002
ea16ee06
e21ee61a
f9aefdaa
f1b6f5b2
e9beedba
e1c6e5c2
f976fd72
f17ef57a
a906ad02
a10ea50a
b896bc92
b09eb49a
a8aeacaa
a0b6a4b2
b83ebc3a
b046b442
a876ac72
a07ea47a
f14027f3
00001717
2f870713
20e7e7b3
c38d639c
00001717
d2070713
06e79363
00001797
d2c78793
4787b703
4887b583
9702456d
62d260f2
63926332
75ce756e
768e762e
67ce676e
688e682e
7eca7e6a
7f8a7f2a
20ca206a
218a212a
32c63266
33863326
25c62566
26862626
37c23762
38823822
2ec22e62
2f822f22
00736115
37833020
90024880
ee06712d
e61aea16
fdaae21e
f5b2f9ae
edbaf1b6
e5c2e9be
fd72e1c6
f57af976
ad02f17e
a50aa906
bc92a10e
b49ab896
acaab09e
a4b2a8ae
bc3aa0b6
b442b83e
ac72b046
a47aa876
27f3a07e
1717f140
07130000
e7b32267
639c20e7
1717c38d
07130000
9363c4e7
179706e7
87930000
b703c5a7
b5834987
45714a87
60f29702
633262d2
756e6392
762e75ce
676e768e
682e67ce
7e6a688e
7f2a7eca
206a7f8a
212a20ca
3266218a
332632c6
25663386
262625c6
37622686
382237c2
2e623882
2f222ec2
61152f82
30200073
4a803783
712d9002
ea16ee06
e21ee61a
f9aefdaa
f1b6f5b2
e9beedba
e1c6e5c2
f976fd72
f17ef57a
a906ad02
a10ea50a
b896bc92
b09eb49a
a8aeacaa
a0b6a4b2
b83ebc3a
b046b442
a876ac72
a07ea47a
f14027f3
00001717
15470713
20e7e7b3
c38d639c
00001717
b7c70713
06e79363
00001797
b8878793
4b87b703
4c87b583
97024575
62d260f2
63926332
75ce756e
768e762e
67ce676e
688e682e
7eca7e6a
7f8a7f2a
20ca206a
218a212a
32c63266
33863326
25c62566
26862626
37c23762
38823822
2ec22e62
2f822f22
00736115
37833020
90024c80
ee06712d
e61aea16
fdaae21e
f5b2f9ae
edbaf1b6
e5c2e9be
fd72e1c6
f57af976
ad02f17e
a50aa906
bc92a10e
b49ab896
acaab09e
a4b2a8ae
bc3aa0b6
b442b83e
ac72b046
a47aa876
27f3a07e
1717f140
07130000
e7b30827
639c20e7
1717c38d
07130000
9363aaa7
179706e7
87930000
b703ab67
b5834d87
45794e87
60f29702
633262d2
756e6392
762e75ce
676e768e
682e67ce
7e6a688e
7f2a7eca
206a7f8a
212a20ca
3266218a
332632c6
25663386
262625c6
37622686
382237c2
2e623882
2f222ec2
61152f82
30200073
4e803783
712d9002
ea16ee06
e21ee61a
f9aefdaa
f1b6f5b2
e9beedba
e1c6e5c2
f976fd72
f17ef57a
a906ad02
a10ea50a
b896bc92
b09eb49a
a8aeacaa
a0b6a4b2
b83ebc3a
b046b442
a876ac72
a07ea47a
f14027f3
00001717
fb070713
20e7e7b3
c38d639c
00001717
9d870713
06e79363
00001797
9e478793
4f87b703
5087b583
9702457d
62d260f2
63926332
75ce756e
768e762e
67ce676e
688e682e
7eca7e6a
7f8a7f2a
20ca206a
218a212a
32c63266
33863326
25c62566
26862626
37c23762
38823822
2ec22e62
2f822f22
00736115
37833020
90025080
305027f3
03f7f793
470917fd
69634501
d71700f7
0713ffff
97bad127
0007c503
bff98082
872a47fd
00a7cf63
45014789
00e7df63
1fffe7b7
11178793
d533078e
890500e7
07138082
3513f805
80820017
ec267179
852e84aa
e84af022
f406e44e
89b2842e
f0ef8936
c541fbff
08000793
08f41c63
f8dff0ef
0005079b
cfa5554d
740270a2
694264e2
614569a2
bc238082
b4235134
a8215324
00541793
97a60425
bc230416
85331137
34230084
45010125
47fdbfc1
c5e35551
47bdfc87
fc87d2e3
00541793
97a60425
fffff717
f1a70713
bc230416
853310e7
30230084
bfc10125
fffff797
b5478793
16f4bc23
1924b023
5555bf7d
9ce3b771
f797f809
8793ffff
bc23b807
b77150f4
f80998e3
09e347ad
c0e3faf4
478dfa87
fcf404e3
5551479d
f6f410e3
fffff797
fa278793
1ef4bc23
2124b023
c911bfad
8863479d
e86304f5
c58d00b7
8d63478d
567d02f5
47ada805
04f58063
ff05879b
68e3473d
4785fef7
00b797bb
b7f3ee0d
a8093047
c60947a1
3007a7f3
a0194601
3007b7f3
80828532
ca1947a1
3047a7f3
0793b7f5
bfd50800
879b6785
b7f58007
3047b7f3
a7f3b7c5
bfc93047
bf414605
b7714601
87aa473d
4963557d
c61900b7
20f5e5b3
b8234501
808252c5
07978082
87930000
976379e7
051700a7
05130000
bfc97aa5
8082557d
81018793
35138d1d
053a0015
0105971b
678dc599
33378793
c11c9fb9
6795bffd
55578793
611cbfd5
8782779c
73bc611c
e5118782
00001517
d1853503
45018082
25738082
2501f140
611c8082
e4061141
9782639c
85aa1141
81018513
f0efe406
0000fedf
00000000
00000000
00000000
00000000
00000000
00000000
00000000
00000000
00000000
00000000
00000000
00000000
e77fe06f
e73fe06f
e6ffe06f
ebdfe06f
e67fe06f
e63fe06f
e5ffe06f
f7ffe06f
e57fe06f
e53fe06f
e4ffe06f
e4bfe06f
e47fe06f
e43fe06f
e3ffe06f
e3bfe06f
82cff06f
8faff06f
9c8ff06f
a96ff06f
b64ff06f
c32ff06f
d00ff06f
dceff06f
e9cff06f
f6aff06f
839ff06f
907ff06f
9d5ff06f
aa3ff06f
b71ff06f
c3fff06f
00000000
00000000
00000000
00000000
00000000
00000000
00000000
00000000
00000000
00000000
00000000
00000000
00000000
00000000
00000000
00000000
00000000
00000000
00000000
00000000
00000000
00000000
00000000
00000000
00000000
00000000
00000000
00000000
00000000
00000000
00000000
00000000
e4061141
0f2000ef
079360a2
c11c0580
0141557d
11418082
f0efe406
1141ea7f
00efe406
60a20d40
fa800793
557dc11c
80820141
3513157d
80820015
e4061141
0b6000ef
079360a2
c11c0580
0141557d
11418082
00efe406
60a20a00
05800793
557dc11c
80820141
00002797
f1878793
00003717
f1070713
02e78663
81818793
638885aa
00b506b3
00e6fd63
ec061101
e42a2581
c0efe394
60e29fef
61056522
e3988082
8082557d
ec061101
e426e822
4785e04a
00f51a63
84b2842e
00c58933
03241063
a0398526
02e000ef
05800793
557dc11c
644260e2
690264a2
80826105
00044503
00ef0405
bfd92d00
468185aa
45014601
1517a879
35030000
8082aca5
e8221101
c417e426
0413ffff
c4973fa4
8493ffff
8c053f24
840dec06
60e2e411
64a26442
80826105
67b3147d
639c2094
b7ed9782
e8221101
c417e426
0413ffff
c4973c64
8493ffff
8c813be4
ec06e04a
4901848d
02991563
ffffc417
3a840413
ffffc497
3a048493
848d8c81
1d634901
60e20099
64a26442
61056902
601c8082
04210905
b7f99782
0905601c
97820421
88aabff9
00001517
a9450513
ef016118
aa818793
0513e11c
873e0000
6118c509
10e7b823
471c873e
557d487d
04f84563
02088c63
11073803
02080f63
2107e333
00c33023
20082503
163b4605
8d5100f6
20a82023
10d33023
97634689
268300d8
8ed12048
20d82223
0017869b
e7b3c714
450120e7
8082eb8c
f852711d
f05af456
ec86ec5e
e4a6e8a2
fc4ee0ca
e466e862
8a2e8aaa
00001b17
a04b0b13
34834b85
cc81000b
b9834480
091b1104
040efff4
00898cb3
5f639426
60e60009
64a66446
79e26906
7aa27a42
6be27b02
6ca26c42
80826125
000a0c63
00099663
1ce1397d
bfd11461
0f8cb783
ff479ae3
6418449c
996337fd
a4230327
d36d0124
0084ac03
00098963
2009a783
012b96bb
27818ff5
9702ef89
37834498
12e3000b
8fe3f987
bfb5faf4
00043423
a783bfc9
b5832049
8ff5ff8c
e7812781
97028556
852ebfe1
bfc99702
00001797
96478793
ef054398
e8221101
ec06e426
c3984705
ffffc417
21440413
ffffc497
20c48493
00947463
00941763
644260e2
610564a2
601c8082
97820421
8082b7f5
00001797
91878793
ef054398
e8221101
ec06e426
c3984705
ffffc417
1d040413
ffffc497
1c848493
00947463
00941763
644260e2
610564a2
601c8082
97820421
8082b7f5
e4061141
00efe022
17971c80
87930000
43988ce7
4705e319
00efc398
f0ef11e0
2501b35f
b1fff0ef
cd11842a
b11ff0ef
00efc919
85220220
affff0ef
6402c509
014160a2
60a2a801
01416402
b72d8082
b7adbf45
639c611c
852a8782
01151013
8082557d
8793050e
97aa8201
c6e16394
83018793
639c97aa
06374705
173b1000
c78300f7
05370095
377d2000
01c7979b
c6038ff1
161b00a5
8e6901d6
c6038fd1
8a050005
c6038fd1
8e790015
0026161b
41d08fd1
161b8e79
8fd10086
0085c603
171b8f71
8fd900e7
c29c2781
00c5c783
00d5c703
06136609
979be006
171b0047
8f710097
1f07f793
c7038fd9
e63700b5
8b3d0007
c7038fd9
171b00e5
8f7100d7
c7038fd9
063700f5
171b0008
8f710137
c7038fd9
06370105
171b0010
8f710147
c7038fd9
06370115
171b0020
8f710157
27818fd9
8082c2dc
8301b703
97bb4785
713900e7
470537fd
00e10423
0047f713
00e104a3
1587f713
08238b95
678500f1
e0078793
00f11923
010607b7
40478793
0793ca3e
f8221010
fc06f426
08a3c63a
1c230001
440100f1
82818493
4763409c
70e200f4
74a27442
80826121
002c8522
ec5ff0ef
b7dd2405
f14027f3
83818713
e7b32781
639820e7
07a16785
4314973e
00157793
9add078e
c31c8fd5
45018082
0000bfe1
00000000
00000000
12200418
00000000
12200450
00000000
122003e0
00000000
00000000
00000000
00000000
00000000
00000000
00000000
00000000
00000000
00000000
00000000
00000000
00000000
00000000
00000000
00000000
00000000
00000000
00000000
00000000
00000000
00000000
00000000
00000000
00000000
00000000
00000000
00000000
00000000
00000000
00000000
00000000
00000000
00000000
00000000
00000000
00000000
12200528
00000000
00000000
00000000
12200608
00000000
00000000
00000000
00000000
00000000
122006a8
00000000
00000000
00000000
00000000
00000000
00000000
00000000
00000000
00000000
00000000
00000000
00000000
00000000
00000000
00000000
00000000
00000000
00000000
00000000
00000000
00000000
00000000
00000000
00000000
00000000
00000000
00000000
00000000
00000000
00000000
00000000
00000000
00000000
00000000
00000000
00000000
00000000
00000000
00000000
00000000
00000000
00000000
00000000
00000000
00000000
00000000
00000000
00000000
00000000
00000000
00000000
00000000
00000000
00000000
00000000
00000000
00000000
00000000
00000000
00000000
00000000
00000000
00000000
00000000
00000000
00000000
00000000
00000000
00000000
00000000
00000000
00000000
00000000
00000000
00000000
00000000
00000000
00000000
00000000
00000000
00000000
00000000
00000000
00000000
00000000
00000000
00000000
00000000
00000000
00000000
00000000
00000000
00000000
00000000
00000000
00000000
00000000
00000000
00000000
00000000
00000000
00000000
00000000
00000000
00000000
00000000
00000000
00000000
00000000
00000000
00000000
00000000
00000000
00000000
00000000
00000000
00000000
00000000
00000000
00000000
00000000
00000000
00000000
00000000
00000000
00000000
00000000
00000000
00000000
00000000
00000000
00000000
00000000
00000000
00000000
00000000
00000000
00000000
00000000
00000000
00000000
00000000
00000000
00000000
00000000
00000000
00000000
00000000
00000000
00000000
00000000
00000000
00000000
00000000
00000000
00000000
00000000
00000000
00000000
00000000
00000000
00000000
00000000
00000000
00000000
00000000
00000000
00000000
00000000
00000000
00000000
00000000
00000000
00000000
00000000
00000000
00000000
00000000
00000000
00000000
00000000
00000000
00000000
00000000
00000000
00000000
00000000
00000000
00000000
00000000
00000000
00000000
00000000
00000000
00000000
00000000
00000000
00000000
00000000
00000000
00000000
00000000
00000000
00000000
00000000
00000000
00000000
00000000
00000000
00000000
00000000
00000000
00000000
00000000
00000000
00000000
00000000
00000000
00000000
00000000
00000000
00000000
00000000
00000000
00000000
00000000
00000000
00000000
00000000
00000000
00000000
00000000
00000000
00000000
00000000
00000000
00000000
00000000
00000000
00000000
00000000
00000000
00000000
00000000
00000000
00000000
00000000
00000000
00000000
00000000
00000000
00000000
00000000
00000000
00000000
00000000
00000000
00000000
00000000
00000000
00000000
00000000
00000000
00000000
00000000
00000000
00000000
00000000
00000000
00000000
00000000
00000000
00000000
00000000
00000000
00000000
00000000
00000000
00000000
00000000
00000000
00000000
00000000
00000000
00000000
00000000
00000000
00000000
00000000
00000000
00000000
00000000
00000000
00000000
00000000
00000000
00000000
00000000
00000000
00000000
00000000
00000000
00000000
00000000
00000000
00000000
00000000
00000000
00000000
00000000
00000000
00000000
00000000
00000000
00000000
00000000
00000000
00000000
00000000
00000000
00000000
00000000
00000000
00000000
00000000
00000000
00000000
00000000
00000000
00000000
00000000
00000000
00000000
00000000
00000000
00000000
00000000
00000000
00000000
00000000
00000000
00000000
00000000
00000000
00000000
00000000
00000000
00000000
00000000
00000000
00000000
00000000
00000000
00000000
00000000
00000000
00000000
00000000
00000000
00000000
00000000
00000000
00000000
122043f0
00000000
12204330
00000000
122007b8
00000000
12205d80
00000000
02030000
00000000
00000001
00000000
00000006
00000000
04000000
00000000
08302d07
7b0e0f1a
6405b44a
62ee9f86
4c8a814a
bb59645b
8435ef57
573d7b78
401db64b
001ee92c
4661cbf9
0d61e366
96cc9a9c
eb51a133
cd90af94
a29c071d
a2000003
00004a38
0004451c
00000000
00000000
00000000
00000000
00000000
c8e5280e
79d290b9
a978d96b
004f1614
5923e9df
d82efdcc
2438f8e7
b7f9e5b4
64e28410
da4102ec
2e946a55
2a65a941
bd2d4966
694a882d
af001fe0
98420116
0000000b
00000000
00000000
12760000
000049f8
00000000
00000000
00000000
00000000
00000000
00000000
00000001
00000000
00000000
00000000
00000000
00005197
1b818193
00000297
01828293
30529073
00100293
00028463
7c105073
00000297
13428293
30529073
00000113
00011663
00006117
d4c10113
f1402573
13174281
0313ede0
7113fbe3
8563ff01
911a00a2
bfd50285
00000097
07e08093
00008363
25739082
4581f140
00ef4601
00930f60
83630000
90820000
00000297
00c28293
30529073
00002303
0000bff5
80820000
b37346a1
42a13006
0055c563
00757613
0023ca11
05050005
47e315fd
1073feb0
80823003
00053023
15e10521
fcb04ee3
30031073
30238082
03210003
fe734de3
84068082
ede00297
f2828293
06028763
ede00297
f1c28293
f14027f3
b07346a1
13173006
0313ede0
5397f0a3
83930000
0333c823
53634061
831e0073
0463838a
f0ef0073
9a63fb5f
43170257
03130000
53972123
83930000
04638d23
f0ef0073
0317f99f
03130000
039768a3
83930000
04636823
f0ef0073
80a2f81f
00008082
342022f3
34102373
343023f3
8082bfd5
51978406
81930000
02930521
11630000
42970e55
82930000
43171ba2
03130000
53971b23
83930000
8c638723
5a630062
b5030073
02a10002
00a33023
4ae30321
0297fe73
82930000
031761a2
03130000
03976123
83930000
8c6360a3
5a630062
b5030073
02a10002
00a33023
4ae30321
100ffe73
02970000
82930000
03175e62
03130000
03975de3
83930000
8c635d63
5a630062
b5030073
02a10002
00a33023
4ae30321
100ffe73
43170000
03130000
83937ea3
5763bc01
30230073
03210003
fe734de3
00004217
7d020213
9602c211
00004517
ccc50513
4b1030ef
4f5030ef
00004517
f6a50513
4a1030ef
75b030ef
f0fff0ef
b07356fd
b0733046
27f33446
27373010
8f7d0004
b073c709
b0733036
07373026
8f7d0004
b073c319
67411806
0287071b
cb898ff9
300027f3
8fd96709
30079073
00305073
60000793
3007a073
300027f3
6007f793
7057c789
5073cc00
30ef00f0
45056f70
00000597
4cc58593
00000617
4cc60613
2cd000ef
6b5000ef
808280a2
11418082
22f3e406
0313f140
85630000
00730062
bff51050
510000ef
014160a2
00008082
00000000
65637845
6f697470
6948206e
6d202174
73756163
30203a65
38302578
6d202c78
3a637065
25783020
2c783830
76746d20
203a6c61
30257830
000a7838
00000000
7561634d
45206573
70656378
6e6f6974
646f4320
30203a65
38302578
00000a78
20776f4e
74697845
2e676e69
000a2e2e
20746f4e
61762061
2064696c
65726874
6c6f6873
6f632064
6769666e
74617275
216e6f69
65684320
73206b63
70757465
00000a21
00000000
20746f4e
61762061
2064696c
69616c63
6f632d6d
656c706d
63206574
69666e6f
61727567
6e6f6974
68432021
206b6365
75746573
000a2170
00000000
00000000
00000000
00000000
00000000
00000000
00000000
00000000
00000000
00000000
00000000
00000000
00000000
00000000
00000000
00000000
00000000
00000000
00000000
00000000
00000000
00000000
00000000
00000000
00000000
00000000
00000000
00000000
00000000
00000000
00000000
00000000
00000000
00000000
00000000
00000000
00000000
00000000
00000000
00000000
00000000
00000000
2b302d23
00000020
004c6c68
00000000
45676665
00004746
33323130
37363534
42413938
46454443
00000000
00000000
33323130
37363534
62613938
66656463
00000000
00001c44
00001c5a
00001c1a
00001c1a
00001c1a
00001c1a
00001c5a
00001c1a
00001c1a
00001c1a
00001c1a
00001db4
00001c98
00001d52
00001c1a
00001c1a
00001de8
00001c1a
00001c98
00001c1a
00001c1a
00001d5a
00000000
122023e6
00000000
122024e0
00000000
12202452
00000000
00000000
00000000
00000000
00000000
1220267c
00000000
1220269c
00000000
1220246c
00000000
1220244e
00000000
12202506
00000000
12202560
00000000
00000000
00000000
00000000
00000000
00000000
00000000
00000000
00000000
00000000
00000000
00000000
00000000
00000000
00000000
00000000
00000000
122025f2
00000000
122023b2
00000000
00000000
00000000
00000000
00000000
00000000
00000000
00000000
00000000
00000000
00000000
00000000
00000000
00000000
00000000
12202906
00000000
1220290c
00000000
1220292c
00000000
1220295a
00000000
12202a7a
00000000
1220295c
00000000
12202966
00000000
12202afe
00000000
1220296a
00000000
1220296e
00000000
122029a2
00000000
122029d6
00000000
12202a0a
00000000
12203c52
00000000
12202a24
00000000
12202a36
00000000
12202a3c
00000000
12202a44
00000000
12202a5e
00000000
122026bc
00000000
12202a9e
00000000
12202b08
00000000
12203aae
00000000
00000000
00000000
00000000
00000000
00000000
00000000
00000000
00000000
12203adc
00000000
00000000
00000000
12203c30
00000000
12203c34
00000000
00000000
00000000
00000000
00000000
00000000
00000000
00000000
00000000
00000000
00000000
00000000
00000000
00000000
00000000
00000000
00000000
12202902
00000000
00000000
00000000
00000000
00000000
00000000
00000000
00000000
00000000
00000000
00000000
00000000
00000000
00000000
00000000
00000000
00000000
12200798
00000000
00000000
00000000
6762696c
73736f6c
00000000
00000000
12204330
00000000
00040301
00000000
12203c6c
00000000
00000000
00000000
00000000
00000000
00000000
00000000
00000000
00000000
00000000
00000000
00000000
00000000
00000000
00000000
00000000
00000000
006c7179
f4064501
c602f026
065000ef
49e030ef
00ef84aa
85263500
376000ef
e9052501
22c000ef
234000ef
0c0027b7
c398577d
b7b745b2
879bfabf
9fadb007
0814c83e
46094785
ca3e4501
72a000ef
70a2a001
25017482
80826145
00000000
00000000
00000000
00000000
00000000
00000000
00000000
00000000
00000000
00000000
00000000
00000000
00000000
00000000
00000000
00000000
00000000
00000000
00000000
00000000
00000000
00000000
00000000
00000000
00000000
00000000
00000000
00000000
00000000
00000000
00000000
00000000
00000000
00000000
00000000
00000000
00000000
00000000
00000000
00000000
00000000
1060006f
0fc0006f
0f80006f
0f60006f
0f00006f
0ec0006f
0e80006f
0e80006f
0e00006f
0dc0006f
0d80006f
2f40006f
0d00006f
0cc0006f
0c80006f
0c40006f
0c00006f
0bc0006f
0b80006f
0b40006f
0b00006f
0ac0006f
0a80006f
0a40006f
0a00006f
09c0006f
0980006f
0940006f
0900006f
08c0006f
0880006f
0840006f
0800006f
07c0006f
0780006f
0740006f
0700006f
06c0006f
0680006f
0640006f
0600006f
05c0006f
0580006f
0540006f
0500006f
04c0006f
0480006f
0440006f
00000000
00000000
00000000
00000000
00000000
00000000
00000000
00000000
00000000
00000000
00000000
00000000
00000000
00000000
00000000
00000000
a001a001
1141a001
e022e406
34202473
26732401
26f33410
05173430
05130000
26818e65
85a22601
033000ef
3ff47593
00000517
91050513
023000ef
00000517
92450513
017000ef
0ee00513
738000ef
879b6785
a7f38007
80823047
a7f347a1
80823007
b7f347a1
80823007
0025151b
020007b7
a02397aa
000f0007
80820ff0
03100793
00f59963
00d5151b
0c2007b7
08f5053b
07938082
97630510
151b00f5
17b700d5
b7ed0c20
05171141
05130000
e4068c65
7a6000ef
450160a2
80820141
03100793
00f59a63
00d5151b
0c2007b7
053b0791
808208f5
05100793
00f59763
00d5151b
0c2017b7
1141b7e5
00000517
8bc50513
00efe406
60a27640
01414501
07938082
81630310
079304f6
9c630510
26b702f6
86930c00
571b0806
171b0055
073b0027
179b0807
87bb0086
470508e7
153b97b6
470500a7
9a634394
8ec900e5
0006871b
8082c398
0c0026b7
f733b7f9
270140a6
151bbfc5
07b70025
053b0c00
c10c08f5
11018082
e44ae826
4481ec06
ef5ff0ef
02200913
45898526
f0ef2485
9be3fd9f
60e2ff24
692264c2
61054501
71798082
f406f026
e84eec4a
84aae452
ec5ff0ef
00000797
d5c78793
0017e793
30579073
a2018913
f0ef8526
8a13eb3f
89caaa41
a5032481
06930009
86260310
f0ef4581
a503f31f
06930009
86260510
09914581
f1fff0ef
fd499fe3
00092503
03100693
45858626
f0ef0911
17e3f09f
8526ff49
03100593
e79ff0ef
478570a2
7482c11c
69c26962
45016a22
80826145
f6867149
ee9af296
e6a6ea9e
fe2ee2aa
f636fa32
ee3ef23a
e646ea42
fdcee24a
f5d6f9d2
edf6f1f2
e5fee9fa
b906bd02
b10eb50a
a916ad12
a11ea51a
b8aebcaa
b0b6b4b2
a8beacba
a0c6a4c2
b876bc72
b07eb47a
f14024f3
00048a9b
03100593
f0ef8556
2983e3ff
892a0005
4501006c
3e0000ef
00004a17
d70a0a13
000a2783
00249693
20232785
8e6300fa
87930c09
863b9101
47b30809
439820f6
053b6505
073b0155
861308c7
47339981
061320c7
84b30210
c30802c4
00004717
d2070713
43149736
00004617
d5c60613
450145b2
089684bb
20c4c4b3
26854390
0134a023
c3902605
00efc314
20230f80
27830139
cf91000a
07b745b2
879b1011
9fad1007
46090814
c83e4501
00efca2e
70b624c0
63767296
64b663d6
75f26516
76b27652
67f27712
68b26852
79ee6912
7aae7a4e
6eee7e0e
6fae6f4e
30ca306a
318a312a
22ca226a
238a232a
35c63566
36863626
27c62766
28862826
3ec23e62
3f823f22
00736175
47973020
87930000
97b6c7a7
27054398
bfa5c398
4785b4a5
95be179a
8082c190
179a4785
418895be
11018082
1000ec22
262387aa
2783fef4
871bfec4
47fd0007
00e7f463
a01157f5
853e4781
61056462
11018082
1000ec22
262387aa
2783fef4
871bfec4
47fd0007
00e7f463
a01157f5
853e4781
61056462
71798082
f022f406
3c231800
87aefca4
fcf42a23
fe042623
fd442783
f0ef853e
87aaf95f
2783873e
8fd9fec4
fef42623
fec42783
c3992781
a82d57f5
100077b7
38078793
fef42423
fe042223
fd442783
4785873e
00e797bb
22232781
6783fef4
2703fe84
863afe44
350385be
f0effd84
4781f31f
70a2853e
61457402
71398082
f822fc06
3c230080
87aefca4
fcc43423
fcf42a23
fe042623
fd442783
f0ef853e
87aaf3df
2783873e
8fd9fec4
fef42623
fec42783
c3992781
a82557f5
fd442783
27b7873e
879b0400
9fb9c937
979b2781
24230027
6783fef4
85befe84
fd843503
ec9ff0ef
871b87aa
37830007
c398fc84
853e4781
744270e2
80826121
fc067139
0080f822
fca43c23
342387ae
2a23fcc4
2623fcf4
2783fe04
853efd44
ebfff0ef
873e87aa
fec42783
26238fd9
2783fef4
2781fec4
57f5c399
2783a825
873efd44
040027b7
c337879b
27819fb9
0027979b
fef42423
fe846783
350385be
f0effd84
87aae4bf
0007871b
fc843783
4781c398
70e2853e
61217442
715d8082
e0a2e486
34230880
87aefca4
3c238732
2223fad4
87bafcf4
fcf42023
fe042423
fc442783
f0ef853e
87aae39f
2783873e
8fd9fe84
fef42423
fe842783
c3992781
a07557f5
fdc40713
fc442783
85be863a
fc843503
f2dff0ef
fd840713
fc442783
85be863a
fc843503
e9bff0ef
fdc42703
fd842783
40f707bb
fef42223
fc442783
27b7873e
879b0400
9fb9cb37
979b2781
20230027
2783fef4
873efc04
fe442783
27812701
00e7f463
a09157fd
fe042623
6683a02d
6783fe04
078afec4
fb843703
439c97ba
85b6863e
fc843503
d57ff0ef
fec42783
26232785
2783fef4
873efec4
fc042783
27812701
fcf765e3
853e4781
640660a6
80826161
f5067171
1900f122
f4a43c23
f4b43823
fe042623
f6840793
08000713
4581863a
00ef853e
47b111e0
f6f42423
0ff00793
f6f42623
0ff00793
f6f42823
0ff00793
f6f42a23
0ff00793
f6f42c23
0ff00793
f6f42e23
0ff00793
f8f42023
0ff00793
f8f42223
24234789
478df8f4
f8f42623
28234791
4795f8f4
f8f42a23
2c234799
479df8f4
f8f42e23
202347a1
47a5faf4
faf42223
28234785
4785faf4
faf42a23
2c2347b5
47b5faf4
faf42e23
0ff00793
fcf42023
0ff00793
fcf42223
242347a9
47a9fcf4
fcf42623
282347ad
47adfcf4
fcf42a23
100087b7
aa078793
fef42423
fe846783
350385be
f0eff584
87aac4bf
fef42623
fec46783
17c1078a
a70397a2
3783f787
c398f504
853e4781
740a70aa
8082614d
e0221141
3797e406
87930000
842ae7e7
4581c781
671020ef
fffff517
60c53503
c391653c
85229782
46b020ef
872a433d
02c37163
00f77793
e1bde3c1
ff067693
96ba8a3d
e70ce30c
6de30741
e211fed7
06b38082
068a40c3
00000297
80679696
072300a6
06a300b7
062300b7
05a300b7
052300b7
04a300b7
042300b7
03a300b7
032300b7
02a300b7
022300b7
01a300b7
012300b7
00a300b7
002300b7
808200b7
0ff5f593
00859693
96938dd5
8dd50105
02059693
b7598dd5
00279693
00000297
82869696
fa2680e7
17c18096
963e8f1d
f8c371e3
7159b79d
f406f022
fc2e842a
e4b6e0b2
ecbee8ba
f4c6f0c2
00003517
75053503
591cc519
e42ae789
0d2000ef
690c6522
86221834
00efec36
70a239a0
61657402
11418082
e406e022
1823842a
192300b5
302300c5
34230005
26230005
3c230a05
20230005
24230205
46210205
05134581
f0ef0a45
0797ee7f
87930000
e03c6367
00000797
65e78793
0797e43c
87930000
e83c6a47
00000797
6d278793
fc0060a2
6402ec3c
80820141
00001597
a3458593
1101aab9
0793e426
849b0b00
84b3fff5
e04a02f4
e822892e
8593ec06
00ef0c84
842a1ac0
3023cd01
24230005
05610125
8613e808
45810b04
e71ff0ef
852260e2
64a26442
61056902
591c8082
1141ebad
e406e022
00000797
fa478793
3023e53c
24230805
38230805
f7970805
b783ffff
842a4367
00f51463
d91c4785
00ef8522
e4080420
00ef8522
e80803a0
00ef8522
ec080320
46016408
f0ef4591
6808ef9f
45a54605
eefff0ef
46096c08
f0ef45c9
4785ee5f
d81c60a2
01416402
80828082
e4261101
fffff497
3dc4b483
e04a589c
e822ec06
e781892a
f0ef8526
8493f71f
68800804
37fd449c
0007d663
cfa9609c
bfc56084
01041703
77c1e729
26230785
30230a04
34230004
c81c0004
00043c23
02042023
02042423
45814621
0a440513
d89ff0ef
06043023
06042423
08043023
08042423
852260e2
64a26442
61056902
04138082
b7450b04
854a4591
eb7ff0ef
842ae088
47b1fd51
00f92023
715dbfe1
fc26e0a2
f052f44e
e45ee85a
f84ae486
89aaec56
04938a2e
44010805
5bfd4b05
0104b903
0084aa83
d0633afd
6084020a
60a6f8e5
64068522
794274e2
7a0279a2
6b426ae2
61616ba2
57838082
7b630109
178300fb
87630129
85ca0177
9a02854e
24018c49
0b090913
8793b7c1
71790075
07379be1
ec268000
07a1e84a
f4064941
e44ef022
fff74713
f93384aa
64630b27
7c6300f7
47b100b9
4501c09c
740270a2
694264e2
614569a2
00ef8082
36971d70
86930000
62984f26
e80d843a
00003417
4ec40413
e791601c
85264581
3a0000ef
85cae008
00ef8526
59fd3960
05351e63
c09c47b1
00ef8526
bf4519d0
87bb601c
c0634127
463d0407
00f65763
943ee01c
01243023
641ca029
02871363
8526e29c
173000ef
00f40513
00840793
07bb9961
dfad40f5
07bb943e
e01c40f0
e71cbf85
8722bff9
b7516400
00750413
01e39861
05b3fc85
852640a4
324000ef
fb351ae3
465cbf41
fff7871b
5963c658
561c0007
00f74563
936347a9
aecd00f5
852e621c
00178713
8023e218
808200b7
f0227179
e84aec26
e052e44e
892af406
843289ae
00d604b3
14635a7d
45010094
4583a811
864e0004
f0ef854a
0405fadf
ff4515e3
740270a2
694264e2
6a0269a2
80826145
e1a27155
f94afd26
f152f54e
ed56e586
e55ee95a
fce6e162
89aaf8ea
893284ae
4a018436
591cc509
f0efe399
f797d01f
8793ffff
9e63dc27
b4830cf4
d7830089
8ba10104
6c9ccbed
0793c7fd
04a30200
5afd02f1
03000793
0523d202
e42202f1
02500b93
020a9c13
fffffb17
df8b0b13
844a4c85
00044783
9263c399
0d3b0f77
0e634124
86ea000d
85a6864a
f0ef854e
0a63f2ff
57921f55
01a787bb
4783d23e
82630004
09131e07
e8620014
09a3ec02
d4820401
00094583
855a4615
7ea000ef
041347c2
ed510019
0107f713
0713c709
09a30200
f71304e1
c7090087
02b00713
04e109a3
00094683
02a00713
08e68363
844a47f2
46254681
47034829
05130004
059b0014
872efd07
0ab67a63
ce3ecabd
f797a88d
8793ffff
9563d167
b48300f4
bf310109
fffff797
c9478793
f0f499e3
0189b483
85a6b729
00ef854e
d51135c0
60ae557d
74ea640e
79aa794a
6aea7a0a
6baa6b4a
7ce66c0a
61697d46
04058082
0533bf11
953b4165
8fc900ac
8922c83e
6722b791
00870693
e4364318
02074963
4703ce3a
07930004
106302e0
470304f7
07930014
106302a0
67a20af7
87130409
439c0087
c163e43a
ca3e0207
073ba839
e79340e0
ce3a0027
b7e1c83e
02f807bb
4685842a
bf159fb9
4583ca56
460d0004
fffff517
c9850513
6ce000ef
f797cd11
8793ffff
8d1dc8a7
071347c2
173b0400
8fd900a7
c83e0405
00044583
f5174619
0513ffff
0913c725
04230014
00ef02b1
c1516980
00000793
4742eba1
771367a2
c3291007
9bc107bd
e43e07c1
87bb5792
d23e0147
0405bd3d
4681ca02
46254781
47034829
05130004
059b0014
872efd07
00b67463
bf95fab9
02f807bb
4685842a
b7c59fb9
b7d107a1
06970038
86930000
8626d526
854e080c
00000097
000000e7
15e38a2a
d783fb55
f7930104
99e30407
5512ea07
0038b57d
00000697
d2468693
080c8626
00ef854e
bfd97d20
e0221141
852e842a
00003797
1207ae23
20efe406
57fd5820
00f51863
00003797
1287a783
c01cc391
640260a2
80820141
e0221141
9583842e
e4060125
20d000ef
00054963
97aa6c5c
60a2ec5c
01416402
57838082
777d0104
8ff9177d
00f41823
d783b7ed
71790105
ec26f022
e44ee84a
f793f406
84aa1007
8932842e
c79989b6
01259583
46014689
43e000ef
01045783
177d777d
15838ff9
18230124
740200f4
86ce70a2
69a2864a
85266942
614564e2
1141a219
842ee022
01259583
00efe406
577d4080
01045783
00e51b63
177d777d
18238ff9
60a200f4
01416402
67058082
18238fd9
ec4800f4
9583b7fd
a4210125
f0227179
e84aec26
e44ef406
892e84aa
c5098432
e399591c
977ff0ef
fffff797
a3878793
06f41a63
541c6480
5783c45c
8ba10104
6c1cc3d1
6c1cc3c1
79936008
894e0ff9
501c9d1d
00f54763
852685a2
320000ef
445ce53d
37fd2505
601cc45c
00178713
8023e018
501c0137
00a78963
01045783
cb898b85
176347a9
85a200f9
00ef8526
ed152ee0
740270a2
69a264e2
6942854a
80826145
fffff797
9f478793
00f41463
b7516880
fffff797
97478793
f6f41de3
bf956c80
852685a2
03e000ef
597ddd2d
1141b7d1
842ae022
85b2852e
37978636
a1230000
e406f807
408020ef
186357fd
379700f5
a7830000
c391f6e7
60a2c01c
01416402
11018082
e426e822
ec06e04a
00003497
ef84b483
842e892a
589cc491
8526e781
877ff0ef
fffff797
93878793
02f41663
17836480
f6930104
c73b0087
eab50807
01077693
4725ea95
00e92023
0407e793
00f41823
a879557d
fffff797
93c78793
00f41463
b7f16880
fffff797
8bc78793
fcf411e3
bf756c80
c7158b11
c991702c
07c40793
00f58563
00ef854a
30233a60
57830604
24230104
f7930004
1823fdb7
6c1c00f4
5783e01c
e7930104
18230087
6c1c00f4
5783ef89
07130104
f7932000
86632807
85a200e7
00ef854a
17832a60
f6930104
c73b0017
c29d0807
26235014
06bb0004
d41440d0
45016c14
7713e681
ff290807
644260e2
690264a2
80826105
00277693
e2914601
c4505010
1141bff1
842ae022
3797852e
a3230000
e406e407
224020ef
186357fd
379700f5
a7830000
c391e327
60a2c01c
01416402
d7838082
71790105
ec26f022
e84af406
f713e44e
84aa0087
ef69842e
4d634598
5db800e0
00e04a63
70a24501
64e27402
69a26942
80826145
d77d6838
a9036685
8ff50004
0004a023
cfa57c0c
57836c50
8b910104
441cc799
703c8e1d
5c3cc399
683c8e1d
46817c0c
97828526
570357fd
1d630104
409400f5
e76347f5
07b706d7
17f9dfc0
40d7d7b3
efb98b85
24236c1c
e01c0004
8f7d6785
57fdc719
00f51463
e391409c
702cec48
0124a023
0793ddb5
856307c4
852600f5
23c000ef
06043023
4601b7a5
85264685
57fd9702
10e3862a
409cf8f5
4775dfad
00e78563
94634759
a02304e7
b7890124
04076713
00e41823
bf25557d
0185b983
f20988e3
0005b903
b0238b8d
093b0135
47014139
5198e391
5be3c458
643cf120
86ca7c0c
8526864e
49639782
578300a0
e7930104
18230407
bf7d00f4
093b99aa
bfe140a9
c3a56d9c
e8221101
842aec06
591cc519
e42ee789
e0aff0ef
e79765a2
8793ffff
9b636ca7
640c00f5
01059783
8522c795
60e26442
bd416105
ffffe797
6e478793
00f59463
b7cd680c
ffffe797
66478793
fcf59ce3
bfc96c0c
644260e2
61054501
45018082
11418082
842ae022
85b2852e
37978636
a9230000
e406c607
08c020ef
186357fd
379700f5
a7830000
c391c5e7
60a2c01c
01416402
71758082
842ee122
01259583
f8cafca6
84b2e506
d4638936
57830205
f7930104
cf8d0807
07134781
60aa0400
2023640a
e09800f9
74e67946
61494501
00308082
544000ef
fc054be3
673d47b2
67098ff9
b7938f99
07130017
bfc14000
bfe54781
0105d783
f0227179
ec26f406
8b89e84a
cf89842e
07f40793
ec1ce01c
d01c4785
740270a2
694264e2
80826145
00300054
f0ef84aa
65a2f71f
8526892a
e6aff0ef
1783ed01
f7130104
fb792007
e7939bf1
18230027
bf7d00f4
fffff797
47c78793
5783e4bc
e0080104
e793ec08
18230807
67a200f4
4792d01c
1583cf91
85260124
4d6000ef
5783c901
9bf10104
0017e793
00f41823
01045783
0127e533
00a41823
f593b741
962a0ff5
00c51463
80824501
00054783
feb78de3
b7fd0505
80828082
b783c1cd
1101ff85
ec06e822
ff858413
0007d363
e42a943e
fe5ff0ef
00003717
b0070713
6522631c
3423eb81
e3000004
60e26442
b7e16105
00f47d63
06b36010
966300c4
639400d7
96b2679c
e41ce014
873ebff9
c399679c
fef47de3
06336314
1f6300d7
60100086
e31496b2
00d70633
fcc790e3
679c6390
e31496b2
bf4de71c
00c47563
c11c47b1
6010b765
00c406b3
00d79663
679c6394
e01496b2
e700e41c
8082bf41
f052715d
8a3a499c
e0a24598
f44efc26
e486ec56
e85af84a
e7b3e45e
c21c0ae7
0435c703
842e89aa
8ab684b2
2785c319
401cc21c
0207f793
409cc781
c09c2789
00042903
00697913
00091a63
01940b13
445c5bfd
9f994098
04f94d63
04344783
00f03633
00f036b3
f793401c
e7bd0207
04340613
854e85d6
57fd9a02
04f50263
4711401c
8b994901
00e79763
4098445c
e9339f99
441c0b27
55634818
9f9900f7
0127893b
04694481
1a635b7d
45010499
4685a809
85d6865a
9a02854e
01751e63
60a6557d
74e26406
79a27942
6ae27a02
6ba26b42
80826161
bfa52905
00d407b3
03000693
04d781a3
0016071b
0026069b
04544603
00e407b3
04c781a3
4685bf95
85d68622
9a02854e
fb650ce3
bf712485
e0a2715d
f44ef84a
e486f052
ec56fc26
c803e85a
07930185
892a0780
89b2842e
e2638a36
07930307
86930620
e1630435
03630307
07931c08
e6170580
0613ffff
08633c66
049314f8
01230424
a8150504
f9d8079b
0ff7f793
66e34655
e617fef6
0613ffff
c7b33ce6
439c20c7
878297b2
8493631c
86930425
439c0087
8123e314
478504f5
419ca275
f6136308
05930807
c20d0085
e30c611c
0007d863
02d00713
40f007b3
04e401a3
ffffe617
35860613
a82d4829
0407f613
e30c411c
9793de71
bfd96057
631c4190
08067513
00878593
639ccd41
0713e30c
e61706f0
0613ffff
0d633266
48290ee8
040401a3
c4184058
00074563
99ed400c
e399c00c
cf1984b6
f73384b6
14fd0307
47039732
80230007
873e00e4
0307d7b3
ff0775e3
1e6347a1
401c00f8
cb918b85
481c4058
00e7c763
03000793
fef48fa3
8e8514fd
8752c814
007086ce
854a85a2
da9ff0ef
15635afd
557d0f55
640660a6
794274e2
7a0279a2
6b426ae2
80826161
7613439c
e30c0406
c7bbc601
b7850807
080787bb
419cbfa9
0a07e793
0813c19c
e6170780
0613ffff
02a328e6
400c0504
f813631c
85130805
01630087
639c0208
f713e308
c7010015
0205e593
4841c00c
4018fb85
fdf77713
b71dc018
f813439c
e3080405
00080563
0807c7bb
87bbbfd9
bfc10807
b7294821
631c4190
781349cc
85130806
09630087
e3080008
e38c639c
00042823
b78184b6
7613e308
639c0406
9023c601
b7ed00b7
b7ddc38c
41d0631c
86934581
e3140087
85266384
c0bff0ef
8d05c119
405cc048
01a3c81c
b7210404
86264814
854a85ce
08e39a02
401cf155
e7858b89
47b24448
0af56533
4685b701
85ce8656
9a02854a
ef6509e3
445c2485
9f994732
fef4c5e3
4481bff1
01940a93
b7f55b7d
e0221141
852e842a
863685b2
00002797
6e07a823
10efe406
57fd3210
00f51863
00002797
6dc7a783
c01cc391
640260a2
80820141
e0221141
852e842a
279785b2
af230000
e4066a07
2bb010ef
186357fd
279700f5
a7830000
c3916aa7
60a2c01c
01416402
11418082
842ae022
2797852e
a7230000
e4066807
2a1010ef
186357fd
279700f5
a7830000
c39167a7
60a2c01c
01416402
27978082
87930000
07b302e7
b79340f5
66910017
0035959b
97ae07e6
00468713
55fd973e
97b6c30c
0006069b
9601c394
4501c310
71798082
2903e84a
f4060085
ec26f022
1563e44e
24170209
04130000
0433fe64
34134085
84aa0014
0014141b
00002997
ff898993
00891b63
c49c4785
740270a2
694264e2
614569a2
458d8082
00090363
b783459d
86a60009
7f9c4601
00002517
fc850513
97822905
557db7f1
106f8082
114163a0
2573e406
2501f140
03f010ef
014160a2
0310106f
fc067139
f426f822
ec2e842a
e436e832
610010ef
0005049b
fd3ff0ef
00002797
f5878793
47858c1d
0297e063
664266a2
341365e2
141b0014
47810014
00002817
f6080813
00f41863
744270e2
557d74a2
80826121
c391470d
1463471d
84630105
278500e5
611cb7c5
70e27442
7f9c74a2
87826121
ec061101
f0efe42e
c911f71f
470565a2
00b76763
60e2611c
6105679c
60e28782
6105557d
11018082
e822ec06
c58de42e
f0ef842a
2797f45f
87930000
8c1deca7
341365a2
141b0014
47810014
00002697
edc68693
00f41763
644260e2
6105557d
470d8082
471dc391
00d51463
00e58463
b7cd2785
6442611c
67bc60e2
87826105
ec061101
e42ee822
842ac58d
eebff0ef
00002797
e7078793
65a28c1d
00143413
0014141b
26974781
86930000
1763e826
60e200f4
557d6442
80826105
c391470d
1463471d
846300d5
278500e5
611cb7cd
60e26442
61056bbc
27978782
87930000
8d1de267
00153513
056667b1
ffc78713
972a17e1
430c953e
4310411c
069b2781
1ae30006
9513feb6
87bb0206
8d5d0807
27978082
87930000
1141dee7
40f50733
3713e022
e4060017
8432478d
8b630766
ce6304f5
478500b7
02f58663
8a634789
57fd02f5
640260a2
0141853e
47918082
fef599e3
d67d4781
979b421c
97ba0027
b7cd439c
de7957fd
f73ff0ef
4781e008
57fdbfd1
421cda61
0027979b
a02397ba
b7f50007
de5d57fd
979b421c
97ba0027
c3984705
0480000f
bfd1439c
ec061101
842ae822
62a010ef
0070c62a
45898522
f63ff0ef
644260e2
80826105
ec061101
842ae822
60a010ef
0070c62a
458d8522
f43ff0ef
644260e2
80826105
80824501
27f385aa
2717f140
07130000
e7b32f27
638820e7
342027f3
f793c515
27173ff7
07130000
8793d127
1a630a67
271700e5
07130000
e7b3d1a7
639c20e7
078e8782
9002639c
80828082
00000000
00000000
00000000
00000000
00000000
00000000
00000000
00000000
00000000
00000000
00000000
00000000
00000000
00000000
00000000
00000000
00000000
00000000
00000000
00000000
00000000
00000000
00000000
00000000
00000000
00000000
00000000
00000000
00000000
00000000
ee06712d
e61aea16
fdaae21e
f5b2f9ae
edbaf1b6
e5c2e9be
fd72e1c6
f57af976
ad02f17e
a50aa906
bc92a10e
b49ab896
acaab09e
a4b2a8ae
bc3aa0b6
b442b83e
ac72b046
a47aa876
27f3a07e
2717f140
07130000
e7b31ea7
639420e7
34202673
341027f3
343027f3
30502773
2597cea9
85930000
2797c025
87930000
8363c127
478100b6
3ff67513
08065f63
08000693
00d51a63
5187b703
5287b583
08000513
a0159702
d56346ad
771300a6
e33d03f7
00950713
16930716
973e0055
b78397b6
670c1187
60f29782
633262d2
756e6392
762e75ce
676e768e
682e67ce
7e6a688e
7f2a7eca
206a7f8a
212a20ca
3266218a
332632c6
25663386
262625c6
37622686
382237c2
2e623882
2f222ec2
61152f82
30200073
18e34689
2773fad7
63183070
1807b583
67b3bfb5
b78320f5
85aa5307
97828536
0000bf49
00000000
00000000
00000000
00000000
00000000
00000000
00000000
00000000
00000000
00000000
00000000
00000000
00000000
00000000
00000000
00000000
00000000
00000000
45010000
25738082
8082b000
cd0987aa
00002717
ae070713
98634501
453700e7
0513000f
80822405
80824501
ec061101
2797e402
87930000
9c63abe7
251700a7
35030000
c511cca5
0030611c
6fdc4585
60e29782
61056522
bf4d8082
00002517
a8450513
451d8082
450d8082
11018082
c62eec06
00002797
a7c78793
02a79163
00002797
c087b783
c799557d
00706398
6f58458d
9702853e
610560e2
557d8082
1101bfe5
c62eec06
00002797
a4878793
02a79163
00002797
bd47b783
c799557d
00706398
6f584589
9702853e
610560e2
557d8082
1101bfe5
c62eec06
00002797
a1478793
02a79163
00002797
ba07b783
c7994501
00706398
6f584591
9702853e
610560e2
45018082
2797bfe5
87930000
84639e67
450100a7
25178082
05130000
80829ee5
0005d783
4511470d
83638b8d
450900e7
25738082
80823410
34159073
80824501
00002797
9ac78793
00a78463
80824501
00002517
fcc50513
65088082
11418082
06400513
10efe406
11412560
0c800513
10efe406
279724a0
87930000
862e9767
00a79b63
00002517
b8053503
611cc509
73dc4581
557d8782
451c8082
0793efb1
07131185
b0235185
b4230007
b8230007
87930007
98e30207
0793fee7
07135305
06975b05
86930000
e394f9c6
1ee307a1
2773fef7
d7973050
8793ffff
1b6367a7
27f300f7
07973050
87930000
9bf1c967
30579073
c51c4785
25178082
05130000
80828e25
27f3ed81
07973050
87930000
9bf1c727
30579073
80824501
557d4785
fef59de3
305027f3
00001797
1d478793
0017e793
4a63b7c5
279700a0
87930000
6533e7a7
610820f5
45018082
11418082
e022e406
f1402573
f0ef2501
842afddf
dc9ff0ef
00a50593
64028522
014160a2
712db719
ee06fdaa
e61aea16
f9aee21e
f1b6f5b2
e9beedba
e1c6e5c2
f976fd72
f17ef57a
a906ad02
a10ea50a
b896bc92
b09eb49a
a8aeacaa
a0b6a4b2
b83ebc3a
b046b442
12c00513
a876ac72
a07ea47a
0fc010ef
ee06712d
e61aea16
fdaae21e
f5b2f9ae
edbaf1b6
e5c2e9be
fd72e1c6
f57af976
ad02f17e
a50aa906
bc92a10e
b49ab896
acaab09e
a4b2a8ae
bc3aa0b6
b442b83e
ac72b046
a47aa876
27f3a07e
2717f140
07130000
e7b3da27
639c20e7
1717c38d
07130000
93637ca7
179706e7
87930000
b7037d67
b5831787
450d1887
60f29702
633262d2
756e6392
762e75ce
676e768e
682e67ce
7e6a688e
7f2a7eca
206a7f8a
212a20ca
3266218a
332632c6
25663386
262625c6
37622686
382237c2
2e623882
2f222ec2
61152f82
30200073
18803783
712d9002
ea16ee06
e21ee61a
f9aefdaa
f1b6f5b2
e9beedba
e1c6e5c2
f976fd72
f17ef57a
a906ad02
a10ea50a
b896bc92
b09eb49a
a8aeacaa
a0b6a4b2
b83ebc3a
b046b442
a876ac72
a07ea47a
f14027f3
00002717
cd070713
20e7e7b3
c38d639c
00001717
6f870713
06e79363
00001797
70478793
1f87b703
2087b583
9702451d
62d260f2
63926332
75ce756e
768e762e
67ce676e
688e682e
7eca7e6a
7f8a7f2a
20ca206a
218a212a
32c63266
33863326
25c62566
26862626
37c23762
38823822
2ec22e62
2f822f22
00736115
37833020
90022080
ee06712d
e61aea16
fdaae21e
f5b2f9ae
edbaf1b6
e5c2e9be
fd72e1c6
f57af976
ad02f17e
a50aa906
bc92a10e
b49ab896
acaab09e
a4b2a8ae
bc3aa0b6
b442b83e
ac72b046
a47aa876
27f3a07e
2717f140
07130000
e7b3bfe7
639c20e7
1717c38d
07130000
93636267
179706e7
87930000
b7036327
b5833187
45413287
60f29702
633262d2
756e6392
762e75ce
676e768e
682e67ce
7e6a688e
7f2a7eca
206a7f8a
212a20ca
3266218a
332632c6
25663386
262625c6
37622686
382237c2
2e623882
2f222ec2
61152f82
30200073
32803783
712d9002
ea16ee06
e21ee61a
f9aefdaa
f1b6f5b2
e9beedba
e1c6e5c2
f976fd72
f17ef57a
a906ad02
a10ea50a
b896bc92
b09eb49a
a8aeacaa
a0b6a4b2
b83ebc3a
b046b442
a876ac72
a07ea47a
f14027f3
00002717
b2c70713
20e7e7b3
c38d639c
00001717
55470713
06e79363
00001797
56078793
3387b703
3487b583
97024545
62d260f2
63926332
75ce756e
768e762e
67ce676e
688e682e
7eca7e6a
7f8a7f2a
20ca206a
218a212a
32c63266
33863326
25c62566
26862626
37c23762
38823822
2ec22e62
2f822f22
00736115
37833020
90023480
ee06712d
e61aea16
fdaae21e
f5b2f9ae
edbaf1b6
e5c2e9be
fd72e1c6
f57af976
ad02f17e
a50aa906
bc92a10e
b49ab896
acaab09e
a4b2a8ae
bc3aa0b6
b442b83e
ac72b046
a47aa876
27f3a07e
2717f140
07130000
e7b3a5a7
639c20e7
1717c38d
07130000
93634827
179706e7
87930000
b70348e7
b5833587
45493687
60f29702
633262d2
756e6392
762e75ce
676e768e
682e67ce
7e6a688e
7f2a7eca
206a7f8a
212a20ca
3266218a
332632c6
25663386
262625c6
37622686
382237c2
2e623882
2f222ec2
61152f82
30200073
36803783
712d9002
ea16ee06
e21ee61a
f9aefdaa
f1b6f5b2
e9beedba
e1c6e5c2
f976fd72
f17ef57a
a906ad02
a10ea50a
b896bc92
b09eb49a
a8aeacaa
a0b6a4b2
b83ebc3a
b046b442
a876ac72
a07ea47a
f14027f3
00002717
98870713
20e7e7b3
c38d639c
00001717
3b070713
06e79363
00001797
3bc78793
3787b703
3887b583
9702454d
62d260f2
63926332
75ce756e
768e762e
67ce676e
688e682e
7eca7e6a
7f8a7f2a
20ca206a
218a212a
32c63266
33863326
25c62566
26862626
37c23762
38823822
2ec22e62
2f822f22
00736115
37833020
90023880
ee06712d
e61aea16
fdaae21e
f5b2f9ae
edbaf1b6
e5c2e9be
fd72e1c6
f57af976
ad02f17e
a50aa906
bc92a10e
b49ab896
acaab09e
a4b2a8ae
bc3aa0b6
b442b83e
ac72b046
a47aa876
27f3a07e
2717f140
07130000
e7b38b67
639c20e7
1717c38d
07130000
93632de7
179706e7
87930000
b7032ea7
b5833987
45513a87
60f29702
633262d2
756e6392
762e75ce
676e768e
682e67ce
7e6a688e
7f2a7eca
206a7f8a
212a20ca
3266218a
332632c6
25663386
262625c6
37622686
382237c2
2e623882
2f222ec2
61152f82
30200073
3a803783
712d9002
ea16ee06
e21ee61a
f9aefdaa
f1b6f5b2
e9beedba
e1c6e5c2
f976fd72
f17ef57a
a906ad02
a10ea50a
b896bc92
b09eb49a
a8aeacaa
a0b6a4b2
b83ebc3a
b046b442
a876ac72
a07ea47a
f14027f3
00001717
7e470713
20e7e7b3
c38d639c
00001717
20c70713
06e79363
00001797
21878793
3b87b703
3c87b583
97024555
62d260f2
63926332
75ce756e
768e762e
67ce676e
688e682e
7eca7e6a
7f8a7f2a
20ca206a
218a212a
32c63266
33863326
25c62566
26862626
37c23762
38823822
2ec22e62
2f822f22
00736115
37833020
90023c80
ee06712d
e61aea16
fdaae21e
f5b2f9ae
edbaf1b6
e5c2e9be
fd72e1c6
f57af976
ad02f17e
a50aa906
bc92a10e
b49ab896
acaab09e
a4b2a8ae
bc3aa0b6
b442b83e
ac72b046
a47aa876
27f3a07e
1717f140
07130000
e7b37127
639c20e7
1717c38d
07130000
936313a7
179706e7
87930000
b7031467
b5833d87
45593e87
60f29702
633262d2
756e6392
762e75ce
676e768e
682e67ce
7e6a688e
7f2a7eca
206a7f8a
212a20ca
3266218a
332632c6
25663386
262625c6
37622686
382237c2
2e623882
2f222ec2
61152f82
30200073
3e803783
712d9002
ea16ee06
e21ee61a
f9aefdaa
f1b6f5b2
e9beedba
e1c6e5c2
f976fd72
f17ef57a
a906ad02
a10ea50a
b896bc92
b09eb49a
a8aeacaa
a0b6a4b2
b83ebc3a
b046b442
a876ac72
a07ea47a
f14027f3
00001717
64070713
20e7e7b3
c38d639c
00001717
06870713
06e79363
00001797
07478793
3f87b703
4087b583
9702455d
62d260f2
63926332
75ce756e
768e762e
67ce676e
688e682e
7eca7e6a
7f8a7f2a
20ca206a
218a212a
32c63266
33863326
25c62566
26862626
37c23762
38823822
2ec22e62
2f822f22
00736115
37833020
90024080
ee06712d
e61aea16
fdaae21e
f5b2f9ae
edbaf1b6
e5c2e9be
fd72e1c6
f57af976
ad02f17e
a50aa906
bc92a10e
b49ab896
acaab09e
a4b2a8ae
bc3aa0b6
b442b83e
ac72b046
a47aa876
27f3a07e
1717f140
07130000
e7b356e7
639c20e7
1717c38d
07130000
9363f967
179706e7
87930000
b703fa27
b5834187
45614287
60f29702
633262d2
756e6392
762e75ce
676e768e
682e67ce
7e6a688e
7f2a7eca
206a7f8a
212a20ca
3266218a
332632c6
25663386
262625c6
37622686
382237c2
2e623882
2f222ec2
61152f82
30200073
42803783
712d9002
ea16ee06
e21ee61a
f9aefdaa
f1b6f5b2
e9beedba
e1c6e5c2
f976fd72
f17ef57a
a906ad02
a10ea50a
b896bc92
b09eb49a
a8aeacaa
a0b6a4b2
b83ebc3a
b046b442
a876ac72
a07ea47a
f14027f3
00001717
49c70713
20e7e7b3
c38d639c
00001717
ec470713
06e79363
00001797
ed078793
4387b703
4487b583
97024565
62d260f2
63926332
75ce756e
768e762e
67ce676e
688e682e
7eca7e6a
7f8a7f2a
20ca206a
218a212a
32c63266
33863326
25c62566
26862626
37c23762
38823822
2ec22e62
2f822f22
00736115
37833020
90024480
ee06712d
e61aea16
fdaae21e
f5b2f9ae
edbaf1b6
e5c2e9be
fd72e1c6
f57af976
ad02f17e
a50aa906
bc92a10e
b49ab896
acaab09e
a4b2a8ae
bc3aa0b6
b442b83e
ac72b046
a47aa876
27f3a07e
1717f140
07130000
e7b33ca7
639c20e7
1717c38d
07130000
9363df27
179706e7
87930000
b703dfe7
b5834587
45694687
60f29702
633262d2
756e6392
762e75ce
676e768e
682e67ce
7e6a688e
7f2a7eca
206a7f8a
212a20ca
3266218a
332632c6
25663386
262625c6
37622686
382237c2
2e623882
2f222ec2
61152f82
30200073
46803783
712d9002
ea16ee06
e21ee61a
f9aefdaa
f1b6f5b2
e9beedba
e1c6e5c2
f976fd72
f17ef57a
a906ad02
a10ea50a
b896bc92
b09eb49a
a8aeacaa
a0b6a4b2
b83ebc3a
b046b442
a876ac72
a07ea47a
f14027f3
00001717
2f870713
20e7e7b3
c38d639c
00001717
d2070713
06e79363
00001797
d2c78793
4787b703
4887b583
9702456d
62d260f2
63926332
75ce756e
768e762e
67ce676e
688e682e
7eca7e6a
7f8a7f2a
20ca206a
218a212a
32c63266
33863326
25c62566
26862626
37c23762
38823822
2ec22e62
2f822f22
00736115
37833020
90024880
ee06712d
e61aea16
fdaae21e
f5b2f9ae
edbaf1b6
e5c2e9be
fd72e1c6
f57af976
ad02f17e
a50aa906
bc92a10e
b49ab896
acaab09e
a4b2a8ae
bc3aa0b6
b442b83e
ac72b046
a47aa876
27f3a07e
1717f140
07130000
e7b32267
639c20e7
1717c38d
07130000
9363c4e7
179706e7
87930000
b703c5a7
b5834987
45714a87
60f29702
633262d2
756e6392
762e75ce
676e768e
682e67ce
7e6a688e
7f2a7eca
206a7f8a
212a20ca
3266218a
332632c6
25663386
262625c6
37622686
382237c2
2e623882
2f222ec2
61152f82
30200073
4a803783
712d9002
ea16ee06
e21ee61a
f9aefdaa
f1b6f5b2
e9beedba
e1c6e5c2
f976fd72
f17ef57a
a906ad02
a10ea50a
b896bc92
b09eb49a
a8aeacaa
a0b6a4b2
b83ebc3a
b046b442
a876ac72
a07ea47a
f14027f3
00001717
15470713
20e7e7b3
c38d639c
00001717
b7c70713
06e79363
00001797
b8878793
4b87b703
4c87b583
97024575
62d260f2
63926332
75ce756e
768e762e
67ce676e
688e682e
7eca7e6a
7f8a7f2a
20ca206a
218a212a
32c63266
33863326
25c62566
26862626
37c23762
38823822
2ec22e62
2f822f22
00736115
37833020
90024c80
ee06712d
e61aea16
fdaae21e
f5b2f9ae
edbaf1b6
e5c2e9be
fd72e1c6
f57af976
ad02f17e
a50aa906
bc92a10e
b49ab896
acaab09e
a4b2a8ae
bc3aa0b6
b442b83e
ac72b046
a47aa876
27f3a07e
1717f140
07130000
e7b30827
639c20e7
1717c38d
07130000
9363aaa7
179706e7
87930000
b703ab67
b5834d87
45794e87
60f29702
633262d2
756e6392
762e75ce
676e768e
682e67ce
7e6a688e
7f2a7eca
206a7f8a
212a20ca
3266218a
332632c6
25663386
262625c6
37622686
382237c2
2e623882
2f222ec2
61152f82
30200073
4e803783
712d9002
ea16ee06
e21ee61a
f9aefdaa
f1b6f5b2
e9beedba
e1c6e5c2
f976fd72
f17ef57a
a906ad02
a10ea50a
b896bc92
b09eb49a
a8aeacaa
a0b6a4b2
b83ebc3a
b046b442
a876ac72
a07ea47a
f14027f3
00001717
fb070713
20e7e7b3
c38d639c
00001717
9d870713
06e79363
00001797
9e478793
4f87b703
5087b583
9702457d
62d260f2
63926332
75ce756e
768e762e
67ce676e
688e682e
7eca7e6a
7f8a7f2a
20ca206a
218a212a
32c63266
33863326
25c62566
26862626
37c23762
38823822
2ec22e62
2f822f22
00736115
37833020
90025080
305027f3
03f7f793
470917fd
69634501
d71700f7
0713ffff
97bad127
0007c503
bff98082
872a47fd
00a7cf63
45014789
00e7df63
1fffe7b7
11178793
d533078e
890500e7
07138082
3513f805
80820017
ec267179
852e84aa
e84af022
f406e44e
89b2842e
f0ef8936
c541fbff
08000793
08f41c63
f8dff0ef
0005079b
cfa5554d
740270a2
694264e2
614569a2
bc238082
b4235134
a8215324
00541793
97a60425
bc230416
85331137
34230084
45010125
47fdbfc1
c5e35551
47bdfc87
fc87d2e3
00541793
97a60425
fffff717
f1a70713
bc230416
853310e7
30230084
bfc10125
fffff797
b5478793
16f4bc23
1924b023
5555bf7d
9ce3b771
f797f809
8793ffff
bc23b807
b77150f4
f80998e3
09e347ad
c0e3faf4
478dfa87
fcf404e3
5551479d
f6f410e3
fffff797
fa278793
1ef4bc23
2124b023
c911bfad
8863479d
e86304f5
c58d00b7
8d63478d
567d02f5
47ada805
04f58063
ff05879b
68e3473d
4785fef7
00b797bb
b7f3ee0d
a8093047
c60947a1
3007a7f3
a0194601
3007b7f3
80828532
ca1947a1
3047a7f3
0793b7f5
bfd50800
879b6785
b7f58007
3047b7f3
a7f3b7c5
bfc93047
bf414605
b7714601
87aa473d
4963557d
c61900b7
20f5e5b3
b8234501
808252c5
07978082
87930000
976379e7
051700a7
05130000
bfc97aa5
8082557d
81018793
35138d1d
053a0015
0105971b
678dc599
33378793
c11c9fb9
6795bffd
55578793
611cbfd5
8782779c
73bc611c
e5118782
00001517
d1853503
45018082
25738082
2501f140
611c8082
e4061141
9782639c
85aa1141
81018513
f0efe406
0000fedf
00000000
00000000
00000000
00000000
00000000
00000000
00000000
00000000
00000000
00000000
00000000
00000000
e77fe06f
e73fe06f
e6ffe06f
ebdfe06f
e67fe06f
e63fe06f
e5ffe06f
f7ffe06f
e57fe06f
e53fe06f
e4ffe06f
e4bfe06f
e47fe06f
e43fe06f
e3ffe06f
e3bfe06f
82cff06f
8faff06f
9c8ff06f
a96ff06f
b64ff06f
c32ff06f
d00ff06f
dceff06f
e9cff06f
f6aff06f
839ff06f
907ff06f
9d5ff06f
aa3ff06f
b71ff06f
c3fff06f
00000000
00000000
00000000
00000000
00000000
00000000
00000000
00000000
00000000
00000000
00000000
00000000
00000000
00000000
00000000
00000000
00000000
00000000
00000000
00000000
00000000
00000000
00000000
00000000
00000000
00000000
00000000
00000000
00000000
00000000
00000000
00000000
e4061141
0f2000ef
079360a2
c11c0580
0141557d
11418082
f0efe406
1141ea7f
00efe406
60a20d40
fa800793
557dc11c
80820141
3513157d
80820015
e4061141
0b6000ef
079360a2
c11c0580
0141557d
11418082
00efe406
60a20a00
05800793
557dc11c
80820141
00002797
f1878793
00003717
f1070713
02e78663
81818793
638885aa
00b506b3
00e6fd63
ec061101
e42a2581
c0efe394
60e29fef
61056522
e3988082
8082557d
ec061101
e426e822
4785e04a
00f51a63
84b2842e
00c58933
03241063
a0398526
02e000ef
05800793
557dc11c
644260e2
690264a2
80826105
00044503
00ef0405
bfd92d00
468185aa
45014601
1517a879
35030000
8082aca5
e8221101
c417e426
0413ffff
c4973fa4
8493ffff
8c053f24
840dec06
60e2e411
64a26442
80826105
67b3147d
639c2094
b7ed9782
e8221101
c417e426
0413ffff
c4973c64
8493ffff
8c813be4
ec06e04a
4901848d
02991563
ffffc417
3a840413
ffffc497
3a048493
848d8c81
1d634901
60e20099
64a26442
61056902
601c8082
04210905
b7f99782
0905601c
97820421
88aabff9
00001517
a9450513
ef016118
aa818793
0513e11c
873e0000
6118c509
10e7b823
471c873e
557d487d
04f84563
02088c63
11073803
02080f63
2107e333
00c33023
20082503
163b4605
8d5100f6
20a82023
10d33023
97634689
268300d8
8ed12048
20d82223
0017869b
e7b3c714
450120e7
8082eb8c
f852711d
f05af456
ec86ec5e
e4a6e8a2
fc4ee0ca
e466e862
8a2e8aaa
00001b17
a04b0b13
34834b85
cc81000b
b9834480
091b1104
040efff4
00898cb3
5f639426
60e60009
64a66446
79e26906
7aa27a42
6be27b02
6ca26c42
80826125
000a0c63
00099663
1ce1397d
bfd11461
0f8cb783
ff479ae3
6418449c
996337fd
a4230327
d36d0124
0084ac03
00098963
2009a783
012b96bb
27818ff5
9702ef89
37834498
12e3000b
8fe3f987
bfb5faf4
00043423
a783bfc9
b5832049
8ff5ff8c
e7812781
97028556
852ebfe1
bfc99702
00001797
96478793
ef054398
e8221101
ec06e426
c3984705
ffffc417
21440413
ffffc497
20c48493
00947463
00941763
644260e2
610564a2
601c8082
97820421
8082b7f5
00001797
91878793
ef054398
e8221101
ec06e426
c3984705
ffffc417
1d040413
ffffc497
1c848493
00947463
00941763
644260e2
610564a2
601c8082
97820421
8082b7f5
e4061141
00efe022
17971c80
87930000
43988ce7
4705e319
00efc398
f0ef11e0
2501b35f
b1fff0ef
cd11842a
b11ff0ef
00efc919
85220220
affff0ef
6402c509
014160a2
60a2a801
01416402
b72d8082
b7adbf45
639c611c
852a8782
01151013
8082557d
8793050e
97aa8201
c6e16394
83018793
639c97aa
06374705
173b1000
c78300f7
05370095
377d2000
01c7979b
c6038ff1
161b00a5
8e6901d6
c6038fd1
8a050005
c6038fd1
8e790015
0026161b
41d08fd1
161b8e79
8fd10086
0085c603
171b8f71
8fd900e7
c29c2781
00c5c783
00d5c703
06136609
979be006
171b0047
8f710097
1f07f793
c7038fd9
e63700b5
8b3d0007
c7038fd9
171b00e5
8f7100d7
c7038fd9
063700f5
171b0008
8f710137
c7038fd9
06370105
171b0010
8f710147
c7038fd9
06370115
171b0020
8f710157
27818fd9
8082c2dc
8301b703
97bb4785
713900e7
470537fd
00e10423
0047f713
00e104a3
1587f713
08238b95
678500f1
e0078793
00f11923
010607b7
40478793
0793ca3e
f8221010
fc06f426
08a3c63a
1c230001
440100f1
82818493
4763409c
70e200f4
74a27442
80826121
002c8522
ec5ff0ef
b7dd2405
f14027f3
83818713
e7b32781
639820e7
07a16785
4314973e
00157793
9add078e
c31c8fd5
45018082
0000bfe1
00000000
00000000
12200418
00000000
12200450
00000000
122003e0
00000000
00000000
00000000
00000000
00000000
00000000
00000000
00000000
00000000
00000000
00000000
00000000
00000000
00000000
00000000
00000000
00000000
00000000
00000000
00000000
00000000
00000000
00000000
00000000
00000000
00000000
00000000
00000000
00000000
00000000
00000000
00000000
00000000
00000000
00000000
00000000
00000000
12200528
00000000
00000000
00000000
12200608
00000000
00000000
00000000
00000000
00000000
122006a8
00000000
00000000
00000000
00000000
00000000
00000000
00000000
00000000
00000000
00000000
00000000
00000000
00000000
00000000
00000000
00000000
00000000
00000000
00000000
00000000
00000000
00000000
00000000
00000000
00000000
00000000
00000000
00000000
00000000
00000000
00000000
00000000
00000000
00000000
00000000
00000000
00000000
00000000
00000000
00000000
00000000
00000000
00000000
00000000
00000000
00000000
00000000
00000000
00000000
00000000
00000000
00000000
00000000
00000000
00000000
00000000
00000000
00000000
00000000
00000000
00000000
00000000
00000000
00000000
00000000
00000000
00000000
00000000
00000000
00000000
00000000
00000000
00000000
00000000
00000000
00000000
00000000
00000000
00000000
00000000
00000000
00000000
00000000
00000000
00000000
00000000
00000000
00000000
00000000
00000000
00000000
00000000
00000000
00000000
00000000
00000000
00000000
00000000
00000000
00000000
00000000
00000000
00000000
00000000
00000000
00000000
00000000
00000000
00000000
00000000
00000000
00000000
00000000
00000000
00000000
00000000
00000000
00000000
00000000
00000000
00000000
00000000
00000000
00000000
00000000
00000000
00000000
00000000
00000000
00000000
00000000
00000000
00000000
00000000
00000000
00000000
00000000
00000000
00000000
00000000
00000000
00000000
00000000
00000000
00000000
00000000
00000000
00000000
00000000
00000000
00000000
00000000
00000000
00000000
00000000
00000000
00000000
00000000
00000000
00000000
00000000
00000000
00000000
00000000
00000000
00000000
00000000
00000000
00000000
00000000
00000000
00000000
00000000
00000000
00000000
00000000
00000000
00000000
00000000
00000000
00000000
00000000
00000000
00000000
00000000
00000000
00000000
00000000
00000000
00000000
00000000
00000000
00000000
00000000
00000000
00000000
00000000
00000000
00000000
00000000
00000000
00000000
00000000
00000000
00000000
00000000
00000000
00000000
00000000
00000000
00000000
00000000
00000000
00000000
00000000
00000000
00000000
00000000
00000000
00000000
00000000
00000000
00000000
00000000
00000000
00000000
00000000
00000000
00000000
00000000
00000000
00000000
00000000
00000000
00000000
00000000
00000000
00000000
00000000
00000000
00000000
00000000
00000000
00000000
00000000
00000000
00000000
00000000
00000000
00000000
00000000
00000000
00000000
00000000
00000000
00000000
00000000
00000000
00000000
00000000
00000000
00000000
00000000
00000000
00000000
00000000
00000000
00000000
00000000
00000000
00000000
00000000
00000000
00000000
00000000
00000000
00000000
00000000
00000000
00000000
00000000
00000000
00000000
00000000
00000000
00000000
00000000
00000000
00000000
00000000
00000000
00000000
00000000
00000000
00000000
00000000
00000000
00000000
00000000
00000000
00000000
00000000
00000000
00000000
00000000
00000000
00000000
00000000
00000000
00000000
00000000
00000000
00000000
00000000
00000000
00000000
00000000
00000000
00000000
00000000
00000000
00000000
00000000
00000000
00000000
00000000
00000000
00000000
00000000
00000000
00000000
00000000
00000000
00000000
00000000
00000000
00000000
00000000
00000000
00000000
00000000
00000000
00000000
00000000
00000000
00000000
00000000
00000000
00000000
00000000
00000000
00000000
00000000
00000000
00000000
00000000
00000000
00000000
00000000
00000000
00000000
00000000
00000000
122043f0
00000000
12204330
00000000
122007b8
00000000
12205d80
00000000
02030000
00000000
00000001
00000000
00000006
00000000
04000000
00000000
6659e17b
732bd769
1ae8f276
a058aa93
c13abc3e
83570910
4f9697ae
5a4c6073
9a0c4ba4
05f9bb12
ee4d39b3
d08ac926
d0bc5506
209920e8
3be7580d
3f3936b2
a2000003
00009990
0004df4c
00000000
00000000
00000000
00000000
00000000
28527444
e543a368
52c9f454
7b7e1e3e
3eea5d11
35d6e579
7b5fc304
01c1599c
f25419dd
2728c506
9b0130bf
7e816cc0
45962143
f6fde89f
84392370
d25e6ad4
00000000
00000000
00000000
12790000
00009950
00000000
00000000
00000000
00000000
00000000
00000000
00000001
00000000
00000000
00000000
00000000
0000a197
03018193
00000297
01828293
30529073
00100293
00028463
7c105073
00000297
13428293
30529073
00000113
00011663
0001c117
0ec10113
f1402573
03374281
03130001
71130003
8563ff01
911a00a2
bfd50285
00000097
07e08093
00008363
25739082
4581f140
00ef4601
00930f60
83630000
90820000
00000297
00c28293
30529073
00002303
0000bff5
80820000
b37346a1
42a13006
0055c563
00757613
0023ca11
05050005
47e315fd
1073feb0
80823003
00053023
15e10521
fcb04ee3
30031073
30238082
03210003
fe734de3
84068082
000002b7
00028293
06028763
000002b7
00028293
f14027f3
b07346a1
03373006
03130001
c3970003
83930000
03330223
53634061
831e0073
0463838a
f0ef0073
9a63fb5f
93170257
03130000
a39704a3
83930000
046382a3
f0ef0073
1317f99f
03130000
139784a3
83930000
04638423
f0ef0073
80a2f81f
00008082
342022f3
34102373
343023f3
8082bfd5
a1978406
81930000
0293eca1
1d630000
92970c55
82930000
9317ff22
03130000
8393fea3
8c639201
5a630062
b5030073
02a10002
00a33023
4ae30321
0297fe73
82930000
03177de2
03130000
03977d63
83930000
8c637ce3
5a630062
b5030073
02a10002
00a33023
4ae30321
100ffe73
02970000
82930000
03177aa2
03130000
03977a23
83930000
8c6379a3
5a630062
b5030073
02a10002
00a33023
4ae30321
100ffe73
83130000
c3979201
83930000
5763f0a3
30230073
03210003
fe734de3
92018213
9602c211
00009517
a3050513
215080ef
259080ef
00009517
cc250513
205080ef
4af080ef
f17ff0ef
b07356fd
b0733046
27f33446
27373010
8f7d0004
b073c709
b0733036
07373026
8f7d0004
b073c319
67411806
0287071b
cb898ff9
300027f3
8fd96709
30079073
00305073
467080ef
05974505
85930000
061763e5
06130000
00ef63e6
60ef00e0
80a20f90
80828082
e4061141
f14022f3
00000313
00628563
10500073
00efbff5
60a27320
80820141
838002e0
00000000
4ab0806f
00000000
000018f0
0000188c
000015fc
00000a2a
00000a2a
00000a2a
00000a2a
00000a2a
00000a2a
00000a2a
00000a2a
00000a2a
00000a2a
00000a2a
00000a2a
00000a2a
0000157c
000014e6
00000a32
00000a32
00001108
00000a2a
00000a2a
00000a2a
00000a2a
00000a2a
00000a2a
00000a2a
00000a2a
00000a2a
00000a2a
00000a2a
00000f28
00000ee0
000008e0
00000a2a
00000a2a
00000a2a
00000a2a
00000a2a
00000a2a
00000a2a
00000a2a
00000a2a
00000a2a
00000a2a
00000a2a
00000a2a
00000e56
00001096
9ad336e6
d66c655f
00002782
00002782
000027b6
00002722
00002722
00002722
00002722
00002722
00002722
00002722
00002722
00002722
00002722
00002722
00002722
00002722
00002782
00002782
000027b6
000027b6
000027c2
00002722
00002722
00002722
00002722
00002722
00002722
00002722
00002722
00002722
00002722
00002722
000027ce
000027da
000027e6
00002722
00002722
00002722
00002722
00002722
00002722
00002722
00002722
00002722
00002722
00002722
00002722
00002722
000027f2
000027fe
9ad336e6
d66c655f
00004238
00004238
000041ba
000041c0
000041c8
000041d0
000041d8
000041e0
000041e8
000041f0
000041f8
00004200
00004208
00004210
00004218
00004220
00004228
00004230
00004b2e
00004b44
00004b5a
00004b70
00004b86
00004b9c
00004bb2
00004bc8
00004bde
00004bf4
00004c0a
00004c20
00004c36
00004c82
00004c98
00004cae
00004cc4
00004cda
00004cf0
00004d06
00004d1c
00004d32
00004d48
00004d5e
00004d74
00004d8a
00004e54
00004e76
00004e98
00004eba
00004edc
00004efe
00004f20
00004f42
00004f64
00004f86
00004fa8
00004fca
00004fec
00005884
00005890
0000589c
000058a8
000058b4
000058c0
000058cc
000058d8
000058e4
000058f0
000058fc
00005908
00005954
00005960
0000596c
00005978
00005984
00005990
0000599c
000059a8
000059b4
000059c0
000059cc
000059d8
00000000
00000000
00000000
00000000
00000000
00000000
00000000
00000000
00000000
00000000
00000000
00000000
00000000
00000000
00000000
00000000
00000000
00000000
00000000
00000000
00000000
00000000
00000000
00000000
00000000
00000000
00000000
00000000
00000000
00000000
00000000
00000000
00000000
00000000
00000000
00000000
00000000
00000000
00000000
00000000
00000000
00000000
00000000
83807194
00000000
8380728e
00000000
83807200
00000000
00000000
00000000
00000000
00000000
8380742a
00000000
8380744a
00000000
8380721a
00000000
838071fc
00000000
838072b4
00000000
8380730e
00000000
00000000
00000000
00000000
00000000
00000000
00000000
00000000
00000000
00000000
00000000
00000000
00000000
00000000
00000000
00000000
00000000
838073a0
00000000
83807160
00000000
00000000
00000000
00000000
00000000
00000000
00000000
00000000
00000000
00000000
00000000
00000000
00000000
00000000
00000000
83807686
00000000
8380768c
00000000
838076ac
00000000
838076da
00000000
838077f8
00000000
838076de
00000000
838076e8
00000000
8380787c
00000000
838076ec
00000000
838076f0
00000000
83807724
00000000
83807758
00000000
8380778c
00000000
838089d8
00000000
838077a6
00000000
838077b8
00000000
838077be
00000000
838077c6
00000000
838077dc
00000000
8380746a
00000000
8380781c
00000000
83807886
00000000
8380882e
00000000
00000000
00000000
00000000
00000000
00000000
00000000
00000000
00000000
8380885e
00000000
00000000
00000000
838089b2
00000000
838089b8
00000000
00000000
00000000
00000000
00000000
00000000
00000000
00000000
00000000
00000000
00000000
00000000
00000000
00000000
00000000
00000000
00000000
83807682
00000000
00000000
00000000
00000000
00000000
00000000
00000000
00000000
00000000
00000000
00000000
00000000
00000000
00000000
00000000
00000000
00000000
838008e8
00000000
00000000
00000000
6762696c
73736f6c
00000000
00000000
abcd330e
e66d1234
4c957f2d
5851f42d
7f800000
42b17180
c2cff1b5
3fb8aa3b
3f317180
3717f7d1
7149f2ca
3f800000
3331bb4c
b5ddea0e
388ab355
bb360b61
3e2aaaab
40000000
0d800000
10000000
70000000
bf800000
838091a8
00000000
3f000000
bf000000
3f317180
bf317180
3717f7d1
b717f7d1
00040301
00000000
838089f4
00000000
00000000
00000000
00000000
00000000
00000000
00000000
00000000
00000000
00000000
00000000
00000000
00000000
00000000
00000000
00000000
00000000
00000000
00000000
00000000
00000000
00000000
00000000
00000000
00000000
00000000
00000000
00000000
00000000
00000000
00000000
00000000
00000000
95977109
b5830000
4501ed65
f2cafe86
e6d6eece
fe5ee2da
f666fa62
ee6ef26a
f6a6faa2
50efead2
10ef2520
20ef67e0
20ef6fb0
20ef6aa0
0b930cf0
06130901
45810800
60ef855e
f5b72740
0917311c
39030000
9c179629
3c030000
4781ee2c
48814701
86ca4801
03000613
bc058593
30ef4509
0b1308f0
5793240c
f793010b
57130ff7
e83e008b
018b579b
0ff77713
0793ec3e
d793f000
09936087
0d17248c
0d130000
0a9384ad
9d970a01
bd830000
9c97dded
bc830000
e43ae66c
4519f03e
627020ef
4519c901
0fa020ef
20ef4519
f9756190
654010ef
6e2010ef
425010ef
45014585
089010ef
061346c1
45990200
50ef4501
d5611b30
45054585
071010ef
0693875e
46210800
45014599
089020ef
1223c102
678a0801
09415683
09016703
f43707c2
8fd5311c
86ca4819
06134881
05930490
4519bc04
7c8030ef
05800613
854e4581
176060ef
570367ca
46990941
0087d813
0107d513
0187d59b
00875613
24fc0023
04a34785
082324cc
00a328fc
0123250c
01a324ac
022324bc
02a324dc
0323240c
03a3240c
0423240c
052324ec
05a3240c
0613240c
079b1310
6a630007
061316e6
64630ff0
106f00f6
079b0900
0693f007
c63b0310
ec630807
47b314c6
439c21a6
878297ea
001dc783
009dc583
005dc803
011dc883
000dc083
008dc383
004dc283
010dcf83
002dc703
00adc603
006dc503
012dc683
007dce83
013dce03
003dc303
00bdcf03
05a207a2
08a20822
0017e7b3
0075e5b3
00586833
01f8e8b3
07420642
06c20542
0f620362
01056533
0116e6b3
018e9813
018e1893
f4378f5d
67b3311c
e8b300b6
683300d8
67b300a8
673300ff
86ca00e3
bc040593
0f800613
c1024509
69c030ef
001dc783
009dc603
005dc503
011dc303
000dc083
002dc703
008dc383
00adc683
004dc283
006dc583
010dcf83
012dc883
003dce03
00bdcf03
007dc803
013dce83
062207a2
03220522
0017e7b3
00766633
05c206c2
074208c2
00556533
01f36333
8f5d8d4d
0068e333
00c6e7b3
0f620e62
98930862
6833018e
e8b300a8
67b30068
673300ff
86ca00ee
0fa00613
bc040593
43094509
286c0823
280c08a3
280c0923
280c09a3
30efc102
45195f20
549010ef
c102b35d
08011223
9797668a
b7830000
e883bc67
68030007
67830bc1
06c20a01
311cf4b7
85938f55
86cabc04
08800613
30ef4519
550a5b60
569b4585
571b0085
579b0105
06230185
06a324ac
072324dc
07a324ec
20ef24fc
e1193fd0
0940106f
24dc4683
24cc4603
24ec4783
24fc4703
8ed106a2
8fd507c2
8f5d0762
05132701
05bb0470
08130807
85330480
979702a5
b7830000
639caf27
00009417
b4843403
00009697
b006b683
4e85c298
020b5e13
028b5613
030b5693
030585b3
94179522
34030000
e008aa24
038b5713
cf0397ae
c5830117
cf830107
c3030127
c8830137
0f220147
0157c803
00bf6f33
c5830fc2
efb30167
036201ef
0177cf03
01f36333
e8b31882
18220068
01186833
e5b315c2
1f620105
00bf6f33
00cf4403
008f4303
009f4583
00af4883
00bf4803
4f83e022
05a200df
0065e5b3
4283f47e
08c200ef
00b8e5b3
4403f816
6f2200ff
01650023
00a30862
6f4201e5
00b86833
01231462
6f6201e5
01e501a3
00c502a3
00d50323
00e503a3
01c50223
01d50823
47036ece
563a0ac1
018eda1b
fcd2fc3a
589b7a62
e0c60086
0bc14383
274c0023
7f2a6a06
0106531b
e49a475e
408356fa
e89e0d41
0186561b
274c00a3
589b6a26
01a3018f
664626cc
0087531b
589becc6
d39b0107
f0860106
d09bf49a
f8c60086
0186d69b
274c0123
65826e2e
26cc0223
26dc03a3
5f9366e6
5293010f
0ba3008f
76a624dc
25fc0b23
06a37fa2
76c628dc
0cc15603
0aa37a66
72c2245c
0187571b
e5b31582
02a30105
0723261c
708628dc
028f9693
28ec07a3
018e571b
008ed313
010ed893
01d508a3
01450a23
00865e93
008e5a13
00e50c23
97138ecd
0aa30302
0b2301c5
8f550145
01d50d23
25ec0a23
00009e97
8e4ebe83
010e5a13
de134f05
d8130087
d5930207
d6930287
90230307
032300ce
0623267c
0923281c
09a30065
d3130115
d89b0107
1f1a0187
00c50ca3
02f507a3
03c50823
01450ba3
d7138c59
08a30387
64330265
092301e4
09a30315
0a230305
0aa302b5
0b2302d5
940202e5
00009797
8847b783
579a6398
0a414603
0085581b
0105559b
0185569b
010704a3
00b70523
00d705a3
00a70423
00070823
0087d69b
0107d71b
0187d79b
24cc0823
24dc08a3
24ec0923
24fc09a3
032010ef
03855713
531357fa
58930085
581b0105
55930185
56130205
56930285
09a30305
971726ec
37030000
06238c27
06a326ac
0723266c
07a3271c
0823270c
08a326bc
092326cc
202326dc
9ce30007
57ca5207
480796e3
291c4683
290c4603
292c4703
293c4783
8ed106a2
8f550742
8fd907e2
47052781
4ae79ee3
00008497
7bc4b483
08236088
94020005
561b609c
569b0085
571b0105
84230185
84a300a7
852300c7
85a300d7
460300e7
4783291c
c102290c
08011223
292c4683
5583670a
48830941
0622293c
87978e5d
b7830000
e8037de7
07420007
0a016783
8ed106c2
08e28f4d
311cf5b7
00d8e8b3
0cf00613
859386ca
4519bc05
1c8030ef
c102b249
08011223
08010323
670a7a02
00008497
7bc4b483
0004c783
01477733
311cf437
8f5d0722
059386ca
4881bc04
47814801
0fe00613
30ef4519
c10218a0
08011223
08010323
4303670a
48810a01
01477733
67330722
80230067
48010064
47814309
061386ca
05931010
4519bc04
286c0823
280c08a3
280c0923
280c09a3
144030ef
10ef4519
b8e509b0
0a416783
0a016703
311cf437
48014881
059386ca
0613bc04
45191050
30efc102
561a11a0
46c1558a
50ef4501
67833e00
67030a41
48810a01
86ca4801
10800613
bc040593
b4f54519
001dc783
009dc583
005dc803
011dc883
000dc083
008dc383
004dc283
010dcf83
002dc703
00adc603
006dc503
012dc683
007dce83
013dce03
003dc303
00bdcf03
05a207a2
08a20822
0017e7b3
0075e5b3
00586833
01f8e8b3
07420642
06c20542
0f620362
01056533
0116e6b3
018e9813
018e1893
f4378f5d
67b3311c
e8b300b6
683300d8
67b300a8
673300ff
86ca00e3
bc040593
0ec00613
c1024509
054030ef
85d64661
00008517
5d453503
123050ef
1000a4b7
01448593
20ef4501
c70365b0
079b000d
9bf50005
76130706
8e5d0027
01448593
20ef4501
c7836350
c603001d
c503009d
c303005d
c083011d
c703000d
c383002d
c683008d
c28300ad
c583004d
cf83006d
c883010d
ce03012d
cf03003d
c80300bd
ce83007d
07a2013d
05220622
e7b30322
66330017
06c20076
08c205c2
65330742
63330055
8d4d01f3
e3338f5d
e7b30068
0e6200c6
08620f62
018e9893
00a86833
0068e8b3
00ff67b3
00ee6733
061386ca
05930f40
4509bc04
e783babd
e703004c
f437000c
86ca311c
48014881
13100613
bc040593
c1024519
765020ef
579a570a
1000a4b7
01448593
a0234501
a22300ec
20ef00fc
a70356f0
079b000c
9bdd0005
0037171b
00877613
85938e5d
45010144
547020ef
004ce783
000ce703
48014881
061386ca
059313a0
bd39bc04
00008797
4a87b783
0007b303
0d016403
0ac16883
0a816803
0a416783
0a016703
311cf4b7
859386ca
0613bc04
45191100
6433c102
64332084
20ef2064
c1026d70
01944703
01d44783
02144683
02544603
01844083
01c44383
02244283
02644f83
01a44583
01e44503
02044e83
02444303
01b44f03
01f44e03
02344803
02744883
062206a2
07a20722
00176733
0077e7b3
01d6eeb3
00666333
01029693
010f9613
054205c2
01d6e6b3
00666633
8d5d8dd9
018f1713
018e1793
08e20862
00c8e8b3
00d86833
8f4d8fc9
859386ca
0613bc04
45191110
63d020ef
0a812787
561a570a
00f12027
0ac12787
509b4682
87d30087
539be007
529b0107
5f9b0187
5f1b0086
5e9b0106
de1b0186
d31b0086
d89b0106
d81b0186
d51b0087
d59b0107
0ca30187
0d230014
0da30074
0c230054
0e2300e4
0ea300c4
0f2301f4
0fa301e4
00a301d4
012303c4
01a30264
02230314
02a302f4
03230304
002302a4
03a302d4
468302b4
57da0b01
0b414803
02d40423
0b114683
0087d51b
0107d61b
02d404a3
0b214583
0187d79b
e0078a53
02b40523
0b314583
03040623
02a406a3
02b405a3
02f407a3
02c40723
0b814603
488357fa
08230bc1
460302c4
d81b0b91
d59b0087
08a30107
450302c4
d61b0ba1
479e0187
02a40923
0bb14503
03140a23
02b40b23
02a409a3
03040aa3
02c40ba3
0c014603
0c414303
0087d89b
02c40c23
0c114603
0107d51b
0187d79b
02c40ca3
0c214803
859386ca
0d23bc04
48030304
0e230c31
0ea30264
0da30314
0f230304
0fa302a4
478302f4
06130c81
451911f0
04f40023
0c914303
0cc14f03
00016803
046400a3
0ca14e03
6783433e
01230a41
4f8305c4
5e9b0cb1
5e1b0083
531b0103
01a30183
022305f4
02a305e4
032305d4
03a305c4
08bb0464
073b080a
c1020807
489020ef
4703c102
47830294
468302d4
46030314
40830354
43830284
428302c4
4f830324
45830364
450302a4
4e8302e4
43030304
4f030344
4e0302b4
480302f4
48830334
06a20374
07220622
673307a2
e7b30017
eeb30077
633301d6
96930066
96130102
05c2010f
e6b30542
663301d6
8dd90066
17138d5d
1793018f
0862018e
e8b308e2
683300c8
8fc900d8
86ca8f4d
bc048593
12000613
20ef4519
c1023ef0
03944783
03d44603
04144503
04544303
03844083
03a44703
03c44383
03e44683
04044283
04244583
04444f83
04644883
03b44e03
03f44f03
04344803
04744e83
062207a2
03220522
0017e7b3
00766633
653306c2
05c20055
01f36333
074208c2
e3338d4d
8f5d0068
e7b30e62
0f6200c6
018e9893
68330862
e8b300a8
67b30068
673300ff
86ca00ee
bc048593
12100613
20ef4519
68833570
68030ac1
67830a81
67030a41
86ca0a01
12300613
bc048593
f06f4519
6783d30f
f4370a01
86ca311c
48054881
06134701
05930e40
4519bc04
20efc102
550a3170
20ef4585
67832300
05930a01
8417bc04
34030000
e3330fa4
633320f7
03332083
8e2a40f3
00855f9b
01055f1b
01855e9b
00030423
000304a3
00030523
000305a3
47014881
061386ca
45190e70
29cc0823
29fc08a3
29ec0923
29dc09a3
080e083b
20efc102
45192af0
204010ef
2bb010ef
a5eff06f
311cf437
bc040593
488186ca
47814805
06134701
45190de0
285020ef
20ef8556
87aa51c0
0085561b
0105569b
0185571b
08234519
08a328fc
092328cc
09a328dc
10ef28ec
47031b60
4683291c
4783290c
4803292c
0722293c
07c28f55
08628fd9
00f86833
47814881
86ca4701
0e100613
bc040593
c1024519
225020ef
9deff06f
0bc16783
0a016703
311cf437
48014881
061386ca
05930580
4519bc04
20efc102
770a1ff0
488357fa
55930bc1
d81b0087
56130087
569b0107
d51b0187
d79b0107
02230187
02a3271c
03a3270c
062326fc
06a324ec
072324bc
07a324cc
032324dc
00ef26ac
478372c0
460324dc
468324cc
470324ec
07a224fc
06c28fd1
07628edd
653387aa
de1300d7
d3130087
d89b0107
d8130187
d6130207
d6930287
d7130307
06230387
458126fc
00008797
f9c7b783
06a32501
072327cc
07a3266c
0823271c
08a3270c
092326cc
09a326dc
a02326ec
10ef0007
0f637b50
57fa4a05
3a079f63
916357ca
46834607
4603291c
4783290c
4703292c
06a2293c
07c28ed1
07628fd5
27018f5d
1a634785
46033cf7
458324dc
478324cc
468324ec
062224fc
07c28e4d
06e28fd1
26818edd
04700513
080685bb
02a58533
00008417
ee043403
0d800813
8797561a
b7830000
4f83eba7
639c0a41
00865f1b
01065e9b
028b5313
84179522
34030000
c014e3e4
030585b3
00008697
e286b683
66a2e288
0186561b
030b5893
00d500a3
581366c2
5e13038b
0123020b
66e200d5
082397ae
08a325fc
092325ec
09a325dc
002324cc
01a30165
022300d5
02a301c5
03230065
03a30115
c6830105
c6030d17
c3030d07
c8830d27
c8030d37
06a20d47
0d57c583
03428ed1
0d67c603
00d36333
c68308e2
e8b30d77
18020068
01186833
e5b315a2
16420105
d8138e4d
d5930087
16e20107
02f507a3
d89b8ed1
d6130187
171a0307
03050823
02b508a3
0207d813
0287d593
092393e1
8f550315
030509a3
02b50a23
02c50aa3
02f50b23
46039702
c102291c
08011223
290c4783
292c4683
5583670a
48830941
0622293c
68038e5d
67830bc1
07420a01
8ed106c2
08e28f4d
311cf5b7
00d8e8b3
08400613
859386ca
4519bc05
794020ef
f4ffe06f
311cf437
488186ca
47814801
06134719
05930d80
4519bc04
774020ef
4581550a
68f010ef
561b87aa
569b0085
571b0105
45190185
28fc0823
28cc08a3
28dc0923
28ec09a3
6a5000ef
48014881
47194781
061386ca
05930db0
4519bc04
730020ef
eebfe06f
311cf437
bc040593
488186ca
47814801
06134719
45190d20
710020ef
10ef8556
87aa6d10
0085561b
0105569b
0185571b
08234519
08a328fc
092328cc
09a328dc
00ef28ec
48816430
47814801
86ca4719
0d500613
bc040593
20ef4519
e06f6ce0
cf49e89f
8cd79b63
0ac16883
0a816803
0a416783
0a016703
059386ca
0613bc04
45191270
20efc102
560a6a20
1000a4b7
01048593
20ef4501
561a4ac0
01448593
20ef4501
562a4a00
01848593
20ef4501
563a4940
01c48593
20ef4501
564a4880
02048593
20ef4501
565a47c0
02448593
20ef4501
68834700
68030ac1
67830a81
67030a41
86ca0a01
12e00613
bc040593
c1024519
634020ef
deffe06f
059386ca
4881bc04
47014801
05200613
45194781
618020ef
45194789
28fc0823
280c08a3
280c0923
280c09a3
55d000ef
48014881
47014781
061386ca
05930550
4519bc04
5e8020ef
da3fe06f
55da566a
450146c1
0ab040ef
0b016783
0a016703
0005031b
4881882a
061386ca
85930b50
4505bc04
c102e01a
0808083b
5b0020ef
01636302
4789b403
28fc0823
fad00793
28fc0923
fde00793
280c08a3
28fc09a3
00ef4519
f06f4e70
6803b70f
67030a41
48810a01
061386ca
05930640
4509bc04
080787bb
20efc102
468e5660
459e561a
45194701
493000ef
08234789
08a328fc
0923280c
09a3280c
4519280c
49d000ef
6803b38d
67030a41
48810a01
061386ca
85930ae0
4509bc04
080787bb
20efc102
468e51e0
459e561a
45194705
44b000ef
08234789
08a328fc
0923280c
09a3280c
b7bd280c
0a016703
48814781
86ca4801
08b00613
bc048593
c1024505
4e0020ef
bf1d4785
55da566a
450146c1
7a2040ef
0005081b
b80809e3
0b016783
0a016703
86ca4881
06c00613
bc040593
c1024505
0808083b
4a8020ef
08234789
079328fc
0923fad0
079328fc
08a3fde0
09a3280c
b7a128fc
67034305
08230a01
0313286c
0923fad0
4881286c
fde00313
47854801
061386ca
05930600
4505bc04
280c08a3
286c09a3
20efc102
be314560
00000000
00000000
00000000
00000000
00000000
00000000
00000000
00000000
00000000
00000000
00000000
00000000
00000000
00000000
00000000
00000000
00000000
00000000
00000000
00000000
1620006f
0fc0006f
0f80006f
0f80006f
0f00006f
0ec0006f
0e80006f
0ea0006f
0e00006f
0dc0006f
0d80006f
0d60006f
0d00006f
0cc0006f
0c80006f
0c40006f
0c00006f
0bc0006f
0b80006f
0b40006f
0b00006f
0ac0006f
0a80006f
0a40006f
0a00006f
09c0006f
0980006f
0940006f
0900006f
08c0006f
0880006f
0840006f
0800006f
07c0006f
0780006f
0740006f
0700006f
06c0006f
0680006f
0640006f
0600006f
05c0006f
0580006f
0540006f
0500006f
04c0006f
0480006f
0440006f
00000000
00000000
00000000
00000000
00000000
00000000
00000000
00000000
00000000
00000000
00000000
00000000
00000000
00000000
00000000
00000000
a001a001
a001a001
040122b7
7ff2829b
237302b2
b0233000
23730062
b4233410
23730062
b8233420
23730062
bc233430
b4230062
b8230212
bc230222
b0230232
b4230442
b82304a2
bc2304b2
b02304c2
b42306d2
b82306e2
bc2306f2
00730702
11413020
f0efe406
0513fa3f
40ef0ee0
11013390
e4b7e426
85931002
45010284
e822ec06
0a0020ef
8593842a
450102c4
094020ef
043b2401
15020804
8d4160e2
64a26442
80826105
46197179
00008597
8045b583
f4064501
ec26f022
1000a437
1f8030ef
04c40593
45014601
04e020ef
04840593
45014601
042020ef
0083d4b7
00849593
45016641
19a040ef
00007797
7c47b783
0007e703
04840813
04c40793
70a27402
00849893
c00264e2
106b05b7
ffffe697
2a06b683
03100613
df958593
61454519
1dc0206f
1000a5b7
05d11141
e4064501
7f1010ef
0015561b
00007797
74c7b783
0025569b
80238a05
80a300c7
81230007
81a30007
60a20007
0035571b
00007797
7687b783
c3948a85
8b058905
00007597
7985b583
00007797
7a07b783
c398c188
80820141
00054783
80a34705
80230005
876300f5
079300e7
80a3f810
808200f5
f8000793
00058223
00f582a3
00058323
000583a3
711d8082
00007597
71c5b583
ec864501
e4a6e8a2
e0ca842e
f002ce02
f802f402
30effc02
400c29f0
45010870
30ef25c1
47727ea0
f7634785
400c02e7
46091004
25c186a6
30ef4501
09131c90
85ca0301
f0ef8526
400cf7ff
460986ca
30ef4501
e5190b70
644660e6
690664a6
80826125
00046703
784278e2
05b77782
e697106b
b683ffff
061317a6
85930580
4505df95
20efc002
60e60b60
64a66446
61256906
71798082
87aae002
868a4709
45f54609
f0224501
e402f406
ec02e802
00e10023
30efc23e
041b0530
e0590005
460966c1
450145b5
501030ef
0005041b
46090814
45b5ec15
30ef4501
47831290
e7d90111
05b768e2
4781106b
47358846
ffffe697
0fc6b683
07700613
df958593
20ef4519
70a203a0
74028522
80826145
450145f5
0ef030ef
682268c2
05b76782
4735106b
ffffe697
0c86b683
06f00613
df958593
20ef4505
70a20060
74028522
80826145
682268c2
05b76782
4735106b
ffffe697
09c6b683
06700613
df958593
10ef4505
70a27db0
74028522
80826145
682268c2
05b76782
4735106b
ffffe697
0706b683
07400613
df958593
10ef4505
44037af0
70a20111
74028522
80826145
35133579
80820035
e4a6711d
00007497
5a84b483
ec86409c
e0cae8a2
f852fc4e
f05af456
ef91ec5e
60e64401
64468522
690664a6
7a4279e2
7b027aa2
61256be2
892e8082
100065b7
8593842a
450108c5
571010ef
0085551b
00f57993
4785cc49
fcf414e3
fc8992e3
00007797
5347b783
0007aa03
ffffea97
fd8aba83
106b05b7
48814781
86d64801
09500613
df958593
0bbb4509
875e080a
10efc002
47bd7030
f8fa04e3
0863547d
44810209
00007b17
498b3b03
013a1463
c479a855
f0ef8552
041be39f
f0ef0005
3023c49f
248500ab
fe9915e3
05b7c855
4881106b
47814801
86d6875e
0a400613
df958593
c0024505
6ad010ef
854ebf1d
f09ff0ef
f0efd515
e783c11f
77370044
07130005
87b3ab87
7a1702e7
3a030000
3483432a
842a000a
409504b3
f097f2e3
f0ef854e
0de3ed7f
3783ee05
ea97000a
ba83ffff
05b7f16a
8722106b
88264881
061386d6
859308f0
4509df95
649010ef
00007797
4447b783
0137a023
4b85547d
f60907e3
a0114481
4505c819
d83ff0ef
041b2485
19e30005
4b85fe99
4b85bf81
106b05b7
48014881
875e4781
061386d6
85930a20
4509df95
4401c002
5f9010ef
7179b549
002c4651
f4064501
ec26f022
e402e84a
17b020ef
006c4655
20ef4501
44091710
85a244a9
24054501
35e030ef
fe941be3
30ef4501
47a231d0
12079963
9d6347b2
46811207
45854601
20ef4501
468d4aa0
45854605
20ef4501
468149e0
45854609
20ef4501
05934920
45010230
42c020ef
02400593
20ef4501
05934220
45010210
418020ef
02000593
20ef4501
440940e0
049b4929
85a60004
20ef4501
24051ff0
85a64601
20ef4501
14e35670
45b1ff24
20ef4501
47a21e70
12079263
956347b2
44091007
049b4929
85a60004
45014605
53d020ef
85a62405
20ef4501
14e33470
0593ff24
45010200
3de020ef
02100593
20ef4501
05933d40
45010240
3ca020ef
02300593
20ef4501
47a23c00
47b2e7c5
4681ebc1
45814601
20ef4501
468d3da0
45814605
20ef4501
46813ce0
45814609
20ef4501
05933c20
66410210
450105ea
433030ef
44a94409
450185a2
30ef2405
1be372e0
47a2fe94
47b2ef9d
70a2e39d
64e27402
61456942
45a98082
30ef4501
47b200f0
ec0787e3
450145ad
001030ef
45adb5c9
30ef4501
70a26f60
64e27402
61456942
45a98082
30ef4501
bf756e20
460545ad
20ef4501
45ad4670
20ef4501
b7852730
460545a9
20ef4501
45a94530
20ef4501
b7a125f0
450145ad
0cd020ef
45ad4601
20ef4501
b5e54370
450145a9
0b9020ef
45a94601
20ef4501
b5f94230
e8a2711d
00007417
18443403
00144683
00044603
00244703
00344783
8ed106a2
8f550742
ec8607e2
e0cae4a6
f852fc4e
f05af456
e862ec5e
ef898fd9
644660e6
690664a6
7a4279e2
7b027aa2
6c426be2
80826125
1000a5b7
04c58593
10ef4501
65b71c70
89aa1000
0105549b
08c58593
10ef4501
46831b30
46030094
47030084
478300a4
06a200b4
07428ed1
07e28f55
0105591b
76178fd9
36030000
79130da6
27813ff9
0189da9b
0189da1b
4683420c
f49300d4
c9bb0ff4
f7630809
e58d0327
00c44583
00e44703
00f44783
8ecd06a2
8f550742
8fd907e2
27814705
7d63c218
20230cf9
a01d0006
00c44503
00e44703
00f44783
8ec906a2
8f550742
8fd907e2
65632781
47850af9
0af58863
01144683
01044603
01244703
01344783
8ed106a2
8f550742
8fd907e2
7b632781
7b1700f9
3b030000
2703072b
4785000b
16f70863
01544683
01444603
01644703
01744783
8ed106a2
8f550742
8fd907e2
f9632781
7b170127
3b030000
278303eb
cbe9000b
0104961b
018a1a1b
00ff07b7
0149e9b3
8e7d6446
64a660e6
7a426906
7b027aa2
6c426be2
01366633
a5b779e2
26011000
04c58593
61254501
0730106f
9fe34785
2023f4f5
bf990006
00544703
00444683
00644783
00744503
8f550722
8fd907c2
8d5d0562
00ef2501
45832970
46030094
48830054
45030084
47030044
468300a4
47830064
480300b4
05a20074
e5b30622
8e490115
06c20742
8ed18f4d
086207e2
106b05b7
68332985
8fd900d8
ffffe697
a946b683
0613874a
85931250
4519df95
080988bb
c9bbc002
10ef0809
b5f91c70
ffffeb97
a70bbb83
08090c3b
0ff00593
30ef4501
25b77600
85931003
45019a85
7c4010ef
01144583
01044703
01244603
01344783
8dd905a2
000b6883
8e4d0642
05b707e2
8fd1106b
8762882a
061386de
85931340
4519df95
083bc002
10ef0808
47851630
00fb2023
b5d92485
0f000593
30ef4501
25b77000
85931003
45019a85
764010ef
01144683
01044603
01244703
01344783
8ed106a2
000b6883
8f550742
ffffeb97
9d0bbb83
05b707e2
8fd9106b
86de882a
12d00613
df958593
0c3b4519
87620809
083bc002
10ef0808
46830f70
46030154
47030144
47830164
06a20174
07428ed1
07e28f55
20238fd9
2781000b
001a8a1b
f127ece3
7119bd25
fc86852e
8436f8a2
129000ef
00288622
06400593
6d2030ef
744670e6
80826109
f8a27119
7417f4a6
34030000
04bbed64
a7b30805
07962094
fc86f0ca
97a2ecce
0097c683
0087c603
00a7c703
00b7c783
8ed106a2
8f550742
8fd907e2
4729e402
00e107a3
ec02e802
f402f002
fc02f802
e482e082
871b892a
c78d0007
f007079b
0007861b
03100693
00c6eb63
ffffe697
8f068693
20d7c7bb
97b6439c
57e98782
00f107a3
00810993
2094a4b3
07b30496
c5830094
c5030017
c6030007
c6830027
05a20037
06428dc9
00e11623
470d8e4d
8ed106e2
8823854e
88a304e7
89230407
89a30407
07230407
c4360121
18b000ef
744670e6
790674a6
610969e6
09938082
85ce0081
225000ef
2094a7b3
97a20796
0097c603
0087c583
00a7c683
00b7c703
8e4d0622
01069793
07628fd1
27018f5d
0993bfa5
85ce0081
2c5000ef
0993b7f1
85ce0081
509000ef
0993b7c1
85ce0081
47d000ef
0993bf55
85ce0081
509000ef
0993b765
85ce0081
47d000ef
0993bf71
85ce0081
4a9000ef
0993bf41
85ce0081
4b5000ef
7159b751
eca6f0a2
7497e8ca
b4830000
093bd6e4
24330805
04162129
e4cef486
fc56e0d2
f45ef85a
9426f062
05144683
05044583
05244703
05344783
8ecd06a2
8f550742
8fd907e2
47092781
04e79b63
00944683
00844583
00a44703
00b44783
8ecd06a2
8f550742
8fd907e2
07132781
862a1020
3ee78e63
11200713
3ee78e63
11300713
3ae78563
740670a6
694664e6
6a0669a6
7b427ae2
7c027ba2
61654501
082c8082
ec024501
5fd050ef
04544683
04444703
04644783
04744883
03d44503
03c44803
03e44583
460306a2
8ed903f4
470307c2
8fd50404
052208e2
0010da37
00f8e8b3
04144683
01056533
0a1305c2
8a338e0a
47830348
8dc90424
49830662
8e4d0434
8f511702
6ae216a2
17c28ed9
00007717
c4073703
00076703
19e28fd5
00f9e9b3
ffffdb97
6ccbbb83
106b0b37
87d6884e
061386de
059317c0
4519df9b
7c17c002
3c030000
10efc26c
67035f60
b7b3000c
c7930159
8b850017
df9b0593
413a88b3
86de8852
17d00613
c0024519
5d0010ef
00007797
bd47b783
4595439c
7797cb81
b7830000
439cb6e7
1a079b63
212927b3
97a60796
0097c603
0087c503
00a7c683
00b7c703
8e490622
8ed106c2
8f550762
eee7061b
04b78823
040788a3
04078923
040789a3
27014685
08c6fa63
10200613
eac71ae3
00d7c583
00c7c503
00e7c603
00f7c703
8dc905a2
01061793
07628fcd
07938f5d
07330d80
779702f7
b7830000
639cb227
00007617
ab063603
169a6208
c30397ba
c7030d17
c8830d07
c8030d27
c5830d37
03220d47
00e36333
0d57c603
c70308c2
e8b30d67
08620068
01186833
0d77c783
e5b31582
16220105
17428e4d
17e28f51
8fd58fd9
b52d9782
00d7c603
00c7c503
00e7c703
00f7c783
75970622
b5830000
618ca665
07428e49
07e28f51
e7b38fd9
e7b320f7
c88320b7
c7030117
c8030107
c5030127
c5830137
08a20147
0157c603
00e8e8b3
c7030842
68330167
05620118
01056533
0177c783
8dc91582
8e4d1622
8f511742
8fd917e2
0097c883
0087c703
00a7c803
00b7c503
00c7c583
c60308a2
e8b300d7
084200e8
00e7c703
01186833
65330562
c7830105
158200f7
16228dc9
74178e4d
34030000
17429ae4
60088f51
8fd917e2
8fd5169a
601c9782
0085561b
0105569b
0185571b
00a78423
00c784a3
00d78523
00e785a3
4803b3a1
470303d4
450303c4
478303e4
460303f4
08220404
00e86833
04144683
65330542
47030105
07e20424
48038fc9
16020434
16a28e5d
8ed167e2
8f551742
68331862
873300e8
73e34107
6883e0ea
8752000c
061386de
05931810
4509df9b
10efc002
f0ef39e0
7697da8f
b6830000
429c9566
000c2703
1000a5b7
0017861b
85932705
45010485
2023c290
10ef00ec
450318c0
470303d4
458303c4
460303e4
478303f4
05220404
04144683
05c28d59
04244703
06628dc9
04344803
17828e4d
16a28fd1
68838edd
67e2000c
8f551742
68331862
059300e8
8752df9b
061386de
451918c0
10efc002
458531a0
4803b395
45030194
43030154
45830184
488301a4
46830144
47830164
470301b4
08220174
68330522
05c20068
01156533
e5b306c2
07e20105
07628ec9
8f558fcd
c0f71ee3
f0ef8532
b909a2bf
01944803
01544583
01844303
01a44603
01444883
01644683
01b44783
01744703
05a20822
00686833
e5b30642
06c20115
01066633
8ecd07e2
8fd10762
19e38f55
f0efbcf7
46039e3f
468301d4
45030194
458301c4
47830184
470301e4
480301a4
488301f4
062201b4
8e4906a2
07c28ecd
8fd10742
08628f55
05b708e2
e8b3106b
683300e8
874a00f8
d6974781
b683ffff
06132ee6
85931650
4519df95
10efc002
b6bd22a0
00007797
8547b783
00006e17
7ece3e03
00007317
83433303
0007af03
00006e97
7f8ebe83
010e5613
02835793
76137135
f7930ff6
d8930ff7
d513028e
5593030e
5693008e
ed220303
e54ae926
fcd2e14e
5a1bf8d6
5a9b010f
f4da008f
ece2f0de
6b17e8e6
3b030000
dc9b7bab
d993018e
dc13008e
db93010e
5913020e
5493020e
5413028e
5393030e
52930083
5f930103
f8930203
75130ff8
f5930ff5
f0320ff5
561bf83e
f793018e
e4ea0ff6
e066e0ee
0fff7d93
010b0813
fa934701
7a130ffa
5f1b0ffa
fd13018f
f9930ffe
7c130ff9
fb930ffc
e4460ffb
ec2ee82a
7913f432
f4930ff9
74130ff4
f3930ff4
f2930ff3
5c9b0ff2
ff930183
fc3e0fff
0807053b
038ed593
20a567b3
2167e7b3
81238f89
650202b7
561365e2
8f23038e
8c2300a7
652202b7
8f237582
802302c7
8ca302a7
654202b7
764275a2
01b78623
015786a3
01478723
01e787a3
01a78da3
01378e23
01878ea3
01778fa3
02a780a3
03c78ba3
02b78d23
03278da3
02978e23
02878ea3
02678fa3
04778023
045780a3
05978123
05f781a3
04c78223
08937662
5693fc00
82a30383
832304c7
85a304d7
86230207
86a30207
87230207
81a30317
82230207
82a30207
83230207
83a30317
84230207
84a30207
85230207
84230207
84a30007
85230007
85a30007
00230007
88a30008
89230007
89a30007
8a230007
8aa30007
8b230007
8ba30007
8c230007
27050007
08000793
04780813
eef71ae3
64ca646a
698a692a
7ac67a66
7b867b26
6cc66c66
6d866d26
8082610d
00006797
58c7b783
0017e793
30579073
76618082
672172e1
97329116
06334781
65a10027
0ff7f693
00f60733
00d70023
0207879b
feb798e3
672176e1
47819736
002706b3
87336621
470300f6
879b0007
9ae30207
000ffec7
100f0330
000f0000
62a10330
80829116
ec221101
87aa1000
fef42623
27830001
871bfec4
2623fff7
4ae3fee4
0001fef0
64620001
80826105
47a17179
959bf026
84b60045
06bbf406
ec4a0806
0af6d6b3
07b7e84e
e4521000
9dbde056
4791c48d
0a63893a
470502f6
89bb171a
26810805
47814601
013705b3
964a6188
e2089fb5
ebe3863e
70a2fe97
69627482
6a2269c2
61456a82
8aaa8082
4a014601
080589bb
4701964a
85ce4691
2a118556
56f000ef
67e38652
70a2fe9a
69627482
6a2269c2
61456a82
71798082
859b47a1
f0260405
0045959b
f40684b6
080606bb
d6b3ec4a
e84e0af6
100007b7
e056e452
c4859dbd
89ba4791
02f60963
171a4705
0805893b
46012681
974a4781
6208964e
863e9fb5
ebe3e308
70a2fe97
69627482
6a2269c2
61456a82
8aaa8082
4a014601
0805893b
4701964e
85ca4691
2a118556
497000ef
67e38652
70a2fe9a
69627482
6a2269c2
61456a82
715d8082
e0a6e486
f452f84e
4903fc4a
09930065
864e0181
0009049b
8a2a85a6
20ef4501
08707550
450185a6
6d1020ef
1223c002
03230001
67020001
01816783
01c16803
f5b70722
673393c8
48810127
ffffd697
f806b683
03800613
0b258593
00ef4519
47f25ef0
40000937
47623971
00f907bb
0027979b
00e7ff63
85a6864e
20ef4501
47f26f50
07bb46e2
979b00f9
e5e30027
8752fed7
069385a6
46210400
f0ef4501
60a6ed1f
79626486
7a2279c2
80826161
00006797
3d47b783
0805053b
20a52533
97aa0516
00d7c603
00c7c503
00e7c683
00f7c703
8e490622
8ed106c2
8f550762
01075613
00875513
88238361
88a300d5
892300a5
89a300c5
8a2300e5
8aa30005
8b230005
8ba30005
8c230005
8ca30005
8d230005
8da30005
8e230005
8ea30005
8f230005
8fa30005
80230005
80a30205
81230205
81a30205
c6830205
c6030517
c7030507
c7830527
06a20537
07428ed1
07e28f55
27818fd9
96634709
07b700e7
8793fab1
d61bab07
d69b0087
d71b0107
84230187
84a302f5
852302c5
85a302d5
808202e5
e44a1101
0805053b
00006917
2f893903
20a52533
992a0516
ec06e826
00d94683
00c94603
00e94703
00f94783
8ed106a2
8f550742
8fd907e2
d51384ae
d5930087
83e10107
03400613
89a346c9
478500f4
00e48823
00b48923
00c48b23
00d48ba3
00f48c23
00c48d23
00d48da3
00a488a3
00048a23
00048aa3
00048ca3
9bffe0ef
02d94583
02c94783
02e94603
02f94683
689705a2
b8830000
68171f68
38030000
8ddd2568
27830642
a7030008
8e4d0008
c30306e2
45830008
8ed10008
d61b9d15
d69b0087
589b0107
581b0087
d79b0107
571b0187
5f1b0187
5e9b0085
5e1b0105
8e230185
8ea300a4
8f2301e4
8fa301d4
842301c4
84a30264
85230314
85a30304
862302e4
86a302b4
872302c4
87a302d4
468302f4
46030259
47030249
47830269
06a20279
07428ed1
07e28f55
d6138fd9
d6930087
83e10107
02e48023
02c480a3
02d48123
02f481a3
04994683
04894603
04a94703
04b94783
8ed106a2
8f550742
8fd907e2
0087d613
0107d693
822383e1
82a302e4
832302c4
83a302d4
468302f4
46030519
47030509
47830529
06a20539
07428ed1
07e28f55
27818fd9
96634709
07b700e7
8793fab1
60e2ab07
0087d61b
0107d69b
0187d71b
02f48823
02c488a3
02d48923
02e489a3
64c26922
80826105
fb000713
882357e9
88a300e5
892300f5
89a300e5
808200f5
e0261141
851384ae
46610144
00006597
05c5b583
30efe406
60a23a80
fb000713
882357e9
88a300e4
892300f4
89a300e4
648200f4
80820141
fb000713
882357e9
88a300e5
892300f5
89a300e5
808200f5
fb000713
882357e9
88a300e5
892300f5
89a300e5
808200f5
fb000713
882357e9
88a300e5
892300f5
89a300e5
808200f5
fb000693
17b75769
88230fab
88a300d5
892300e5
89a300d5
079200e5
00fac737
93c8f5b7
48014881
ab078793
fad70713
ffffd697
bb06b683
06c00613
0b258593
006f4509
679721f0
b7830000
053b0527
25330805
051620a5
c68397aa
c6030517
c7030507
c7830527
06a20537
07428ed1
07e28f55
851b8fd9
c7890007
35331575
808200a0
80824501
0020f7b7
20f00713
00006317
fb033303
07ed075a
e01b35b7
00e33023
631707aa
33030000
4881f523
d6974801
b683ffff
4659a5e6
2fa58593
30234509
006f00f3
110119b0
e822ec06
e1b987ae
07f00713
04a76363
0d800613
0805073b
02c70633
00006697
f586b683
96b26294
0016c583
0006c503
0026c603
0036c403
8dc905a2
01061693
04628ecd
34338c55
a0390080
8c634705
440102e5
0805073b
e01b35b7
480188a2
ffffd697
9e46b683
02f00613
2fa58593
c0024509
080787bb
11d000ef
852260e2
61056442
07138082
64e307f0
6717fca7
37030000
6310e9e7
0805073b
20e766b3
20c6e6b3
0056c583
0046c503
0066c603
0076c403
87aab751
0793e1a1
053b0d80
05330805
679702f5
b7830000
639ceae7
c60397aa
c5830017
c6830007
c7030027
06220037
06c28e4d
07628ed1
ef218f55
dead0537
80820505
45094705
fee59de3
00006717
e2c73703
87bb6318
e7b30807
e7b320f7
c60320e7
c5830057
c6830047
c7030067
06220077
06c28e4d
07628ed1
df5d8f55
00078223
000782a3
00078323
000783a3
80238082
80a30007
81230007
81a30007
45090007
48038082
71190055
00454783
00654583
fc86f4a6
f0caf8a2
e8d2ecce
e0dae4d6
f862fc5e
f06af466
4603ec6e
46830075
08220085
00f86833
00954703
478305c2
e5b300a5
06620105
44038e4d
168200b5
17228ed1
17c28f55
14628fd9
8c5d4485
02649793
4683943e
46030014
47830004
47030024
06a20034
07c28ed1
07628fd5
27018f5d
07f00793
22e7e263
0d800913
0807073b
03270733
00006997
d849b983
0009b503
0d400613
953a85a2
30ef0511
480306c0
45830894
48830884
47030994
47830714
4d030594
450308a4
46030984
46830704
4d830584
4c8309a4
4c030724
4b0305a4
4b8308b4
4a8309b4
4a030734
438305b4
082208c4
00b86833
09c44083
07444283
05c44f83
08d44e83
072208a2
0d4207a2
00a8e8b3
8fd58f51
09d44f03
07544e03
05d44303
08e44583
010d6d33
0cc20dc2
0b620c42
09e44503
07644603
05e44683
08f44803
011dedb3
00ececb3
00fc6c33
0ae20be2
6b330a62
138201ab
09f44883
07744783
05f44703
0163e3b3
01bbebb3
eab31082
1282019a
018a6a33
1ea21f82
0170e0b3
0152e2b3
014fefb3
007eeeb3
1e221f22
15c21322
01d5e5b3
001f6f33
005e6e33
01f36333
16421542
186216c2
01e56533
01c66633
0066e6b3
00b86833
17e218e2
35b71762
8fd1e01b
e8b38f55
c69700a8
b683ffff
06137166
85930680
45092fa5
654000ef
00144683
00044603
00244703
00344783
8ed106a2
8f550742
8fd907e2
032786b3
0009b703
0107d593
0187d613
0087d513
822396ba
82a300f6
832300a6
83a300b6
460300c6
45830014
46830004
47830024
06220034
06c28e4d
07e28ed1
87b38fd5
97ba0327
0017c603
0007c583
0027c683
0037c703
8e4d0622
8ed106c2
8f550762
0a632701
80230297
80a30097
81230007
81a30007
45090007
744670e6
790674a6
6a4669e6
6b066aa6
7c427be2
7d027ca2
61096de2
05378082
0513fab1
bfe9ab15
e01b35b7
48014881
c6974781
b683ffff
06136366
85930630
45052fa5
073bc002
00ef0807
053756e0
0509dead
7139b775
4603f822
842a0015
00244703
00054503
00344683
4783f04a
06220054
00006917
adc93903
00444e03
00644303
00093583
07428e49
ec4ef426
4883fc06
8f510074
06e2c002
00844803
07a28ed9
01c7e7b3
00944503
e6b30342
e6b320d6
c58320b6
47030056
ce8300a4
c6030046
63330066
08e200f3
0076c783
0068e8b3
00b44e03
02081693
0116e6b3
05a21522
e5b38d55
169301d5
06420307
8e4d8ec9
038e1713
ffffc497
5704b483
39b707e2
8fd1e01b
06138f55
86a60750
48014881
2fa98593
00ef4509
468349e0
46030014
47830004
47030024
06a20034
07c28ed1
07628fd5
27018f5d
07f00793
26e7e763
00093e03
00544583
00444803
00644683
0087531b
0107589b
0187561b
00744503
0807073b
20e767b3
21c7e7b3
00e78023
006780a3
01178123
00c781a3
00844603
00859713
01076733
00944583
01069813
00e86833
00a44683
47030562
653300b4
16020105
15a28e49
16c28dd1
8ecd4605
8f551762
02661593
d31395ba
d89b0105
d8130185
d5130205
d6930285
de130305
91e10085
00678923
011789a3
00e78823
01c788a3
01078a23
00a78aa3
00d78b23
00b78ba3
01944503
01844803
01a44683
01b44583
65330522
06c20105
05e28ec9
d8138dd5
d5130085
81e10105
00d78423
010784a3
00a78523
00b785a3
01d44503
01c44803
01e44683
01f44583
65330522
06c20105
05e28ec9
86238dd5
069300d7
8023fcd0
069302d7
80a3fcc0
069302d7
812304c0
069302d7
051303e0
08130660
d31303f0
d8930085
81a30105
81e102d7
f8000693
00b787a3
00a78e23
00a78ea3
00a78f23
01078fa3
02d78323
030783a3
006786a3
01178723
00c78c23
00078ca3
00078d23
00078da3
02078223
020782a3
02c78423
020784a3
02078523
020785a3
02c78623
020786a3
02078723
020787a3
02c78823
020788a3
02078923
020789a3
0057c503
0047c803
0067c583
0077c683
65330522
05c20105
06e28dc9
8a238ecd
8aa302c7
8b230207
8ba30207
8c230207
8ca302c7
8d230207
8da30207
8e230207
8ea302c7
8f230207
8fa30207
80230207
80a304c7
81230407
81a30407
82230407
82a304c7
83230407
83a30407
26810407
04c68063
00c78223
000782a3
00078323
000783a3
35b74409
4881e01b
47854801
061386a6
85930950
45092fa5
228000ef
852270e2
74a27442
69e27902
80826121
fab10437
ab140413
4881b7f9
47814801
061386a6
85930770
45052fa9
dead0437
073bc002
04090807
1ec000ef
4785b7d1
95be179a
8082c190
179a4785
418895be
d79b8082
c3a90026
f0227179
0026d69b
e84a8432
36fde44e
f4060611
893389aa
ec264085
20c6c4bb
05b34010
854e0089
f0ef0411
19e3fbdf
70a2fe94
64e27402
69a26942
80826145
d79b8082
c3a90026
f0227179
0026d69b
e84a8432
36fde44e
f4060611
893389aa
ec264085
20c6c4bb
008905b3
f0ef854e
c008f83f
19e30411
70a2fe94
64e27402
69a26942
80826145
11018082
4501002c
40efec06
60e209f0
61056522
711d8082
04b7e4a6
849b004a
9da5fdc4
949bf852
8a0a0065
e0cae8a2
84bbfc4e
ec860804
845289aa
02c10913
414484b3
009405b3
f0ef4501
c008f1ff
19e30411
85d2ff24
0613854e
20ef02c0
60e61c50
64a66446
7a426906
79e2854e
80826125
e8a2711d
842a006c
ec864501
10efe4a6
cd0923b0
8522080c
02c00613
193020ef
852260e6
64a66446
80826125
080445b2
f0ef8526
85a6f71f
06138522
20ef02c0
60e61710
64468522
612564a6
71798082
006cf022
4501842a
ec26f406
10efe84a
e51d1eb0
04b747b2
849b004a
9cbdfdc4
0064949b
080484bb
02c40913
40108c81
009405b3
04114501
e63ff0ef
ff2419e3
740270a2
694264e2
80826145
e8221101
e04ae426
842eec06
04058493
40b50933
05b34010
45010124
f0ef0411
19e3e31f
60e2fe94
64a26442
45016902
80826105
e626712d
008884aa
ea22ee06
fdcee24a
f9d2892e
8a46f5d6
f1da8ac2
8b3eedde
e9e28bba
8c36e5e6
e1ea8cb2
f0effd6e
4783f03f
971b0681
46f60084
47668fd9
0109561b
06f11823
6d266d86
49d64446
e436e03a
07211923
06c11a23
07911b23
f0effc82
4783e5df
e12a0601
e95ee562
f156ed5a
e463f552
67020097
4783eb25
e4630641
67a20097
6766e3b1
198257a6
7706f43a
043b0808
64330804
e86e0134
f022ec6a
dc3ef83a
ed7ff0ef
645260f2
691264b2
7a4e79ee
7b0e7aae
6c4e6bee
6d0e6cae
45017dea
80826115
188c856a
efdff0ef
29856722
040d0d13
02e9f7bb
179bf7cd
0d330867
b74540fd
188c856e
eddff0ef
24056702
040d8d93
02e477bb
179bffbd
8db30867
bf9540fd
f4067179
1800f022
fca43c23
873287ae
fcf42a23
282387ba
67b7fcf4
07c11000
fef42223
fe446783
350385be
f0effd84
87aacebf
fef42623
fe042423
fd042783
0007871b
f46347c9
57f500e7
2783a4c1
871bfd44
478d0007
00e7f463
a47d57f5
fd442783
0007871b
0d63478d
278318f7
871bfd44
478d0007
26e7e863
fd442783
0007871b
03634789
278310f7
871bfd44
47890007
24e7ea63
fd442783
cb892781
fd442783
0007871b
0c634785
ac2d08f7
fd042783
0007871b
016347c5
278306f7
871bfd04
47c50007
04e7ee63
fd042783
0007871b
0f6347b1
278302f7
871bfd04
47b10007
04e7e063
fd042783
0007871b
0a634791
278300f7
871bfd04
47a10007
00f70663
2423a005
a839fe04
24234785
a819fef4
24234789
a039fef4
24234791
a019fef4
a2dd57f5
fec42783
871b9be1
27830007
8b9dfe84
8fd92781
fef42623
2783a265
2781fd04
2783cb89
871bfd04
47850007
00f70663
2423a801
a039fe04
24234785
a019fef4
a24d57f5
fec42783
871b9bbd
27830007
979bfe84
27810047
27818bc1
26238fd9
aab9fef4
fd042783
0007871b
0f6347b5
278302f7
871bfd04
47b50007
02e7ec63
fd042783
0007871b
0a634795
278300f7
871bfd04
47a50007
00f70663
2423a821
a819fe04
24234785
a039fef4
24234789
a019fef4
a23d57f5
fec42783
f9f7f793
0007871b
fe842783
0057979b
f7932781
27810607
26238fd9
a0ddfef4
fd042783
0007871b
e36347c5
67830ae7
9713fd04
c7970027
8793ffff
97bae627
871b439c
c7970007
8793ffff
97bae527
24238782
a8bdfe04
24234785
a89dfef4
24234789
a0bdfef4
2423478d
a09dfef4
24234791
a8b9fef4
24234795
a899fef4
24234799
a0b9fef4
2423479d
a099fef4
242347a1
a83dfef4
242347a5
a81dfef4
242347a9
a03dfef4
242347ad
a01dfef4
242347b1
a839fef4
242347b5
a819fef4
242347b9
a039fef4
242347bd
a019fef4
a89957f5
fec42783
77fd873e
0ff78793
871b8ff9
27830007
979bfe84
27810087
678586be
f0078793
27818ff5
26238fd9
0001fef4
fe446783
fec42703
85be863a
fd843503
a17ff0ef
fe446783
350385be
f0effd84
4781a13f
70a2853e
61457402
71398082
f822fc06
34230080
87aefca4
22238732
87bafcf4
fcf42023
fe042623
fe042423
fc442783
22238bfd
2783fef4
d79bfc44
20230057
2783fef4
871bfc44
07930007
f4630460
57f500e7
2783a8c5
871bfc04
47850007
00e7d463
a8f957f5
fe042783
0007871b
02634789
278304f7
871bfe04
47890007
04e7e263
fe042783
cb892781
fe042783
0007871b
09634785
a02d00f7
100067b7
262307f1
a839fef4
100067b7
02078793
fef42623
67b7a801
87931000
26230587
0001fef4
fec46783
350385be
f0effc84
87aa93ff
fef42423
fe442783
0007871b
0a6347fd
278300f7
873efe44
97bb4785
278100e7
07b7a019
2e238000
2783fcf4
c793fdc4
2781fff7
27032781
8ff9fe84
0007869b
fc042783
c7812781
fdc42783
4781a011
87b6873e
24238fd9
6783fef4
2703fec4
863afe84
350385be
f0effc84
47818c5f
70e2853e
61217442
71398082
f822fc06
34230080
87aefca4
22238732
87bafcf4
fcf42023
fe042623
fe042423
fc442783
22238bfd
2783fef4
d79bfc44
20230057
2783fef4
871bfc44
07930007
f4630450
57f500e7
2783a0fd
871bfc04
47850007
00e7d463
a8f157f5
fe042783
0007871b
01634789
278304f7
871bfe04
47890007
04e7e163
fe042783
cb892781
fe042783
0007871b
09634785
a02500f7
100067b7
262307d1
a831fef4
100067b7
262307e1
a801fef4
100067b7
05478793
fef42623
67830001
85befec4
fc843503
ffcff0ef
242387aa
2783fef4
871bfe44
47fd0007
00f70a63
fe442783
4785873e
00e797bb
a0192781
800007b7
fcf42e23
fdc42783
fff7c793
27812781
fe842703
869b8ff9
27830007
2781fc04
2783c781
a011fdc4
873e4781
8fd987b6
fef42423
fec46783
fe842703
85be863a
fc843503
f82ff0ef
853e4781
744270e2
80826121
ec061101
1000e822
fea43423
222387ae
2783fef4
4605fe44
350385be
f0effe84
87aad5df
60e2853e
61056442
11018082
e822ec06
34231000
87aefea4
fef42223
fe442783
85be4601
fe843503
d2fff0ef
853e87aa
644260e2
80826105
fc067139
0080f822
fca43c23
873687ae
fcf42a23
282387b2
87bafcf4
fcf42623
fe042623
fe042423
fd042783
0007871b
f463478d
57f500e7
2783a991
871bfcc4
478d0007
00e7f463
a18957f5
100067b7
26230791
2783fef4
871bfd04
47850007
00f71863
100067b7
262307b1
a825fef4
fd042783
0007871b
19634789
67b700f7
87931000
26230407
a831fef4
fd042783
0007871b
1863478d
67b700f7
87931000
26230487
6783fef4
85befec4
fd843503
e70ff0ef
242387aa
2783fef4
2781fd04
2783e3e5
2781fcc4
2783e795
873efe84
17fd77f1
871b8ff9
27830007
979bfd44
278100e7
679186be
27818ff5
24238fd9
ae85fef4
fcc42783
0007871b
18634785
278302f7
873efe84
17fd77e1
871b8ff9
27830007
979bfd44
278100f7
67c186be
8ff517fd
8fd92781
fef42423
2783ae1d
871bfcc4
47890007
02f71763
fe842783
77c1873e
8ff917fd
0007871b
fd442783
0107979b
86be2781
8ff567c1
8fd92781
fef42423
2783acfd
871bfcc4
478d0007
2ef71963
fe842783
7781873e
8ff917fd
0007871b
fd442783
0117979b
86be2781
000207b7
27818ff5
24238fd9
a4d1fef4
fd042783
0007871b
11634785
27830ef7
2781fcc4
2783e795
873efe84
17fd77f1
871b8ff9
27830007
979bfd44
278100e7
679186be
27818ff5
24238fd9
a451fef4
fcc42783
0007871b
18634785
278302f7
873efe84
17fd77e1
871b8ff9
27830007
979bfd44
278100f7
67c186be
8ff517fd
8fd92781
fef42423
2783a4a9
871bfcc4
47890007
02f71763
fe842783
77c1873e
8ff917fd
0007871b
fd442783
0107979b
86be2781
8ff567c1
8fd92781
fef42423
2783ac09
871bfcc4
478d0007
20f71363
fe842783
7781873e
8ff917fd
0007871b
fd442783
0117979b
86be2781
000207b7
27818ff5
24238fd9
aae1fef4
fd042783
0007871b
11634789
27830ef7
2781fcc4
2783e795
873efe84
17fd77f1
871b8ff9
27830007
979bfd44
278100e7
679186be
27818ff5
24238fd9
aa61fef4
fcc42783
0007871b
18634785
278302f7
873efe84
17fd77e1
871b8ff9
27830007
979bfd44
278100f7
67c186be
8ff517fd
8fd92781
fef42423
2783aab9
871bfcc4
47890007
02f71763
fe842783
77c1873e
8ff917fd
0007871b
fd442783
0107979b
86be2781
8ff567c1
8fd92781
fef42423
2783a21d
871bfcc4
478d0007
10f71d63
fe842783
7781873e
8ff917fd
0007871b
fd442783
0117979b
86be2781
000207b7
27818ff5
24238fd9
a0f5fef4
fd042783
0007871b
1063478d
27830ef7
2781fcc4
2783e795
873efe84
17fd77f1
871b8ff9
27830007
979bfd44
278100e7
679186be
27818ff5
24238fd9
a075fef4
fcc42783
0007871b
18634785
278302f7
873efe84
17fd77e1
871b8ff9
27830007
979bfd44
278100f7
67c186be
8ff517fd
8fd92781
fef42423
2783a88d
871bfcc4
47890007
02f71763
fe842783
77c1873e
8ff917fd
0007871b
fd442783
0107979b
86be2781
8ff567c1
8fd92781
fef42423
2783a82d
871bfcc4
478d0007
02f71763
fe842783
7781873e
8ff917fd
0007871b
fd442783
0117979b
86be2781
000207b7
27818ff5
24238fd9
6783fef4
2703fec4
863afe84
350385be
f0effd84
6783aa4f
85befec4
fd843503
aa0ff0ef
242387aa
4781fef4
70e2853e
61217442
715d8082
e0a2e486
34230880
3023fca4
87b2fcb4
faf42e23
fe042623
fe042423
fbc42783
22238bfd
2783fef4
d79bfbc4
20230057
2783fef4
871bfbc4
07930007
f4630460
57f500e7
2783a87d
871bfe04
47890007
04f70263
fe042783
0007871b
e2634789
278304e7
2781fe04
2783cb89
871bfe04
47850007
00f70963
67b7a02d
07f11000
fef42623
67b7a839
87931000
26230207
a801fef4
100067b7
05878793
fef42623
67830001
85befec4
fc843503
9dcff0ef
242387aa
2783fef4
871bfe44
47fd0007
00f70a63
fe442783
4785873e
00e797bb
a0192781
800007b7
fcf42e23
fdc42783
fe842703
24238ff9
2783fef4
2703fe44
57bbfe84
871b00f7
37830007
c398fc04
853e4781
640660a6
80826161
ec061101
1000e822
fea43423
222387ae
2783fef4
871bfe44
47b10007
00e7f463
aab157f5
fe442783
0007871b
e56347b1
678314e7
9713fe44
b7970027
8793ffff
97ba4ee7
871b439c
b7970007
8793ffff
97ba4de7
45c18782
fe843503
9a5ff0ef
350345c9
f0effe84
aa0999bf
350345c5
f0effe84
45cd98ff
fe843503
985ff0ef
4581a8f5
fe843503
979ff0ef
350345a1
f0effe84
a0dd96ff
35034585
f0effe84
45a5963f
fe843503
959ff0ef
4589a8c1
fe843503
94dff0ef
350345a9
f0effe84
a86d943f
3503458d
f0effe84
45ad937f
fe843503
92dff0ef
4591a055
fe843503
921ff0ef
350345b1
f0effe84
a079917f
35034595
f0effe84
45b590bf
fe843503
901ff0ef
4599a8a5
fe843503
8f5ff0ef
350345b9
f0effe84
a08d8ebf
3503459d
f0effe84
45bd8dff
fe843503
8d5ff0ef
45d1a0b1
fe843503
8c9ff0ef
350345d9
f0effe84
a81d8bff
350345d5
f0effe84
45dd8b3f
fe843503
8a9ff0ef
0593a005
35030400
f0effe84
059389bf
35030410
f0effe84
a01988ff
a01157f5
853e4781
644260e2
80826105
ec061101
1000e822
fea43423
222387ae
2783fef4
871bfe44
47b10007
00e7f463
aab157f5
fe442783
0007871b
e56347b1
678314e7
9713fe44
b7970027
8793ffff
97ba39a7
871b439c
b7970007
8793ffff
97ba38a7
45c18782
fe843503
84bff0ef
350345c9
f0effe84
aa09841f
350345c5
f0effe84
45cd835f
fe843503
82bff0ef
4581a8f5
fe843503
81fff0ef
350345a1
f0effe84
a0dd815f
35034585
f0effe84
45a5809f
fe843503
ffeff0ef
4589a8c1
fe843503
ff2ff0ef
350345a9
f0effe84
a86dfe8f
3503458d
f0effe84
45adfdcf
fe843503
fd2ff0ef
4591a055
fe843503
fc6ff0ef
350345b1
f0effe84
a079fbcf
35034595
f0effe84
45b5fb0f
fe843503
fa6ff0ef
4599a8a5
fe843503
f9aff0ef
350345b9
f0effe84
a08df90f
3503459d
f0effe84
45bdf84f
fe843503
f7aff0ef
45d1a0b1
fe843503
f6eff0ef
350345d9
f0effe84
a81df64f
350345d5
f0effe84
45ddf58f
fe843503
f4eff0ef
0593a005
35030400
f0effe84
0593f40f
35030410
f0effe84
a019f34f
a01157f5
853e4781
644260e2
80826105
fc067139
0080f822
fca43c23
fcb43823
262387b2
2783fcf4
871bfcc4
47a10007
00e7f463
a81557f5
100067b7
07078593
fd843503
e39fe0ef
262387aa
2783fef4
2703fcc4
57bbfec4
278100f7
871b8b85
37830007
c398fd04
853e4781
744270e2
80826121
ec061101
1000e822
fea43423
873287ae
fef42223
202387ba
2783fef4
871bfe44
47b10007
00e7f463
a42957f5
fe042783
0007871b
f4634785
57f500e7
2783aae5
871bfe44
47b10007
1ee7e363
fe446783
00279713
ffffb797
1c878793
439c97ba
0007871b
ffffb797
1b878793
878297ba
fe042783
45c1863e
fe843503
cceff0ef
fe042783
45c9863e
fe843503
cbeff0ef
2783a24d
863efe04
350345c5
f0effe84
2783cacf
863efe04
350345cd
f0effe84
a241c9cf
fe042783
4581863e
fe843503
c8aff0ef
fe042783
45a1863e
fe843503
c7aff0ef
2783aab9
863efe04
35034585
f0effe84
2783c68f
863efe04
350345a5
f0effe84
aa35c58f
fe042783
4589863e
fe843503
c46ff0ef
fe042783
45a9863e
fe843503
c36ff0ef
2783aa29
863efe04
3503458d
f0effe84
2783c24f
863efe04
350345ad
f0effe84
a8e5c14f
fe042783
4591863e
fe843503
c02ff0ef
fe042783
45b1863e
fe843503
bf2ff0ef
2783a8d9
863efe04
35034595
f0effe84
2783be0f
863efe04
350345b5
f0effe84
a855bd0f
fe042783
4599863e
fe843503
bbeff0ef
fe042783
45b9863e
fe843503
baeff0ef
2783a849
863efe04
3503459d
f0effe84
2783b9cf
863efe04
350345bd
f0effe84
a885b8cf
fe042783
45d1863e
fe843503
b7aff0ef
fe042783
45d9863e
fe843503
b6aff0ef
2783a0b9
863efe04
350345d5
f0effe84
2783b58f
863efe04
350345dd
f0effe84
a035b48f
fe042783
0593863e
35030400
f0effe84
2783b34f
863efe04
04100593
fe843503
b22ff0ef
57f5a019
4781a011
60e2853e
61056442
11018082
1000ec22
262387aa
2783fef4
871bfec4
47850007
00e7f463
a01157f5
853e4781
61056462
11018082
1000ec22
262387aa
2783fef4
871bfec4
479d0007
00e7f463
a01157f5
853e4781
61056462
11018082
1000ec22
262387aa
2783fef4
871bfec4
47850007
00e7f463
a01157f5
853e4781
61056462
11018082
1000ec22
262387aa
2783fef4
871bfec4
47fd0007
00e7f463
a01157f5
853e4781
61056462
11018082
1000ec22
262387aa
2783fef4
871bfec4
47ad0007
00e7f463
a01157f5
853e4781
61056462
71798082
f022f406
3c231800
87aefca4
fcf42a23
fe042623
fe042423
fd442783
f0ef853e
87aaf19f
2783873e
8fd9fe84
fef42423
fe842783
c3992781
a8a157f5
100077b7
02078793
fef42223
fd442783
0027979b
27032781
9fb9fe44
fef42023
fe046783
350385be
e0effd84
87aaa9bf
fef42623
fec42783
0027e793
fef42623
fe046783
fec42703
85be863a
fd843503
a6bfe0ef
853e4781
740270a2
80826145
f4067179
1800f022
fca43c23
2a2387ae
2623fcf4
2423fe04
2783fe04
853efd44
e7bff0ef
873e87aa
fe842783
24238fd9
2783fef4
2781fe84
57f5c399
77b7a899
87931000
22230207
2783fef4
979bfd44
27810027
fe442703
20239fb9
6783fef4
85befe04
fd843503
9fdfe0ef
262387aa
2783fef4
9bf5fec4
fef42623
fe046783
fec42703
85be863a
fd843503
9cffe0ef
853e4781
740270a2
80826145
f4067179
1800f022
fca43c23
2a2387ae
2623fcf4
2423fe04
2783fe04
853efd44
e2fff0ef
873e87aa
fe842783
24238fd9
2783fef4
2781fe84
57f5c399
87b7a8a1
87931000
2223a787
2783fef4
979bfd44
27810027
fe442703
20239fb9
6783fef4
85befe04
fd843503
961fe0ef
262387aa
2783fef4
e793fec4
26230027
6783fef4
2703fe04
863afec4
350385be
e0effd84
4781931f
70a2853e
61457402
71798082
f022f406
3c231800
87aefca4
fcf42a23
fe042623
fe042423
fd442783
f0ef853e
87aad91f
2783873e
8fd9fe84
fef42423
fe842783
c3992781
a89957f5
100087b7
a7878793
fef42223
fd442783
0027979b
27032781
9fb9fe44
fef42023
fe046783
350385be
e0effd84
87aa8c3f
fef42623
fec42783
26239bf5
6783fef4
2703fe04
863afec4
350385be
e0effd84
4781895f
70a2853e
61457402
71798082
f022f406
3c231800
87aefca4
fcf42a23
fe042623
fe042423
fd442783
f0ef853e
87aaccdf
2783873e
8fd9fe84
fef42423
fe842783
c3992781
a8a157f5
100077b7
02878793
fef42223
fd442783
0027979b
27032781
9fb9fe44
fef42023
fe046783
350385be
e0effd84
87aa827f
fef42623
fec42783
0027e793
fef42623
fe046783
fec42703
85be863a
fd843503
ff6fe0ef
853e4781
740270a2
80826145
f4067179
1800f022
fca43c23
2a2387ae
2623fcf4
2423fe04
2783fe04
853efd44
c2fff0ef
873e87aa
fe842783
24238fd9
2783fef4
2781fe84
57f5c399
77b7a899
87931000
22230287
2783fef4
979bfd44
27810027
fe442703
20239fb9
6783fef4
85befe04
fd843503
f88fe0ef
262387aa
2783fef4
9bf5fec4
fef42623
fe046783
fec42703
85be863a
fd843503
f5afe0ef
853e4781
740270a2
80826145
fc067139
0080f822
fca43c23
342387ae
2a23fcc4
2623fcf4
2783fe04
853efd44
be3ff0ef
873e87aa
fec42783
26238fd9
2783fef4
2781fec4
57f5c399
2783a825
873efd44
040027b7
c937879b
27819fb9
0027979b
fef42423
fe846783
350385be
e0effd84
87aaef2f
0007871b
fc843783
4781c398
70e2853e
61217442
71398082
f822fc06
3c230080
87aefca4
fcc43423
fcf42a23
fe042623
fd442783
f0ef853e
87aab65f
2783873e
8fd9fec4
fef42623
fec42783
c3992781
a82557f5
fd442783
27b7873e
879b0400
9fb9c337
979b2781
24230027
6783fef4
85befe84
fd843503
e74fe0ef
871b87aa
37830007
c398fc84
853e4781
744270e2
80826121
e486715d
0880e0a2
fca43423
873287ae
fad43c23
fcf42223
202387ba
2423fcf4
2783fe04
853efc44
adfff0ef
873e87aa
fe842783
24238fd9
2783fef4
2781fe84
57f5c399
0713a075
2783fdc4
863afc44
350385be
f0effc84
0713f2df
2783fd84
863afc44
350385be
f0effc84
2703e9bf
2783fdc4
07bbfd84
222340f7
2783fef4
873efc44
040027b7
cb37879b
27819fb9
0027979b
fef42023
fc042783
2783873e
2701fe44
f4632781
57fd00e7
2623a091
a02dfe04
fe046683
fec46783
3703078a
97bafb84
863e439c
350385b6
e0effc84
2783d80f
2785fec4
fef42623
fec42783
2783873e
2701fc04
65e32781
4781fcf7
60a6853e
61616406
715d8082
e0a2e486
0880fc26
fca43423
873287ae
fad43c23
fcf42223
202387ba
0713fcf4
2783fd44
863afc44
350385be
f0effc84
2783ddbf
873efc44
040027b7
cb37879b
27819fb9
0027979b
fcf42c23
fd442703
fc042783
74632781
57fd00f7
2e23a0a1
a03dfc04
fd846683
fdc46783
3703078a
04b3fb84
85b600f7
fc843503
ce0fe0ef
278187aa
2783c09c
2785fdc4
fcf42e23
fdc42783
2783873e
2701fc04
63e32781
4781fcf7
60a6853e
74e26406
80826161
f5067171
1900f122
f4a43c23
f4b43823
fe042623
f6840793
08000713
4581863a
10ef853e
47b10200
f6f42423
0ff00793
f6f42623
0ff00793
f6f42823
0ff00793
f6f42a23
0ff00793
f6f42c23
0ff00793
f6f42e23
0ff00793
f8f42023
0ff00793
f8f42223
24234789
478df8f4
f8f42623
28234791
4795f8f4
f8f42a23
2c234799
479df8f4
f8f42e23
202347a1
47a5faf4
faf42223
28234785
4785faf4
faf42a23
2c2347b5
47b5faf4
faf42e23
0ff00793
fcf42023
0ff00793
fcf42223
242347a9
47a9fcf4
fcf42623
282347ad
47adfcf4
fcf42a23
100087b7
aa078793
fef42423
fe846783
350385be
e0eff584
87aabc2f
fef42623
fec46783
17c1078a
a70397a2
3783f787
c398f504
853e4781
740a70aa
8082614d
f4067179
1800f022
fca43c23
2a2387ae
2623fcf4
2783fe04
853efd44
853ff0ef
262387aa
2783fef4
2781fec4
57f5c399
2783a0d9
871bfd44
47ad0007
0ae7ec63
fd446783
00279713
ffffa797
79878793
439c97ba
0007871b
ffffa797
78878793
878297ba
35034581
f0effd84
a0598cbf
35034585
f0effd84
a8ad8bff
35034581
f0effd84
a0bdb27f
35034585
f0effd84
a08db1bf
35034589
f0effd84
a899b0ff
3503458d
f0effd84
a0a9b03f
35034591
f0effd84
a83daf7f
35034595
f0effd84
a80daebf
35034599
f0effd84
a01dadff
3503459d
f0effd84
a829ad3f
35034581
f0effd84
a03998df
35034585
f0effd84
0001981f
853e4781
740270a2
80826145
f4067179
1800f022
fca43c23
2a2387ae
2623fcf4
2783fe04
853efd44
f52ff0ef
262387aa
2783fef4
2781fec4
57f5c399
2783a0d9
871bfd44
47ad0007
0ae7ec63
fd446783
00279713
ffffa797
6c878793
439c97ba
0007871b
ffffa797
6b878793
878297ba
35034581
f0effd84
a059f2cf
35034585
f0effd84
a8adf20f
35034581
f0effd84
a0bd989f
35034585
f0effd84
a08d97df
35034589
f0effd84
a899971f
3503458d
f0effd84
a0a9965f
35034591
f0effd84
a83d959f
35034595
f0effd84
a80d94df
35034599
f0effd84
a01d941f
3503459d
f0effd84
a829935f
35034581
f0effd84
a039feef
35034585
f0effd84
0001fe2f
853e4781
740270a2
80826145
fc067139
0080f822
fca43c23
873687ae
fcf42a23
282387b2
87bafcf4
fcf42623
fe042423
fe042623
0713a03d
2783fe84
863afd44
350385be
f0effd84
2703a0bf
2783fe84
2781fd04
02e78163
fec42783
26232785
2783fef4
873efec4
fcc42783
27812701
fcf763e3
0001a011
fec42783
2783873e
2701fcc4
64632781
57f900f7
4781a011
70e2853e
61217442
71798082
1800f422
2e2387aa
57f5fcf4
fef42623
fdc42783
0007871b
0ff00793
00e7f563
fec42783
4781a011
fef42623
fec42783
c3992781
a01157f5
853e4781
61457422
71798082
f022f406
3c231800
2623fca4
27b7fe04
85931003
35037887
e0effd84
87aa8aaf
fef42623
fec42783
0027e793
fef42623
fec42783
27b7863e
85931003
35037887
e0effd84
4781878f
70a2853e
61457402
71798082
f022f406
3c231800
87aefca4
fcf42a23
262357f5
2783fef4
871bfd44
07930007
f5630ff0
278300e7
a011fec4
26234781
2783fef4
2781fec4
57f5c399
2423a025
27b7fe04
87931003
24239a87
6783fef4
2703fe84
863afd44
350385be
e0effd84
4781808f
70a2853e
61457402
71798082
f022f406
3c231800
87aefca4
2a238732
87bafcf4
fcf42823
242357f5
2783fef4
853efd04
ed3ff0ef
242387aa
2783fef4
2781fe84
57f5c399
2783aa31
f713fd04
37830ff7
8023fd84
222300e7
4785fe04
fef42623
2783a0f5
37fdfec4
17822781
37039381
97bafd84
0007c783
0077d79b
0ff7f713
fec42783
278137fd
93811782
fd843683
c78397b6
d79b0007
f7930057
8fb90ff7
0ff7f713
fec42783
278137fd
93811782
fd843683
c78397b6
d79b0007
f7930047
8fb90ff7
0ff7f713
fec42783
278137fd
93811782
fd843683
c78397b6
d79b0007
f7930037
8fb90ff7
0ff7f793
8b852781
fef42223
fec42783
278137fd
93811782
fd843703
c78397ba
27810007
0017979b
971b2781
571b0187
27834187
979bfe44
d79b0187
8fd94187
0187969b
4186d69b
fec46783
fd843703
f71397ba
80230ff6
278300e7
2785fec4
fef42623
fec42783
2783873e
2701fd44
64e32781
4781f0f7
70a2853e
61457402
71398082
f822fc06
3c230080
3823fca4
87b2fcb4
fcf42623
100327b7
73878793
fef43423
fd043783
fef42223
fe442783
3583863e
3503fe84
d0effd84
3783e61f
9381fd04
fef42223
fe843783
27030791
863afe44
350385be
d0effd84
27b7e41f
87931003
34237407
2783fef4
873efe44
ff0007b7
871b8ff9
27830007
86befcc4
010007b7
8ff517fd
8fd92781
fef42223
fe442783
3583863e
3503fe84
d0effd84
4781dfdf
70e2853e
61217442
71398082
f822fc06
3c230080
87aefca4
fcc43423
fcf42a23
fe042623
fd442783
0007871b
03f00793
00e7f463
a0a157f5
fd442783
07b7873e
879b0400
9fb94017
979b2781
24230027
6783fef4
85befe84
fd843503
da5fd0ef
262387aa
2783fef4
873efec4
17fd6791
871b8ff9
37830007
c398fc84
853e4781
744270e2
80826121
fc067139
0080f822
fca43c23
342387ae
2a23fcc4
2783fcf4
871bfd44
07930007
f46303f0
57f500e7
2783a0a1
873efd44
040007b7
2c17879b
27819fb9
0027979b
fef42623
fec46783
350385be
d0effd84
87aad2bf
fef42423
fe842783
6785873e
8ff917fd
0007871b
fc843783
4781c398
70e2853e
61217442
71398082
f822fc06
3c230080
87aefca4
fcc43423
fcf42a23
fe042623
fd442783
0007871b
03f00793
00e7f463
a0a157f5
fd442783
07b7873e
879b0400
9fb94417
979b2781
24230027
6783fef4
85befe84
fd843503
cadfd0ef
262387aa
2783fef4
873efec4
17fd6791
871b8ff9
37830007
c398fc84
853e4781
744270e2
80826121
fc067139
0080f822
fca43c23
873687ae
fcf42a23
282387b2
87bafcf4
fcf42623
fe042423
fe042223
fe042023
fe840713
fd442783
85be863a
fd843503
e4fff0ef
fe040713
fd442783
85be863a
fd843503
f33ff0ef
fe440713
fd442783
85be863a
fd843503
ea5ff0ef
fe842703
fd042783
62632781
278302f7
979bfe44
27810027
fcc42703
871b9f99
27830007
6463fe04
478500f7
4781a011
fef42623
fec42783
70e2853e
61217442
71398082
f822fc06
3c230080
87aefca4
2a238736
87b2fcf4
fcf42823
262387ba
2623fcf4
2423fe04
6783fe04
85befd44
fd843503
ba5fd0ef
262387aa
2783fef4
c793fcc4
2781fff7
fec42703
871b8ff9
27830007
86befd04
fcc42783
27818ff5
24238fd9
6783fef4
2703fd44
863afe84
350385be
d0effd84
4781b59f
70e2853e
61217442
71398082
f822fc06
3c230080
87aefca4
2a238736
87b2fcf4
fcf42823
262387ba
2423fcf4
06b7fe04
06370100
07b70100
85931001
35033747
f0effd84
0693f45f
06131010
07b71010
85931001
35033787
f0effd84
2783f2df
863efd44
100187b7
00478593
fd843503
ae3fd0ef
87b74611
85931001
35030087
d0effd84
4605ad1f
100185b7
fd843503
ac3fd0ef
100187b7
08478593
fd843503
abdfd0ef
262387aa
a825fef4
100187b7
08478593
fd843503
aa5fd0ef
262387aa
2783fef4
2785fe84
fef42423
fe842783
2783873e
2701fcc4
64632781
57f900f7
2783a9d5
8bc1fec4
d3e92781
fe042423
87b74611
85931001
35030087
d0effd84
87b7a55f
85931001
35030847
d0effd84
87aaa4ff
fef42623
100187b7
08478593
fd843503
a39fd0ef
262387aa
a825fef4
100187b7
08478593
fd843503
a21fd0ef
262387aa
2783fef4
2785fe84
fef42423
fe842783
2783873e
2701fcc4
64632781
57f900f7
2783a985
8b89fec4
d3e92781
fe042423
fd442783
0007871b
11634785
278318f7
871bfd04
47ad0007
40f707b3
0017b793
0ff7f713
fd042783
0007869b
87b347b1
b79340f6
f7930017
8fd90ff7
0ff7f793
0007871b
fd042783
0007869b
87b347b5
b79340f6
f7930017
27810ff7
871b8fd9
27830007
869bfd04
47850007
40f687b3
0017b793
0ff7f793
8fd92781
c7992781
45814621
fd843503
c49fd0ef
fd042783
0007871b
07b347d5
b79340f7
f7130017
27830ff7
869bfd04
47d90007
40f687b3
0017b793
0ff7f793
f7938fd9
871b0ff7
27830007
869bfd04
47dd0007
40f687b3
0017b793
0ff7f793
8fd92781
0007871b
fd042783
0007869b
87b34789
b79340f6
f7930017
27810ff7
27818fd9
4631c799
35034581
d0effd84
2783bcbf
871bfd04
47fd0007
40f707b3
0017b793
0ff7f713
fd042783
0007869b
02000793
40f687b3
0017b793
0ff7f793
f7938fd9
871b0ff7
27830007
869bfd04
07930007
87b30210
b79340f6
f7930017
27810ff7
871b8fd9
27830007
869bfd04
478d0007
40f687b3
0017b793
0ff7f793
8fd92781
c7992781
45814645
fd843503
b49fd0ef
fd442783
0007871b
11634789
278318f7
871bfd04
47ad0007
40f707b3
0017b793
0ff7f713
fd042783
0007869b
87b347d5
b79340f6
f7930017
8fd90ff7
0ff7f793
0007871b
fd042783
0007869b
87b347fd
b79340f6
f7930017
27810ff7
871b8fd9
27830007
869bfd04
47850007
40f687b3
0017b793
0ff7f793
8fd92781
c7992781
45814621
fd843503
abdfd0ef
fd042783
0007871b
07b347b1
b79340f7
f7130017
27830ff7
869bfd04
47d90007
40f687b3
0017b793
0ff7f793
f7938fd9
871b0ff7
27830007
869bfd04
07930007
87b30200
b79340f6
f7930017
27810ff7
871b8fd9
27830007
869bfd04
47890007
40f687b3
0017b793
0ff7f793
8fd92781
c7992781
45814631
fd843503
a3dfd0ef
fd042783
0007871b
07b347b5
b79340f7
f7130017
27830ff7
869bfd04
47dd0007
40f687b3
0017b793
0ff7f793
f7938fd9
871b0ff7
27830007
869bfd04
07930007
87b30210
b79340f6
f7930017
27810ff7
871b8fd9
27830007
869bfd04
478d0007
40f687b3
0017b793
0ff7f793
8fd92781
c7992781
45814645
fd843503
9bdfd0ef
100187b7
00c78593
fd843503
ec4fd0ef
262387aa
2783fef4
e793fec4
26230017
2783fef4
863efec4
100187b7
00c78593
fd843503
e92fd0ef
100187b7
08478593
fd843503
e8cfd0ef
262387aa
a825fef4
100187b7
08478593
fd843503
e74fd0ef
262387aa
2783fef4
2785fe84
fef42423
fe842783
2783873e
2701fcc4
64632781
57f900f7
2783a0d1
8b89fec4
f3e92781
fe042423
100187b7
08478593
fd843503
e30fd0ef
262387aa
a825fef4
100187b7
08478593
fd843503
e18fd0ef
262387aa
2783fef4
2785fe84
fef42423
fe842783
2783873e
2701fcc4
64632781
57f900f7
2783a0a5
8ba1fec4
d3e92781
100187b7
08478593
fd843503
dd8fd0ef
262387aa
4601fef4
100185b7
fd843503
dbafd0ef
100187b7
00c78593
fd843503
db4fd0ef
262387aa
2783fef4
9bf9fec4
fef42623
fec42783
87b7863e
85931001
350300c7
d0effd84
4781d84f
70e2853e
61217442
11418082
e406e022
00002797
1b878793
c781842a
20ef4581
a5171aa0
3503ffff
653cd925
9782c391
20ef8522
85aa0320
00003517
c5c53503
47b3a261
8b9d00b5
00c506b3
479de781
00c7ee63
716387aa
c70306d5
07850005
8fa30585
eae3fee7
8082fed7
00757713
cb1187aa
0005c703
05850785
fee78fa3
0077f713
f713b7fd
0833ff86
061340f7
44630400
882e0306
6b63863e
881306e6
4601ff97
01076663
8f1d071d
ff877613
95b297b2
fad7e3e3
b3838082
b2830005
bf830085
bf030105
be830185
be030205
b3030285
b8830305
b0230385
b4230077
b8030057
b8230405
bc2301f7
b02301e7
b42303d7
b82303c7
bc230267
87930317
85930487
bc230485
0833ff07
b75140f7
00083883
08210621
ff163c23
433dbfbd
7163872a
779302c3
e3c100f7
7693e1bd
8a3dff06
e30c96ba
0741e70c
fed76de3
8082e211
40c306b3
0297068a
96960000
00a68067
00b70723
00b706a3
00b70623
00b705a3
00b70523
00b704a3
00b70423
00b703a3
00b70323
00b702a3
00b70223
00b701a3
00b70123
00b700a3
00b70023
f5938082
96930ff5
8dd50085
01059693
96938dd5
8dd50205
9693b759
02970027
96960000
80e78286
8096fa26
8f1d17c1
71e3963e
b79df8c3
00758793
9be17179
80000737
e84aec26
494107a1
f022f406
4713e44e
84aafff7
0b27f933
00f76463
00b97c63
c09c47b1
70a24501
64e27402
69a26942
80826145
120000ef
92018693
843a6298
8413e41d
601c9281
4581e791
00ef8526
e0080de0
852685ca
0d4000ef
1e6359fd
47b10535
8526c09c
0ee000ef
601cbf65
412787bb
0407c063
5763463d
e01c00f6
3023943e
a0290124
1363641c
e29c0287
00ef8526
05130c40
079300f4
99610084
40f507bb
943ed3c9
40f007bb
bfa5e01c
bff9e71c
64008722
0413b761
98610075
fc8501e3
40a405b3
00ef8526
1ae30620
bf41fb35
e0221141
00003417
9e843403
e406703c
4561e785
d7bff0ef
a797f028
b783ffff
e11ca9a7
0005e7b7
eec78793
47adc51c
00f51623
e91c4785
a717703c
3703ffff
60a2a827
64026b88
02e50533
eb880505
91050506
80820141
e0221141
852e842a
9201a823
10efe406
57fd55f0
00f51663
9301a783
c01cc391
640260a2
80820141
80828082
a0261101
20a504d3
ec06a422
05e000ef
20a50453
20948553
272000ef
a797c10d
a787ffff
97d3a267
c38da097
55f010ef
02200793
a797c11c
a407ffff
60e2a0a7
20840553
24222482
80826105
ffffa797
9fc7a787
a0f497d3
10efd3fd
07935310
04530220
c11cf000
07d3bfd9
0737e005
05b78000
861b7f80
77330007
f76340e6
77d300e5
87d300a5
a811e007
01f6551b
01f6569b
00b71863
0793c299
85530000
8082f007
42b175b7
21758593
0006081b
00c5d463
a2e14501
00085a63
42cff637
1b560613
00e67463
a2654501
3eb17637
21860613
ffffa597
9885a687
0ee67a63
3f851637
59160613
6163068a
a7170ae6
0713ffff
97369aa7
00072587
f00787d3
ffffa797
9a078793
f5d397b6
470508b7
0007a707
9f099f09
08e5f7d3
e00787d3
f0078653
ffffa697
9406a507
ffffa697
9346a787
10c67653
50f677c3
ffffa697
92c6a507
50c7f7c3
ffffa697
9246a507
50c7f7c3
ffffa697
91c6a507
50c7f7c3
f0078553
50c7f7cb
10f57653
ffffa697
9086a507
f7d3e351
765308a7
87d318f6
7653f007
f7d308f6
bdf508c6
ffffa717
90470713
27079736
86530007
a697f007
a787ffff
77c38ae6
96d370f6
a797c007
a787ffff
f7538a67
871bd006
a6970006
a587ffff
75cb8926
775360b7
b7a910f7
340006b7
02d77063
f0078653
ffffa717
87c72787
00f677d3
a0f69753
77d3c701
bd5100d6
b72d4701
08f57553
f8300693
18a67653
08c77753
08b77753
08e6f7d3
e00787d3
46632781
171b00d7
9fb90177
071bbdbd
171b0647
9f3d0177
f0070753
ffffa797
8487a787
10f777d3
1101b5a9
ec06e822
00a12627
10ef842a
60e23410
6442c100
00c12507
80826105
20a517d3
07d3e119
f55320a5
051310a7
f06f0220
a797fd1f
a507ffff
f06f80a7
a797fe3f
a507ffff
f06f8027
1553fd7f
7513e005
35133815
80820015
00002797
0f878793
40f507b3
0017b793
959b6691
07e60035
871397ae
973e0046
c30c55fd
069b97b6
c3940006
c3109601
80824501
e84a7179
00852903
f022f406
e44eec26
02091563
00002417
0b040413
40850433
00143413
141b84aa
29970014
89930000
1b630c29
47850089
70a2c49c
64e27402
69a26942
80826145
0363458d
459d0009
0009b783
460186a6
25177f9c
05130000
29050925
b7f19782
8082557d
60c0106f
e4061141
f1402573
10ef2501
60a20230
106f0141
71390150
f822fc06
842af426
e832ec2e
10efe436
049b5e20
f0ef0005
2797fd3f
87930000
8c1d0227
e0634785
66a20297
65e26642
00143413
0014141b
28174781
08130000
186302a8
70e200f4
74a27442
6121557d
470d8082
471dc391
01051463
00e58463
b7c52785
7442611c
74a270e2
61217f9c
11018782
e42eec06
f71ff0ef
65a2c911
67634705
611c00b7
679c60e2
87826105
557d60e2
80826105
ec061101
e42ee822
842ac58d
f45ff0ef
00002797
f9478793
65a28c1d
00143413
0014141b
26974781
86930000
1763fa66
60e200f4
557d6442
80826105
c391470d
1463471d
846300d5
278500e5
611cb7cd
60e26442
610567bc
11018782
e822ec06
c58de42e
f0ef842a
2797eebf
87930000
8c1df3a7
341365a2
141b0014
47810014
00002697
f4c68693
00f41763
644260e2
6105557d
470d8082
471dc391
00d51463
00e58463
b7cd2785
6442611c
6bbc60e2
87826105
00002797
ef078793
35138d1d
67b10015
87130566
17e1ffc7
953e972a
411c430c
27814310
0006069b
feb61ae3
02069513
080787bb
80828d5d
00002797
eb878793
07331141
e02240f5
00173713
478de406
07668432
04f58b63
00b7ce63
86634785
478902f5
02f58a63
60a257fd
853e6402
80820141
99e34791
4781fef5
421cd67d
0027979b
439c97ba
57fdb7cd
f0efde79
e008f73f
bfd14781
da6157fd
979b421c
97ba0027
0007a023
57fdb7f5
421cde5d
0027979b
470597ba
000fc398
439c0480
1101bfd1
e822ec06
10ef842a
c62a60e0
85220070
f0ef4589
60e2f63f
61056442
11018082
e822ec06
10ef842a
c62a5ee0
85220070
f0ef458d
60e2f43f
61056442
45018082
85aa8082
f14027f3
00002717
cf470713
20e7e7b3
27f36388
c5153420
3ff7f793
00002717
ddc70713
0a678793
00e51a63
00002717
de470713
20e7e7b3
8782639c
639c078e
80829002
00008082
00000000
00000000
00000000
00000000
00000000
00000000
00000000
00000000
00000000
00000000
00000000
00000000
00000000
00000000
00000000
00000000
00000000
00000000
ee06712d
e61aea16
fdaae21e
f5b2f9ae
edbaf1b6
e5c2e9be
fd72e1c6
f57af976
ad02f17e
a50aa906
bc92a10e
b49ab896
acaab09e
a4b2a8ae
bc3aa0b6
b442b83e
ac72b046
a47aa876
27f3a07e
2717f140
07130000
e7b3c1a7
639420e7
34202673
341027f3
343027f3
30502773
2597cea9
85930000
2797cfa5
87930000
8363d0a7
478100b6
3ff67513
08065f63
08000693
00d51a63
5187b703
5287b583
08000513
a0159702
d56346ad
771300a6
e33d03f7
00950713
16930716
973e0055
b78397b6
670c1187
60f29782
633262d2
756e6392
762e75ce
676e768e
682e67ce
7e6a688e
7f2a7eca
206a7f8a
212a20ca
3266218a
332632c6
25663386
262625c6
37622686
382237c2
2e623882
2f222ec2
61152f82
30200073
18e34689
2773fad7
63183070
1807b583
67b3bfb5
b78320f5
85aa5307
97828536
0000bf49
00000000
00000000
00000000
00000000
00000000
00000000
00000000
00000000
00000000
00000000
00000000
00000000
00000000
00000000
00000000
00000000
00000000
00000000
45010000
25738082
8082b000
cd0987aa
00002717
bd870713
98634501
453700e7
0513000f
80822405
80824501
ec061101
2797e402
87930000
9c63bb67
251700a7
35030000
c511dc25
0030611c
6fdc4585
60e29782
61056522
f06f8082
2517fb3f
05130000
8082b7a5
8082451d
8082450d
ec061101
2797c62e
87930000
9163b727
279702a7
b7830000
557dcfe7
6398c799
458d0070
853e6f58
60e29702
80826105
bfe5557d
ec061101
2797c62e
87930000
9163b3e7
279702a7
b7830000
557dcca7
6398c799
45890070
853e6f58
60e29702
80826105
bfe5557d
ec061101
2797c62e
87930000
9163b0a7
279702a7
b7830000
4501c967
6398c799
45910070
853e6f58
60e29702
80826105
bfe54501
00002797
adc78793
00a78463
80824501
00002517
ae450513
d7838082
470d0005
8b8d4511
00e78363
80824509
34102573
90738082
45013415
27978082
87930000
8463aa27
450100a7
85138082
80829381
80826508
05131141
e4060640
26a010ef
05131141
e4060c80
25e010ef
00002797
a7078793
9b63862e
251700a7
35030000
c509c7a5
4581611c
878273dc
8082557d
efb1451c
11850793
51850713
0007b023
0007b423
0007b823
02078793
fee798e3
53050793
5b050713
00000697
f9c68693
07a1e394
fef71ee3
30502773
ffff9797
8fc78793
00f71b63
305027f3
00000797
c9878793
90739bf1
47853057
8082c51c
00002517
9dc50513
ed818082
305027f3
00000797
c7478793
90739bf1
45013057
47858082
9de3557d
27f3fef5
17973050
87930000
e7932567
b7c50017
00a04a63
00002797
8ac78793
20f56533
80826108
80824501
e4061141
2573e022
2501f140
fddff0ef
f0ef842a
0593dcbf
852200a5
60a26402
f06f0141
712df07f
ee06fdaa
e61aea16
f9aee21e
f1b6f5b2
e9beedba
e1c6e5c2
f976fd72
f17ef57a
a906ad02
a10ea50a
b896bc92
b09eb49a
a8aeacaa
a0b6a4b2
b83ebc3a
b046b442
12c00513
a876ac72
a07ea47a
10e010ef
ee06712d
e61aea16
fdaae21e
f5b2f9ae
edbaf1b6
e5c2e9be
fd72e1c6
f57af976
ad02f17e
a50aa906
bc92a10e
b49ab896
acaab09e
a4b2a8ae
bc3aa0b6
b442b83e
ac72b046
a47aa876
27f3a07e
1717f140
07130000
e7b37d27
639c20e7
2717c38d
07130000
93638c27
279706e7
87930000
b7038ce7
b5831787
450d1887
60f29702
633262d2
756e6392
762e75ce
676e768e
682e67ce
7e6a688e
7f2a7eca
206a7f8a
212a20ca
3266218a
332632c6
25663386
262625c6
37622686
382237c2
2e623882
2f222ec2
61152f82
30200073
18803783
712d9002
ea16ee06
e21ee61a
f9aefdaa
f1b6f5b2
e9beedba
e1c6e5c2
f976fd72
f17ef57a
a906ad02
a10ea50a
b896bc92
b09eb49a
a8aeacaa
a0b6a4b2
b83ebc3a
b046b442
a876ac72
a07ea47a
f14027f3
00001717
70070713
20e7e7b3
c38d639c
00001717
7f070713
06e79363
00001797
7fc78793
1f87b703
2087b583
9702451d
62d260f2
63926332
75ce756e
768e762e
67ce676e
688e682e
7eca7e6a
7f8a7f2a
20ca206a
218a212a
32c63266
33863326
25c62566
26862626
37c23762
38823822
2ec22e62
2f822f22
00736115
37833020
90022080
ee06712d
e61aea16
fdaae21e
f5b2f9ae
edbaf1b6
e5c2e9be
fd72e1c6
f57af976
ad02f17e
a50aa906
bc92a10e
b49ab896
acaab09e
a4b2a8ae
bc3aa0b6
b442b83e
ac72b046
a47aa876
27f3a07e
1717f140
07130000
e7b362e7
639c20e7
1717c38d
07130000
936371e7
179706e7
87930000
b70372a7
b5833187
45413287
60f29702
633262d2
756e6392
762e75ce
676e768e
682e67ce
7e6a688e
7f2a7eca
206a7f8a
212a20ca
3266218a
332632c6
25663386
262625c6
37622686
382237c2
2e623882
2f222ec2
61152f82
30200073
32803783
712d9002
ea16ee06
e21ee61a
f9aefdaa
f1b6f5b2
e9beedba
e1c6e5c2
f976fd72
f17ef57a
a906ad02
a10ea50a
b896bc92
b09eb49a
a8aeacaa
a0b6a4b2
b83ebc3a
b046b442
a876ac72
a07ea47a
f14027f3
00001717
55c70713
20e7e7b3
c38d639c
00001717
64c70713
06e79363
00001797
65878793
3387b703
3487b583
97024545
62d260f2
63926332
75ce756e
768e762e
67ce676e
688e682e
7eca7e6a
7f8a7f2a
20ca206a
218a212a
32c63266
33863326
25c62566
26862626
37c23762
38823822
2ec22e62
2f822f22
00736115
37833020
90023480
ee06712d
e61aea16
fdaae21e
f5b2f9ae
edbaf1b6
e5c2e9be
fd72e1c6
f57af976
ad02f17e
a50aa906
bc92a10e
b49ab896
acaab09e
a4b2a8ae
bc3aa0b6
b442b83e
ac72b046
a47aa876
27f3a07e
1717f140
07130000
e7b348a7
639c20e7
1717c38d
07130000
936357a7
179706e7
87930000
b7035867
b5833587
45493687
60f29702
633262d2
756e6392
762e75ce
676e768e
682e67ce
7e6a688e
7f2a7eca
206a7f8a
212a20ca
3266218a
332632c6
25663386
262625c6
37622686
382237c2
2e623882
2f222ec2
61152f82
30200073
36803783
712d9002
ea16ee06
e21ee61a
f9aefdaa
f1b6f5b2
e9beedba
e1c6e5c2
f976fd72
f17ef57a
a906ad02
a10ea50a
b896bc92
b09eb49a
a8aeacaa
a0b6a4b2
b83ebc3a
b046b442
a876ac72
a07ea47a
f14027f3
00001717
3b870713
20e7e7b3
c38d639c
00001717
4a870713
06e79363
00001797
4b478793
3787b703
3887b583
9702454d
62d260f2
63926332
75ce756e
768e762e
67ce676e
688e682e
7eca7e6a
7f8a7f2a
20ca206a
218a212a
32c63266
33863326
25c62566
26862626
37c23762
38823822
2ec22e62
2f822f22
00736115
37833020
90023880
ee06712d
e61aea16
fdaae21e
f5b2f9ae
edbaf1b6
e5c2e9be
fd72e1c6
f57af976
ad02f17e
a50aa906
bc92a10e
b49ab896
acaab09e
a4b2a8ae
bc3aa0b6
b442b83e
ac72b046
a47aa876
27f3a07e
1717f140
07130000
e7b32e67
639c20e7
1717c38d
07130000
93633d67
179706e7
87930000
b7033e27
b5833987
45513a87
60f29702
633262d2
756e6392
762e75ce
676e768e
682e67ce
7e6a688e
7f2a7eca
206a7f8a
212a20ca
3266218a
332632c6
25663386
262625c6
37622686
382237c2
2e623882
2f222ec2
61152f82
30200073
3a803783
712d9002
ea16ee06
e21ee61a
f9aefdaa
f1b6f5b2
e9beedba
e1c6e5c2
f976fd72
f17ef57a
a906ad02
a10ea50a
b896bc92
b09eb49a
a8aeacaa
a0b6a4b2
b83ebc3a
b046b442
a876ac72
a07ea47a
f14027f3
00001717
21470713
20e7e7b3
c38d639c
00001717
30470713
06e79363
00001797
31078793
3b87b703
3c87b583
97024555
62d260f2
63926332
75ce756e
768e762e
67ce676e
688e682e
7eca7e6a
7f8a7f2a
20ca206a
218a212a
32c63266
33863326
25c62566
26862626
37c23762
38823822
2ec22e62
2f822f22
00736115
37833020
90023c80
ee06712d
e61aea16
fdaae21e
f5b2f9ae
edbaf1b6
e5c2e9be
fd72e1c6
f57af976
ad02f17e
a50aa906
bc92a10e
b49ab896
acaab09e
a4b2a8ae
bc3aa0b6
b442b83e
ac72b046
a47aa876
27f3a07e
1717f140
07130000
e7b31427
639c20e7
1717c38d
07130000
93632327
179706e7
87930000
b70323e7
b5833d87
45593e87
60f29702
633262d2
756e6392
762e75ce
676e768e
682e67ce
7e6a688e
7f2a7eca
206a7f8a
212a20ca
3266218a
332632c6
25663386
262625c6
37622686
382237c2
2e623882
2f222ec2
61152f82
30200073
3e803783
712d9002
ea16ee06
e21ee61a
f9aefdaa
f1b6f5b2
e9beedba
e1c6e5c2
f976fd72
f17ef57a
a906ad02
a10ea50a
b896bc92
b09eb49a
a8aeacaa
a0b6a4b2
b83ebc3a
b046b442
a876ac72
a07ea47a
f14027f3
00001717
07070713
20e7e7b3
c38d639c
00001717
16070713
06e79363
00001797
16c78793
3f87b703
4087b583
9702455d
62d260f2
63926332
75ce756e
768e762e
67ce676e
688e682e
7eca7e6a
7f8a7f2a
20ca206a
218a212a
32c63266
33863326
25c62566
26862626
37c23762
38823822
2ec22e62
2f822f22
00736115
37833020
90024080
ee06712d
e61aea16
fdaae21e
f5b2f9ae
edbaf1b6
e5c2e9be
fd72e1c6
f57af976
ad02f17e
a50aa906
bc92a10e
b49ab896
acaab09e
a4b2a8ae
bc3aa0b6
b442b83e
ac72b046
a47aa876
27f3a07e
1717f140
07130000
e7b3f9e7
639c20e7
1717c38d
07130000
936308e7
179706e7
87930000
b70309a7
b5834187
45614287
60f29702
633262d2
756e6392
762e75ce
676e768e
682e67ce
7e6a688e
7f2a7eca
206a7f8a
212a20ca
3266218a
332632c6
25663386
262625c6
37622686
382237c2
2e623882
2f222ec2
61152f82
30200073
42803783
712d9002
ea16ee06
e21ee61a
f9aefdaa
f1b6f5b2
e9beedba
e1c6e5c2
f976fd72
f17ef57a
a906ad02
a10ea50a
b896bc92
b09eb49a
a8aeacaa
a0b6a4b2
b83ebc3a
b046b442
a876ac72
a07ea47a
f14027f3
00001717
ecc70713
20e7e7b3
c38d639c
00001717
fbc70713
06e79363
00001797
fc878793
4387b703
4487b583
97024565
62d260f2
63926332
75ce756e
768e762e
67ce676e
688e682e
7eca7e6a
7f8a7f2a
20ca206a
218a212a
32c63266
33863326
25c62566
26862626
37c23762
38823822
2ec22e62
2f822f22
00736115
37833020
90024480
ee06712d
e61aea16
fdaae21e
f5b2f9ae
edbaf1b6
e5c2e9be
fd72e1c6
f57af976
ad02f17e
a50aa906
bc92a10e
b49ab896
acaab09e
a4b2a8ae
bc3aa0b6
b442b83e
ac72b046
a47aa876
27f3a07e
1717f140
07130000
e7b3dfa7
639c20e7
1717c38d
07130000
9363eea7
179706e7
87930000
b703ef67
b5834587
45694687
60f29702
633262d2
756e6392
762e75ce
676e768e
682e67ce
7e6a688e
7f2a7eca
206a7f8a
212a20ca
3266218a
332632c6
25663386
262625c6
37622686
382237c2
2e623882
2f222ec2
61152f82
30200073
46803783
712d9002
ea16ee06
e21ee61a
f9aefdaa
f1b6f5b2
e9beedba
e1c6e5c2
f976fd72
f17ef57a
a906ad02
a10ea50a
b896bc92
b09eb49a
a8aeacaa
a0b6a4b2
b83ebc3a
b046b442
a876ac72
a07ea47a
f14027f3
00001717
d2870713
20e7e7b3
c38d639c
00001717
e1870713
06e79363
00001797
e2478793
4787b703
4887b583
9702456d
62d260f2
63926332
75ce756e
768e762e
67ce676e
688e682e
7eca7e6a
7f8a7f2a
20ca206a
218a212a
32c63266
33863326
25c62566
26862626
37c23762
38823822
2ec22e62
2f822f22
00736115
37833020
90024880
ee06712d
e61aea16
fdaae21e
f5b2f9ae
edbaf1b6
e5c2e9be
fd72e1c6
f57af976
ad02f17e
a50aa906
bc92a10e
b49ab896
acaab09e
a4b2a8ae
bc3aa0b6
b442b83e
ac72b046
a47aa876
27f3a07e
1717f140
07130000
e7b3c567
639c20e7
1717c38d
07130000
9363d467
179706e7
87930000
b703d527
b5834987
45714a87
60f29702
633262d2
756e6392
762e75ce
676e768e
682e67ce
7e6a688e
7f2a7eca
206a7f8a
212a20ca
3266218a
332632c6
25663386
262625c6
37622686
382237c2
2e623882
2f222ec2
61152f82
30200073
4a803783
712d9002
ea16ee06
e21ee61a
f9aefdaa
f1b6f5b2
e9beedba
e1c6e5c2
f976fd72
f17ef57a
a906ad02
a10ea50a
b896bc92
b09eb49a
a8aeacaa
a0b6a4b2
b83ebc3a
b046b442
a876ac72
a07ea47a
f14027f3
00001717
b8470713
20e7e7b3
c38d639c
00001717
c7470713
06e79363
00001797
c8078793
4b87b703
4c87b583
97024575
62d260f2
63926332
75ce756e
768e762e
67ce676e
688e682e
7eca7e6a
7f8a7f2a
20ca206a
218a212a
32c63266
33863326
25c62566
26862626
37c23762
38823822
2ec22e62
2f822f22
00736115
37833020
90024c80
ee06712d
e61aea16
fdaae21e
f5b2f9ae
edbaf1b6
e5c2e9be
fd72e1c6
f57af976
ad02f17e
a50aa906
bc92a10e
b49ab896
acaab09e
a4b2a8ae
bc3aa0b6
b442b83e
ac72b046
a47aa876
27f3a07e
1717f140
07130000
e7b3ab27
639c20e7
1717c38d
07130000
9363ba27
179706e7
87930000
b703bae7
b5834d87
45794e87
60f29702
633262d2
756e6392
762e75ce
676e768e
682e67ce
7e6a688e
7f2a7eca
206a7f8a
212a20ca
3266218a
332632c6
25663386
262625c6
37622686
382237c2
2e623882
2f222ec2
61152f82
30200073
4e803783
712d9002
ea16ee06
e21ee61a
f9aefdaa
f1b6f5b2
e9beedba
e1c6e5c2
f976fd72
f17ef57a
a906ad02
a10ea50a
b896bc92
b09eb49a
a8aeacaa
a0b6a4b2
b83ebc3a
b046b442
a876ac72
a07ea47a
f14027f3
00001717
9e070713
20e7e7b3
c38d639c
00001717
ad070713
06e79363
00001797
adc78793
4f87b703
5087b583
9702457d
62d260f2
63926332
75ce756e
768e762e
67ce676e
688e682e
7eca7e6a
7f8a7f2a
20ca206a
218a212a
32c63266
33863326
25c62566
26862626
37c23762
38823822
2ec22e62
2f822f22
00736115
37833020
90025080
305027f3
03f7f793
470917fd
69634501
871700f7
0713ffff
97ba1527
0007c503
f06f8082
47fdfdff
cf63872a
478900a7
df634501
e7b700e7
87931fff
078e1117
00e7d533
80828905
f8050713
00173513
71798082
84aaec26
f022852e
e44ee84a
842ef406
893689b2
fbfff0ef
0793c541
1c630800
f0ef08f4
079bf8bf
554d0005
70a2cfa5
64e27402
69a26942
80826145
5134bc23
5324b423
1793a821
04250054
041697a6
1137bc23
00848533
01253423
bfc14501
555147fd
fc87c5e3
d2e347bd
1793fc87
04250054
f71797a6
0713ffff
0416f167
10e7bc23
00848533
01253023
f797bfc1
8793ffff
bc23b807
b02316f4
bf7d1924
b7715555
f8099ce3
fffff797
bac78793
50f4bc23
98e3b771
47adf809
faf409e3
fa87c0e3
04e3478d
479dfcf4
10e35551
f797f6f4
8793ffff
bc23f9e7
b0231ef4
bfad2124
479dc911
04f58863
00b7e863
478dc58d
02f58d63
a805567d
806347ad
879b04f5
473dff05
fef768e3
97bb4785
ee0d00b7
3047b7f3
47a1a809
a7f3c609
46013007
b7f3a019
85323007
47a18082
a7f3ca19
b7f53047
08000793
6785bfd5
8007879b
b7f3b7f5
b7c53047
3047a7f3
4605bfc9
f91ff06f
f06f4601
473df8bf
557d87aa
00b74963
e5b3c619
450120f5
52c5b823
80828082
00001797
89078793
00a79863
00001517
89c50513
fd3ff06f
8082557d
00001797
e4478793
35138d1d
053a0015
0105971b
678dc599
33378793
c11c9fb9
6795bffd
55578793
611cbfd5
8782639c
779c611c
611c8782
878273bc
0517e511
35030000
80827365
80824501
f1402573
80822501
1141611c
639ce406
11419782
151785aa
05130000
e406de25
fe9ff0ef
e0221141
842ee406
fc5ff0ef
f0efc909
e008fadf
60a24501
01416402
557d8082
0000bfdd
00000000
00000000
00000000
00000000
00000000
00000000
00000000
00000000
00000000
00000000
00000000
00000000
00000000
00000000
00000000
00000000
00000000
00000000
00000000
00000000
00000000
00000000
00000000
00000000
00000000
00000000
00000000
00000000
00000000
00000000
df7fe06f
df3fe06f
deffe06f
e3dfe06f
de7fe06f
de3fe06f
ddffe06f
efffe06f
dd7fe06f
dd3fe06f
dcffe06f
dcbfe06f
dc7fe06f
dc3fe06f
dbffe06f
dbbfe06f
fadfe06f
87aff06f
948ff06f
a16ff06f
ae4ff06f
bb2ff06f
c80ff06f
d4eff06f
e1cff06f
eeaff06f
fb8ff06f
887ff06f
955ff06f
a23ff06f
af1ff06f
bbfff06f
00000000
00000000
00000000
00000000
00000000
00000000
00000000
00000000
00000000
00000000
00000000
00000000
00000000
00000000
00000000
00000000
00000000
00000000
00000000
00000000
00000000
00000000
00000000
00000000
00000000
00000000
00000000
00000000
00000000
00000000
00000000
00000000
e4061141
e4fff0ef
00013797
51878793
00028717
51070713
02e78663
81018793
638885aa
00b506b3
00e6fd63
ec061101
e42a2581
70efe394
60e2c5ef
61056522
e3988082
8082557d
468185aa
45014601
1517a879
35030000
8082bde5
e8221101
7417e426
0413ffff
749767e4
8493ffff
8c056764
840dec06
60e2e411
64a26442
80826105
67b3147d
639c2094
b7ed9782
e8221101
7417e426
0413ffff
74976424
8493ffff
8c8163a4
ec06e04a
4901848d
02991563
ffff7417
62440413
ffff7497
61c48493
848d8c81
1d634901
60e20099
64a26442
61056902
601c8082
04210905
b7f99782
0905601c
97820421
88aabff9
94018513
ef116118
00003797
30878793
0513e11c
873e0000
6118c509
10e7b823
471c873e
557d487d
04f84563
02088c63
11073803
02080f63
2107e333
00c33023
20082503
163b4605
8d5100f6
20a82023
10d33023
97634689
268300d8
8ed12048
20d82223
0017869b
e7b3c714
450120e7
8082eb8c
f852711d
f05af456
ec86ec5e
e4a6e8a2
fc4ee0ca
e466e862
8a2e8aaa
94018b13
34834b85
cc81000b
b9834480
091b1104
040efff4
00898cb3
5f639426
60e60009
64a66446
79e26906
7aa27a42
6be27b02
6ca26c42
80826125
000a0c63
00099663
1ce1397d
bfd11461
0f8cb783
ff479ae3
6418449c
996337fd
a4230327
d36d0124
0084ac03
00098963
2009a783
012b96bb
27818ff5
9702ef89
37834498
12e3000b
8fe3f987
bfb5faf4
00043423
a783bfc9
b5832049
8ff5ff8c
e7812781
97028556
852ebfe1
bfc99702
95018793
ef054398
e8221101
ec06e426
c3984705
ffff7417
49840413
ffff7497
49848493
00947463
00941763
644260e2
610564a2
601c8082
97820421
8082b7f5
94818793
ef054398
e8221101
ec06e426
c3984705
ffff7417
46040413
ffff7497
45848493
00947463
00941763
644260e2
610564a2
601c8082
97820421
8082b7f5
e0221141
94c18413
e406401c
00efe789
47850d00
00efc01c
f0ef2320
2501b7bf
b65ff0ef
cd11842a
b57ff0ef
00efc919
85220280
b45ff0ef
6402c509
014160a2
60a2a819
01416402
f06f8082
f06ff37f
f06ffb3f
611cf6ff
8782639c
07b7c91d
439c0201
f7134689
c1180ff7
0087d71b
0ff77713
d71bc158
77130107
d79b0ff7
377d0187
973b37fd
96bb00e6
c51800f6
8082c554
020107b7
75134788
05050ff5
11418082
e406e022
f0ef842a
2501febf
02a46563
fff4079b
0ff7f793
02010737
f0efc71c
079bfd3f
45010005
00878363
60a25579
01416402
557d8082
1101bfdd
ec06850a
f79ff0ef
020117b7
86974398
8693ffff
9b799e66
4398c398
c3989b75
ffff8717
9d470713
43329e99
488247a2
ce89883a
026785bb
45014612
031585bb
fff60e1b
04d04063
c232c111
86934512
87bb9201
87bb0267
87bb0317
e66302a7
06330106
e36300f7
369702c6
86930000
e5631226
973e0106
00e6ea63
610560e2
f43ff06f
86729e8d
bf5d4505
557d60e2
80826105
8793050e
97aa8181
c6e16394
82818793
639c97aa
06374705
173b1000
c78300f7
05370095
377d2000
01c7979b
c6038ff1
161b00a5
8e6901d6
c6038fd1
8a050005
c6038fd1
8e790015
0026161b
41d08fd1
161b8e79
8fd10086
0085c603
171b8f71
8fd900e7
c29c2781
00c5c783
00d5c703
06136609
979be006
171b0047
8f710097
1f07f793
c7038fd9
e63700b5
8b3d0007
c7038fd9
171b00e5
8f7100d7
c7038fd9
063700f5
171b0008
8f710137
c7038fd9
06370105
171b0010
8f710147
c7038fd9
06370115
171b0020
8f710157
27818fd9
8082c2dc
8281b703
97bb4785
713900e7
470537fd
00e10423
0047f713
00e104a3
1587f713
08238b95
678500f1
e0078793
00f11923
010607b7
40478793
0793ca3e
f8221010
fc06f426
08a3c63a
1c230001
440100f1
82018493
4763409c
70e200f4
74a27442
80826121
002c8522
ec5ff0ef
b7dd2405
00000000
83809268
00000000
00000000
00002710
00000001
00000000
00000001
05f5e100
00000239
0000021f
000000e1
000000f4
00000001
00000001
00000002
00000000
00000000
00000000
83800608
00000000
83800640
00000000
838005d0
00000000
00000000
00000000
00000000
00000000
00000000
00000000
00000000
00000000
00000000
00000000
00000000
00000000
00000000
00000000
00000000
00000000
00000000
00000000
00000000
00000000
00000000
00000000
00000000
00000000
00000000
00000000
00000000
00000000
00000000
00000000
00000000
00000000
00000000
00000000
00000000
00000000
83800678
00000000
00000000
00000000
83800758
00000000
00000000
00000000
00000000
00000000
838007f8
00000000
00000000
00000000
00000000
00000000
00000000
00000000
00000000
00000000
00000000
00000000
00000000
00000000
00000000
00000000
00000000
00000000
00000000
00000000
00000000
00000000
00000000
00000000
00000000
00000000
00000000
00000000
00000000
00000000
00000000
00000000
00000000
00000000
00000000
00000000
00000000
00000000
00000000
00000000
00000000
00000000
00000000
00000000
00000000
00000000
00000000
00000000
00000000
00000000
00000000
00000000
00000000
00000000
00000000
00000000
00000000
00000000
00000000
00000000
00000000
00000000
00000000
00000000
00000000
00000000
00000000
00000000
00000000
00000000
00000000
00000000
00000000
00000000
00000000
00000000
00000000
00000000
00000000
00000000
00000000
00000000
00000000
00000000
00000000
00000000
00000000
00000000
00000000
00000000
00000000
00000000
00000000
00000000
00000000
00000000
00000000
00000000
00000000
00000000
00000000
00000000
00000000
00000000
00000000
00000000
00000000
00000000
00000000
00000000
00000000
00000000
00000000
00000000
00000000
00000000
00000000
00000000
00000000
00000000
00000000
00000000
00000000
00000000
00000000
00000000
00000000
00000000
00000000
00000000
00000000
00000000
00000000
00000000
00000000
00000000
00000000
00000000
00000000
00000000
00000000
00000000
00000000
00000000
00000000
00000000
00000000
00000000
00000000
00000000
00000000
00000000
00000000
00000000
00000000
00000000
00000000
00000000
00000000
00000000
00000000
00000000
00000000
00000000
00000000
00000000
00000000
00000000
00000000
00000000
00000000
00000000
00000000
00000000
00000000
00000000
00000000
00000000
00000000
00000000
00000000
00000000
00000000
00000000
00000000
00000000
00000000
00000000
00000000
00000000
00000000
00000000
00000000
00000000
00000000
00000000
00000000
00000000
00000000
00000000
00000000
00000000
00000000
00000000
00000000
00000000
00000000
00000000
00000000
00000000
00000000
00000000
00000000
00000000
00000000
00000000
00000000
00000000
00000000
00000000
00000000
00000000
00000000
00000000
00000000
00000000
00000000
00000000
00000000
00000000
00000000
00000000
00000000
00000000
00000000
00000000
00000000
00000000
00000000
00000000
00000000
00000000
00000000
00000000
00000000
00000000
00000000
00000000
00000000
00000000
00000000
00000000
00000000
00000000
00000000
00000000
00000000
00000000
00000000
00000000
00000000
00000000
00000000
00000000
00000000
00000000
00000000
00000000
00000000
00000000
00000000
00000000
00000000
00000000
00000000
00000000
00000000
00000000
00000000
00000000
00000000
00000000
00000000
00000000
00000000
00000000
00000000
00000000
00000000
00000000
00000000
00000000
00000000
00000000
00000000
00000000
00000000
00000000
00000000
00000000
00000000
00000000
00000000
00000000
00000000
00000000
00000000
00000000
00000000
00000000
00000000
00000000
00000000
00000000
00000000
00000000
00000000
00000000
00000000
00000000
00000000
00000000
00000000
00000000
00000000
00000000
00000000
00000000
00000000
00000000
00000000
00000000
00000000
00000000
00000000
00000000
00000000
00000000
00000000
00000000
00000000
00000000
00000000
00000000
00000000
00000000
00000000
00000000
00000000
00000000
00000000
00000000
00000000
00000000
00000000
00000000
00000000
00000000
00000000
00000000
00000000
00000000
00000000
00000000
838091a8
00000000
83800978
00000000
8381c120
00000000
02030000
00000000
00000001
00000000
00000006
00000000
00000000
00000000
8380bfe4
00000000
8380bff0
00000000
8380bfc8
00000000
83809c28
00000000
83809180
00000000
83801f00
00000000
8380bfd8
00000000
8380919c
00000000
8380bff8
00000000
8380bfec
00000000
8380bfd0
00000000
83809c38
00000000
83809198
00000000
83806e44
00000000
8380bfe0
00000000
83809c30
00000000
8380bff4
00000000
83804300
00000000
83809c48
00000000
838091a0
00000000
83809178
00000000
83809c40
00000000
83809170
00000000
83806ec8
00000000
83809c3c
00000000
8380bfe8
00000000
83809988
00000000
ffffffff
ffffffff
00000000
00000000
f75ef343
016e834a
cc02256c
3a139768
85055b96
9c6f07fb
3ffc5ddb
22706615
c64c8c35
ef9b2b52
5e7df979
2575c5d1
b6c8e9a5
2afc8c73
364ad905
7332e10f
a2000008
00000120
0004e10c
00000000
00000000
00000000
00000000
00000000
acd39872
65439b79
51eca169
6af160cd
03767b0c
df708785
0b211c4a
65f4ce2d
bf8312a0
990ee3a2
f4273cda
3e2ca441
cb0baf5a
d92a56c9
bb395d15
03c884a7
00000000
00000001
00000000
00000000
00000554
00000004
00000004
00000004
00000010
00000010
00000010
0000006e
00000000
00000000
00000000
00000000
00000000
00000000
00000000
00000000
00000000
00000000
00000000
00000000
00000000
00000000
00000000
00000000
00000000
00000000
00000000
00000000
00000000
00000000
00000000
00000000
00000000
00000000
00000000
00000000
00000000
00000000
00000000
00000000
00000000
00000000
00000000
00000000
00000000
00000000
00000000
00000000
00000000
00000000
00000000
00000000
00000000
00000000
00000000
00000000
00000000
00000000
00000000
00000000
00000000
00000000
00000000
00000000
00000000
00000000
00000000
00000000
0052f566
72d08f8f
3ff7bf29
cc41b620
7a5f6fdf
e7cb7c59
0f0cf512
8b63915b
fd962b21
26a77cee
abe9a8bb
c874e134
4e165cc7
4dbe7edc
8dd9f9f1
fd2b4e90
a2000006
00000400
a200dead
00000000
00000000
00000000
00000000
00000000
5e144a9a
1e663407
9543b3a3
b3b3b5a1
93ee7ab5
d206f3f1
019fe8b2
44462de2
9f3eff89
f461540d
0b75fc36
a677e4ed
4ddaab30
d90319fe
4c095174
1cee4a36
00000000
00000001
00000010
00000001
00000244
0000025f
00000206
00000244
000000cf
00000047
000000e1
00000089
00000001
00000000
00000001
00000001
00000000
00000000
00000000
00000000
00000000
0000000f
00000001
00000006
00000001
00000006
00000001
00000006
00000003
00000000
00000000
00000000
00000000
00000000
00000000
00000001
00000001
0000000f
00000001
00000006
00000001
00000006
00000001
00000006
00000003
00000000
00000000
00000000
00000000
00000000
00000000
00000002
00000001
0000000f
00000001
00000006
00000001
00000006
00000001
00000006
00000003
00000000
00000000
00000000
00000000
00000000
00000000
00000003
00000001
0000000f
00000001
00000006
00000001
00000006
00000001
00000006
00000003
00000000
00000000
00000000
00000000
00000000
00000000
00000004
00000001
0000000f
00000001
00000006
00000001
00000006
00000001
00000006
00000003
00000000
00000000
00000000
00000000
00000000
00000000
00000005
00000001
0000000f
00000001
00000006
00000001
00000006
00000001
00000006
00000003
00000000
00000000
00000000
00000000
00000000
00000000
00000006
00000001
0000000f
00000001
00000006
00000001
00000006
00000001
00000006
00000003
00000000
00000000
00000000
00000000
00000000
00000000
00000007
00000001
0000000f
00000001
00000006
00000001
00000006
00000001
00000006
00000003
00000000
00000000
00000000
00000000
00000000
00000000
00000008
00000001
0000000f
00000001
00000006
00000001
00000006
00000001
00000006
00000003
00000000
00000000
00000000
00000000
00000000
00000000
00000009
00000001
0000000f
00000001
00000006
00000001
00000006
00000001
00000006
00000003
00000000
00000000
00000000
00000000
00000000
00000000
0000000a
00000001
0000000f
00000001
00000006
00000001
00000006
00000001
00000006
00000003
00000000
00000000
00000000
00000000
00000000
00000000
0000000b
00000001
0000000f
00000001
00000006
00000001
00000006
00000001
00000006
00000003
00000000
00000000
00000000
00000000
00000000
00000000
0000000c
00000001
0000000f
00000001
00000006
00000001
00000006
00000001
00000006
00000003
00000000
00000000
00000000
00000000
00000000
00000000
0000000d
00000001
0000000f
00000001
00000006
00000001
00000006
00000001
00000006
00000003
00000000
00000000
00000000
00000000
00000000
00000000
00000001
00000000
00000000
00000000
00000000
00000000
00000000
00000000
00000000
00000000
00000000
00000000
00000000
781b1951
7e8530ef
2b810d02
b5d8b3b8
c904f6de
0833e15a
45d88105
133dbeab
8bea4fc6
0645ff6b
0e7e4294
2b8ba18e
90c37c16
fc5d3978
8adfb51c
e40e9ea1
